accession	organism	lineage
P0A790	Escherichia coli (strain K12)	Bacteria;Pseudomonadati;Pseudomonadota;Gammaproteobacteria;Enterobacterales;Enterobacteriaceae;Escherichia
P0C7I4	Escherichia coli (strain ATCC 9637 / CCM 2024 / DSM 1116 / LMG 11080 / NBRC 13500 / NCIMB 8666 / NRRL B-766 / W)	Bacteria;Pseudomonadati;Pseudomonadota;Gammaproteobacteria;Enterobacterales;Enterobacteriaceae;Escherichia
P65662	Salmonella typhimurium (strain LT2 / SGSC1412 / ATCC 700720)	Bacteria;Pseudomonadati;Pseudomonadota;Gammaproteobacteria;Enterobacterales;Enterobacteriaceae;Salmonella
A4W6N6	Enterobacter sp. (strain 638)	Bacteria;Pseudomonadati;Pseudomonadota;Gammaproteobacteria;Enterobacterales;Enterobacteriaceae;Enterobacter
A5WHA7	Psychrobacter sp. (strain PRwf-1)	Bacteria;Pseudomonadati;Pseudomonadota;Gammaproteobacteria;Moraxellales;Moraxellaceae;Psychrobacter
A8ALF1	Citrobacter koseri (strain ATCC BAA-895 / CDC 4225-83 / SGSC4696)	Bacteria;Pseudomonadati;Pseudomonadota;Gammaproteobacteria;Enterobacterales;Enterobacteriaceae;Citrobacter
A9MPM3	Salmonella arizonae (strain ATCC BAA-731 / CDC346-86 / RSK2980)	Bacteria;Pseudomonadati;Pseudomonadota;Gammaproteobacteria;Enterobacterales;Enterobacteriaceae;Salmonella
B1JK37	Yersinia pseudotuberculosis serotype O:3 (strain YPIII)	Bacteria;Pseudomonadati;Pseudomonadota;Gammaproteobacteria;Enterobacterales;Yersiniaceae;Yersinia
B1LGT2	Escherichia coli (strain SMS-3-5 / SECEC)	Bacteria;Pseudomonadati;Pseudomonadota;Gammaproteobacteria;Enterobacterales;Enterobacteriaceae;Escherichia
B2U2X8	Shigella boydii serotype 18 (strain CDC 3083-94 / BS512)	Bacteria;Pseudomonadati;Pseudomonadota;Gammaproteobacteria;Enterobacterales;Enterobacteriaceae;Shigella
B4TK03	Salmonella heidelberg (strain SL476)	Bacteria;Pseudomonadati;Pseudomonadota;Gammaproteobacteria;Enterobacterales;Enterobacteriaceae;Salmonella
B4TXN2	Salmonella schwarzengrund (strain CVM19633)	Bacteria;Pseudomonadati;Pseudomonadota;Gammaproteobacteria;Enterobacterales;Enterobacteriaceae;Salmonella
B7MNZ3	Escherichia coli O81 (strain ED1a)	Bacteria;Pseudomonadati;Pseudomonadota;Gammaproteobacteria;Enterobacterales;Enterobacteriaceae;Escherichia
P0A792	Escherichia coli O157:H7	Bacteria;Pseudomonadati;Pseudomonadota;Gammaproteobacteria;Enterobacterales;Enterobacteriaceae;Escherichia
P65663	Salmonella typhi	Bacteria;Pseudomonadati;Pseudomonadota;Gammaproteobacteria;Enterobacterales;Enterobacteriaceae;Salmonella
Q0TLK2	Escherichia coli O6:K15:H31 (strain 536 / UPEC)	Bacteria;Pseudomonadati;Pseudomonadota;Gammaproteobacteria;Enterobacterales;Enterobacteriaceae;Escherichia
Q57T75	Salmonella choleraesuis (strain SC-B67)	Bacteria;Pseudomonadati;Pseudomonadota;Gammaproteobacteria;Enterobacterales;Enterobacteriaceae;Salmonella
A4TPV3	Yersinia pestis (strain Pestoides F)	Bacteria;Pseudomonadati;Pseudomonadota;Gammaproteobacteria;Enterobacterales;Yersiniaceae;Yersinia
A7MGP8	Cronobacter sakazakii (strain ATCC BAA-894)	Bacteria;Pseudomonadati;Pseudomonadota;Gammaproteobacteria;Enterobacterales;Enterobacteriaceae;Cronobacter
A7ZHM0	Escherichia coli O139:H28 (strain E24377A / ETEC)	Bacteria;Pseudomonadati;Pseudomonadota;Gammaproteobacteria;Enterobacterales;Enterobacteriaceae;Escherichia
B7GYR1	Acinetobacter baumannii (strain AB307-0294)	Bacteria;Pseudomonadati;Pseudomonadota;Gammaproteobacteria;Moraxellales;Moraxellaceae;Acinetobacter;Acinetobacter calcoaceticus/baumannii complex
B7I7B4	Acinetobacter baumannii (strain AB0057)	Bacteria;Pseudomonadati;Pseudomonadota;Gammaproteobacteria;Moraxellales;Moraxellaceae;Acinetobacter;Acinetobacter calcoaceticus/baumannii complex
B7MBB4	Escherichia coli O45:K1 (strain S88 / ExPEC)	Bacteria;Pseudomonadati;Pseudomonadota;Gammaproteobacteria;Enterobacterales;Enterobacteriaceae;Escherichia
B7N801	Escherichia coli O17:K52:H18 (strain UMN026 / ExPEC)	Bacteria;Pseudomonadati;Pseudomonadota;Gammaproteobacteria;Enterobacterales;Enterobacteriaceae;Escherichia
B8GNA7	Thioalkalivibrio sulfidiphilus (strain HL-EbGR7)	Bacteria;Pseudomonadati;Pseudomonadota;Gammaproteobacteria;Chromatiales;Ectothiorhodospiraceae;Thioalkalivibrio
C6DC49	Pectobacterium carotovorum subsp. carotovorum (strain PC1)	Bacteria;Pseudomonadati;Pseudomonadota;Gammaproteobacteria;Enterobacterales;Pectobacteriaceae;Pectobacterium
P0A791	Escherichia coli O6:H1 (strain CFT073 / ATCC 700928 / UPEC)	Bacteria;Pseudomonadati;Pseudomonadota;Gammaproteobacteria;Enterobacterales;Enterobacteriaceae;Escherichia
P0A793	Shigella flexneri	Bacteria;Pseudomonadati;Pseudomonadota;Gammaproteobacteria;Enterobacterales;Enterobacteriaceae;Shigella
Q1QED7	Psychrobacter cryohalolentis (strain ATCC BAA-1226 / DSM 17306 / VKM B-2378 / K5)	Bacteria;Pseudomonadati;Pseudomonadota;Gammaproteobacteria;Moraxellales;Moraxellaceae;Psychrobacter
Q6D1X4	Pectobacterium atrosepticum (strain SCRI 1043 / ATCC BAA-672)	Bacteria;Pseudomonadati;Pseudomonadota;Gammaproteobacteria;Enterobacterales;Pectobacteriaceae;Pectobacterium
A9MZS9	Salmonella paratyphi B (strain ATCC BAA-1250 / SPB7)	Bacteria;Pseudomonadati;Pseudomonadota;Gammaproteobacteria;Enterobacterales;Enterobacteriaceae;Salmonella
A9R1G4	Yersinia pestis bv. Antiqua (strain Angola)	Bacteria;Pseudomonadati;Pseudomonadota;Gammaproteobacteria;Enterobacterales;Yersiniaceae;Yersinia
B4EUD1	Proteus mirabilis (strain HI4320)	Bacteria;Pseudomonadati;Pseudomonadota;Gammaproteobacteria;Enterobacterales;Morganellaceae;Proteus
B4SUA6	Salmonella newport (strain SL254)	Bacteria;Pseudomonadati;Pseudomonadota;Gammaproteobacteria;Enterobacterales;Enterobacteriaceae;Salmonella
B5BL63	Salmonella paratyphi A (strain AKU_12601)	Bacteria;Pseudomonadati;Pseudomonadota;Gammaproteobacteria;Enterobacterales;Enterobacteriaceae;Salmonella
B5FIX6	Salmonella dublin (strain CT_02021853)	Bacteria;Pseudomonadati;Pseudomonadota;Gammaproteobacteria;Enterobacterales;Enterobacteriaceae;Salmonella
B5R3E4	Salmonella enteritidis PT4 (strain P125109)	Bacteria;Pseudomonadati;Pseudomonadota;Gammaproteobacteria;Enterobacterales;Enterobacteriaceae;Salmonella
B5YZG7	Escherichia coli O157:H7 (strain EC4115 / EHEC)	Bacteria;Pseudomonadati;Pseudomonadota;Gammaproteobacteria;Enterobacterales;Enterobacteriaceae;Escherichia
B6HZA6	Escherichia coli (strain SE11)	Bacteria;Pseudomonadati;Pseudomonadota;Gammaproteobacteria;Enterobacterales;Enterobacteriaceae;Escherichia
C4L931	Tolumonas auensis (strain DSM 9187 / NBRC 110442 / TA 4)	Bacteria;Pseudomonadati;Pseudomonadota;Gammaproteobacteria;Aeromonadales;Aeromonadaceae;Tolumonas
Q1CLW2	Yersinia pestis bv. Antiqua (strain Nepal516)	Bacteria;Pseudomonadati;Pseudomonadota;Gammaproteobacteria;Enterobacterales;Yersiniaceae;Yersinia
Q326A6	Shigella boydii serotype 4 (strain Sb227)	Bacteria;Pseudomonadati;Pseudomonadota;Gammaproteobacteria;Enterobacterales;Enterobacteriaceae;Shigella
Q3Z5M9	Shigella sonnei (strain Ss046)	Bacteria;Pseudomonadati;Pseudomonadota;Gammaproteobacteria;Enterobacterales;Enterobacteriaceae;Shigella
Q4FVB6	Psychrobacter arcticus (strain DSM 17307 / VKM B-2377 / 273-4)	Bacteria;Pseudomonadati;Pseudomonadota;Gammaproteobacteria;Moraxellales;Moraxellaceae;Psychrobacter
Q7N871	Photorhabdus laumondii subsp. laumondii (strain DSM 15139 / CIP 105565 / TT01)	Bacteria;Pseudomonadati;Pseudomonadota;Gammaproteobacteria;Enterobacterales;Morganellaceae;Photorhabdus
A1A7H7	Escherichia coli O1:K1 / APEC	Bacteria;Pseudomonadati;Pseudomonadota;Gammaproteobacteria;Enterobacterales;Enterobacteriaceae;Escherichia
A1VKS5	Polaromonas naphthalenivorans (strain CJ2)	Bacteria;Pseudomonadati;Pseudomonadota;Betaproteobacteria;Burkholderiales;Comamonadaceae;Polaromonas
A8GIZ8	Serratia proteamaculans (strain 568)	Bacteria;Pseudomonadati;Pseudomonadota;Gammaproteobacteria;Enterobacterales;Yersiniaceae;Serratia
B1IQK9	Escherichia coli (strain ATCC 8739 / DSM 1576 / NBRC 3972 / NCIMB 8545 / WDCM 00012 / Crooks)	Bacteria;Pseudomonadati;Pseudomonadota;Gammaproteobacteria;Enterobacterales;Enterobacteriaceae;Escherichia
B1XCA6	Escherichia coli (strain K12 / DH10B)	Bacteria;Pseudomonadati;Pseudomonadota;Gammaproteobacteria;Enterobacterales;Enterobacteriaceae;Escherichia
B2K532	Yersinia pseudotuberculosis serotype IB (strain PB1/+)	Bacteria;Pseudomonadati;Pseudomonadota;Gammaproteobacteria;Enterobacterales;Yersiniaceae;Yersinia
B5F831	Salmonella agona (strain SL483)	Bacteria;Pseudomonadati;Pseudomonadota;Gammaproteobacteria;Enterobacterales;Enterobacteriaceae;Salmonella
B7LW38	Escherichia fergusonii (strain ATCC 35469 / DSM 13698 / CCUG 18766 / IAM 14443 / JCM 21226 / LMG 7866 / NBRC 102419 / NCTC 12128 / CDC 0568-73)	Bacteria;Pseudomonadati;Pseudomonadota;Gammaproteobacteria;Enterobacterales;Enterobacteriaceae;Escherichia
B7M172	Escherichia coli O8 (strain IAI1)	Bacteria;Pseudomonadati;Pseudomonadota;Gammaproteobacteria;Enterobacterales;Enterobacteriaceae;Escherichia
B7NI91	Escherichia coli O7:K1 (strain IAI39 / ExPEC)	Bacteria;Pseudomonadati;Pseudomonadota;Gammaproteobacteria;Enterobacterales;Enterobacteriaceae;Escherichia
C0Q5P2	Salmonella paratyphi C (strain RKS4594)	Bacteria;Pseudomonadati;Pseudomonadota;Gammaproteobacteria;Enterobacterales;Enterobacteriaceae;Salmonella
C4ZRM4	Escherichia coli (strain K12 / MC4100 / BW2952)	Bacteria;Pseudomonadati;Pseudomonadota;Gammaproteobacteria;Enterobacterales;Enterobacteriaceae;Escherichia
Q1RG60	Escherichia coli (strain UTI89 / UPEC)	Bacteria;Pseudomonadati;Pseudomonadota;Gammaproteobacteria;Enterobacterales;Enterobacteriaceae;Escherichia
Q32K78	Shigella dysenteriae serotype 1 (strain Sd197)	Bacteria;Pseudomonadati;Pseudomonadota;Gammaproteobacteria;Enterobacterales;Enterobacteriaceae;Shigella
Q5PDB9	Salmonella paratyphi A (strain ATCC 9150 / SARB42)	Bacteria;Pseudomonadati;Pseudomonadota;Gammaproteobacteria;Enterobacterales;Enterobacteriaceae;Salmonella
A1JJN6	Yersinia enterocolitica serotype O:8 / biotype 1B (strain NCTC 13174 / 8081)	Bacteria;Pseudomonadati;Pseudomonadota;Gammaproteobacteria;Enterobacterales;Yersiniaceae;Yersinia
A7FM24	Yersinia pseudotuberculosis serotype O:1b (strain IP 31758)	Bacteria;Pseudomonadati;Pseudomonadota;Gammaproteobacteria;Enterobacterales;Yersiniaceae;Yersinia
A7ZW80	Escherichia coli O9:H4 (strain HS)	Bacteria;Pseudomonadati;Pseudomonadota;Gammaproteobacteria;Enterobacterales;Enterobacteriaceae;Escherichia
B0T725	Caulobacter sp. (strain K31)	Bacteria;Pseudomonadati;Pseudomonadota;Alphaproteobacteria;Caulobacterales;Caulobacteraceae;Caulobacter
B0VTX3	Acinetobacter baumannii (strain SDF)	Bacteria;Pseudomonadati;Pseudomonadota;Gammaproteobacteria;Moraxellales;Moraxellaceae;Acinetobacter;Acinetobacter calcoaceticus/baumannii complex
B2VD17	Erwinia tasmaniensis (strain DSM 17950 / CFBP 7177 / CIP 109463 / NCPPB 4357 / Et1/99)	Bacteria;Pseudomonadati;Pseudomonadota;Gammaproteobacteria;Enterobacterales;Erwiniaceae;Erwinia
B5RHB9	Salmonella gallinarum (strain 287/91 / NCTC 13346)	Bacteria;Pseudomonadati;Pseudomonadota;Gammaproteobacteria;Enterobacterales;Enterobacteriaceae;Salmonella
B7LGJ3	Escherichia coli (strain 55989 / EAEC)	Bacteria;Pseudomonadati;Pseudomonadota;Gammaproteobacteria;Enterobacterales;Enterobacteriaceae;Escherichia
B7UIH9	Escherichia coli O127:H6 (strain E2348/69 / EPEC)	Bacteria;Pseudomonadati;Pseudomonadota;Gammaproteobacteria;Enterobacterales;Enterobacteriaceae;Escherichia
B8GYS2	Caulobacter vibrioides (strain NA1000 / CB15N)	Bacteria;Pseudomonadati;Pseudomonadota;Alphaproteobacteria;Caulobacterales;Caulobacteraceae;Caulobacter
C5B9K4	Edwardsiella ictaluri (strain 93-146)	Bacteria;Pseudomonadati;Pseudomonadota;Gammaproteobacteria;Enterobacterales;Hafniaceae;Edwardsiella
Q0T870	Shigella flexneri serotype 5b (strain 8401)	Bacteria;Pseudomonadati;Pseudomonadota;Gammaproteobacteria;Enterobacterales;Enterobacteriaceae;Shigella
Q1C3V6	Yersinia pestis bv. Antiqua (strain Antiqua)	Bacteria;Pseudomonadati;Pseudomonadota;Gammaproteobacteria;Enterobacterales;Yersiniaceae;Yersinia
Q2NVR4	Sodalis glossinidius (strain morsitans)	Bacteria;Pseudomonadati;Pseudomonadota;Gammaproteobacteria;Enterobacterales;Bruguierivoracaceae;Sodalis
Q66EG5	Yersinia pseudotuberculosis serotype I (strain IP32953)	Bacteria;Pseudomonadati;Pseudomonadota;Gammaproteobacteria;Enterobacterales;Yersiniaceae;Yersinia
Q87EV8	Xylella fastidiosa (strain Temecula1 / ATCC 700964)	Bacteria;Pseudomonadati;Pseudomonadota;Gammaproteobacteria;Lysobacterales;Lysobacteraceae;Xylella
Q8ZBK6	Yersinia pestis	Bacteria;Pseudomonadati;Pseudomonadota;Gammaproteobacteria;Enterobacterales;Yersiniaceae;Yersinia
E9CLG3	Serratia symbiotica str. Tucson	Bacteria;Pseudomonadati;Pseudomonadota;Gammaproteobacteria;Enterobacterales;Yersiniaceae;Serratia;Serratia symbiotica
A0A0H3GRW9	Klebsiella pneumoniae subsp. pneumoniae (strain HS11286)	Bacteria;Pseudomonadati;Pseudomonadota;Gammaproteobacteria;Enterobacterales;Enterobacteriaceae;Klebsiella;Klebsiella pneumoniae complex
A0A380QNF7	Yersinia ruckeri	Bacteria;Pseudomonadati;Pseudomonadota;Gammaproteobacteria;Enterobacterales;Yersiniaceae;Yersinia
A0A9X1WYV8	Acinetobacter sedimenti	Bacteria;Pseudomonadati;Pseudomonadota;Gammaproteobacteria;Moraxellales;Moraxellaceae;Acinetobacter
A0A366I841	Brenneria salicis ATCC 15712 = DSM 30166	Bacteria;Pseudomonadati;Pseudomonadota;Gammaproteobacteria;Enterobacterales;Pectobacteriaceae;Brenneria
A0A2Z6IJ20	Acidithiobacillus ferridurans	Bacteria;Pseudomonadati;Pseudomonadota;Acidithiobacillia;Acidithiobacillales;Acidithiobacillaceae;Acidithiobacillus
A0A7R9LA66	Oppiella nova	Eukaryota;Metazoa;Ecdysozoa;Arthropoda;Chelicerata;Arachnida;Acari;Acariformes;Sarcoptiformes;Oribatida;Brachypylina;Oppioidea;Oppiidae;Oppiella
A0A145X5I0		
A0A2S9UED0		
A0A376ZNN1		
A0A385ESN2		
A0A3E1D919		
A0A4R0FK03		
A0A520S9G7		
A0A5U3NPZ0		
A0A970S7P9		
A0A9D7KDB0		
A0A9D7MZZ1		
A0AAE6WUI5		
A0AAN4MF58		
A0AAV3M5X5		
G5S6F5		
N8WBL4		
B8JAL2	Anaeromyxobacter dehalogenans (strain ATCC BAA-258 / DSM 21875 / 2CP-1)	Bacteria;Pseudomonadati;Myxococcota;Myxococcia;Myxococcales;Cystobacterineae;Anaeromyxobacteraceae;Anaeromyxobacter
C6E3N6	Geobacter sp. (strain M21)	Bacteria;Pseudomonadati;Thermodesulfobacteriota;Desulfuromonadia;Geobacterales;Geobacteraceae;Geobacter
Q12F35	Polaromonas sp. (strain JS666 / ATCC BAA-500)	Bacteria;Pseudomonadati;Pseudomonadota;Betaproteobacteria;Burkholderiales;Comamonadaceae;Polaromonas
Q2P379	Xanthomonas oryzae pv. oryzae (strain MAFF 311018)	Bacteria;Pseudomonadati;Pseudomonadota;Gammaproteobacteria;Lysobacterales;Lysobacteraceae;Xanthomonas
Q31FF9	Hydrogenovibrio crunogenus (strain DSM 25203 / XCL-2)	Bacteria;Pseudomonadati;Pseudomonadota;Gammaproteobacteria;Thiotrichales;Piscirickettsiaceae;Hydrogenovibrio
Q6F8I6	Acinetobacter baylyi (strain ATCC 33305 / BD413 / ADP1)	Bacteria;Pseudomonadati;Pseudomonadota;Gammaproteobacteria;Moraxellales;Moraxellaceae;Acinetobacter
Q9A602	Caulobacter vibrioides (strain ATCC 19089 / CIP 103742 / CB 15)	Bacteria;Pseudomonadati;Pseudomonadota;Alphaproteobacteria;Caulobacterales;Caulobacteraceae;Caulobacter
A4VPM8	Stutzerimonas stutzeri (strain A1501)	Bacteria;Pseudomonadati;Pseudomonadota;Gammaproteobacteria;Pseudomonadales;Pseudomonadaceae;Stutzerimonas
B0V8G1	Acinetobacter baumannii (strain AYE)	Bacteria;Pseudomonadati;Pseudomonadota;Gammaproteobacteria;Moraxellales;Moraxellaceae;Acinetobacter;Acinetobacter calcoaceticus/baumannii complex
Q02FU1	Pseudomonas aeruginosa (strain UCBPP-PA14)	Bacteria;Pseudomonadati;Pseudomonadota;Gammaproteobacteria;Pseudomonadales;Pseudomonadaceae;Pseudomonas
Q7NXI9	Chromobacterium violaceum (strain ATCC 12472 / DSM 30191 / JCM 1249 / CCUG 213 / NBRC 12614 / NCIMB 9131 / NCTC 9757 / MK)	Bacteria;Pseudomonadati;Pseudomonadota;Betaproteobacteria;Neisseriales;Chromobacteriaceae;Chromobacterium
Q9HV68	Pseudomonas aeruginosa (strain ATCC 15692 / DSM 22644 / CIP 104116 / JCM 14847 / LMG 12228 / 1C / PRS 101 / PAO1)	Bacteria;Pseudomonadati;Pseudomonadota;Gammaproteobacteria;Pseudomonadales;Pseudomonadaceae;Pseudomonas
Q9RWF1	Deinococcus radiodurans (strain ATCC 13939 / DSM 20539 / JCM 16871 / CCUG 27074 / LMG 4051 / NBRC 15346 / NCIMB 9279 / VKM B-1422 / R1)	Bacteria;Thermotogati;Deinococcota;Deinococci;Deinococcales;Deinococcaceae;Deinococcus
A5G3A2	Geotalea uraniireducens (strain Rf4)	Bacteria;Pseudomonadati;Thermodesulfobacteriota;Desulfuromonadia;Geobacterales;Geobacteraceae;Geotalea
B4SRY6	Stenotrophomonas maltophilia (strain R551-3)	Bacteria;Pseudomonadati;Pseudomonadota;Gammaproteobacteria;Lysobacterales;Lysobacteraceae;Stenotrophomonas;Stenotrophomonas maltophilia group
C1D7F0	Laribacter hongkongensis (strain HLHK9)	Bacteria;Pseudomonadati;Pseudomonadota;Betaproteobacteria;Neisseriales;Aquaspirillaceae;Laribacter
C5C713	Micrococcus luteus (strain ATCC 4698 / DSM 20030 / JCM 1464 / CCM 169 / CCUG 5858 / IAM 1056 / NBRC 3333 / NCIMB 9278 / NCTC 2665 / VKM Ac-2230)	Bacteria;Bacillati;Actinomycetota;Actinomycetes;Micrococcales;Micrococcaceae;Micrococcus
Q3BUL4	Xanthomonas euvesicatoria pv. vesicatoria (strain 85-10)	Bacteria;Pseudomonadati;Pseudomonadota;Gammaproteobacteria;Lysobacterales;Lysobacteraceae;Xanthomonas
Q3SH81	Thiobacillus denitrificans (strain ATCC 25259 / T1)	Bacteria;Pseudomonadati;Pseudomonadota;Betaproteobacteria;Nitrosomonadales;Thiobacillaceae;Thiobacillus
Q7VXF8	Bordetella pertussis (strain Tohama I / ATCC BAA-589 / NCTC 13251)	Bacteria;Pseudomonadati;Pseudomonadota;Betaproteobacteria;Burkholderiales;Alcaligenaceae;Bordetella
Q7W972	Bordetella parapertussis (strain 12822 / ATCC BAA-587 / NCTC 13253)	Bacteria;Pseudomonadati;Pseudomonadota;Betaproteobacteria;Burkholderiales;Alcaligenaceae;Bordetella
Q7WHJ6	Bordetella bronchiseptica (strain ATCC BAA-588 / NCTC 13252 / RB50)	Bacteria;Pseudomonadati;Pseudomonadota;Betaproteobacteria;Burkholderiales;Alcaligenaceae;Bordetella
A1SSG7	Psychromonas ingrahamii (strain DSM 17664 / CCUG 51855 / 37)	Bacteria;Pseudomonadati;Pseudomonadota;Gammaproteobacteria;Alteromonadales;Psychromonadaceae;Psychromonas
A3M2W9	Acinetobacter baumannii (strain ATCC 17978 / DSM 105126 / CIP 53.77 / LMG 1025 / NCDC KC755 / 5377)	Bacteria;Pseudomonadati;Pseudomonadota;Gammaproteobacteria;Moraxellales;Moraxellaceae;Acinetobacter;Acinetobacter calcoaceticus/baumannii complex
A3Q6Y4	Mycobacterium sp. (strain JLS)	Bacteria;Bacillati;Actinomycetota;Actinomycetes;Mycobacteriales;Mycobacteriaceae;Mycobacterium
A6VCI7	Pseudomonas paraeruginosa (strain DSM 24068 / PA7)	Bacteria;Pseudomonadati;Pseudomonadota;Gammaproteobacteria;Pseudomonadales;Pseudomonadaceae;Pseudomonas;Pseudomonas paraeruginosa
B2FL70	Stenotrophomonas maltophilia (strain K279a)	Bacteria;Pseudomonadati;Pseudomonadota;Gammaproteobacteria;Lysobacterales;Lysobacteraceae;Stenotrophomonas;Stenotrophomonas maltophilia group
B2HUM1	Acinetobacter baumannii (strain ACICU)	Bacteria;Pseudomonadati;Pseudomonadota;Gammaproteobacteria;Moraxellales;Moraxellaceae;Acinetobacter;Acinetobacter calcoaceticus/baumannii complex
B4RH30	Phenylobacterium zucineum (strain HLK1)	Bacteria;Pseudomonadati;Pseudomonadota;Alphaproteobacteria;Caulobacterales;Caulobacteraceae;Phenylobacterium
B5E844	Citrifermentans bemidjiense (strain ATCC BAA-1014 / DSM 16622 / JCM 12645 / Bem)	Bacteria;Pseudomonadati;Thermodesulfobacteriota;Desulfuromonadia;Geobacterales;Geobacteraceae;Citrifermentans
Q1H3S3	Methylobacillus flagellatus (strain ATCC 51484 / DSM 6875 / VKM B-1610 / KT)	Bacteria;Pseudomonadati;Pseudomonadota;Betaproteobacteria;Nitrosomonadales;Methylophilaceae;Methylobacillus
Q1IYG7	Deinococcus geothermalis (strain DSM 11300 / CIP 105573 / AG-3a)	Bacteria;Thermotogati;Deinococcota;Deinococci;Deinococcales;Deinococcaceae;Deinococcus
Q4UTV7	Xanthomonas campestris pv. campestris (strain 8004)	Bacteria;Pseudomonadati;Pseudomonadota;Gammaproteobacteria;Lysobacterales;Lysobacteraceae;Xanthomonas
Q9PGR7	Xylella fastidiosa (strain 9a5c)	Bacteria;Pseudomonadati;Pseudomonadota;Gammaproteobacteria;Lysobacterales;Lysobacteraceae;Xylella
A0PV49	Mycobacterium ulcerans (strain Agy99)	Bacteria;Bacillati;Actinomycetota;Actinomycetes;Mycobacteriales;Mycobacteriaceae;Mycobacterium;Mycobacterium ulcerans group
A1AUV5	Pelobacter propionicus (strain DSM 2379 / NBRC 103807 / OttBd1)	Bacteria;Pseudomonadati;Thermodesulfobacteriota;Desulfuromonadia;Desulfuromonadales;Desulfuromonadaceae;Pelobacter
B0RTT9	Xanthomonas campestris pv. campestris (strain B100)	Bacteria;Pseudomonadati;Pseudomonadota;Gammaproteobacteria;Lysobacterales;Lysobacteraceae;Xanthomonas
B2T171	Paraburkholderia phytofirmans (strain DSM 17436 / LMG 22146 / PsJN)	Bacteria;Pseudomonadati;Pseudomonadota;Betaproteobacteria;Burkholderiales;Burkholderiaceae;Paraburkholderia
Q0VSR5	Alcanivorax borkumensis (strain ATCC 700651 / DSM 11573 / NCIMB 13689 / SK2)	Bacteria;Pseudomonadati;Pseudomonadota;Gammaproteobacteria;Oceanospirillales;Alcanivoracaceae;Alcanivorax
Q1QSZ7	Chromohalobacter israelensis (strain ATCC BAA-138 / DSM 3043 / CIP 106854 / NCIMB 13768 / 1H11)	Bacteria;Pseudomonadati;Pseudomonadota;Gammaproteobacteria;Oceanospirillales;Halomonadaceae;Chromohalobacter
Q21LV5	Saccharophagus degradans (strain 2-40 / ATCC 43961 / DSM 17024)	Bacteria;Pseudomonadati;Pseudomonadota;Gammaproteobacteria;Cellvibrionales;Cellvibrionaceae;Saccharophagus
Q2KY48	Bordetella avium (strain 197N)	Bacteria;Pseudomonadati;Pseudomonadota;Betaproteobacteria;Burkholderiales;Alcaligenaceae;Bordetella
Q47B64	Dechloromonas aromatica (strain RCB)	Bacteria;Pseudomonadati;Pseudomonadota;Betaproteobacteria;Rhodocyclales;Azonexaceae;Dechloromonas
Q5H0A6	Xanthomonas oryzae pv. oryzae (strain KACC10331 / KXO85)	Bacteria;Pseudomonadati;Pseudomonadota;Gammaproteobacteria;Lysobacterales;Lysobacteraceae;Xanthomonas
Q5SKN7	Thermus thermophilus (strain ATCC 27634 / DSM 579 / HB8)	Bacteria;Thermotogati;Deinococcota;Deinococci;Thermales;Thermaceae;Thermus
Q605G8	Methylococcus capsulatus (strain ATCC 33009 / NCIMB 11132 / Bath)	Bacteria;Pseudomonadati;Pseudomonadota;Gammaproteobacteria;Methylococcales;Methylococcaceae;Methylococcus
Q8P9S8	Xanthomonas campestris pv. campestris (strain ATCC 33913 / DSM 3586 / NCPPB 528 / LMG 568 / P 25)	Bacteria;Pseudomonadati;Pseudomonadota;Gammaproteobacteria;Lysobacterales;Lysobacteraceae;Xanthomonas
A0A3M3EW83	Pseudomonas corrugata	Bacteria;Pseudomonadati;Pseudomonadota;Gammaproteobacteria;Pseudomonadales;Pseudomonadaceae;Pseudomonas
A0A5Q2Q6U2	Litorivicinus lipolyticus	Bacteria;Pseudomonadati;Pseudomonadota;Gammaproteobacteria;Oceanospirillales;Litorivicinaceae;Litorivicinus
A0A1E3RTK4	Mycolicibacterium holsaticum	Bacteria;Bacillati;Actinomycetota;Actinomycetes;Mycobacteriales;Mycobacteriaceae;Mycolicibacterium
A0A1L3MJD6	Janibacter indicus	Bacteria;Bacillati;Actinomycetota;Actinomycetes;Micrococcales;Intrasporangiaceae;Janibacter
A0A3N6NI46	Paraburkholderia dinghuensis	Bacteria;Pseudomonadati;Pseudomonadota;Betaproteobacteria;Burkholderiales;Burkholderiaceae;Paraburkholderia
A0A4Y6PTL4	Persicimonas caeni	Bacteria;Deltaproteobacteria;Bradymonadales;Bradymonadaceae;Persicimonas
A0A062UCB9	Hyphomonas beringensis	Bacteria;Pseudomonadati;Pseudomonadota;Alphaproteobacteria;Hyphomonadales;Hyphomonadaceae;Hyphomonas
A0A2N7VCF4	Trinickia dabaoshanensis	Bacteria;Pseudomonadati;Pseudomonadota;Betaproteobacteria;Burkholderiales;Burkholderiaceae;Trinickia
A0A318SFA4	Xylophilus ampelinus	Bacteria;Pseudomonadati;Pseudomonadota;Betaproteobacteria;Burkholderiales;Xylophilus
A0A060GY28		
A0A0J5ZEC8		
A0A1B4PUF7		
A0A1F3C3U0		
A0A1J5IN43		
A0A1Q6Z855		
A0A1Q7BBI6		
A0A1Q7IDQ2		
A0A1Q7MNQ7		
A0A1Q7P511		
A0A1Q7QV33		
A0A1Q7SQP4		
A0A1Q7ZRG3		
A0A2E0TA27		
A0A2E5YLE5		
A0A2E9SLD8		
A0A2G2LX95		
A0A2G3K0C0		
A0A2H9SED5		
A0A2V5NXA9		
A0A377WCL7		
A0A4P2QHI4		
A0A537DHD8		
A0A537DMS7		
A0A537DUH3		
A0A537E5G1		
A0A537EAJ2		
A0A537EST4		
A0A537FB65		
A0A537FFL9		
A0A537FS56		
A0A537FXW5		
A0A537GAP5		
A0A537H0G7		
A0A537H879		
A0A537HBK2		
A0A7C1XEQ1		
A0A7V4UVV9		
A0A7W2GG94		
A0A7Y4UKY9		
A0A929HJY0		
A0A937CGR1		
A0A972J6F3		
A0AA39CK22		
A5U8S6	Mycobacterium tuberculosis (strain ATCC 25177 / H37Ra)	Bacteria;Bacillati;Actinomycetota;Actinomycetes;Mycobacteriales;Mycobacteriaceae;Mycobacterium;Mycobacterium tuberculosis complex
P9WIL3	Mycobacterium tuberculosis (strain ATCC 25618 / H37Rv)	Bacteria;Bacillati;Actinomycetota;Actinomycetes;Mycobacteriales;Mycobacteriaceae;Mycobacterium;Mycobacterium tuberculosis complex
A3MLN3	Burkholderia mallei (strain NCTC 10247)	Bacteria;Pseudomonadati;Pseudomonadota;Betaproteobacteria;Burkholderiales;Burkholderiaceae;Burkholderia;pseudomallei group
B7V1E3	Pseudomonas aeruginosa (strain LESB58)	Bacteria;Pseudomonadati;Pseudomonadota;Gammaproteobacteria;Pseudomonadales;Pseudomonadaceae;Pseudomonas
P9WIL2	Mycobacterium tuberculosis (strain CDC 1551 / Oshkosh)	Bacteria;Bacillati;Actinomycetota;Actinomycetes;Mycobacteriales;Mycobacteriaceae;Mycobacterium;Mycobacterium tuberculosis complex
Q0AMS2	Maricaulis maris (strain MCS10)	Bacteria;Pseudomonadati;Pseudomonadota;Alphaproteobacteria;Maricaulales;Maricaulaceae;Maricaulis
Q0S8D4	Rhodococcus jostii (strain RHA1)	Bacteria;Bacillati;Actinomycetota;Actinomycetes;Mycobacteriales;Nocardiaceae;Rhodococcus
Q3A3I8	Syntrophotalea carbinolica (strain DSM 2380 / NBRC 103641 / GraBd1)	Bacteria;Pseudomonadati;Thermodesulfobacteriota;Desulfuromonadia;Desulfuromonadales;Syntrophotaleaceae;Syntrophotalea
Q63W98	Burkholderia pseudomallei (strain K96243)	Bacteria;Pseudomonadati;Pseudomonadota;Betaproteobacteria;Burkholderiales;Burkholderiaceae;Burkholderia;pseudomallei group
Q6ALV4	Desulfotalea psychrophila (strain LSv54 / DSM 12343)	Bacteria;Pseudomonadati;Thermodesulfobacteriota;Desulfobulbia;Desulfobulbales;Desulfocapsaceae;Desulfotalea
Q848I5	Pseudomonas fluorescens	Bacteria;Pseudomonadati;Pseudomonadota;Gammaproteobacteria;Pseudomonadales;Pseudomonadaceae;Pseudomonas
A1KPT6	Mycobacterium bovis (strain BCG / Pasteur 1173P2)	Bacteria;Bacillati;Actinomycetota;Actinomycetes;Mycobacteriales;Mycobacteriaceae;Mycobacterium;Mycobacterium tuberculosis complex
B8H729	Pseudarthrobacter chlorophenolicus (strain ATCC 700700 / DSM 12829 / CIP 107037 / JCM 12360 / KCTC 9906 / NCIMB 13794 / A6)	Bacteria;Bacillati;Actinomycetota;Actinomycetes;Micrococcales;Micrococcaceae;Pseudarthrobacter
C1D1G6	Deinococcus deserti (strain DSM 17065 / CIP 109153 / LMG 22923 / VCD115)	Bacteria;Thermotogati;Deinococcota;Deinococci;Deinococcales;Deinococcaceae;Deinococcus
Q0C2E7	Hyphomonas neptunium (strain ATCC 15444)	Bacteria;Pseudomonadati;Pseudomonadota;Alphaproteobacteria;Hyphomonadales;Hyphomonadaceae;Hyphomonas
Q143J3	Paraburkholderia xenovorans (strain LB400)	Bacteria;Pseudomonadati;Pseudomonadota;Betaproteobacteria;Burkholderiales;Burkholderiaceae;Paraburkholderia
Q1CXC6	Myxococcus xanthus (strain DK1622)	Bacteria;Pseudomonadati;Myxococcota;Myxococcia;Myxococcales;Cystobacterineae;Myxococcaceae;Myxococcus
Q2T096	Burkholderia thailandensis (strain ATCC 700388 / DSM 13276 / CCUG 48851 / CIP 106301 / E264)	Bacteria;Pseudomonadati;Pseudomonadota;Betaproteobacteria;Burkholderiales;Burkholderiaceae;Burkholderia;pseudomallei group
Q8XVU6	Ralstonia nicotianae (strain ATCC BAA-1114 / GMI1000)	Bacteria;Pseudomonadati;Pseudomonadota;Betaproteobacteria;Burkholderiales;Burkholderiaceae;Ralstonia;Ralstonia solanacearum species complex
A1V5W9	Burkholderia mallei (strain SAVP1)	Bacteria;Pseudomonadati;Pseudomonadota;Betaproteobacteria;Burkholderiales;Burkholderiaceae;Burkholderia;pseudomallei group
A3NSK7	Burkholderia pseudomallei (strain 1106a)	Bacteria;Pseudomonadati;Pseudomonadota;Betaproteobacteria;Burkholderiales;Burkholderiaceae;Burkholderia;pseudomallei group
A7H796	Anaeromyxobacter sp. (strain Fw109-5)	Bacteria;Pseudomonadati;Myxococcota;Myxococcia;Myxococcales;Cystobacterineae;Anaeromyxobacteraceae;Anaeromyxobacter
B0K363	Thermoanaerobacter sp. (strain X514)	Bacteria;Bacillati;Bacillota;Clostridia;Thermoanaerobacterales;Thermoanaerobacteraceae;Thermoanaerobacter
B0KC92	Thermoanaerobacter pseudethanolicus (strain ATCC 33223 / 39E)	Bacteria;Bacillati;Bacillota;Clostridia;Thermoanaerobacterales;Thermoanaerobacteraceae;Thermoanaerobacter
B1JWS9	Burkholderia orbicola (strain MC0-3)	Bacteria;Pseudomonadati;Pseudomonadota;Betaproteobacteria;Burkholderiales;Burkholderiaceae;Burkholderia;Burkholderia cepacia complex;Burkholderia orbicola
B2GGA2	Kocuria rhizophila (strain ATCC 9341 / DSM 348 / NBRC 103217 / DC2201)	Bacteria;Bacillati;Actinomycetota;Actinomycetes;Micrococcales;Micrococcaceae;Kocuria
B4UHC8	Anaeromyxobacter sp. (strain K)	Bacteria;Pseudomonadati;Myxococcota;Myxococcia;Myxococcales;Cystobacterineae;Anaeromyxobacteraceae;Anaeromyxobacter
C1AI59	Mycobacterium bovis (strain BCG / Tokyo 172 / ATCC 35737 / TMC 1019)	Bacteria;Bacillati;Actinomycetota;Actinomycetes;Mycobacteriales;Mycobacteriaceae;Mycobacterium;Mycobacterium tuberculosis complex
P65661	Mycobacterium bovis (strain ATCC BAA-935 / AF2122/97)	Bacteria;Bacillati;Actinomycetota;Actinomycetes;Mycobacteriales;Mycobacteriaceae;Mycobacterium;Mycobacterium tuberculosis complex
Q2IGV9	Anaeromyxobacter dehalogenans (strain 2CP-C)	Bacteria;Pseudomonadati;Myxococcota;Myxococcia;Myxococcales;Cystobacterineae;Anaeromyxobacteraceae;Anaeromyxobacter
Q47NS4	Thermobifida fusca (strain YX)	Bacteria;Bacillati;Actinomycetota;Actinomycetes;Streptosporangiales;Nocardiopsidaceae;Thermobifida
Q72L22	Thermus thermophilus (strain ATCC BAA-163 / DSM 7039 / HB27)	Bacteria;Thermotogati;Deinococcota;Deinococci;Thermales;Thermaceae;Thermus
Q743Y4	Mycolicibacterium paratuberculosis (strain ATCC BAA-968 / K-10)	Bacteria;Bacillati;Actinomycetota;Actinomycetes;Mycobacteriales;Mycobacteriaceae;Mycobacterium;Mycobacterium avium complex (MAC)
A1TG34	Mycolicibacterium vanbaalenii (strain DSM 7251 / JCM 13017 / BCRC 16820 / KCTC 9966 / NRRL B-24157 / PYR-1)	Bacteria;Bacillati;Actinomycetota;Actinomycetes;Mycobacteriales;Mycobacteriaceae;Mycolicibacterium
A2SLT3	Methylibium petroleiphilum (strain ATCC BAA-1232 / LMG 22953 / PM1)	Bacteria;Pseudomonadati;Pseudomonadota;Betaproteobacteria;Burkholderiales;Sphaerotilaceae;Methylibium
A4G215	Herminiimonas arsenicoxydans	Bacteria;Pseudomonadati;Pseudomonadota;Betaproteobacteria;Burkholderiales;Oxalobacteraceae;Herminiimonas
A9EUF9	Sorangium cellulosum (strain So ce56)	Bacteria;Pseudomonadati;Myxococcota;Polyangia;Polyangiales;Polyangiaceae;Sorangium
C0ZPL4	Rhodococcus erythropolis (strain PR4 / NBRC 100887)	Bacteria;Bacillati;Actinomycetota;Actinomycetes;Mycobacteriales;Nocardiaceae;Rhodococcus;Rhodococcus erythropolis group
C1BA76	Rhodococcus opacus (strain B4)	Bacteria;Bacillati;Actinomycetota;Actinomycetes;Mycobacteriales;Nocardiaceae;Rhodococcus
Q2LSQ4	Syntrophus aciditrophicus (strain SB)	Bacteria;Pseudomonadati;Thermodesulfobacteriota;Syntrophia;Syntrophales;Syntrophaceae;Syntrophus
Q62LE8	Burkholderia mallei (strain ATCC 23344)	Bacteria;Pseudomonadati;Pseudomonadota;Betaproteobacteria;Burkholderiales;Burkholderiaceae;Burkholderia;pseudomallei group
A1RAZ4	Paenarthrobacter aurescens (strain TC1)	Bacteria;Bacillati;Actinomycetota;Actinomycetes;Micrococcales;Micrococcaceae;Paenarthrobacter
A1SDW8	Nocardioides sp. (strain ATCC BAA-499 / JS614)	Bacteria;Bacillati;Actinomycetota;Actinomycetes;Propionibacteriales;Nocardioidaceae;Nocardioides
A2SAE9	Burkholderia mallei (strain NCTC 10229)	Bacteria;Pseudomonadati;Pseudomonadota;Betaproteobacteria;Burkholderiales;Burkholderiaceae;Burkholderia;pseudomallei group
A3N6X1	Burkholderia pseudomallei (strain 668)	Bacteria;Pseudomonadati;Pseudomonadota;Betaproteobacteria;Burkholderiales;Burkholderiaceae;Burkholderia;pseudomallei group
A4T5N4	Mycolicibacterium gilvum (strain PYR-GCK)	Bacteria;Bacillati;Actinomycetota;Actinomycetes;Mycobacteriales;Mycobacteriaceae;Mycolicibacterium
A6VUR3	Marinomonas sp. (strain MWYL1)	Bacteria;Pseudomonadati;Pseudomonadota;Gammaproteobacteria;Oceanospirillales;Oceanospirillaceae;Marinomonas
B0U1Q4	Xylella fastidiosa (strain M12)	Bacteria;Pseudomonadati;Pseudomonadota;Gammaproteobacteria;Lysobacterales;Lysobacteraceae;Xylella
B1Y852	Leptothrix cholodnii (strain ATCC 51168 / LMG 8142 / SP-6)	Bacteria;Pseudomonadati;Pseudomonadota;Betaproteobacteria;Burkholderiales;Sphaerotilaceae;Sphaerotilus/Leptothrix group;Leptothrix
B2JEQ8	Paraburkholderia phymatum (strain DSM 17167 / CIP 108236 / LMG 21445 / STM815)	Bacteria;Pseudomonadati;Pseudomonadota;Betaproteobacteria;Burkholderiales;Burkholderiaceae;Paraburkholderia
C5BN52	Teredinibacter turnerae (strain ATCC 39867 / T7901)	Bacteria;Pseudomonadati;Pseudomonadota;Gammaproteobacteria;Cellvibrionales;Cellvibrionaceae;Teredinibacter
Q1B2L9	Mycobacterium sp. (strain MCS)	Bacteria;Bacillati;Actinomycetota;Actinomycetes;Mycobacteriales;Mycobacteriaceae;Mycobacterium
Q3JUY9	Burkholderia pseudomallei (strain 1710b)	Bacteria;Pseudomonadati;Pseudomonadota;Betaproteobacteria;Burkholderiales;Burkholderiaceae;Burkholderia;pseudomallei group
Q8PLK9	Xanthomonas citri pv. citri (strain 306)	Bacteria;Pseudomonadati;Pseudomonadota;Gammaproteobacteria;Lysobacterales;Lysobacteraceae;Xanthomonas
A0A4R5TWA7	Arthrobacter crusticola	Bacteria;Bacillati;Actinomycetota;Actinomycetes;Micrococcales;Micrococcaceae;Arthrobacter
A0A7Y8GW29	Hydrogenophaga aromaticivorans	Bacteria;Pseudomonadati;Pseudomonadota;Betaproteobacteria;Burkholderiales;Comamonadaceae;Hydrogenophaga
E8UZY0	Terriglobus saanensis (strain ATCC BAA-1853 / DSM 23119 / SP1PR4)	Bacteria;Pseudomonadati;Acidobacteriota;Terriglobia;Terriglobales;Acidobacteriaceae;Terriglobus
A0A1Y0BY55	Mycobacterium dioxanotrophicus	Bacteria;Bacillati;Actinomycetota;Actinomycetes;Mycobacteriales;Mycobacteriaceae;Mycobacterium
A0A7K3LIM3	Gordonia desulfuricans	Bacteria;Bacillati;Actinomycetota;Actinomycetes;Mycobacteriales;Gordoniaceae;Gordonia
A0A0A0BMQ5	Cellulomonas bogoriensis 69B4 = DSM 16987	Bacteria;Bacillati;Actinomycetota;Actinomycetes;Micrococcales;Cellulomonadaceae;Cellulomonas
A0A1H3GIF9	Geodermatophilus africanus	Bacteria;Bacillati;Actinomycetota;Actinomycetes;Geodermatophilales;Geodermatophilaceae;Geodermatophilus
A0A7G9L2X8	Sphingomonas sabuli	Bacteria;Pseudomonadati;Pseudomonadota;Alphaproteobacteria;Sphingomonadales;Sphingomonadaceae;Sphingomonas
A0A917JY36	Legionella impletisoli	Bacteria;Pseudomonadati;Pseudomonadota;Gammaproteobacteria;Legionellales;Legionellaceae;Legionella
C3XBD9	Oxalobacter formigenes OXCC13	Bacteria;Pseudomonadati;Pseudomonadota;Betaproteobacteria;Burkholderiales;Oxalobacteraceae;Oxalobacter
U2PT98	Eubacterium ramulus ATCC 29099	Bacteria;Bacillati;Bacillota;Clostridia;Eubacteriales;Eubacteriaceae;Eubacterium
A0A0H5BBM8	Blastochloris viridis	Bacteria;Pseudomonadati;Pseudomonadota;Alphaproteobacteria;Hyphomicrobiales;Blastochloridaceae;Blastochloris
A0A518CPW6	Polystyrenella longa	Bacteria;Pseudomonadati;Planctomycetota;Planctomycetia;Planctomycetales;Planctomycetaceae;Polystyrenella
A0A7Y9E157	Actinomycetospora corticicola	Bacteria;Bacillati;Actinomycetota;Actinomycetes;Pseudonocardiales;Pseudonocardiaceae;Actinomycetospora
A0A2W2EYS6	Micromonospora craterilacus	Bacteria;Bacillati;Actinomycetota;Actinomycetes;Micromonosporales;Micromonosporaceae;Micromonospora
A0A5C1ANS6	Limnoglobus roseus	Bacteria;Pseudomonadati;Planctomycetota;Planctomycetia;Gemmatales;Gemmataceae;Limnoglobus
A0A0E4H235		
A0A1F1TTG7		
A0A1W1DU36		
A0A1Y5Q0Y3		
A0A286EHZ7		
A0A2D5Y189		
A0A2D9XUH0		
A0A2E3NF17		
A0A2U1C6Y1		
A0A354R7E5		
A0A380WAE4		
A0A3B0WVW7		
A0A450ZE47		
A0A495HZN3		
A0A4Q5NR85		
A0A537HXX3		
A0A562DMF6		
A0A6H1W2X4		
A0A6P2CDE7		
A0A7C4STN4		
A0A951AUW2		
A0A956GPI9		
A0A9P6PBL1		
A0A9W3JZ81		
A0AAU3FUI2		
A6SUW8		
D4XAJ7		
E0N8L5		
J6IZ40		
X7ZVG2		
A0LF66	Syntrophobacter fumaroxidans (strain DSM 10017 / MPOB)	Bacteria;Pseudomonadati;Thermodesulfobacteriota;Syntrophobacteria;Syntrophobacterales;Syntrophobacteraceae;Syntrophobacter
A0QA94	Mycobacterium avium (strain 104)	Bacteria;Bacillati;Actinomycetota;Actinomycetes;Mycobacteriales;Mycobacteriaceae;Mycobacterium;Mycobacterium avium complex (MAC)
A5CNC0	Clavibacter michiganensis subsp. michiganensis (strain NCPPB 382)	Bacteria;Bacillati;Actinomycetota;Actinomycetes;Micrococcales;Microbacteriaceae;Clavibacter
B3PCR4	Cellvibrio japonicus (strain Ueda107)	Bacteria;Pseudomonadati;Pseudomonadota;Gammaproteobacteria;Cellvibrionales;Cellvibrionaceae;Cellvibrio
B4RMD5	Neisseria gonorrhoeae (strain NCCP11945)	Bacteria;Pseudomonadati;Pseudomonadota;Betaproteobacteria;Neisseriales;Neisseriaceae;Neisseria
P58286	Streptomyces coelicolor (strain ATCC BAA-471 / A3(2) / M145)	Bacteria;Bacillati;Actinomycetota;Actinomycetes;Kitasatosporales;Streptomycetaceae;Streptomyces;Streptomyces albidoflavus group
Q39DU8	Burkholderia lata (strain ATCC 17760 / DSM 23089 / LMG 22485 / NCIMB 9086 / R18194 / 383)	Bacteria;Pseudomonadati;Pseudomonadota;Betaproteobacteria;Burkholderiales;Burkholderiaceae;Burkholderia;Burkholderia cepacia complex
Q5WSM2	Legionella pneumophila (strain Lens)	Bacteria;Pseudomonadati;Pseudomonadota;Gammaproteobacteria;Legionellales;Legionellaceae;Legionella
Q9CD57	Mycobacterium leprae (strain TN)	Bacteria;Bacillati;Actinomycetota;Actinomycetes;Mycobacteriales;Mycobacteriaceae;Mycobacterium
A4F6T1	Saccharopolyspora erythraea (strain ATCC 11635 / DSM 40517 / JCM 4748 / NBRC 13426 / NCIMB 8594 / NRRL 2338)	Bacteria;Bacillati;Actinomycetota;Actinomycetes;Pseudonocardiales;Pseudonocardiaceae;Saccharopolyspora
B1VHK2	Corynebacterium urealyticum (strain ATCC 43042 / DSM 7109)	Bacteria;Bacillati;Actinomycetota;Actinomycetes;Mycobacteriales;Corynebacteriaceae;Corynebacterium
B8I2Z2	Ruminiclostridium cellulolyticum (strain ATCC 35319 / DSM 5812 / JCM 6584 / H10)	Bacteria;Bacillati;Bacillota;Clostridia;Eubacteriales;Oscillospiraceae;Ruminiclostridium
B9MEY1	Acidovorax ebreus (strain TPSY)	Bacteria;Pseudomonadati;Pseudomonadota;Betaproteobacteria;Burkholderiales;Comamonadaceae;Diaphorobacter
Q9JZ56	Neisseria meningitidis serogroup B (strain ATCC BAA-335 / MC58)	Bacteria;Pseudomonadati;Pseudomonadota;Betaproteobacteria;Neisseriales;Neisseriaceae;Neisseria
A1KUB3	Neisseria meningitidis serogroup C / serotype 2a (strain ATCC 700532 / DSM 15464 / FAM18)	Bacteria;Pseudomonadati;Pseudomonadota;Betaproteobacteria;Neisseriales;Neisseriaceae;Neisseria
A9WT19	Renibacterium salmoninarum (strain ATCC 33209 / DSM 20767 / JCM 11484 / NBRC 15589 / NCIMB 2235)	Bacteria;Bacillati;Actinomycetota;Actinomycetes;Micrococcales;Micrococcaceae;Renibacterium
B1YUU0	Burkholderia ambifaria (strain MC40-6)	Bacteria;Pseudomonadati;Pseudomonadota;Betaproteobacteria;Burkholderiales;Burkholderiaceae;Burkholderia;Burkholderia cepacia complex
B3R6Q3	Cupriavidus taiwanensis (strain DSM 17343 / BCRC 17206 / CCUG 44338 / CIP 107171 / LMG 19424 / R1)	Bacteria;Pseudomonadati;Pseudomonadota;Betaproteobacteria;Burkholderiales;Burkholderiaceae;Cupriavidus
Q3JCP7	Nitrosococcus oceani (strain ATCC 19707 / BCRC 17464 / JCM 30415 / NCIMB 11848 / C-107)	Bacteria;Pseudomonadati;Pseudomonadota;Gammaproteobacteria;Chromatiales;Chromatiaceae;Nitrosococcus
Q5ZRF3	Legionella pneumophila subsp. pneumophila (strain Philadelphia 1 / ATCC 33152 / DSM 7513)	Bacteria;Pseudomonadati;Pseudomonadota;Gammaproteobacteria;Legionellales;Legionellaceae;Legionella
A0K9L6	Burkholderia cenocepacia (strain HI2424)	Bacteria;Pseudomonadati;Pseudomonadota;Betaproteobacteria;Burkholderiales;Burkholderiaceae;Burkholderia;Burkholderia cepacia complex
A1UMH9	Mycobacterium sp. (strain KMS)	Bacteria;Bacillati;Actinomycetota;Actinomycetes;Mycobacteriales;Mycobacteriaceae;Mycobacterium
A1WBI2	Acidovorax sp. (strain JS42)	Bacteria;Pseudomonadati;Pseudomonadota;Betaproteobacteria;Burkholderiales;Comamonadaceae;Acidovorax
A1WUU3	Halorhodospira halophila (strain DSM 244 / SL1)	Bacteria;Pseudomonadati;Pseudomonadota;Gammaproteobacteria;Chromatiales;Ectothiorhodospiraceae;Halorhodospira
B2UC88	Ralstonia pickettii (strain 12J)	Bacteria;Pseudomonadati;Pseudomonadota;Betaproteobacteria;Burkholderiales;Burkholderiaceae;Ralstonia
Q9ZHI5	Cupriavidus necator (strain ATCC 17699 / DSM 428 / KCTC 22496 / NCIMB 10442 / H16 / Stanier 337)	Bacteria;Pseudomonadati;Pseudomonadota;Betaproteobacteria;Burkholderiales;Burkholderiaceae;Cupriavidus
A6LWN4	Clostridium beijerinckii (strain ATCC 51743 / NCIMB 8052)	Bacteria;Bacillati;Bacillota;Clostridia;Eubacteriales;Clostridiaceae;Clostridium
A9BV13	Delftia acidovorans (strain DSM 14801 / SPH-1)	Bacteria;Pseudomonadati;Pseudomonadota;Betaproteobacteria;Burkholderiales;Comamonadaceae;Delftia
C1DFK0	Azotobacter vinelandii (strain DJ / ATCC BAA-1303)	Bacteria;Pseudomonadati;Pseudomonadota;Gammaproteobacteria;Pseudomonadales;Pseudomonadaceae;Azotobacter
Q0BCS7	Burkholderia ambifaria (strain ATCC BAA-244 / DSM 16087 / CCUG 44356 / LMG 19182 / AMMD)	Bacteria;Pseudomonadati;Pseudomonadota;Betaproteobacteria;Burkholderiales;Burkholderiaceae;Burkholderia;Burkholderia cepacia complex
Q12D75	Polaromonas sp. (strain JS666 / ATCC BAA-500)	Bacteria;Pseudomonadati;Pseudomonadota;Betaproteobacteria;Burkholderiales;Comamonadaceae;Polaromonas
Q9AMS6	Bradyrhizobium diazoefficiens (strain JCM 10833 / BCRC 13528 / IAM 13628 / NBRC 14792 / USDA 110)	Bacteria;Pseudomonadati;Pseudomonadota;Alphaproteobacteria;Hyphomicrobiales;Nitrobacteraceae;Bradyrhizobium
Q9JU49	Neisseria meningitidis serogroup A / serotype 4A (strain DSM 15465 / Z2491)	Bacteria;Pseudomonadati;Pseudomonadota;Betaproteobacteria;Neisseriales;Neisseriaceae;Neisseria
A0A1D3DYD7	Streptomyces thermolilacinus SPC6	Bacteria;Bacillati;Actinomycetota;Actinomycetes;Kitasatosporales;Streptomycetaceae;Streptomyces
A0A4R6VI13	Actinomycetospora succinea	Bacteria;Bacillati;Actinomycetota;Actinomycetes;Pseudonocardiales;Pseudonocardiaceae;Actinomycetospora
A0A511JCK4	Cellulomonas composti	Bacteria;Bacillati;Actinomycetota;Actinomycetes;Micrococcales;Cellulomonadaceae;Cellulomonas
A0A7K0BXZ1	Actinomadura macrotermitis	Bacteria;Bacillati;Actinomycetota;Actinomycetes;Streptosporangiales;Thermomonosporaceae;Actinomadura
A0A895YBB4	Natronosporangium hydrolyticum	Bacteria;Bacillati;Actinomycetota;Actinomycetes;Micromonosporales;Micromonosporaceae;Natronosporangium
A0AA37UKQ7	Arenivirga flava	Bacteria;Bacillati;Actinomycetota;Actinomycetes;Micrococcales;Microbacteriaceae;Arenivirga
A0A0W0VG54	Legionella lansingensis	Bacteria;Pseudomonadati;Pseudomonadota;Gammaproteobacteria;Legionellales;Legionellaceae;Legionella
A0A7W0HR21	Nonomuraea soli	Bacteria;Bacillati;Actinomycetota;Actinomycetes;Streptosporangiales;Streptosporangiaceae;Nonomuraea
G0AAT4	Collimonas fungivorans (strain Ter331)	Bacteria;Pseudomonadati;Pseudomonadota;Betaproteobacteria;Burkholderiales;Oxalobacteraceae;Collimonas
A0A1M7XY14	Anaerocolumna xylanovorans DSM 12503	Bacteria;Bacillati;Bacillota;Clostridia;Lachnospirales;Lachnospiraceae;Anaerocolumna
A0A402DR51	Cellulomonas biazotea	Bacteria;Bacillati;Actinomycetota;Actinomycetes;Micrococcales;Cellulomonadaceae;Cellulomonas
C6M2F7	Neisseria sicca ATCC 29256	Bacteria;Pseudomonadati;Pseudomonadota;Betaproteobacteria;Neisseriales;Neisseriaceae;Neisseria
F8A4S3	Cellulomonas gilvus (strain ATCC 13127 / NRRL B-14078)	Bacteria;Bacillati;Actinomycetota;Actinomycetes;Micrococcales;Cellulomonadaceae;Cellulomonas
A0A1G6R1R9	Desulfurella multipotens	Bacteria;Pseudomonadati;Campylobacterota;Desulfurellia;Desulfurellales;Desulfurellaceae;Desulfurella
A0A1X7CAT6	Kocuria marina subsp. indica	Bacteria;Bacillati;Actinomycetota;Actinomycetes;Micrococcales;Micrococcaceae;Kocuria
A0A4Q2TAS9	Nocardioides zhouii	Bacteria;Bacillati;Actinomycetota;Actinomycetes;Propionibacteriales;Nocardioidaceae;Nocardioides
A0A4R2JLQ8	Actinocrispum wychmicini	Bacteria;Bacillati;Actinomycetota;Actinomycetes;Pseudonocardiales;Pseudonocardiaceae;Actinocrispum
A0A510V087	Cellulomonas persica	Bacteria;Bacillati;Actinomycetota;Actinomycetes;Micrococcales;Cellulomonadaceae;Cellulomonas
H8KXH0	Solitalea canadensis (strain ATCC 29591 / DSM 3403 / JCM 21819 / LMG 8368 / NBRC 15130 / NCIMB 12057 / USAM 9D)	Bacteria;Pseudomonadati;Bacteroidota;Sphingobacteriia;Sphingobacteriales;Sphingobacteriaceae;Solitalea
A0A1B1BEP8	Cryobacterium arcticum	Bacteria;Bacillati;Actinomycetota;Actinomycetes;Micrococcales;Microbacteriaceae;Cryobacterium
A0A1G9TMH6	Geodermatophilus siccatus	Bacteria;Bacillati;Actinomycetota;Actinomycetes;Geodermatophilales;Geodermatophilaceae;Geodermatophilus
A0A316ASK6	Dyadobacter jejuensis	Bacteria;Pseudomonadati;Bacteroidota;Cytophagia;Cytophagales;Spirosomataceae;Dyadobacter
A0A3A8JLZ9	Corallococcus carmarthensis	Bacteria;Pseudomonadati;Myxococcota;Myxococcia;Myxococcales;Cystobacterineae;Myxococcaceae;Corallococcus
A0A6L9S2L1	Phytoactinopolyspora halotolerans	Bacteria;Bacillati;Actinomycetota;Actinomycetes;Jiangellales;Jiangellaceae;Phytoactinopolyspora
A0A7W7G7Z9	Sphaerisporangium siamense	Bacteria;Bacillati;Actinomycetota;Actinomycetes;Streptosporangiales;Streptosporangiaceae;Sphaerisporangium
A0A7Z0K9A5	Nesterenkonia xinjiangensis	Bacteria;Bacillati;Actinomycetota;Actinomycetes;Micrococcales;Micrococcaceae;Nesterenkonia
A0A0H5CSH0		
A0A0W0XH37		
A0A139D473		
A0A1C4VEB4		
A0A1F9API6		
A0A1F9BPQ1		
A0A1G0ZRM3		
A0A1M3EMY0		
A0A1Q7A8P0		
A0A1Q8BJ07		
A0A1V5QXN3		
A0A2D4SRC0		
A0A2E3SMX6		
A0A2H5B0T4		
A0A2V8T945		
A0A357BTC8		
A0A3D4WVD5		
A0A3M1Z6A1		
A0A538N4S7		
A0A6G3DCG1		
A0A6L4YBF8		
A0A7C7QZS8		
A0A7V9DVE6		
A0A833M6G0		
A0A850DK61		
A0A8T7KAF8		
A0A923TNC7		
A0A940QIR5		
A0A960AEZ3		
A0A960PLB6		
A0A960QEB0		
A0A961FD44		
A0A975MIG1		
A0A9D6ZM43		
A0A9D9E0L1		
A0A9E4MP87		
A0AAW8EPG2		
A0AB33VFQ7		
A0AB37U538		
E5AN51		
T0ZHU4		
P52999	Bacillus subtilis (strain 168)	Bacteria;Bacillati;Bacillota;Bacilli;Caryophanales;Bacillaceae;Bacillus
A1AXA6	Ruthia magnifica subsp. Calyptogena magnifica	Bacteria;Pseudomonadati;Pseudomonadota;Gammaproteobacteria;Candidatus Pseudothioglobaceae;Candidatus Ruthturnera
A5CW02	Vesicomyosocius okutanii subsp. Calyptogena okutanii (strain HA)	Bacteria;Pseudomonadati;Pseudomonadota;Gammaproteobacteria;Candidatus Pseudothioglobaceae;Candidatus Vesicomyidisocius
A7Z5Z2	Bacillus velezensis (strain DSM 23117 / BGSC 10A6 / LMG 26770 / FZB42)	Bacteria;Bacillati;Bacillota;Bacilli;Caryophanales;Bacillaceae;Bacillus;Bacillus amyloliquefaciens group
B8ZU50	Mycobacterium leprae (strain Br4923)	Bacteria;Bacillati;Actinomycetota;Actinomycetes;Mycobacteriales;Mycobacteriaceae;Mycobacterium
B9ML76	Caldicellulosiruptor bescii (strain ATCC BAA-1888 / DSM 6725 / KCTC 15123 / Z-1320)	Bacteria;Bacillati;Bacillota;Bacillota incertae sedis;Caldicellulosiruptorales;Caldicellulosiruptoraceae;Caldicellulosiruptor
A0K1U2	Arthrobacter sp. (strain FB24)	Bacteria;Bacillati;Actinomycetota;Actinomycetes;Micrococcales;Micrococcaceae;Arthrobacter
A4SWK6	Polynucleobacter asymbioticus (strain DSM 18221 / CIP 109841 / QLW-P1DMWA-1)	Bacteria;Pseudomonadati;Pseudomonadota;Betaproteobacteria;Burkholderiales;Burkholderiaceae;Polynucleobacter
A4XCQ3	Salinispora tropica (strain ATCC BAA-916 / DSM 44818 / JCM 13857 / NBRC 105044 / CNB-440)	Bacteria;Bacillati;Actinomycetota;Actinomycetes;Micromonosporales;Micromonosporaceae;Salinispora
B4E8E6	Burkholderia cenocepacia (strain ATCC BAA-245 / DSM 16553 / LMG 16656 / NCTC 13227 / J2315 / CF5610)	Bacteria;Pseudomonadati;Pseudomonadota;Betaproteobacteria;Burkholderiales;Burkholderiaceae;Burkholderia;Burkholderia cepacia complex
Q0RB93	Frankia alni (strain DSM 45986 / CECT 9034 / ACN14a)	Bacteria;Bacillati;Actinomycetota;Actinomycetes;Frankiales;Frankiaceae;Frankia
Q1BUH0	Burkholderia orbicola (strain AU 1054)	Bacteria;Pseudomonadati;Pseudomonadota;Betaproteobacteria;Burkholderiales;Burkholderiaceae;Burkholderia;Burkholderia cepacia complex;Burkholderia orbicola
A8LCM7	Parafrankia sp. (strain EAN1pec)	Bacteria;Bacillati;Actinomycetota;Actinomycetes;Frankiales;Frankiaceae;Parafrankia
A8M8F2	Salinispora arenicola (strain CNS-205)	Bacteria;Bacillati;Actinomycetota;Actinomycetes;Micromonosporales;Micromonosporaceae;Salinispora
Q21U10	Albidiferax ferrireducens (strain ATCC BAA-621 / DSM 15236 / T118)	Bacteria;Pseudomonadati;Pseudomonadota;Betaproteobacteria;Burkholderiales;Comamonadaceae;Rhodoferax
Q2JE00	Frankia casuarinae (strain DSM 45818 / CECT 9043 / HFP020203 / CcI3)	Bacteria;Bacillati;Actinomycetota;Actinomycetes;Frankiales;Frankiaceae;Frankia
Q3AQL9	Chlorobium chlorochromatii (strain CaD3)	Bacteria;Pseudomonadati;Chlorobiota;Chlorobiia;Chlorobiales;Chlorobiaceae;Chlorobium/Pelodictyon group;Chlorobium
Q65I58	Bacillus licheniformis (strain ATCC 14580 / DSM 13 / JCM 2505 / CCUG 7422 / NBRC 12200 / NCIMB 9375 / NCTC 10341 / NRRL NRS-1264 / Gibson 46)	Bacteria;Bacillati;Bacillota;Bacilli;Caryophanales;Bacillaceae;Bacillus
Q826E8	Streptomyces avermitilis (strain ATCC 31267 / DSM 46492 / JCM 5070 / NBRC 14893 / NCIMB 12804 / NRRL 8165 / MA-4680)	Bacteria;Bacillati;Actinomycetota;Actinomycetes;Kitasatosporales;Streptomycetaceae;Streptomyces
Q8FU86	Corynebacterium efficiens (strain DSM 44549 / YS-314 / AJ 12310 / JCM 11189 / NBRC 100395)	Bacteria;Bacillati;Actinomycetota;Actinomycetes;Mycobacteriales;Corynebacteriaceae;Corynebacterium
A0LRC6	Acidothermus cellulolyticus (strain ATCC 43068 / DSM 8971 / 11B)	Bacteria;Bacillati;Actinomycetota;Actinomycetes;Acidothermales;Acidothermaceae;Acidothermus
A0PXQ5	Clostridium novyi (strain NT)	Bacteria;Bacillati;Bacillota;Clostridia;Eubacteriales;Clostridiaceae;Clostridium
A9AHJ2	Burkholderia multivorans (strain ATCC 17616 / 249)	Bacteria;Pseudomonadati;Pseudomonadota;Betaproteobacteria;Burkholderiales;Burkholderiaceae;Burkholderia;Burkholderia cepacia complex
B4SCF6	Pelodictyon phaeoclathratiforme (strain DSM 5477 / BU-1)	Bacteria;Pseudomonadati;Chlorobiota;Chlorobiia;Chlorobiales;Chlorobiaceae;Chlorobium/Pelodictyon group;Pelodictyon
Q2RM59	Moorella thermoacetica (strain ATCC 39073 / JCM 9320)	Bacteria;Bacillati;Bacillota;Clostridia;Neomoorellales;Neomoorellaceae;Neomoorella
Q5X0V0	Legionella pneumophila (strain Paris)	Bacteria;Pseudomonadati;Pseudomonadota;Gammaproteobacteria;Legionellales;Legionellaceae;Legionella
Q88Z02	Lactiplantibacillus plantarum (strain ATCC BAA-793 / NCIMB 8826 / WCFS1)	Bacteria;Bacillati;Bacillota;Bacilli;Lactobacillales;Lactobacillaceae;Lactiplantibacillus
A4JGX2	Burkholderia vietnamiensis (strain G4 / LMG 22486)	Bacteria;Pseudomonadati;Pseudomonadota;Betaproteobacteria;Burkholderiales;Burkholderiaceae;Burkholderia;Burkholderia cepacia complex
Q3A9L2	Carboxydothermus hydrogenoformans (strain ATCC BAA-161 / DSM 6008 / Z-2901)	Bacteria;Bacillati;Bacillota;Clostridia;Thermoanaerobacterales;Thermoanaerobacteraceae;Carboxydothermus
A0A5C6E1X9	Novipirellula artificiosorum	Bacteria;Pseudomonadati;Planctomycetota;Planctomycetia;Pirellulales;Pirellulaceae;Novipirellula
A0A518GJL3	Planctopirus ephydatiae	Bacteria;Pseudomonadati;Planctomycetota;Planctomycetia;Planctomycetales;Planctomycetaceae;Planctopirus
A0A5J4KD92	Thermogemmatispora aurantia	Bacteria;Bacillati;Chloroflexota;Ktedonobacteria;Thermogemmatisporales;Thermogemmatisporaceae;Thermogemmatispora
A0A7J5UNL4	Georgenia thermotolerans	Bacteria;Bacillati;Actinomycetota;Actinomycetes;Allobogoriellales;Allobogoriellaceae;Georgenia
A0AA48KFW1	Mesoterricola sediminis	Bacteria;Pseudomonadati;Acidobacteriota;Holophagae;Holophagales;Holophagaceae;Mesoterricola
A0A1G9PPG5	Siphonobacter aquaeclarae	Bacteria;Pseudomonadati;Bacteroidota;Cytophagia;Cytophagales;Cytophagaceae;Siphonobacter
A0A1H6YRE2	Demequina mangrovi	Bacteria;Bacillati;Actinomycetota;Actinomycetes;Micrococcales;Demequinaceae;Demequina
A0A7J9V2R9	Georgenia ruanii	Bacteria;Bacillati;Actinomycetota;Actinomycetes;Allobogoriellales;Allobogoriellaceae;Georgenia
A0A8J7HKL6	Atlanticothrix silvestris CENA357	Bacteria;Bacillati;Cyanobacteriota;Cyanophyceae;Nostocales;Nodulariaceae;Atlanticothrix;Atlanticothrix silvestris
F8AZB5	Candidatus Protofrankia datiscae	Bacteria;Bacillati;Actinomycetota;Actinomycetes;Frankiales;Frankiaceae;Protofrankia
A0A1I1I7N6	Spirosoma endophyticum	Bacteria;Pseudomonadati;Bacteroidota;Cytophagia;Cytophagales;Cytophagaceae;Spirosoma
A0A543AWS3	Stackebrandtia endophytica	Bacteria;Bacillati;Actinomycetota;Actinomycetes;Glycomycetales;Glycomycetaceae;Stackebrandtia
A0A5E4Y3Y2	Pandoraea morbifera	Bacteria;Pseudomonadati;Pseudomonadota;Betaproteobacteria;Burkholderiales;Burkholderiaceae;Pandoraea
A0A1C6RBZ0	Micromonospora rhizosphaerae	Bacteria;Bacillati;Actinomycetota;Actinomycetes;Micromonosporales;Micromonosporaceae;Micromonospora
A0A1G7CB15	Actinobaculum suis	Bacteria;Bacillati;Actinomycetota;Actinomycetes;Actinomycetales;Actinomycetaceae;Actinobaculum
A0A1Y2K3Z0	Magnetofaba australis IT-1	Bacteria;Pseudomonadati;Pseudomonadota;Magnetococcia;Magnetococcales;Magnetococcaceae;Magnetofaba
A0A2A9F0U0	Isoptericola jiangsuensis	Bacteria;Bacillati;Actinomycetota;Actinomycetes;Micrococcales;Promicromonosporaceae;Isoptericola
A0A345SYU4	Peterkaempfera bronchialis	Bacteria;Bacillati;Actinomycetota;Actinomycetes;Kitasatosporales;Streptomycetaceae;Peterkaempfera
A0A4V1BDW7	Nocardioides euryhalodurans	Bacteria;Bacillati;Actinomycetota;Actinomycetes;Propionibacteriales;Nocardioidaceae;Nocardioides
A0A918R5Y9	Streptomyces echinoruber	Bacteria;Bacillati;Actinomycetota;Actinomycetes;Kitasatosporales;Streptomycetaceae;Streptomyces
E6W3Q9	Desulfurispirillum indicum (strain ATCC BAA-1389 / DSM 22839 / S5)	Bacteria;Pseudomonadati;Chrysiogenota;Chrysiogenia;Chrysiogenales;Chrysiogenaceae;Desulfurispirillum
A0A062X005		
A0A0P7CHA1		
A0A0Q1B199		
A0A1G1PQ70		
A0A1Q7ASG4		
A0A1V5KP05		
A0A1X1MH73		
A0A2E5IBU2		
A0A2T6L7F2		
A0A2V6CE69		
A0A2W5PQ05		
A0A365ZGK0		
A0A395M3M6		
A0A3D1CW71		
A0A3M0ZIH5		
A0A3T0Y984		
A0A455U071		
A0A4Q5T8L7		
A0A4R4SHF9		
A0A653T900		
A0A656Y0M7		
A0A6C1SX81		
A0A6G3CV13		
A0A7C2EQ04		
A0A7C5JNI3		
A0A7C6KZ59		
A0A7X7A0W9		
A0A7X7F9N7		
A0A7Y2PA35		
A0A7Y8MLW9		
A0A838S2L1		
A0A8J6LTK2		
A0A8T3KMG0		
A0A929D4T2		
A0A937LHY9		
A0A939XGU5		
A0A944EAL2		
A0A944UGC7		
A0A948BXP4		
A0A948C8U0		
A0A948G1R4		
A0A960WDI9		
A0A961S9W9		
A0A968TUE1		
A0A970Z6J5		
A0A971QLZ6		
A0A9D7A2I1		
A0A9Q4CU88		
J7LG94		
L8P0Z5		
B1VSQ0	Streptomyces griseus subsp. griseus (strain JCM 4626 / CBS 651.72 / NBRC 13350 / KCC S-0626 / ISP 5235)	Bacteria;Bacillati;Actinomycetota;Actinomycetes;Kitasatosporales;Streptomycetaceae;Streptomyces
B3EFC1	Chlorobium limicola (strain DSM 245 / NBRC 103803 / 6330)	Bacteria;Pseudomonadati;Chlorobiota;Chlorobiia;Chlorobiales;Chlorobiaceae;Chlorobium/Pelodictyon group;Chlorobium
Q4LA33	Staphylococcus haemolyticus (strain JCSC1435)	Bacteria;Bacillati;Bacillota;Bacilli;Caryophanales;Staphylococcaceae;Staphylococcus
Q833S7	Enterococcus faecalis (strain ATCC 700802 / V583)	Bacteria;Bacillati;Bacillota;Bacilli;Lactobacillales;Enterococcaceae;Enterococcus
Q5Z2U2	Nocardia farcinica (strain IFM 10152)	Bacteria;Bacillati;Actinomycetota;Actinomycetes;Mycobacteriales;Nocardiaceae;Nocardia
Q7MVF1	Porphyromonas gingivalis (strain ATCC BAA-308 / W83)	Bacteria;Pseudomonadati;Bacteroidota;Bacteroidia;Bacteroidales;Porphyromonadaceae;Porphyromonas
Q8KFS0	Chlorobaculum tepidum (strain ATCC 49652 / DSM 12025 / NBRC 103806 / TLS)	Bacteria;Pseudomonadati;Chlorobiota;Chlorobiia;Chlorobiales;Chlorobiaceae;Chlorobaculum
A5N8N4	Clostridium kluyveri (strain ATCC 8527 / DSM 555 / NBRC 12016 / NCIMB 10680 / K1)	Bacteria;Bacillati;Bacillota;Clostridia;Eubacteriales;Clostridiaceae;Clostridium
B2V1M0	Clostridium botulinum (strain Alaska E43 / Type E3)	Bacteria;Bacillati;Bacillota;Clostridia;Eubacteriales;Clostridiaceae;Clostridium;Clostridium botulinum group
P58285	Clostridium acetobutylicum (strain ATCC 824 / DSM 792 / JCM 1419 / IAM 19013 / LMG 5710 / NBRC 13948 / NRRL B-527 / VKM B-1787 / 2291 / W)	Bacteria;Bacillati;Bacillota;Clostridia;Eubacteriales;Clostridiaceae;Clostridium
Q2J4S0	Frankia casuarinae (strain DSM 45818 / CECT 9043 / HFP020203 / CcI3)	Bacteria;Bacillati;Actinomycetota;Actinomycetes;Frankiales;Frankiaceae;Frankia
Q5F8Y9	Neisseria gonorrhoeae (strain ATCC 700825 / FA 1090)	Bacteria;Pseudomonadati;Pseudomonadota;Betaproteobacteria;Neisseriales;Neisseriaceae;Neisseria
A1RDH3	Paenarthrobacter aurescens (strain TC1)	Bacteria;Bacillati;Actinomycetota;Actinomycetes;Micrococcales;Micrococcaceae;Paenarthrobacter
A7HZW6	Campylobacter hominis (strain ATCC BAA-381 / DSM 21671 / CCUG 45161 / LMG 19568 / NCTC 13146 / CH001A)	Bacteria;Pseudomonadati;Campylobacterota;Epsilonproteobacteria;Campylobacterales;Campylobacteraceae;Campylobacter
B2RK28	Porphyromonas gingivalis (strain ATCC 33277 / DSM 20709 / CIP 103683 / JCM 12257 / NCTC 11834 / 2561)	Bacteria;Pseudomonadati;Bacteroidota;Bacteroidia;Bacteroidales;Porphyromonadaceae;Porphyromonas
B9L6T1	Nautilia profundicola (strain ATCC BAA-1463 / DSM 18972 / AmH)	Bacteria;Pseudomonadati;Campylobacterota;Epsilonproteobacteria;Nautiliales;Nautiliaceae;Nautilia
C4ZG24	Agathobacter rectalis (strain ATCC 33656 / DSM 3377 / JCM 17463 / KCTC 5835 / VPI 0990)	Bacteria;Bacillati;Bacillota;Clostridia;Lachnospirales;Lachnospiraceae;Agathobacter
Q9X4N0	Corynebacterium glutamicum (strain ATCC 13032 / DSM 20300 / JCM 1318 / BCRC 11384 / CCUG 27702 / LMG 3730 / NBRC 12168 / NCIMB 10025 / NRRL B-2784 / 534)	Bacteria;Bacillati;Actinomycetota;Actinomycetes;Mycobacteriales;Corynebacteriaceae;Corynebacterium
A1BDG1	Chlorobium phaeobacteroides (strain DSM 266 / SMG 266 / 2430)	Bacteria;Pseudomonadati;Chlorobiota;Chlorobiia;Chlorobiales;Chlorobiaceae;Chlorobium/Pelodictyon group;Chlorobium
A3DDV5	Acetivibrio thermocellus (strain ATCC 27405 / DSM 1237 / JCM 9322 / NBRC 103400 / NCIMB 10682 / NRRL B-4536 / VPI 7372)	Bacteria;Bacillati;Bacillota;Clostridia;Acetivibrionales;Acetivibrionaceae;Acetivibrio
A4QAD0	Corynebacterium glutamicum (strain R)	Bacteria;Bacillati;Actinomycetota;Actinomycetes;Mycobacteriales;Corynebacteriaceae;Corynebacterium
A5D5T6	Pelotomaculum thermopropionicum (strain DSM 13744 / JCM 10971 / SI)	Bacteria;Bacillati;Bacillota;Clostridia;Eubacteriales;Desulfotomaculaceae;Pelotomaculum
Q0AB67	Alkalilimnicola ehrlichii (strain ATCC BAA-1101 / DSM 17681 / MLHE-1)	Bacteria;Pseudomonadati;Pseudomonadota;Gammaproteobacteria;Chromatiales;Ectothiorhodospiraceae;Alkalilimnicola
Q0B0P4	Syntrophomonas wolfei subsp. wolfei (strain DSM 2245B / Goettingen)	Bacteria;Bacillati;Bacillota;Clostridia;Eubacteriales;Syntrophomonadaceae;Syntrophomonas
Q4JXL3	Corynebacterium jeikeium (strain K411)	Bacteria;Bacillati;Actinomycetota;Actinomycetes;Mycobacteriales;Corynebacteriaceae;Corynebacterium
A0A564WG02	Candidatus Defluviicoccus seviourii	Bacteria;Pseudomonadati;Pseudomonadota;Alphaproteobacteria;Rhodospirillales;Rhodospirillaceae;Defluviicoccus
A0A6H1U350	Oxynema aestuarii AP17	Bacteria;Bacillati;Cyanobacteriota;Cyanophyceae;Oscillatoriophycideae;Oscillatoriales;Oscillatoriaceae;Oxynema;Oxynema aestuarii
B0B512	Streptomyces collinus	Bacteria;Bacillati;Actinomycetota;Actinomycetes;Kitasatosporales;Streptomycetaceae;Streptomyces
F6FTX9	Isoptericola variabilis (strain 225)	Bacteria;Bacillati;Actinomycetota;Actinomycetes;Micrococcales;Promicromonosporaceae;Isoptericola
M5RNP5	Rhodopirellula maiorica SM1	Bacteria;Pseudomonadati;Planctomycetota;Planctomycetia;Pirellulales;Pirellulaceae;Novipirellula
A0A021VLT3	Actinotalea ferrariae CF5-4	Bacteria;Bacillati;Actinomycetota;Actinomycetes;Micrococcales;Cellulomonadaceae;Actinotalea
A0A1G6K3C1	Succiniclasticum ruminis	Bacteria;Bacillati;Bacillota;Negativicutes;Acidaminococcales;Acidaminococcaceae;Succiniclasticum
A0A419V2R9	Sinobaca qinghaiensis	Bacteria;Bacillati;Bacillota;Bacilli;Caryophanales;Sporolactobacillaceae;Sinobaca
A0A558AYC4	Salinicoccus cyprini	Bacteria;Bacillati;Bacillota;Bacilli;Caryophanales;Staphylococcaceae;Salinicoccus
B0RCH0	Clavibacter sepedonicus	Bacteria;Bacillati;Actinomycetota;Actinomycetes;Micrococcales;Microbacteriaceae;Clavibacter
C3J8F4	Porphyromonas endodontalis (strain ATCC 35406 / DSM 24491 / JCM 8526 / CCUG 16442 / BCRC 14492 / NCTC 13058 / HG 370)	Bacteria;Pseudomonadati;Bacteroidota;Bacteroidia;Bacteroidales;Porphyromonadaceae;Porphyromonas
A0A1H9IPB2	Amphritea atlantica	Bacteria;Pseudomonadati;Pseudomonadota;Gammaproteobacteria;Oceanospirillales;Oceanospirillaceae;Amphritea
A0A225E4I2	Fimbriiglobus ruber	Bacteria;Pseudomonadati;Planctomycetota;Planctomycetia;Gemmatales;Gemmataceae;Fimbriiglobus
E0QMG7	Mobiluncus mulieris ATCC 35239	Bacteria;Bacillati;Actinomycetota;Actinomycetes;Actinomycetales;Actinomycetaceae;Mobiluncus
K9EXG1	Actinobaculum massiliense ACS-171-V-Col2	Bacteria;Bacillati;Actinomycetota;Actinomycetes;Actinomycetales;Actinomycetaceae;Actinobaculum
A0A150XU73	Roseivirga ehrenbergii (strain DSM 102268 / JCM 13514 / KCTC 12282 / NCIMB 14502 / KMM 6017)	Bacteria;Pseudomonadati;Bacteroidota;Cytophagia;Cytophagales;Roseivirgaceae;Roseivirga
A0A3E1HM39	Mycobacterium uberis	Bacteria;Bacillati;Actinomycetota;Actinomycetes;Mycobacteriales;Mycobacteriaceae;Mycobacterium
A0A6I4MGS0	Actinomadura physcomitrii	Bacteria;Bacillati;Actinomycetota;Actinomycetes;Streptosporangiales;Thermomonosporaceae;Actinomadura
K0ENC8	Nocardia brasiliensis (strain ATCC 700358 / HUJEG-1)	Bacteria;Bacillati;Actinomycetota;Actinomycetes;Mycobacteriales;Nocardiaceae;Nocardia
A0A098SAP8	Phaeodactylibacter xiamenensis	Bacteria;Pseudomonadati;Bacteroidota;Saprospiria;Saprospirales;Haliscomenobacteraceae;Phaeodactylibacter
A0A0D0NU10	Kitasatospora griseola	Bacteria;Bacillati;Actinomycetota;Actinomycetes;Kitasatosporales;Streptomycetaceae;Kitasatospora
A0A2S8FIZ3	Blastopirellula marina	Bacteria;Pseudomonadati;Planctomycetota;Planctomycetia;Pirellulales;Pirellulaceae;Blastopirellula
A0A3D8IPM7	Helicobacter didelphidarum	Bacteria;Pseudomonadati;Campylobacterota;Epsilonproteobacteria;Campylobacterales;Helicobacteraceae;Helicobacter
A0A3M2IV38	Cellulomonas triticagri	Bacteria;Bacillati;Actinomycetota;Actinomycetes;Micrococcales;Cellulomonadaceae;Cellulomonas
A0A3N4Z4J4	Georgenia muralis	Bacteria;Bacillati;Actinomycetota;Actinomycetes;Allobogoriellales;Allobogoriellaceae;Georgenia
A0A078BMB1		
A0A0M2TYX0		
A0A0M8VFU3		
A0A0R2XIQ5		
A0A1F5BMC4		
A0A1G1JD21		
A0A1J5NMR1		
A0A1Q5N6A2		
A0A1Q7WYQ2		
A0A1R4F1N7		
A0A1V1WWC0		
A0A1Y5DT59		
A0A260RE55		
A0A285R3N2		
A0A2D9FVX4		
A0A2E1N0A2		
A0A2E2UYM1		
A0A2E3QYM1		
A0A2E6DTN8		
A0A2H0FX64		
A0A2S6SAJ2		
A0A2V5PTA0		
A0A2V5SZB7		
A0A2W2MK05		
A0A328HJX5		
A0A3M1VCU8		
A0A523DTG8		
A0A538TM87		
A0A549SXJ8		
A0A651GSF1		
A0A6G1SYE2		
A0A7C2EIX1		
A0A7C3RGY0		
A0A7C3YYK8		
A0A7C6CG65		
A0A7V4E529		
A0A7W1YKF9		
A0A7X6QBE4		
A0A7X9P9Q1		
A0A7Z1AIU2		
A0A925HXC6		
A0A941QWL2		
A0A949F4W0		
A0A952R5E7		
A0A9D7T448		
A0A9E2D5S4		
A0A9E5WK72		
A0A9Q5C8E1		
A0AAU2GW02		
N2BLS0		
A4SGF2	Chlorobium phaeovibrioides (strain DSM 265 / 1930)	Bacteria;Pseudomonadati;Chlorobiota;Chlorobiia;Chlorobiales;Chlorobiaceae;Chlorobium/Pelodictyon group;Chlorobium
A6L4C4	Phocaeicola vulgatus (strain ATCC 8482 / DSM 1447 / JCM 5826 / CCUG 4940 / NBRC 14291 / NCTC 11154)	Bacteria;Pseudomonadati;Bacteroidota;Bacteroidia;Bacteroidales;Bacteroidaceae;Phocaeicola
A6QK84	Staphylococcus aureus (strain Newman)	Bacteria;Bacillati;Bacillota;Bacilli;Caryophanales;Staphylococcaceae;Staphylococcus
B3ELP8	Chlorobium phaeobacteroides (strain BS1)	Bacteria;Pseudomonadati;Chlorobiota;Chlorobiia;Chlorobiales;Chlorobiaceae;Chlorobium/Pelodictyon group;Chlorobium
B8FZE1	Desulfitobacterium hafniense (strain DSM 10664 / DCB-2)	Bacteria;Bacillati;Bacillota;Clostridia;Eubacteriales;Desulfitobacteriaceae;Desulfitobacterium
P65664	Staphylococcus aureus (strain Mu50 / ATCC 700699)	Bacteria;Bacillati;Bacillota;Bacilli;Caryophanales;Staphylococcaceae;Staphylococcus
A4XMZ2	Caldicellulosiruptor saccharolyticus (strain ATCC 43494 / DSM 8903 / Tp8T 6331)	Bacteria;Bacillati;Bacillota;Bacillota incertae sedis;Caldicellulosiruptorales;Caldicellulosiruptoraceae;Caldicellulosiruptor
B0TBP6	Heliobacterium modesticaldum (strain ATCC 51547 / Ice1)	Bacteria;Bacillati;Bacillota;Clostridia;Eubacteriales;Heliobacteriaceae;Heliomicrobium
B1I1N9	Desulforudis audaxviator (strain MP104C)	Bacteria;Bacillati;Bacillota;Clostridia;Thermoanaerobacterales;Desulforudaceae;Desulforudis
B1IEL4	Clostridium botulinum (strain Okra / Type B1)	Bacteria;Bacillati;Bacillota;Clostridia;Eubacteriales;Clostridiaceae;Clostridium;Clostridium botulinum group
B4S4T8	Prosthecochloris aestuarii (strain DSM 271 / SK 413)	Bacteria;Pseudomonadati;Chlorobiota;Chlorobiia;Chlorobiales;Chlorobiaceae;Prosthecochloris
B9E234	Clostridium kluyveri (strain NBRC 12016)	Bacteria;Bacillati;Bacillota;Clostridia;Eubacteriales;Clostridiaceae;Clostridium
Q11NE7	Cytophaga hutchinsonii (strain ATCC 33406 / DSM 1761 / CIP 103989 / NBRC 15051 / NCIMB 9469 / D465)	Bacteria;Pseudomonadati;Bacteroidota;Cytophagia;Cytophagales;Cytophagaceae;Cytophaga
Q2FV23	Staphylococcus aureus (strain NCTC 8325 / PS 47)	Bacteria;Bacillati;Bacillota;Bacilli;Caryophanales;Staphylococcaceae;Staphylococcus
Q3B208	Chlorobium luteolum (strain DSM 273 / BCRC 81028 / 2530)	Bacteria;Pseudomonadati;Chlorobiota;Chlorobiia;Chlorobiales;Chlorobiaceae;Chlorobium/Pelodictyon group;Pelodictyon
A8FEH5	Bacillus pumilus (strain SAFR-032)	Bacteria;Bacillati;Bacillota;Bacilli;Caryophanales;Bacillaceae;Bacillus
B0STF1	Leptospira biflexa serovar Patoc (strain Patoc 1 / ATCC 23582 / Paris)	Bacteria;Pseudomonadati;Spirochaetota;Leptospiria;Leptospirales;Leptospiraceae;Leptospira
B1YHQ7	Exiguobacterium artemiae (strain DSM 17290 / CCUG 55495 / CIP 109462 / JCM 13490 / 255-15)	Bacteria;Bacillati;Bacillota;Bacilli;Caryophanales;Caryophanales Family XII. Incertae Sedis;Exiguobacterium
C4L6Q2	Exiguobacterium sp. (strain ATCC BAA-1283 / AT1b)	Bacteria;Bacillati;Bacillota;Bacilli;Caryophanales;Caryophanales Family XII. Incertae Sedis;Exiguobacterium
C5CEQ3	Kosmotoga olearia (strain ATCC BAA-1733 / DSM 21960 / TBF 19.5.1)	Bacteria;Thermotogati;Thermotogota;Thermotogae;Kosmotogales;Kosmotogaceae;Kosmotoga
A0QNF3	Mycolicibacterium smegmatis (strain ATCC 700084 / mc(2)155)	Bacteria;Bacillati;Actinomycetota;Actinomycetes;Mycobacteriales;Mycobacteriaceae;Mycolicibacterium
A6U4X7	Staphylococcus aureus (strain JH1)	Bacteria;Bacillati;Bacillota;Bacilli;Caryophanales;Staphylococcaceae;Staphylococcus
B0SBX0	Leptospira biflexa serovar Patoc (strain Patoc 1 / Ames)	Bacteria;Pseudomonadati;Spirochaetota;Leptospiria;Leptospirales;Leptospiraceae;Leptospira
B8DC26	Listeria monocytogenes serotype 4a (strain HCC23)	Bacteria;Bacillati;Bacillota;Bacilli;Caryophanales;Listeriaceae;Listeria
Q251P1	Desulfitobacterium hafniense (strain Y51)	Bacteria;Bacillati;Bacillota;Clostridia;Eubacteriales;Desulfitobacteriaceae;Desulfitobacterium
Q5KXX4	Geobacillus kaustophilus (strain HTA426)	Bacteria;Bacillati;Bacillota;Bacilli;Caryophanales;Anoxybacillaceae;Geobacillus;Geobacillus thermoleovorans group
Q7NCY1	Gloeobacter violaceus (strain ATCC 29082 / PCC 7421)	Bacteria;Bacillati;Cyanobacteriota;Cyanophyceae;Gloeobacterales;Gloeobacteraceae;Gloeobacter
Q8Y603	Listeria monocytogenes serovar 1/2a (strain ATCC BAA-679 / EGD-e)	Bacteria;Bacillati;Bacillota;Bacilli;Caryophanales;Listeriaceae;Listeria
Q92AA8	Listeria innocua serovar 6a (strain ATCC BAA-680 / CLIP 11262)	Bacteria;Bacillati;Bacillota;Bacilli;Caryophanales;Listeriaceae;Listeria
A0AK05	Listeria welshimeri serovar 6b (strain ATCC 35897 / DSM 20650 / CCUG 15529 / CIP 8149 / NCTC 11857 / SLCC 5334 / V8)	Bacteria;Bacillati;Bacillota;Bacilli;Caryophanales;Listeriaceae;Listeria
A7GN78	Bacillus cytotoxicus (strain DSM 22905 / CIP 110041 / 391-98 / NVH 391-98)	Bacteria;Bacillati;Bacillota;Bacilli;Caryophanales;Bacillaceae;Bacillus;Bacillus cereus group
C1KWK0	Listeria monocytogenes serotype 4b (strain CLIP80459)	Bacteria;Bacillati;Bacillota;Bacilli;Caryophanales;Listeriaceae;Listeria
Q2FDR2	Staphylococcus aureus (strain USA300)	Bacteria;Bacillati;Bacillota;Bacilli;Caryophanales;Staphylococcaceae;Staphylococcus
Q2YWG1	Staphylococcus aureus (strain bovine RF122 / ET3-1)	Bacteria;Bacillati;Bacillota;Bacilli;Caryophanales;Staphylococcaceae;Staphylococcus
A0A1Q5PLE0	Boudabousia liubingyangii	Bacteria;Bacillati;Actinomycetota;Actinomycetes;Actinomycetales;Actinomycetaceae;Boudabousia
A0A4P6JX98	Ktedonosporobacter rubrisoli	Bacteria;Bacillati;Chloroflexota;Ktedonobacteria;Ktedonobacterales;Ktedonosporobacteraceae;Ktedonosporobacter
A0A9E8LW15	Fervidibacillus albus	Bacteria;Bacillati;Bacillota;Bacilli;Caryophanales;Bacillaceae;Fervidibacillus
A0A3M2LT85	Streptomyces triticirhizae	Bacteria;Bacillati;Actinomycetota;Actinomycetes;Kitasatosporales;Streptomycetaceae;Streptomyces
A0A842HEX0	Ruficoccus amylovorans	Bacteria;Pseudomonadati;Verrucomicrobiota;Opitutia;Puniceicoccales;Cerasicoccaceae;Ruficoccus
A0A0C5BI73	Rathayibacter toxicus	Bacteria;Bacillati;Actinomycetota;Actinomycetes;Micrococcales;Microbacteriaceae;Rathayibacter
A0A0U3WJ99	Lentibacillus amyloliquefaciens	Bacteria;Bacillati;Bacillota;Bacilli;Caryophanales;Bacillaceae;Lentibacillus
A0A3N4ZIP1	Myceligenerans xiligouense	Bacteria;Bacillati;Actinomycetota;Actinomycetes;Micrococcales;Promicromonosporaceae;Myceligenerans
A0A418QRS3	Hymenobacter rubripertinctus	Bacteria;Pseudomonadati;Bacteroidota;Cytophagia;Cytophagales;Hymenobacteraceae;Hymenobacter
A0A8J2UC05	Puia dinghuensis	Bacteria;Pseudomonadati;Bacteroidota;Chitinophagia;Chitinophagales;Chitinophagaceae;Puia
C6HUX1	Leptospirillum ferrodiazotrophum	Bacteria;Pseudomonadati;Nitrospirota;Nitrospiria;Nitrospirales;Nitrospiraceae;Leptospirillum
A0A1H2URW2	Alicyclobacillus hesperidum	Bacteria;Bacillati;Bacillota;Bacilli;Caryophanales;Alicyclobacillaceae;Alicyclobacillus
A0A1I1VYI3	Lentibacillus persicus	Bacteria;Bacillati;Bacillota;Bacilli;Caryophanales;Bacillaceae;Lentibacillus
A0A2M9CVY8	Thermoflavifilum aggregans	Bacteria;Pseudomonadati;Bacteroidota;Chitinophagia;Chitinophagales;Chitinophagaceae;Thermoflavifilum
A0A315ZA47	Sediminitomix flava	Bacteria;Pseudomonadati;Bacteroidota;Cytophagia;Cytophagales;Flammeovirgaceae;Sediminitomix
A0A3M0I607	Streptomyces shenzhenensis	Bacteria;Bacillati;Actinomycetota;Actinomycetes;Kitasatosporales;Streptomycetaceae;Streptomyces
A0A5M6CXU7	Roseiconus nitratireducens	Bacteria;Pseudomonadati;Planctomycetota;Planctomycetia;Pirellulales;Pirellulaceae;Roseiconus
I9IB76	Bacteroides salyersiae CL02T12C01	Bacteria;Pseudomonadati;Bacteroidota;Bacteroidia;Bacteroidales;Bacteroidaceae;Bacteroides
A0A0D6KLJ1		
A0A0M9UKZ0		
A0A0P0EHW8		
A0A1B1T9L2		
A0A1G3BFU1		
A0A1I5XEG1		
A0A1J5D0Y8		
A0A1Q8L1V2		
A0A1X4G7W3		
A0A255R2I3		
A0A258QK37		
A0A2A2R618		
A0A2E7SRQ1		
A0A2E9KL34		
A0A2G9XZG5		
A0A2N2UYE0		
A0A2T2RFF5		
A0A2W4M4Q8		
A0A2W4QF61		
A0A318CLZ0		
A0A353ZNX8		
A0A3C0MWW1		
A0A3D5VB91		
A0A3E0Q5P5		
A0A3N9NQ12		
A0A428ZD98		
A0A496DU89		
A0A4Q3RNP5		
A0A533BAN5		
A0A662QSS7		
A0A6J4L8K6		
A0A6N6PKH6		
A0A7C5JN15		
A0A7C6I1A2		
A0A7V9F784		
A0A7X8VQB3		
A0A849EWF6		
A0A928H5D3		
A0A934EA90		
A0A938MSP0		
A0A942M6E3		
A0A960SBA0		
A0A9D5MXF9		
A0A9W6GF18		
A0AAU3S8P6		
G1VAF6		
R7LDU8		
S3Z4T0		
A0RM41	Campylobacter fetus subsp. fetus (strain 82-40)	Bacteria;Pseudomonadati;Campylobacterota;Epsilonproteobacteria;Campylobacterales;Campylobacteraceae;Campylobacter
B7HHU5	Bacillus cereus (strain B4264)	Bacteria;Bacillati;Bacillota;Bacilli;Caryophanales;Bacillaceae;Bacillus;Bacillus cereus group
B7HL55	Bacillus cereus (strain AH187)	Bacteria;Bacillati;Bacillota;Bacilli;Caryophanales;Bacillaceae;Bacillus;Bacillus cereus group
B7IPB9	Bacillus cereus (strain G9842)	Bacteria;Bacillati;Bacillota;Bacilli;Caryophanales;Bacillaceae;Bacillus;Bacillus cereus group
B9IVR3	Bacillus cereus (strain Q1)	Bacteria;Bacillati;Bacillota;Bacilli;Caryophanales;Bacillaceae;Bacillus;Bacillus cereus group
C1EN38	Bacillus cereus (strain 03BB102)	Bacteria;Bacillati;Bacillota;Bacilli;Caryophanales;Bacillaceae;Bacillus;Bacillus cereus group
C5D3B1	Geobacillus sp. (strain WCH70)	Bacteria;Bacillati;Bacillota;Bacilli;Caryophanales;Anoxybacillaceae;Geobacillus
Q6HL14	Bacillus thuringiensis subsp. konkukian (strain 97-27)	Bacteria;Bacillati;Bacillota;Bacilli;Caryophanales;Bacillaceae;Bacillus;Bacillus cereus group
Q71YB5	Listeria monocytogenes serotype 4b (strain F2365)	Bacteria;Bacillati;Bacillota;Bacilli;Caryophanales;Listeriaceae;Listeria
Q7NDK7	Gloeobacter violaceus (strain ATCC 29082 / PCC 7421)	Bacteria;Bacillati;Cyanobacteriota;Cyanophyceae;Gloeobacterales;Gloeobacteraceae;Gloeobacter
A4IQ59	Geobacillus thermodenitrificans (strain NG80-2)	Bacteria;Bacillati;Bacillota;Bacilli;Caryophanales;Anoxybacillaceae;Geobacillus
A8ERX9	Aliarcobacter butzleri (strain RM4018)	Bacteria;Pseudomonadati;Campylobacterota;Epsilonproteobacteria;Campylobacterales;Arcobacteraceae;Aliarcobacter
A9VMF1	Bacillus mycoides (strain KBAB4)	Bacteria;Bacillati;Bacillota;Bacilli;Caryophanales;Bacillaceae;Bacillus;Bacillus cereus group
O66773	Aquifex aeolicus (strain VF5)	Bacteria;Pseudomonadati;Aquificota;Aquificia;Aquificales;Aquificaceae;Aquifex
Q5HL37	Staphylococcus epidermidis (strain ATCC 35984 / DSM 28319 / BCRC 17069 / CCUG 31568 / BM 3577 / RP62A)	Bacteria;Bacillati;Bacillota;Bacilli;Caryophanales;Staphylococcaceae;Staphylococcus
Q6G679	Staphylococcus aureus (strain MSSA476)	Bacteria;Bacillati;Bacillota;Bacilli;Caryophanales;Staphylococcaceae;Staphylococcus
Q81ST1	Bacillus anthracis	Bacteria;Bacillati;Bacillota;Bacilli;Caryophanales;Bacillaceae;Bacillus;Bacillus cereus group
A6L8I7	Parabacteroides distasonis (strain ATCC 8503 / DSM 20701 / CIP 104284 / JCM 5825 / NCTC 11152)	Bacteria;Pseudomonadati;Bacteroidota;Bacteroidia;Bacteroidales;Tannerellaceae;Parabacteroides
A7GAI4	Clostridium botulinum (strain Langeland / NCTC 10281 / Type F)	Bacteria;Bacillati;Bacillota;Clostridia;Eubacteriales;Clostridiaceae;Clostridium;Clostridium botulinum group
A7H0Y2	Campylobacter curvus (strain 525.92)	Bacteria;Pseudomonadati;Campylobacterota;Epsilonproteobacteria;Campylobacterales;Campylobacteraceae;Campylobacter
B1KUY5	Clostridium botulinum (strain Loch Maree / Type A3)	Bacteria;Bacillati;Bacillota;Clostridia;Eubacteriales;Clostridiaceae;Clostridium;Clostridium botulinum group
B7JHQ8	Bacillus cereus (strain AH820)	Bacteria;Bacillati;Bacillota;Bacilli;Caryophanales;Bacillaceae;Bacillus;Bacillus cereus group
C3L033	Clostridium botulinum (strain 657 / Type Ba4)	Bacteria;Bacillati;Bacillota;Clostridia;Eubacteriales;Clostridiaceae;Clostridium;Clostridium botulinum group
Q6GDK6	Staphylococcus aureus (strain MRSA252)	Bacteria;Bacillati;Bacillota;Bacilli;Caryophanales;Staphylococcaceae;Staphylococcus
Q8CMZ4	Staphylococcus epidermidis (strain ATCC 12228 / FDA PCI 1200)	Bacteria;Bacillati;Bacillota;Bacilli;Caryophanales;Staphylococcaceae;Staphylococcus
Q8NUN3	Staphylococcus aureus (strain MW2)	Bacteria;Bacillati;Bacillota;Bacilli;Caryophanales;Staphylococcaceae;Staphylococcus
A0RBZ4	Bacillus thuringiensis (strain Al Hakam)	Bacteria;Bacillati;Bacillota;Bacilli;Caryophanales;Bacillaceae;Bacillus;Bacillus cereus group
B3QQH1	Chlorobaculum parvum (strain DSM 263 / NCIMB 8327)	Bacteria;Pseudomonadati;Chlorobiota;Chlorobiia;Chlorobiales;Chlorobiaceae;Chlorobaculum
B3QTQ3	Chloroherpeton thalassium (strain ATCC 35110 / GB-78)	Bacteria;Pseudomonadati;Chlorobiota;Chlorobiia;Chlorobiales;Chloroherpetonaceae;Chloroherpeton
B9DKF6	Staphylococcus carnosus (strain TM300)	Bacteria;Bacillati;Bacillota;Bacilli;Caryophanales;Staphylococcaceae;Staphylococcus
Q5WGA5	Shouchella clausii (strain KSM-K16)	Bacteria;Bacillati;Bacillota;Bacilli;Caryophanales;Bacillaceae;Shouchella
Q63DJ1	Bacillus cereus (strain ZK / E33L)	Bacteria;Bacillati;Bacillota;Bacilli;Caryophanales;Bacillaceae;Bacillus;Bacillus cereus group
Q81FN5	Bacillus cereus (strain ATCC 14579 / DSM 31 / CCUG 7414 / JCM 2152 / NBRC 15305 / NCIMB 9373 / NCTC 2599 / NRRL B-3711)	Bacteria;Bacillati;Bacillota;Bacilli;Caryophanales;Bacillaceae;Bacillus;Bacillus cereus group
Q8EQD8	Oceanobacillus iheyensis (strain DSM 14371 / CIP 107618 / JCM 11309 / KCTC 3954 / HTE831)	Bacteria;Bacillati;Bacillota;Bacilli;Caryophanales;Bacillaceae;Oceanobacillus
A5IW22	Staphylococcus aureus (strain JH9)	Bacteria;Bacillati;Bacillota;Bacilli;Caryophanales;Staphylococcaceae;Staphylococcus
A7FR58	Clostridium botulinum (strain ATCC 19397 / Type A)	Bacteria;Bacillati;Bacillota;Clostridia;Eubacteriales;Clostridiaceae;Clostridium;Clostridium botulinum group
B7GHT2	Anoxybacillus flavithermus (strain DSM 21510 / WK1)	Bacteria;Bacillati;Bacillota;Bacilli;Caryophanales;Anoxybacillaceae;Anoxybacillus
P65665	Staphylococcus aureus (strain N315)	Bacteria;Bacillati;Bacillota;Bacilli;Caryophanales;Staphylococcaceae;Staphylococcus
Q5HCV5	Staphylococcus aureus (strain COL)	Bacteria;Bacillati;Bacillota;Bacilli;Caryophanales;Staphylococcaceae;Staphylococcus
Q64XM2	Bacteroides fragilis (strain YCH46)	Bacteria;Pseudomonadati;Bacteroidota;Bacteroidia;Bacteroidales;Bacteroidaceae;Bacteroides
Q8CVE9	Leptospira interrogans serogroup Icterohaemorrhagiae serovar Lai (strain 56601)	Bacteria;Pseudomonadati;Spirochaetota;Leptospiria;Leptospirales;Leptospiraceae;Leptospira
A0A2M9CE83	Sediminihabitans luteus	Bacteria;Bacillati;Actinomycetota;Actinomycetes;Micrococcales;Cellulomonadaceae;Sediminihabitans
A0A497XMZ5	Hydrogenivirga caldilitoris	Bacteria;Pseudomonadati;Aquificota;Aquificia;Aquificales;Aquificaceae;Hydrogenivirga
A0A919G326	Promicromonospora soli	Bacteria;Bacillati;Actinomycetota;Actinomycetes;Micrococcales;Promicromonosporaceae;Promicromonospora
A0A1X9SU23	Campylobacter devanensis	Bacteria;Pseudomonadati;Campylobacterota;Epsilonproteobacteria;Campylobacterales;Campylobacteraceae;Campylobacter
A0A2T0WXI5	Marinilabilia salmonicolor	Bacteria;Pseudomonadati;Bacteroidota;Bacteroidia;Marinilabiliales;Marinilabiliaceae;Marinilabilia
A0A5B9WDG0	Aquisphaera giovannonii	Bacteria;Pseudomonadati;Planctomycetota;Planctomycetia;Isosphaerales;Isosphaeraceae;Aquisphaera
A0A918UVB6	Echinicola pacifica	Bacteria;Pseudomonadati;Bacteroidota;Cytophagia;Cytophagales;Cyclobacteriaceae;Echinicola
A0A0W0ZMK7	Legionella steelei	Bacteria;Pseudomonadati;Pseudomonadota;Gammaproteobacteria;Legionellales;Legionellaceae;Legionella
A0A0W1ADM3	Legionella waltersii	Bacteria;Pseudomonadati;Pseudomonadota;Gammaproteobacteria;Legionellales;Legionellaceae;Legionella
A0A1U7CTG5	Paludisphaera borealis	Bacteria;Pseudomonadati;Planctomycetota;Planctomycetia;Isosphaerales;Isosphaeraceae;Paludisphaera
A0A259TW89	Rubricoccus marinus	Bacteria;Pseudomonadati;Rhodothermota;Rhodothermia;Rhodothermales;Rubricoccaceae;Rubricoccus
A0A1M5SPQ3	Pollutimonas bauzanensis	Bacteria;Pseudomonadati;Pseudomonadota;Betaproteobacteria;Burkholderiales;Alcaligenaceae;Pollutimonas
A0A1Z4GM18	Anabaenopsis circularis NIES-21	Bacteria;Bacillati;Cyanobacteriota;Cyanophyceae;Nostocales;Nodulariaceae;Anabaenopsis
A0A7W5E034	Aporhodopirellula rubra	Bacteria;Pseudomonadati;Planctomycetota;Planctomycetia;Pirellulales;Pirellulaceae;Aporhodopirellula
A0A7Y9LDU8	Microlunatus parietis	Bacteria;Bacillati;Actinomycetota;Actinomycetes;Propionibacteriales;Propionibacteriaceae;Microlunatus
C4FQU1	Veillonella dispar ATCC 17748	Bacteria;Bacillati;Bacillota;Negativicutes;Veillonellales;Veillonellaceae;Veillonella
A0A365XPG3	Chitinophaga flava	Bacteria;Pseudomonadati;Bacteroidota;Chitinophagia;Chitinophagales;Chitinophagaceae;Chitinophaga
A0A9X7JV14	Streptosporangium nondiastaticum	Bacteria;Bacillati;Actinomycetota;Actinomycetes;Streptosporangiales;Streptosporangiaceae;Streptosporangium
A0A061NWM3		
A0A0L6HV58		
A0A124F944		
A0A1F3IW72		
A0A1V4TMN0		
A0A1Z4NKA2		
A0A1Z9QCS8		
A0A2E8G983		
A0A2N3G2G7		
A0A2T0Y4M6		
A0A2W4LL78		
A0A3M1Q2L7		
A0A3R6PA64		
A0A4Q5UMG3		
A0A535HQI7		
A0A536E0K5		
A0A6N2D468		
A0A7X8BY49		
A0A7Y5H849		
A0A840H066		
A0A842X7V7		
A0A849X2D0		
A0A916HDU2		
A0A928H133		
A0A932VS50		
A0A935NHF0		
A0A940F783		
A0A951LHV7		
A0A959LKS3		
A0A960TEY8		
A0A961H681		
A0A965R6I9		
A0A970MZ88		
A0A977Q0Q4		
A0A9D7HAW3		
A0A9D7TX72		
A0A9E5EV37		
C4RE22		
L1MGV7		
W7WN84		
X0V6G8		
C3P5R1	Bacillus anthracis (strain A0248)	Bacteria;Bacillati;Bacillota;Bacilli;Caryophanales;Bacillaceae;Bacillus;Bacillus cereus group
Q04TD7	Leptospira borgpetersenii serovar Hardjo-bovis (strain JB197)	Bacteria;Pseudomonadati;Spirochaetota;Leptospiria;Leptospirales;Leptospiraceae;Leptospira
Q3M782	Trichormus variabilis (strain ATCC 29413 / PCC 7937)	Bacteria;Bacillati;Cyanobacteriota;Cyanophyceae;Nostocales;Nostocaceae;Trichormus
Q73AV2	Bacillus cereus (strain ATCC 10987 / NRS 248)	Bacteria;Bacillati;Bacillota;Bacilli;Caryophanales;Bacillaceae;Bacillus;Bacillus cereus group
C3L8P8	Bacillus anthracis (strain CDC 684 / NRRL 3495)	Bacteria;Bacillati;Bacillota;Bacilli;Caryophanales;Bacillaceae;Bacillus;Bacillus cereus group
Q72QN9	Leptospira interrogans serogroup Icterohaemorrhagiae serovar copenhageni (strain Fiocruz L1-130)	Bacteria;Pseudomonadati;Spirochaetota;Leptospiria;Leptospirales;Leptospiraceae;Leptospira
Q9KC85	Halalkalibacterium halodurans (strain ATCC BAA-125 / DSM 18197 / FERM 7344 / JCM 9153 / C-125)	Bacteria;Bacillati;Bacillota;Bacilli;Caryophanales;Bacillaceae;Halalkalibacterium (ex Joshi et al. 2022)
A6GVV2	Flavobacterium psychrophilum (strain ATCC 49511 / DSM 21280 / CIP 103535 / JIP02/86)	Bacteria;Pseudomonadati;Bacteroidota;Flavobacteriia;Flavobacteriales;Flavobacteriaceae;Flavobacterium
O34246	Wolinella succinogenes (strain ATCC 29543 / DSM 1740 / CCUG 13145 / JCM 31913 / LMG 7466 / NCTC 11488 / FDC 602W)	Bacteria;Pseudomonadati;Campylobacterota;Epsilonproteobacteria;Campylobacterales;Helicobacteraceae;Wolinella
Q2S2P5	Salinibacter ruber (strain DSM 13855 / M31)	Bacteria;Pseudomonadati;Rhodothermota;Rhodothermia;Rhodothermales;Salinibacteraceae;Salinibacter
Q30TR6	Sulfurimonas denitrificans (strain ATCC 33889 / DSM 1251)	Bacteria;Pseudomonadati;Campylobacterota;Epsilonproteobacteria;Campylobacterales;Sulfurimonadaceae;Sulfurimonas
Q89ZR7	Bacteroides thetaiotaomicron (strain ATCC 29148 / DSM 2079 / JCM 5827 / CCUG 10774 / NCTC 10582 / VPI-5482 / E50)	Bacteria;Pseudomonadati;Bacteroidota;Bacteroidia;Bacteroidales;Bacteroidaceae;Bacteroides
Q052G3	Leptospira borgpetersenii serovar Hardjo-bovis (strain L550)	Bacteria;Pseudomonadati;Spirochaetota;Leptospiria;Leptospirales;Leptospiraceae;Leptospira
Q29W39	Campylobacter jejuni subsp. jejuni serotype O:23/36 (strain 81-176)	Bacteria;Pseudomonadati;Campylobacterota;Epsilonproteobacteria;Campylobacterales;Campylobacteraceae;Campylobacter
Q9EYU1	Mesorhizobium japonicum (strain LMG 29417 / CECT 9101 / MAFF 303099)	Bacteria;Pseudomonadati;Pseudomonadota;Alphaproteobacteria;Hyphomicrobiales;Phyllobacteriaceae;Mesorhizobium
Q9ZN30	Helicobacter pylori (strain J99 / ATCC 700824)	Bacteria;Pseudomonadati;Campylobacterota;Epsilonproteobacteria;Campylobacterales;Helicobacteraceae;Helicobacter
A7ZFX6	Campylobacter concisus (strain 13826)	Bacteria;Pseudomonadati;Campylobacterota;Epsilonproteobacteria;Campylobacterales;Campylobacteraceae;Campylobacter
Q5LGS0	Bacteroides fragilis (strain ATCC 25285 / DSM 2151 / CCUG 4856 / JCM 11019 / LMG 10263 / NCTC 9343 / Onslow / VPI 2553 / EN-2)	Bacteria;Pseudomonadati;Bacteroidota;Bacteroidia;Bacteroidales;Bacteroidaceae;Bacteroides
Q7UQU4	Rhodopirellula baltica (strain DSM 10527 / NCIMB 13988 / SH1)	Bacteria;Pseudomonadati;Planctomycetota;Planctomycetia;Pirellulales;Pirellulaceae;Rhodopirellula
Q982G0	Mesorhizobium japonicum (strain LMG 29417 / CECT 9101 / MAFF 303099)	Bacteria;Pseudomonadati;Pseudomonadota;Alphaproteobacteria;Hyphomicrobiales;Phyllobacteriaceae;Mesorhizobium
A0A0C5W6H2	Siansivirga zeaxanthinifaciens CC-SAMT-1	Bacteria;Pseudomonadati;Bacteroidota;Flavobacteriia;Flavobacteriales;Flavobacteriaceae;Siansivirga
A0A3D9FXC7	Flavobacterium cutihirudinis	Bacteria;Pseudomonadati;Bacteroidota;Flavobacteriia;Flavobacteriales;Flavobacteriaceae;Flavobacterium
A0A4R6TRF5	Zeaxanthinibacter enoshimensis	Bacteria;Pseudomonadati;Bacteroidota;Flavobacteriia;Flavobacteriales;Flavobacteriaceae;Zeaxanthinibacter
A0A5B9QKW6	Roseimaritima ulvae	Bacteria;Pseudomonadati;Planctomycetota;Planctomycetia;Pirellulales;Pirellulaceae;Roseimaritima
A0A9X1S339	Microbacterium allomyrinae	Bacteria;Bacillati;Actinomycetota;Actinomycetes;Micrococcales;Microbacteriaceae;Microbacterium
A0AA46ADI5	Venenivibrio stagnispumantis	Bacteria;Pseudomonadati;Aquificota;Aquificia;Aquificales;Hydrogenothermaceae;Venenivibrio
A0A0D0IV58	Prevotella pectinovora	Bacteria;Pseudomonadati;Bacteroidota;Bacteroidia;Bacteroidales;Prevotellaceae;Prevotella
A0A1N6EMI2	Agromyces cerinus subsp. cerinus	Bacteria;Bacillati;Actinomycetota;Actinomycetes;Micrococcales;Microbacteriaceae;Agromyces
A0A0J1BIE2	Rhodopirellula islandica	Bacteria;Pseudomonadati;Planctomycetota;Planctomycetia;Pirellulales;Pirellulaceae;Rhodopirellula
A0A1B9E085	Flavobacterium crassostreae	Bacteria;Pseudomonadati;Bacteroidota;Flavobacteriia;Flavobacteriales;Flavobacteriaceae;Flavobacterium
A0A2M8WSP9	Luteimicrobium subarcticum	Bacteria;Bacillati;Actinomycetota;Actinomycetes;Micrococcales;Luteimicrobium
A0A7H9CHD8	Candidatus Campylobacter infans	Bacteria;Pseudomonadati;Campylobacterota;Epsilonproteobacteria;Campylobacterales;Campylobacteraceae;Campylobacter
A0A1G6YAK4	Niabella drilacis (strain DSM 25811 / CCM 8410 / CCUG 62505 / LMG 26954 / E90)	Bacteria;Pseudomonadati;Bacteroidota;Chitinophagia;Chitinophagales;Chitinophagaceae;Niabella
A0A2P8FF38	Chitinophaga ginsengisoli	Bacteria;Pseudomonadati;Bacteroidota;Chitinophagia;Chitinophagales;Chitinophagaceae;Chitinophaga
A0A7G5XBI5	Lacibacter sediminis	Bacteria;Pseudomonadati;Bacteroidota;Chitinophagia;Chitinophagales;Chitinophagaceae;Lacibacter
A0A1H6LNY9	Paenimyroides marinum	Bacteria;Pseudomonadati;Bacteroidota;Flavobacteriia;Flavobacteriales;Flavobacteriaceae;Paenimyroides
A0A1H7J4K3	Olivibacter domesticus	Bacteria;Pseudomonadati;Bacteroidota;Sphingobacteriia;Sphingobacteriales;Sphingobacteriaceae;Olivibacter
A0A1M4WK73	Desulfofundulus australicus DSM 11792	Bacteria;Bacillati;Bacillota;Clostridia;Eubacteriales;Peptococcaceae;Desulfofundulus
A0A974SIW7	Xanthobacter dioxanivorans	Bacteria;Pseudomonadati;Pseudomonadota;Alphaproteobacteria;Hyphomicrobiales;Xanthobacteraceae;Xanthobacter
A0AAE3KLZ9	Goodfellowiella coeruleoviolacea	Bacteria;Bacillati;Actinomycetota;Actinomycetes;Pseudonocardiales;Pseudonocardiaceae;Goodfellowiella
W8VUN2	Nonlabens marinus S1-08	Bacteria;Pseudomonadati;Bacteroidota;Flavobacteriia;Flavobacteriales;Flavobacteriaceae;Nonlabens
A0A101HTK6		
A0A163RG25		
A0A1D7YUK6		
A0A1H1M1D6		
A0A1M7MSU4		
A0A255TPX1		
A0A2A2Y2P2		
A0A2A5FKV0		
A0A2D7KNM5		
A0A2E6IME0		
A0A2H5WAN0		
A0A2N5ZMM5		
A0A2R7QIN7		
A0A2S5QW78		
A0A355ITR4		
A0A388PWD8		
A0A3A4PHH0		
A0A3C1G2F2		
A0A3D4CJW0		
A0A3D9GS15		
A0A3M1GEH5		
A0A415DSA0		
A0A4P5QU08		
A0A519TDA2		
A0A520UJJ6		
A0A521YDX2		
A0A537ZCT5		
A0A660SL37		
A0A661C7T3		
A0A662C8E0		
A0A6B1GIZ6		
A0A6J6ERN4		
A0A6P0VTE4		
A0A7C1BBY4		
A0A7C1YBG8		
A0A7C5P1F6		
A0A7K1TPA7		
A0A7V1RDY6		
A0A7V2F6J0		
A0A7X0GHH8		
A0A7X7G3F8		
A0A7Y3EQG1		
A0A7Z9WGJ3		
A0A8I2G8T0		
A0A936N915		
A0A937JTD3		
A0A937XE27		
A0A949VKG9		
A0A956QNH2		
A0A960FLK5		
A0A964KSE9		
A0A9D2RIF9		
A0A9D6PL82		
A0A9D8BMJ1		
A0A9E6W6B2		
A0A9X2ZSP7		
A0ABC9PYV4		
D9PML9		
W7DLT8		
P56065	Helicobacter pylori (strain ATCC 700392 / 26695)	Bacteria;Pseudomonadati;Campylobacterota;Epsilonproteobacteria;Campylobacterales;Helicobacteraceae;Helicobacter
B0C321	Acaryochloris marina (strain MBIC 11017)	Bacteria;Bacillati;Cyanobacteriota;Cyanophyceae;Acaryochloridales;Acaryochloridaceae;Acaryochloris
B2J9T1	Nostoc punctiforme (strain ATCC 29133 / PCC 73102)	Bacteria;Bacillati;Cyanobacteriota;Cyanophyceae;Nostocales;Nostocaceae;Nostoc
B2UW36	Helicobacter pylori (strain Shi470)	Bacteria;Pseudomonadati;Campylobacterota;Epsilonproteobacteria;Campylobacterales;Helicobacteraceae;Helicobacter
Q17ZL6	Helicobacter acinonychis (strain Sheeba)	Bacteria;Pseudomonadati;Campylobacterota;Epsilonproteobacteria;Campylobacterales;Helicobacteraceae;Helicobacter
B6JPC9	Helicobacter pylori (strain P12)	Bacteria;Pseudomonadati;Campylobacterota;Epsilonproteobacteria;Campylobacterales;Helicobacteraceae;Helicobacter
Q1CVC3	Helicobacter pylori (strain HPAG1)	Bacteria;Pseudomonadati;Campylobacterota;Epsilonproteobacteria;Campylobacterales;Helicobacteraceae;Helicobacter
Q5HWH5	Campylobacter jejuni (strain RM1221)	Bacteria;Pseudomonadati;Campylobacterota;Epsilonproteobacteria;Campylobacterales;Campylobacteraceae;Campylobacter
Q8YR79	Nostoc sp. (strain PCC 7120 / SAG 25.82 / UTEX 2576)	Bacteria;Bacillati;Cyanobacteriota;Cyanophyceae;Nostocales;Nostocaceae;Nostoc
Q9PIK3	Campylobacter jejuni subsp. jejuni serotype O:2 (strain ATCC 700819 / NCTC 11168)	Bacteria;Pseudomonadati;Campylobacterota;Epsilonproteobacteria;Campylobacterales;Campylobacteraceae;Campylobacter
B8IQG9	Methylobacterium nodulans (strain LMG 21967 / CNCM I-2342 / ORS 2060)	Bacteria;Pseudomonadati;Pseudomonadota;Alphaproteobacteria;Hyphomicrobiales;Methylobacteriaceae;Methylobacterium
Q7VJB2	Helicobacter hepaticus (strain ATCC 51449 / 3B1)	Bacteria;Pseudomonadati;Campylobacterota;Epsilonproteobacteria;Campylobacterales;Helicobacteraceae;Helicobacter
A7IHU0	Xanthobacter versatilis	Bacteria;Pseudomonadati;Pseudomonadota;Alphaproteobacteria;Hyphomicrobiales;Xanthobacteraceae;Xanthobacter
A9AUB8	Herpetosiphon aurantiacus (strain ATCC 23779 / DSM 785 / 114-95)	Bacteria;Bacillati;Chloroflexota;Chloroflexia;Herpetosiphonales;Herpetosiphonaceae;Herpetosiphon
A7H576	Campylobacter jejuni subsp. doylei (strain ATCC BAA-1458 / RM4099 / 269.97)	Bacteria;Pseudomonadati;Campylobacterota;Epsilonproteobacteria;Campylobacterales;Campylobacteraceae;Campylobacter
A8FK85	Campylobacter jejuni subsp. jejuni serotype O:6 (strain 81116 / NCTC 11828)	Bacteria;Pseudomonadati;Campylobacterota;Epsilonproteobacteria;Campylobacterales;Campylobacteraceae;Campylobacter
C0QRI3	Persephonella marina (strain DSM 14350 / EX-H1)	Bacteria;Pseudomonadati;Aquificota;Aquificia;Aquificales;Hydrogenothermaceae;Persephonella
A0A255ZPZ1	Flavobacterium aurantiibacter	Bacteria;Pseudomonadati;Bacteroidota;Flavobacteriia;Flavobacteriales;Flavobacteriaceae;Flavobacterium
A0A8H2LHD1	Bizionia saleffrena	Bacteria;Pseudomonadati;Bacteroidota;Flavobacteriia;Flavobacteriales;Flavobacteriaceae;Bizionia
A0AA37SXI5	Portibacter lacus	Bacteria;Pseudomonadati;Bacteroidota;Saprospiria;Saprospirales;Haliscomenobacteraceae;Portibacter
A0A0S4MYF3	Candidatus Thermokryptus mobilis	Bacteria;Pseudomonadati;Candidatus Kryptoniota;Candidatus Thermokryptus
A0A444WCZ5	Flavobacterium beibuense	Bacteria;Pseudomonadati;Bacteroidota;Flavobacteriia;Flavobacteriales;Flavobacteriaceae;Flavobacterium
A0A7T5EHG1	Brevibacillus composti	Bacteria;Bacillati;Bacillota;Bacilli;Caryophanales;Paenibacillaceae;Brevibacillus
A0A9X1R083	Aequorivita xiaoshiensis	Bacteria;Pseudomonadati;Bacteroidota;Flavobacteriia;Flavobacteriales;Flavobacteriaceae;Aequorivita
A0AA96J7C2	Flavobacterium capsici	Bacteria;Pseudomonadati;Bacteroidota;Flavobacteriia;Flavobacteriales;Flavobacteriaceae;Flavobacterium
D1CH98	Thermobaculum terrenum (strain ATCC BAA-798 / CCMEE 7001 / YNP1)	Bacteria;Bacillati;Chloroflexota;Chloroflexia;Candidatus Thermobaculales;Candidatus Thermobaculaceae;Thermobaculum
U5D568	Rubidibacter lacunae KORDI 51-2	Bacteria;Bacillati;Cyanobacteriota;Cyanophyceae;Oscillatoriophycideae;Chroococcales;Aphanothecaceae;Rubidibacter
W8X542	Castellaniella defragrans (strain DSM 12143 / CCUG 39792 / 65Phen)	Bacteria;Pseudomonadati;Pseudomonadota;Betaproteobacteria;Burkholderiales;Alcaligenaceae;Castellaniella
A0A0H2KKF9	Cellulosimicrobium funkei	Bacteria;Bacillati;Actinomycetota;Actinomycetes;Micrococcales;Promicromonosporaceae;Cellulosimicrobium
A0A563VWP5	Hyella patelloides LEGE 07179	Bacteria;Bacillati;Cyanobacteriota;Cyanophyceae;Pleurocapsales;Pleurocapsaceae;Hyella
A0A7X6K7S6	Arthrobacter mobilis	Bacteria;Bacillati;Actinomycetota;Actinomycetes;Micrococcales;Micrococcaceae;Arthrobacter
A0A1H6T0Y3	Flavobacterium terrigena	Bacteria;Pseudomonadati;Bacteroidota;Flavobacteriia;Flavobacteriales;Flavobacteriaceae;Flavobacterium
A0A371PV02	Streptomyces inhibens	Bacteria;Bacillati;Actinomycetota;Actinomycetes;Kitasatosporales;Streptomycetaceae;Streptomyces
A0A5N6MV18	Arthrobacter yangruifuii	Bacteria;Bacillati;Actinomycetota;Actinomycetes;Micrococcales;Micrococcaceae;Arthrobacter
A0A7W7W9N6	Streptosporangium album	Bacteria;Bacillati;Actinomycetota;Actinomycetes;Streptosporangiales;Streptosporangiaceae;Streptosporangium
M1ZCP6	Nitrospina gracilis (strain 3/211)	Bacteria;Pseudomonadati;Nitrospinota/Tectimicrobiota group;Nitrospinota;Nitrospinia;Nitrospinales;Nitrospinaceae;Nitrospina
A0A2S1LLX9	Flavobacterium kingsejongi	Bacteria;Pseudomonadati;Bacteroidota;Flavobacteriia;Flavobacteriales;Flavobacteriaceae;Flavobacterium
A0A2T0YQE6	Nesterenkonia sandarakina	Bacteria;Bacillati;Actinomycetota;Actinomycetes;Micrococcales;Micrococcaceae;Nesterenkonia
A0A845M2D8	Maritimibacter harenae	Bacteria;Pseudomonadati;Pseudomonadota;Alphaproteobacteria;Rhodobacterales;Roseobacteraceae;Maritimibacter
A0A9Q4C6Q2	Halorutilus salinus	Archaea;Methanobacteriati;Methanobacteriota;Stenosarchaea group;Halobacteria;Halorutilales;Halorutilaceae;Halorutilus
E3D018	Aminomonas paucivorans DSM 12260	Bacteria;Thermotogati;Synergistota;Synergistia;Synergistales;Synergistaceae;Aminomonas
A0AAV8UJL5	Rhodosorus marinus	Eukaryota;Rhodophyta;Stylonematophyceae;Stylonematales;Stylonemataceae;Rhodosorus
A0A0P8A8J1		
A0A0S7Y3S7		
A0A0S9QMB3		
A0A1F1DT89		
A0A1F5VNC4		
A0A1F9WY36		
A0A1L5NR41		
A0A1V4QGK1		
A0A1V4ZBJ4		
A0A1Z9HM47		
A0A2D7N8A4		
A0A2E2UG01		
A0A2T2T171		
A0A315X8K3		
A0A349BUT9		
A0A352ED75		
A0A376FKL2		
A0A3C0PCR4		
A0A3M0WJ04		
A0A3N5FUZ5		
A0A3N5YZ53		
A0A3Q9GL83		
A0A418ML21		
A0A4V2AUY5		
A0A661BE33		
A0A661C7R5		
A0A6J6I0D9		
A0A6P1DJL9		
A0A7C1KNV9		
A0A7C1ZKK4		
A0A7C5BSN4		
A0A7C5FRU5		
A0A7C8AGW2		
A0A7V2QM04		
A0A7V4AWT1		
A0A7W1ILS5		
A0A7W3Z7J9		
A0A7X8JKW8		
A0A7Y0QQA6		
A0A829QPH4		
A0A8K2A172		
A0A924B295		
A0A924D7R2		
A0A938IH16		
A0A965G4N4		
A0A969GD38		
A0A970XGR3		
A0A972XY00		
A0A9C8NV91		
A0A9C9K1R7		
A0A9D7UGH3		
A0A9D8QZH1		
A0A9J6ZH20		
A0AAP3SGL9		
A0AAW7D636		
R5AUE5		
S7VB21		
X0VXQ6		
B7JX32	Rippkaea orientalis (strain PCC 8801 / RF-1)	Bacteria;Bacillati;Cyanobacteriota;Cyanophyceae;Oscillatoriophycideae;Chroococcales;Aphanothecaceae;Rippkaea;Rippkaea orientalis
B5Y862	Coprothermobacter proteolyticus (strain ATCC 35245 / DSM 5265 / OCM 4 / BT)	Bacteria;Pseudomonadati;Coprothermobacterota;Coprothermobacteria;Coprothermobacterales;Coprothermobacteraceae;Coprothermobacter
A0M786	Christiangramia forsetii (strain DSM 17595 / CGMCC 1.15422 / KT0803)	Bacteria;Pseudomonadati;Bacteroidota;Flavobacteriia;Flavobacteriales;Flavobacteriaceae;Christiangramia
A7HLE9	Fervidobacterium nodosum (strain ATCC 35602 / DSM 5306 / Rt17-B1)	Bacteria;Thermotogati;Thermotogota;Thermotogae;Thermotogales;Fervidobacteriaceae;Fervidobacterium
B8ELJ7	Methylocella silvestris (strain DSM 15510 / CIP 108128 / LMG 27833 / NCIMB 13906 / BL2)	Bacteria;Pseudomonadati;Pseudomonadota;Alphaproteobacteria;Hyphomicrobiales;Beijerinckiaceae;Methylocella
B2V7Y0	Sulfurihydrogenibium sp. (strain YO3AOP1)	Bacteria;Pseudomonadati;Aquificota;Aquificia;Aquificales;Hydrogenothermaceae;Sulfurihydrogenibium
B4U8K0	Hydrogenobaculum sp. (strain Y04AAS1)	Bacteria;Pseudomonadati;Aquificota;Aquificia;Aquificales;Aquificaceae;Hydrogenobaculum
A0A0X2NQ61	Corynebacterium variabile	Bacteria;Bacillati;Actinomycetota;Actinomycetes;Mycobacteriales;Corynebacteriaceae;Corynebacterium
A0A1G9EKS5	Lacicoccus qingdaonensis	Bacteria;Bacillati;Bacillota;Bacilli;Caryophanales;Salinicoccaceae;Lacicoccus
A0A1H9HQ76	Piscibacillus halophilus	Bacteria;Bacillati;Bacillota;Bacilli;Caryophanales;Bacillaceae;Piscibacillus
A0A229P290	Paenibacillus herberti	Bacteria;Bacillati;Bacillota;Bacilli;Caryophanales;Paenibacillaceae;Paenibacillus
A0A2W1JIN1	Acaryochloris thomasi RCC1774	Bacteria;Bacillati;Cyanobacteriota;Cyanophyceae;Acaryochloridales;Acaryochloridaceae;Acaryochloris;Acaryochloris thomasi
A0A8J2BI68	Candidatus Methylacidithermus pantelleriae	Bacteria;Pseudomonadati;Verrucomicrobiota;Methylacidiphilae;Methylacidiphilales;Methylacidiphilaceae;Candidatus Methylacidithermus
H7EI54	Treponema saccharophilum DSM 2985	Bacteria;Pseudomonadati;Spirochaetota;Spirochaetia;Treponematales;Treponemataceae;Treponema
A0A1G6CSF3	Desulfonatronum thiosulfatophilum	Bacteria;Pseudomonadati;Thermodesulfobacteriota;Desulfovibrionia;Desulfovibrionales;Desulfonatronaceae;Desulfonatronum
A0A1N7PFW6	Kroppenstedtia eburnea	Bacteria;Bacillati;Bacillota;Bacilli;Caryophanales;Thermoactinomycetaceae;Kroppenstedtia
A0A5C5ZYP3	Stieleria varia	Bacteria;Pseudomonadati;Planctomycetota;Planctomycetia;Pirellulales;Pirellulaceae;Stieleria
A0A6I3SNQ9	Heliobacterium mobile	Bacteria;Bacillati;Bacillota;Clostridia;Eubacteriales;Heliobacteriaceae;Heliobacterium
A0A2K9NC13	Niveispirillum cyanobacteriorum	Bacteria;Pseudomonadati;Pseudomonadota;Alphaproteobacteria;Rhodospirillales;Azospirillaceae;Niveispirillum
A0A8J4A4F5	Actinocatenispora comari	Bacteria;Bacillati;Actinomycetota;Actinomycetes;Micromonosporales;Micromonosporaceae;Actinocatenispora
A0A1G6GDH8	Raineyella antarctica	Bacteria;Bacillati;Actinomycetota;Actinomycetes;Propionibacteriales;Propionibacteriaceae;Raineyella
A0A559K5A7	Paenibacillus cremeus	Bacteria;Bacillati;Bacillota;Bacilli;Caryophanales;Paenibacillaceae;Paenibacillus
A0A916QCM8	Insulibacter thermoxylanivorax	Bacteria;Bacillati;Bacillota;Bacilli;Caryophanales;Paenibacillaceae;Insulibacter
A0A5C4T051	Paenibacillus hemerocallicola	Bacteria;Bacillati;Bacillota;Bacilli;Caryophanales;Paenibacillaceae;Paenibacillus
A0A927C5T6	Paenibacillus oceani	Bacteria;Bacillati;Bacillota;Bacilli;Caryophanales;Paenibacillaceae;Paenibacillus
A0A972H149	Paenibacillus foliorum	Bacteria;Bacillati;Bacillota;Bacilli;Caryophanales;Paenibacillaceae;Paenibacillus
A0AA35TMD8	Geodia barretti	Eukaryota;Metazoa;Porifera;Demospongiae;Heteroscleromorpha;Tetractinellida;Astrophorina;Geodiidae;Geodia
A0A072NGA9		
A0A174VIF2		
A0A1F4S5Y7		
A0A1G0L4B9		
A0A1H2B6I1		
A0A1H7TG69		
A0A1V4QTS9		
A0A1W9P678		
A0A2D4YUF4		
A0A2H0PJ18		
A0A2J7TEY2		
A0A2N5MDP4		
A0A2T2WME5		
A0A2W6BRS7		
A0A351UJ63		
A0A357AWL3		
A0A357B544		
A0A368DF99		
A0A3B8XY89		
A0A3D1ASR5		
A0A3D6DN83		
A0A4P5X5I9		
A0A4Q1SYL0		
A0A4Q7FFB9		
A0A523XLK2		
A0A529X4L7		
A0A5C7P8J6		
A0A5N7Z833		
A0A644V0S1		
A0A654A8K3		
A0A6L9LVP6		
A0A6N8HKE3		
A0A6P1R1B6		
A0A7C0Z5X2		
A0A7C3B2F9		
A0A7C3XQY8		
A0A7C5ADG4		
A0A7C5TQ62		
A0A7C5VXG7		
A0A7R6VKH7		
A0A7V5H501		
A0A7V5SHX6		
A0A7X7TRJ1		
A0A7Y3XGE1		
A0A7Y5W8K9		
A0A8T4FLR3		
A0A920D859		
A0A924WHR8		
A0A928AJ37		
A0A931K982		
A0A933UTR5		
A0A950DNW9		
A0A958FX22		
A0A962CWD8		
A0A966CXF3		
A0A968HEG5		
A0A971AAW0		
A0A972ZAP5		
A0A9D2GU06		
A0A9D5Q1U2		
A0A9D6INY1		
A0A9D8DAJ8		
A0A9D8HM18		
A0A9E0XDV4		
A0A9E4Q083		
A0AAE4A2V6		
A0AAE6BFM7		
A0AAU7CPG6		
E7G3H7		
F8IET2		
K1YNK3		
Q9F5E9		
X1PFY1		
B6IPF8	Rhodospirillum centenum (strain ATCC 51521 / SW)	Bacteria;Pseudomonadati;Pseudomonadota;Alphaproteobacteria;Rhodospirillales;Rhodospirillaceae;Rhodospirillum
Q3ZXG1	Dehalococcoides mccartyi (strain CBDB1)	Bacteria;Bacillati;Chloroflexota;Dehalococcoidia;Dehalococcoidales;Dehalococcoidaceae;Dehalococcoides
B1WSW1	Crocosphaera subtropica (strain ATCC 51142 / BH68)	Bacteria;Bacillati;Cyanobacteriota;Cyanophyceae;Oscillatoriophycideae;Chroococcales;Aphanothecaceae;Crocosphaera;Crocosphaera subtropica
B7IG50	Thermosipho africanus (strain TCF52B)	Bacteria;Thermotogati;Thermotogota;Thermotogae;Thermotogales;Fervidobacteriaceae;Thermosipho
Q6MHH9	Bdellovibrio bacteriovorus (strain ATCC 15356 / DSM 50701 / NCIMB 9529 / HD100)	Bacteria;Pseudomonadati;Bdellovibrionota;Bdellovibrionia;Bdellovibrionales;Pseudobdellovibrionaceae;Bdellovibrio
A6LJQ5	Thermosipho melanesiensis (strain DSM 12029 / CIP 104789 / BI429)	Bacteria;Thermotogati;Thermotogota;Thermotogae;Thermotogales;Fervidobacteriaceae;Thermosipho
A8F5K4	Pseudothermotoga lettingae (strain ATCC BAA-301 / DSM 14385 / NBRC 107922 / TMO)	Bacteria;Thermotogati;Thermotogota;Thermotogae;Thermotogales;Thermotogaceae;Pseudothermotoga
B7K6Z1	Gloeothece citriformis (strain PCC 7424)	Bacteria;Bacillati;Cyanobacteriota;Cyanophyceae;Oscillatoriophycideae;Chroococcales;Aphanothecaceae;Gloeothece;Gloeothece citriformis
B8IZG2	Desulfovibrio desulfuricans (strain ATCC 27774 / DSM 6949 / MB)	Bacteria;Pseudomonadati;Thermodesulfobacteriota;Desulfovibrionia;Desulfovibrionales;Desulfovibrionaceae;Desulfovibrio
Q55382	Synechocystis sp. (strain ATCC 27184 / PCC 6803 / Kazusa)	Bacteria;Bacillati;Cyanobacteriota;Cyanophyceae;Synechococcales;Merismopediaceae;Synechocystis
A5INN0	Thermotoga petrophila (strain ATCC BAA-488 / DSM 13995 / JCM 10881 / RKU-1)	Bacteria;Thermotogati;Thermotogota;Thermotogae;Thermotogales;Thermotogaceae;Thermotoga
B2IEX5	Beijerinckia indica subsp. indica (strain ATCC 9039 / DSM 1715 / NCIMB 8712)	Bacteria;Pseudomonadati;Pseudomonadota;Alphaproteobacteria;Hyphomicrobiales;Beijerinckiaceae;Beijerinckia
Q3Z8B5	Dehalococcoides mccartyi (strain ATCC BAA-2266 / KCTC 15142 / 195)	Bacteria;Bacillati;Chloroflexota;Dehalococcoidia;Dehalococcoidales;Dehalococcoidaceae;Dehalococcoides
B1L8P0	Thermotoga sp. (strain RQ2)	Bacteria;Thermotogati;Thermotogota;Thermotogae;Thermotogales;Thermotogaceae;Thermotoga
Q2VZZ9	Paramagnetospirillum magneticum (strain ATCC 700264 / AMB-1)	Bacteria;Pseudomonadati;Pseudomonadota;Alphaproteobacteria;Rhodospirillales;Magnetospirillaceae;Paramagnetospirillum
Q9X037	Thermotoga maritima (strain ATCC 43589 / DSM 3109 / JCM 10099 / NBRC 100826 / MSB8)	Bacteria;Thermotogati;Thermotogota;Thermotogae;Thermotogales;Thermotogaceae;Thermotoga
A0A1K1LGH8	Desulfovibrio piger	Bacteria;Pseudomonadati;Thermodesulfobacteriota;Desulfovibrionia;Desulfovibrionales;Desulfovibrionaceae;Desulfovibrio
A0A2W1LE48	Paenibacillus sambharensis	Bacteria;Bacillati;Bacillota;Bacilli;Caryophanales;Paenibacillaceae;Paenibacillus
A0A5R9G688	Paenibacillus antri	Bacteria;Bacillati;Bacillota;Bacilli;Caryophanales;Paenibacillaceae;Paenibacillus
A0A6L8V169	Paenibacillus silvestris	Bacteria;Bacillati;Bacillota;Bacilli;Caryophanales;Paenibacillaceae;Paenibacillus
A0A927BV08	Paenibacillus sabuli	Bacteria;Bacillati;Bacillota;Bacilli;Caryophanales;Paenibacillaceae;Paenibacillus
A0A9E6R4U3	Chenggangzhangella methanolivorans	Bacteria;Pseudomonadati;Pseudomonadota;Alphaproteobacteria;Hyphomicrobiales;Methylopilaceae;Chenggangzhangella
A0A518ES18	Saltatorellus ferox	Bacteria;Pseudomonadati;Planctomycetota;Planctomycetia;Planctomycetia incertae sedis;Saltatorellus
E8R2X0	Isosphaera pallida (strain ATCC 43644 / DSM 9630 / IS1B)	Bacteria;Pseudomonadati;Planctomycetota;Planctomycetia;Isosphaerales;Isosphaeraceae;Isosphaera
A0A2P1PQP6	Ahniella affigens	Bacteria;Pseudomonadati;Pseudomonadota;Gammaproteobacteria;Lysobacterales;Rhodanobacteraceae;Ahniella
A0A377PT88	Helicobacter muridarum	Bacteria;Pseudomonadati;Campylobacterota;Epsilonproteobacteria;Campylobacterales;Helicobacteraceae;Helicobacter
A0A4S4BPA3	Cohnella fermenti	Bacteria;Bacillati;Bacillota;Bacilli;Caryophanales;Paenibacillaceae;Cohnella
A0A6I3IIF2	Arsenicicoccus cauae	Bacteria;Bacillati;Actinomycetota;Actinomycetes;Micrococcales;Intrasporangiaceae;Arsenicicoccus
A0A917KBM4	Paenalicyclobacillus cellulosilyticus	Bacteria;Bacillati;Bacillota;Bacilli;Caryophanales;Alicyclobacillaceae;Paenalicyclobacillus
B9KA30	Thermotoga neapolitana (strain ATCC 49049 / DSM 4359 / NBRC 107923 / NS-E)	Bacteria;Thermotogati;Thermotogota;Thermotogae;Thermotogales;Thermotogaceae;Thermotoga
M1WPY3	Pseudodesulfovibrio piezophilus (strain DSM 21447 / JCM 15486 / C1TLV30)	Bacteria;Pseudomonadati;Thermodesulfobacteriota;Desulfovibrionia;Desulfovibrionales;Desulfovibrionaceae
A0A387G2W6	Martinezella jaguaris	Bacteria;Pseudomonadati;Pseudomonadota;Alphaproteobacteria;Hyphomicrobiales;Rhizobiaceae;Martinezella
A0AAE3HJ88	Methylohalomonas lacus	Bacteria;Pseudomonadati;Pseudomonadota;Gammaproteobacteria;Methylohalomonadales;Methylohalomonadaceae;Methylohalomonas
A3ITB4	Crocosphaera chwakensis CCY0110	Bacteria;Bacillati;Cyanobacteriota;Cyanophyceae;Oscillatoriophycideae;Chroococcales;Aphanothecaceae;Crocosphaera;Crocosphaera chwakensis
B2HPX5	Mycobacterium marinum (strain ATCC BAA-535 / M)	Bacteria;Bacillati;Actinomycetota;Actinomycetes;Mycobacteriales;Mycobacteriaceae;Mycobacterium;Mycobacterium ulcerans group
A0A075WV36	Thermodesulfobacterium commune DSM 2178	Bacteria;Pseudomonadati;Thermodesulfobacteriota;Thermodesulfobacteria;Thermodesulfobacteriales;Thermodesulfobacteriaceae;Thermodesulfobacterium
A0A1M6NCU1	Reichenbachiella agariperforans	Bacteria;Pseudomonadati;Bacteroidota;Cytophagia;Cytophagales;Reichenbachiellaceae;Reichenbachiella
H0HXF5	Mesorhizobium alhagi CCNWXJ12-2	Bacteria;Pseudomonadati;Pseudomonadota;Alphaproteobacteria;Hyphomicrobiales;Phyllobacteriaceae;Allomesorhizobium
A0A0E3UJD2		
A0A0Q1ATI6		
A0A1G1DH05		
A0A1G2ZFG7		
A0A1G4AKD1		
A0A1I3UI47		
A0A1J4SZ19		
A0A1Q4R5C6		
A0A1Z8ZQ59		
A0A2D6ZY61		
A0A2E4IX17		
A0A2E5G897		
A0A2G6DUA4		
A0A2G9YC34		
A0A2M7XEQ0		
A0A2M8G0J9		
A0A2N0LTR9		
A0A351AF89		
A0A3A4VEX3		
A0A3B9N7L2		
A0A3N5JIY2		
A0A3N9MLR6		
A0A552Q3D0		
A0A5C8M1P5		
A0A6A7L5U3		
A0A6I7PYT5		
A0A6M0BJ81		
A0A6M0FD74		
A0A6P0MLT0		
A0A6V8EQN5		
A0A7C3X7I4		
A0A7C4G088		
A0A7C5UIX6		
A0A7C6JHB0		
A0A7C7KQF6		
A0A7V1EH44		
A0A7V3HNY4		
A0A7V6B742		
A0A7W0I4T6		
A0A7X7KAP5		
A0A7Y2G3H6		
A0A7Y3NQ83		
A0A7Y4WIX9		
A0A7Z7YS82		
A0A831U6D5		
A0A832PUY8		
A0A843TAS5		
A0A8J2XBT4		
A0A8S8XSL9		
A0A933B1B6		
A0A933Y2C7		
A0A939WKR8		
A0A961AAJ9		
A0A969MXU3		
A0A974YEU8		
A0A975EKR1		
A0A978SZ92		
A0A9D5KBE0		
A0A9E5L3M9		
A0AAN1BLP5		
B1XKN2		
X1MT21		
A4IWW4	Francisella tularensis subsp. tularensis (strain WY96-3418)	Bacteria;Pseudomonadati;Pseudomonadota;Gammaproteobacteria;Thiotrichales;Francisellaceae;Francisella
Q118E6	Trichodesmium erythraeum (strain IMS101)	Bacteria;Bacillati;Cyanobacteriota;Cyanophyceae;Oscillatoriophycideae;Oscillatoriales;Microcoleaceae;Trichodesmium
Q18HQ3	Haloquadratum walsbyi (strain DSM 16790 / HBSQ001)	Archaea;Methanobacteriati;Methanobacteriota;Stenosarchaea group;Halobacteria;Halobacteriales;Haloferacaceae;Haloquadratum
Q8U9Q9	Agrobacterium fabrum (strain C58 / ATCC 33970)	Bacteria;Pseudomonadati;Pseudomonadota;Alphaproteobacteria;Hyphomicrobiales;Rhizobiaceae;Rhizobium/Agrobacterium group;Agrobacterium;Agrobacterium tumefaciens complex
A0Q7L4	Francisella tularensis subsp. novicida (strain ATCC 15482 / CCUG 33449 / U112)	Bacteria;Pseudomonadati;Pseudomonadota;Gammaproteobacteria;Thiotrichales;Francisellaceae;Francisella
A1RUA9	Pyrobaculum islandicum (strain DSM 4184 / JCM 9189 / GEO3)	Archaea;Thermoproteota;Thermoprotei;Thermoproteales;Thermoproteaceae;Pyrobaculum
B0JNW2	Microcystis aeruginosa (strain NIES-843 / IAM M-2473)	Bacteria;Bacillati;Cyanobacteriota;Cyanophyceae;Oscillatoriophycideae;Chroococcales;Microcystaceae;Microcystis
Q0BMQ7	Francisella tularensis subsp. holarctica (strain OSU18)	Bacteria;Pseudomonadati;Pseudomonadota;Gammaproteobacteria;Thiotrichales;Francisellaceae;Francisella
Q5NF56	Francisella tularensis subsp. tularensis (strain SCHU S4 / Schu 4)	Bacteria;Pseudomonadati;Pseudomonadota;Gammaproteobacteria;Thiotrichales;Francisellaceae;Francisella
Q14GK9	Francisella tularensis subsp. tularensis (strain FSC 198)	Bacteria;Pseudomonadati;Pseudomonadota;Gammaproteobacteria;Thiotrichales;Francisellaceae;Francisella
Q2A4C8	Francisella tularensis subsp. holarctica (strain LVS)	Bacteria;Pseudomonadati;Pseudomonadota;Gammaproteobacteria;Thiotrichales;Francisellaceae;Francisella
Q83EA4	Coxiella burnetii (strain RSA 493 / Nine Mile phase I)	Bacteria;Pseudomonadati;Pseudomonadota;Gammaproteobacteria;Legionellales;Coxiellaceae;Coxiella
A0A251XP31	Clavibacter michiganensis subsp. michiganensis	Bacteria;Bacillati;Actinomycetota;Actinomycetes;Micrococcales;Microbacteriaceae;Clavibacter
A0A4U3KXX0	Ilyomonas limi	Bacteria;Pseudomonadati;Bacteroidota;Chitinophagia;Chitinophagales;Chitinophagaceae;Ilyomonas
A0A502GCH1	Ewingella americana	Bacteria;Pseudomonadati;Pseudomonadota;Gammaproteobacteria;Enterobacterales;Yersiniaceae;Ewingella
A0A2N9VT76	Phyllobacterium zundukense	Bacteria;Pseudomonadati;Pseudomonadota;Alphaproteobacteria;Hyphomicrobiales;Phyllobacteriaceae;Phyllobacterium
A0A7W2AH88	Thermoactinomyces daqus	Bacteria;Bacillati;Bacillota;Bacilli;Caryophanales;Thermoactinomycetaceae;Thermoactinomyces
A0A917I5F2	Alsobacter metallidurans	Bacteria;Pseudomonadati;Pseudomonadota;Alphaproteobacteria;Hyphomicrobiales;Alsobacteraceae;Alsobacter
A0A1C3RF24	Terasakiella magnetica	Bacteria;Pseudomonadati;Pseudomonadota;Alphaproteobacteria;Rhodospirillales;Terasakiellaceae;Terasakiella
A0A2P9AGB9	Mesorhizobium delmotii	Bacteria;Pseudomonadati;Pseudomonadota;Alphaproteobacteria;Hyphomicrobiales;Phyllobacteriaceae;Mesorhizobium
A0AAE9Z3B5	Thalassomonas viridans	Bacteria;Pseudomonadati;Pseudomonadota;Gammaproteobacteria;Alteromonadales;Colwelliaceae;Thalassomonas
W5Y3N3	Corynebacterium vitaeruminis DSM 20294	Bacteria;Bacillati;Actinomycetota;Actinomycetes;Mycobacteriales;Corynebacteriaceae;Corynebacterium
A0A2S2DS19	Aquirufa nivalisilvae	Bacteria;Pseudomonadati;Bacteroidota;Cytophagia;Cytophagales;Flectobacillaceae;Aquirufa
A0A512D522	Terrabacter aerolatus	Bacteria;Bacillati;Actinomycetota;Actinomycetes;Micrococcales;Intrasporangiaceae;Terrabacter
A0A934RRZ2	Roseibacillus ishigakijimensis	Bacteria;Pseudomonadati;Verrucomicrobiota;Verrucomicrobiia;Verrucomicrobiales;Verrucomicrobiaceae;Roseibacillus
A0A1I6NSD9	Marininema halotolerans	Bacteria;Bacillati;Bacillota;Bacilli;Caryophanales;Thermoactinomycetaceae;Marininema
M1WT79	Richelia intracellularis HH01	Bacteria;Bacillati;Cyanobacteriota;Cyanophyceae;Nostocales;Nostocaceae;Richelia
A0A9N8DZ52	Seminavis robusta	Eukaryota;Sar;Stramenopiles;Ochrophyta;Bacillariophyta;Bacillariophyceae;Bacillariophycidae;Naviculales;Naviculaceae;Seminavis
A0A1X6P9R9	Porphyra umbilicalis	Eukaryota;Rhodophyta;Bangiophyceae;Bangiales;Bangiaceae;Porphyra
A0AA35RRQ6	Geodia barretti	Eukaryota;Metazoa;Porifera;Demospongiae;Heteroscleromorpha;Tetractinellida;Astrophorina;Geodiidae;Geodia
A0AAE0RZH4	Potamilus streckersoni	Eukaryota;Metazoa;Spiralia;Lophotrochozoa;Mollusca;Bivalvia;Autobranchia;Heteroconchia;Palaeoheterodonta;Unionida;Unionoidea;Unionidae;Ambleminae;Lampsilini;Potamilus
G7VEE1	Pyrobaculum ferrireducens	Archaea;Thermoproteota;Thermoprotei;Thermoproteales;Thermoproteaceae;Pyrobaculum
A0A9N8HYZ6	Seminavis robusta	Eukaryota;Sar;Stramenopiles;Ochrophyta;Bacillariophyta;Bacillariophyceae;Bacillariophycidae;Naviculales;Naviculaceae;Seminavis
A0A117LBH8		
A0A1F9XCE1		
A0A1G1HLN3		
A0A1G2DY75		
A0A1V5KZ57		
A0A1V6B5S1		
A0A1Y0H1Z5		
A0A212KLL9		
A0A258FBX6		
A0A2E4RJ95		
A0A2E7MXB7		
A0A2G9ZB13		
A0A2M9LDW1		
A0A2R6T866		
A0A2V5YTI1		
A0A315EME4		
A0A350M1E9		
A0A352W1V2		
A0A353BBM3		
A0A359G521		
A0A371QWI8		
A0A382C2T8		
A0A389M220		
A0A3E0NDN9		
A0A3M1SAZ3		
A0A4U8TIX4		
A0A537FM12		
A0A537KC32		
A0A5Q3L567		
A0A660SI28		
A0A6A8QMG4		
A0A6B3N2X4		
A0A6L6VFG8		
A0A6P0X207		
A0A7C4YR40		
A0A7J4USM7		
A0A7V2V0E7		
A0A7V3AG74		
A0A7X7GE77		
A0A7X9CCH9		
A0A7Y7CN84		
A0A831WXD7		
A0A833KZW1		
A0A843JPN2		
A0A847B0I0		
A0A8T3RS54		
A0A8T4S8P2		
A0A933WRI8		
A0A937IL27		
A0A939HR71		
A0A946TX58		
A0A948SQQ3		
A0A953BDI4		
A0A959TJE5		
A0A961GKB1		
A0A965CE52		
A0A969JK96		
A0A971GZQ6		
A0A9D2AX88		
A0A9D9KYD2		
A0A9E4H8I9		
A0A9E5QSF6		
A5YSZ1		
G8SAU3		
J2ZMY5		
X1HSN6		
X5ZUW8		
A0A328TRI2	Candidatus Erwinia dacicola	Bacteria;Pseudomonadati;Pseudomonadota;Gammaproteobacteria;Enterobacterales;Erwiniaceae;Erwinia
A0A3D9SMZ6	Paenibacillus taihuensis	Bacteria;Bacillati;Bacillota;Bacilli;Caryophanales;Paenibacillaceae;Paenibacillus
U5C5F7	Rhodonellum psychrophilum GCM71 = DSM 17998	Bacteria;Pseudomonadati;Bacteroidota;Cytophagia;Cytophagales;Cytophagaceae;Rhodonellum
A0AAP2DSP8	Dawidia cretensis	Bacteria;Pseudomonadati;Bacteroidota;Cytophagia;Cytophagales;Chryseotaleaceae;Dawidia
A0A9X2E0X7	Rathayibacter rubneri	Bacteria;Bacillati;Actinomycetota;Actinomycetes;Micrococcales;Microbacteriaceae;Rathayibacter
Q21QU6	Albidiferax ferrireducens (strain ATCC BAA-621 / DSM 15236 / T118)	Bacteria;Pseudomonadati;Pseudomonadota;Betaproteobacteria;Burkholderiales;Comamonadaceae;Rhodoferax
A0A1R0KFQ7	Amycolatopsis coloradensis	Bacteria;Bacillati;Actinomycetota;Actinomycetes;Pseudonocardiales;Pseudonocardiaceae;Amycolatopsis
A0A0K2RLG3		
A0A1G3BSJ9		
A0A1Q7WAW2		
A0A238DJU6		
A0A259GRH8		
A0A2M8PJP7		
A0A2V5V3P5		
A0A348ZKH7		
A0A354FBL7		
A0A380FKC6		
A0A3D3FEI4		
A0A3D5NJT8		
A0A3L7PZ50		
A0A4Q3CWU5		
A0A4Q3TUH4		
A0A4V1SKP4		
A0A535CBE3		
A0A5R2N031		
A0A6M0AXB9		
A0A6N2UY69		
A0A6P0N529		
A0A7J4VAU6		
A0A7V4HIS7		
A0A838HPC6		
A0A853KAJ9		
A0A947IUD5		
A0A970CIU2		
A0A9D8HKM7		
A0A9E2LPF8		
A0ABD5DG65		
G2FK10		
J9R8L9		
M3IDC8		
X0SHK5		
