rank	query	target	prob	evalue	bits	fident	alnlen	qcov	tcov	alntmscore
1	job_A	AF-A0AB34G0L9-F1-model_v6	1	300	800	0.231	562	4.222e-29	752	511
2	job_A	AF-A0A7R8HA44-F1-model_v6	1	344	744	0.188	494	1.113e-15	344	511
3	job_A	AF-A0A8J2J254-F1-model_v6	1	66	593	0.248	568	1.387e-32	854	511
4	job_A	AF-A0A2M6VZ18-F1-model_v6	1	32	581	0.225	585	2.925e-32	882	511
5	job_A	AF-A0A132B9V7-F1-model_v6	1	30	569	0.173	583	9.438e-27	647	511
6	job_A	AF-A0A0N4ZKW3-F1-model_v6	1	18	568	0.177	575	5.739e-27	768	511
7	job_A	AF-A0A8H3YGC2-F1-model_v6	1	5	565	0.151	599	9.964e-23	591	511
8	job_A	AF-A0A9P3UKA2-F1-model_v6	1	150	560	0.21	471	6.059e-23	602	511
9	job_A	AF-A0A316Z907-F1-model_v6	1	4	557	0.203	586	2.705e-24	579	511
10	job_A	AF-A0A7M7J0Z2-F1-model_v6	1	101	547	0.17	580	3.692e-24	628	511
11	job_A	AF-A0A8H3AM64-F1-model_v6	1	44	546	0.192	555	3.944e-26	660	511
12	job_A	AF-A0A1V2L8L2-F1-model_v6	1	14	543	0.17	579	2.24e-23	573	511
13	job_A	AF-A0A444S7M2-F1-model_v6	1	31	542	0.225	564	1.379e-29	771	511
14	job_A	AF-D2VJJ7-F1-model_v6	1	28	534	0.238	540	1.59e-38	1100	511
15	job_A	AF-A0A484G715-F1-model_v6	1	36	532	0.228	542	3.286e-28	767	511
16	job_A	AF-A0A9D3YGE2-F1-model_v6	1	28	531	0.227	524	2.743e-31	851	511
17	job_A	AF-A0A6A6WK15-F1-model_v6	1	21	520	0.202	549	1.004e-26	720	511
18	job_A	AF-A0A1V8SYR7-F1-model_v6	1	4	517	0.201	560	1.555e-27	748	511
19	job_A	AF-A0A9W7VXS8-F1-model_v6	1	33	511	0.195	523	1.564e-30	826	511
20	job_A	AF-A0A3N4M1S4-F1-model_v6	1	5	506	0.185	560	6.512e-28	743	511
21	job_A	AF-A0A2V1D826-F1-model_v6	1	18	497	0.196	519	3.469e-24	629	511
22	job_A	AF-A0A4Z1FM79-F1-model_v6	1	61	492	0.194	478	2.856e-20	467	511
23	job_A	AF-A0A8H6XI98-F1-model_v6	1	13	487	0.186	516	4.396e-18	431	511
24	job_A	AF-A0A8H3UQN5-F1-model_v6	1	20	483	0.209	506	1.447e-22	564	511
25	job_A	AF-A0A6G1HCH6-F1-model_v6	1	24	453	0.21	531	7.287e-22	584	511
26	job_A	AF-A0A2V1CXK0-F1-model_v6	1	5	447	0.202	470	3.905e-21	538	511
27	job_A	AF-A0A6A5BDS5-F1-model_v6	1	39	447	0.189	534	1.534e-20	517	511
28	job_A	AF-A0A9P6QBD0-F1-model_v6	1	11	444	0.212	462	2.232e-21	552	511
29	job_A	AF-A0A7X8PNE0-F1-model_v6	1	1	439	0.249	510	1.586e-37	1080	511
30	job_A	AF-A0A9P6J4Y0-F1-model_v6	1	1	434	0.235	454	3.267e-25	728	511
31	job_A	AF-A0A7R9F1C5-F1-model_v6	1	15	419	0.239	421	2.223e-19	485	511
32	job_A	AF-A0AA88XTI2-F1-model_v6	1	25	409	0.192	503	1.951e-16	357	511
33	job_A	AF-A0A9X4E7W6-F1-model_v6	1	1	409	0.26	441	2.89e-26	749	511
34	job_A	AF-A0A2R5L9B3-F1-model_v6	1	6	409	0.214	433	2.684e-20	503	511
35	job_A	AF-A0A8H6X1I6-F1-model_v6	1	18	376	0.243	386	6.059e-23	644	511
36	job_A	AF-A0A179GP27-F1-model_v6	1	3	372	0.183	381	1.521e-16	460	511
37	job_A	AF-A0A101JRQ2-F1-model_v6	1	1	357	0.278	409	3.476e-25	742	511
38	job_A	AF-A0A8X6H8M9-F1-model_v6	1	2	356	0.189	374	2.828e-15	426	511
39	job_A	AF-A0A2T0LMS1-F1-model_v6	1	10	344	0.302	360	8.816e-24	683	511
40	job_A	AF-A0A660NJZ1-F1-model_v6	1	4	342	0.308	344	3.082e-27	787	511
41	job_A	AF-A0A0K0ET87-F1-model_v6	1	23	341	0.2	355	1.268e-18	494	511
42	job_A	AF-A0A117NLN3-F1-model_v6	1	61	337	0.239	297	2.657e-15	410	511
43	job_A	AF-A0A850M3F5-F1-model_v6	1	2	330	0.283	349	3.247e-22	620	511
44	job_A	AF-A0A2V8GRW5-F1-model_v6	1	2	320	0.284	338	8.851e-26	803	511
45	job_A	AF-A0A6N8VUS3-F1-model_v6	1	2	315	0.25	323	1.273e-20	605	511
46	job_A	AF-A0A3B9I619-F1-model_v6	1	1	290	0.267	299	6.409e-20	595	511
47	job_A	AF-B7ZF08-F1-model_v6	1	89	286	0.298	201	2.08e-17	541	511
48	job_A	AF-A0A4Z2D2D2-F1-model_v6	1	5	285	0.26	303	1.622e-17	472	511
49	job_A	AF-A0A9J6FQQ0-F1-model_v6	1	2	272	0.248	290	3.021e-17	487	511
50	job_A	AF-A0A8C6TCK4-F1-model_v6	1	19	264	0.26	253	4.413e-20	588	511
51	job_A	AF-A0A0N8R1N3-F1-model_v6	1	1	263	0.177	304	5.234e-12	317	511
52	job_A	AF-A0AAE1EQU7-F1-model_v6	1	131	263	0.145	137	0.0005482	147	511
53	job_A	AF-A0A9D5MDE4-F1-model_v6	1	2	261	0.214	270	1.325e-09	274	511
54	job_A	AF-A0A925Z1G4-F1-model_v6	1	74	261	0.133	247	4.576e-07	153	511
55	job_A	AF-A0A7K3GKG5-F1-model_v6	1	2	256	0.215	279	2.991e-12	339	511
56	job_A	AF-A0A433TL58-F1-model_v6	1	58	253	0.302	208	1.346e-17	516	511
57	job_A	AF-A0A962L7K6-F1-model_v6	1	23	235	0.417	223	3.677e-22	703	511
58	job_A	AF-E4XRS5-F1-model_v6	1	16	226	0.36	225	1.967e-20	624	511
59	job_A	AF-A0A7J6TLK9-F1-model_v6	1	20	225	0.322	211	6.766e-16	483	511
60	job_A	AF-A0A0M3IVP7-F1-model_v6	1	17	217	0.265	211	3.874e-17	504	511
61	job_A	AF-A0A915BAX5-F1-model_v6	1	28	213	0.262	194	1.041e-13	431	511
62	job_A	AF-A0A935R5X3-F1-model_v6	1	58	189	0.297	148	1.916e-07	197	511
63	job_A	AF-A0A5K1JW96-F1-model_v6	1	31	184	0.266	154	2.314e-08	253	511
64	job_A	AF-A0A973KYJ0-F1-model_v6	1	9	183	0.366	183	6.333e-14	424	511
65	job_A	AF-A0A2G8LFS5-F1-model_v6	1	29	175	0.281	153	3.177e-11	353	511
66	job_A	AF-A0A938TK91-F1-model_v6	1	23	162	0.373	142	6.308e-12	361	511
67	job_A	AF-A0AAV5UA68-F1-model_v6	1	13	151	0.284	144	2.318e-09	269	511
68	job_A	AF-A0A6A0GS36-F1-model_v6	1	11	104	0.351	94	1.163e-06	214	511
69	job_A	AF-A0A7R9QJE9-F1-model_v6	1	682	1174	0.188	530	3.518e-28	844	498
70	job_A	AF-A0A2A6BPX2-F1-model_v6	1	622	1141	0.217	560	1.804e-27	793	498
71	job_A	AF-A0A1I8F8Z3-F1-model_v6	1	724	1137	0.174	436	1.23e-19	572	498
72	job_A	AF-A0A9D4PDB1-F1-model_v6	1	575	1091	0.178	554	2.177e-23	670	498
73	job_A	AF-A0A9P1M955-F1-model_v6	1	568	1046	0.194	540	4.246e-24	653	498
74	job_A	AF-A0A0N4ZD89-F1-model_v6	1	521	1034	0.202	537	1.321e-24	734	498
75	job_A	AF-A0A0L7R8A6-F1-model_v6	1	521	1033	0.182	552	4.219e-26	758	498
76	job_A	AF-A0AAX6MD01-F1-model_v6	1	514	1025	0.162	571	2.323e-21	616	498
77	job_A	AF-A0AAN7VKR6-F1-model_v6	1	479	1006	0.196	559	1.067e-27	828	498
78	job_A	AF-A0A8H4J0J0-F1-model_v6	1	428	993	0.157	602	2.234e-24	684	498
79	job_A	AF-A0A0B2UNN1-F1-model_v6	1	442	942	0.194	510	3.495e-21	643	498
80	job_A	AF-K1QS99-F1-model_v6	1	422	928	0.195	532	5.294e-28	836	498
81	job_A	AF-A0A1D2N280-F1-model_v6	1	360	913	0.16	584	2.323e-21	597	498
82	job_A	AF-A0A5A8DNZ3-F1-model_v6	1	363	892	0.178	565	6.996e-23	676	498
83	job_A	AF-A0AAN7P9N1-F1-model_v6	1	333	892	0.187	593	1.669e-24	709	498
84	job_A	AF-A0A977XMF0-F1-model_v6	1	344	890	0.173	575	1.524e-25	747	498
85	job_A	AF-A0A819PQ36-F1-model_v6	1	459	883	0.203	453	6.773e-24	695	498
86	job_A	AF-A0A8J2PX24-F1-model_v6	1	309	879	0.145	599	2.527e-22	635	498
87	job_A	AF-A0A553P2K2-F1-model_v6	1	298	862	0.165	599	4.164e-21	597	498
88	job_A	AF-A0A819ALQ3-F1-model_v6	1	373	854	0.199	511	1.769e-24	695	498
89	job_A	AF-A0A835GCR2-F1-model_v6	1	318	848	0.186	569	8.5e-26	746	498
90	job_A	AF-A0A6A4WKS6-F1-model_v6	1	268	827	0.175	588	5.026e-26	731	498
91	job_A	AF-A0A137Q6J2-F1-model_v6	1	18	827	0.129	833	7.964e-19	343	498
92	job_A	AF-A0A5F7ZDK1-F1-model_v6	1	274	823	0.21	570	4.032e-31	933	498
93	job_A	AF-A0A1S3AGZ2-F1-model_v6	1	278	822	0.209	567	3.588e-31	940	498
94	job_A	AF-A0A8S3TQU7-F1-model_v6	1	353	808	0.191	501	4.929e-23	588	498
95	job_A	AF-E0VCD0-F1-model_v6	1	303	804	0.151	541	3.297e-21	592	498
96	job_A	AF-A0AAD9AWN3-F1-model_v6	1	306	803	0.179	541	1.095e-28	859	498
97	job_A	AF-A0AAW0YMP0-F1-model_v6	1	235	775	0.161	595	2.858e-20	574	498
98	job_A	AF-A0AAD8YR94-F1-model_v6	1	292	764	0.198	489	3.362e-24	704	498
99	job_A	AF-A0A7R9E7D3-F1-model_v6	1	65	760	0.153	725	2.308e-23	649	498
100	job_A	AF-A0A7J7ERV2-F1-model_v6	1	212	756	0.203	565	1.544e-30	925	498
101	job_A	AF-A0AAU9VXC2-F1-model_v6	1	219	747	0.187	554	3.05e-27	803	498
102	job_A	AF-A0A9P0NMD9-F1-model_v6	1	211	743	0.193	554	1.781e-31	961	498
103	job_A	AF-A0A8H5G8D7-F1-model_v6	1	194	742	0.163	595	5.872e-23	644	498
104	job_A	AF-A0AAD9JHM6-F1-model_v6	1	277	742	0.194	505	3.541e-26	721	498
105	job_A	AF-A0AAQ4DXR4-F1-model_v6	1	214	738	0.209	558	1.554e-28	827	498
106	job_A	AF-A0A3R7MRW4-F1-model_v6	1	202	725	0.159	572	2.478e-19	534	498
107	job_A	AF-A0A5E4Q221-F1-model_v6	1	250	721	0.171	526	9.069e-24	683	498
108	job_A	AF-A0ABD0K4D9-F1-model_v6	1	196	719	0.179	557	1.925e-25	741	498
109	job_A	AF-A0A4C1XQE4-F1-model_v6	1	100	719	0.156	658	1.046e-24	706	498
110	job_A	AF-A0AA48GQT0-F1-model_v6	1	219	717	0.191	543	5.294e-28	845	498
111	job_A	AF-A0A154P2G3-F1-model_v6	1	174	716	0.166	559	3.802e-22	650	498
112	job_A	AF-A0AAW0NZ24-F1-model_v6	1	198	713	0.195	547	7.088e-28	818	498
113	job_A	AF-A0A9P7XS33-F1-model_v6	1	176	708	0.171	565	5.649e-26	803	498
114	job_A	AF-A0A212BZT1-F1-model_v6	1	129	702	0.189	597	2.22e-26	757	498
115	job_A	AF-A0A3B0K0Q8-F1-model_v6	1	117	700	0.189	602	7.563e-26	775	498
116	job_A	AF-I8U1W4-F1-model_v6	1	150	699	0.175	574	7.134e-26	761	498
117	job_A	AF-A0A8J7TE60-F1-model_v6	1	27	696	0.166	701	4.929e-23	636	498
118	job_A	AF-A0A1I8GI36-F1-model_v6	1	123	689	0.169	590	9.367e-23	657	498
119	job_A	AF-Q7S844-F1-model_v6	1	182	686	0.197	561	3.681e-23	637	498
120	job_A	AF-A0A8K0F1J0-F1-model_v6	1	179	685	0.184	548	6.907e-27	801	498
121	job_A	AF-A0A835NMN2-F1-model_v6	1	43	685	0.169	659	3.564e-24	704	498
122	job_A	AF-A0AAN8RE17-F1-model_v6	1	159	684	0.165	575	4.273e-22	651	498
123	job_A	AF-A0A8J6HHP2-F1-model_v6	1	201	683	0.186	546	5.124e-20	532	498
124	job_A	AF-A0A6C1EIU1-F1-model_v6	1	29	679	0.163	684	2.431e-25	720	498
125	job_A	AF-A0A6G0U017-F1-model_v6	1	129	679	0.174	591	1.937e-23	634	498
126	job_A	AF-A0A3M7PCK9-F1-model_v6	1	79	678	0.199	621	2.001e-31	936	498
127	job_A	AF-A0AAV1PGG2-F1-model_v6	1	98	677	0.194	603	4.219e-26	752	498
128	job_A	AF-A0A4S2L5T1-F1-model_v6	1	28	675	0.153	663	5.612e-28	797	498
129	job_A	AF-A0A7H1VJP4-F1-model_v6	1	129	672	0.188	583	7.134e-26	688	498
130	job_A	AF-A0AAN6XFI2-F1-model_v6	1	141	669	0.163	570	2.822e-24	675	498
131	job_A	AF-A0A8H5CWL8-F1-model_v6	1	157	664	0.2	548	2.234e-24	686	498
132	job_A	AF-A0A8C7KWI7-F1-model_v6	1	57	658	0.176	625	9.011e-26	726	498
133	job_A	AF-A0A3R7PFA7-F1-model_v6	1	127	656	0.163	575	7.913e-21	577	498
134	job_A	AF-A0A164L9D6-F1-model_v6	1	117	651	0.202	552	7.043e-30	932	498
135	job_A	AF-A0A0W4ZWB9-F1-model_v6	1	191	650	0.187	513	2.177e-23	649	498
136	job_A	AF-A0A2S7VLU7-F1-model_v6	1	156	648	0.21	547	2.431e-25	714	498
137	job_A	AF-A0A1V9XQ44-F1-model_v6	1	121	645	0.174	543	3.803e-31	938	498
138	job_A	AF-A0ABD2M478-F1-model_v6	1	36	645	0.165	634	2.293e-25	709	498
139	job_A	AF-A0A7I8X2L4-F1-model_v6	1	45	643	0.166	620	5.468e-27	757	498
140	job_A	AF-A0A183SQE2-F1-model_v6	1	28	639	0.202	633	4.835e-29	866	498
141	job_A	AF-A0A552R761-F1-model_v6	1	128	633	0.19	556	2.293e-25	763	498
142	job_A	AF-A0AAJ7SGM2-F1-model_v6	1	37	631	0.167	622	1.296e-21	567	498
143	job_A	AF-A0AAW1D0U8-F1-model_v6	1	61	630	0.18	605	7.612e-24	669	498
144	job_A	AF-A0A6J1RSW5-F1-model_v6	1	61	626	0.17	605	2.234e-24	700	498
145	job_A	AF-A0A7R9AQP2-F1-model_v6	1	166	626	0.214	495	4.53e-22	638	498
146	job_A	AF-A0A9D4QEY8-F1-model_v6	1	191	626	0.152	545	1.012e-16	417	498
147	job_A	AF-A0A6A4X4W4-F1-model_v6	1	121	624	0.198	550	5.158e-27	784	498
148	job_A	AF-A0AA36GPX6-F1-model_v6	1	67	623	0.2	579	3.319e-28	854	498
149	job_A	AF-A0A1W0WLK3-F1-model_v6	1	54	622	0.184	585	2.662e-24	737	498
150	job_A	AF-A0A3Q2NPN1-F1-model_v6	1	50	618	0.197	596	5.988e-26	738	498
151	job_A	AF-A0A173G6E9-F1-model_v6	1	60	618	0.196	580	1.605e-27	827	498
152	job_A	AF-A0A0M4JMB8-F1-model_v6	1	95	617	0.186	548	4.084e-27	828	498
153	job_A	AF-A0A3B3BCK2-F1-model_v6	1	50	616	0.2	589	4.62e-25	712	498
154	job_A	AF-A0A0M9A8D4-F1-model_v6	1	70	616	0.167	592	3.877e-25	694	498
155	job_A	AF-A0AAV4DI47-F1-model_v6	1	74	616	0.193	564	1.088e-30	939	498
156	job_A	AF-A0A423SQE3-F1-model_v6	1	297	615	0.234	345	6.306e-19	552	498
157	job_A	AF-A0A452G9C1-F1-model_v6	1	74	612	0.21	561	2.323e-30	924	498
158	job_A	AF-A0A6P9AD45-F1-model_v6	1	65	612	0.153	579	4.62e-25	707	498
159	job_A	AF-A0A9P0D4G8-F1-model_v6	1	44	612	0.186	602	3.276e-23	657	498
160	job_A	AF-A0A7R9EH13-F1-model_v6	1	8	611	0.167	622	9.552e-26	702	498
161	job_A	AF-A0A7F8RA03-F1-model_v6	1	43	611	0.194	586	9.248e-27	789	498
162	job_A	AF-A0A7I4Z515-F1-model_v6	1	28	611	0.185	594	6.773e-24	692	498
163	job_A	AF-A0A150V662-F1-model_v6	1	76	610	0.17	564	2.511e-24	700	498
164	job_A	AF-A0A7R9L1Y3-F1-model_v6	1	96	610	0.177	551	1.669e-24	708	498
165	job_A	AF-A0A9P0FIG8-F1-model_v6	1	43	608	0.178	589	8.282e-25	742	498
166	job_A	AF-A0A9N9N2F0-F1-model_v6	1	133	607	0.202	500	1.746e-28	845	498
167	job_A	AF-A0A9Q5HVE7-F1-model_v6	1	153	607	0.176	499	8.555e-24	689	498
168	job_A	AF-U5EVS7-F1-model_v6	1	59	606	0.177	575	7.563e-26	742	498
169	job_A	AF-Q8FQC4-F1-model_v6	1	120	605	0.208	542	9.997e-30	865	498
170	job_A	AF-A0A1U8DP68-F1-model_v6	1	35	605	0.187	582	3.34e-26	790	498
171	job_A	AF-A0AAN9BK82-F1-model_v6	1	75	605	0.198	578	1.658e-26	768	498
172	job_A	AF-A0A5E4MCP1-F1-model_v6	1	81	605	0.167	573	6.389e-24	622	498
173	job_A	AF-A0A3M7RYQ7-F1-model_v6	1	26	605	0.168	607	8.836e-23	647	498
174	job_A	AF-A0AAD4R131-F1-model_v6	1	65	605	0.163	582	4.5e-15	363	498
175	job_A	AF-A0A8K0DJ40-F1-model_v6	1	100	604	0.197	542	2.22e-26	770	498
176	job_A	AF-A0A1V6QDM1-F1-model_v6	1	163	604	0.193	486	1.839e-21	621	498
177	job_A	AF-A0A2E2HEB0-F1-model_v6	1	104	603	0.202	528	1.383e-28	871	498
178	job_A	AF-A0A0P8XV10-F1-model_v6	1	128	603	0.141	536	6.225e-23	648	498
179	job_A	AF-A0A1S0U5N5-F1-model_v6	1	52	603	0.163	624	9.246e-18	476	498
180	job_A	AF-R1C7N2-F1-model_v6	1	55	603	0.16	572	1.08e-23	692	498
181	job_A	AF-A0A813M562-F1-model_v6	1	31	603	0.161	599	4.53e-22	643	498
182	job_A	AF-A0ABD0KFD8-F1-model_v6	1	32	602	0.153	604	4.358e-25	736	498
183	job_A	AF-A0AAV2KRN8-F1-model_v6	1	33	602	0.185	600	1.263e-29	830	498
184	job_A	AF-A0A5J4NSM9-F1-model_v6	1	100	601	0.194	520	1.851e-19	558	498
185	job_A	AF-A0AAV7B2C9-F1-model_v6	1	82	600	0.187	549	1.851e-28	854	498
186	job_A	AF-A0A165EZE4-F1-model_v6	1	125	599	0.157	553	1.912e-18	457	498
187	job_A	AF-A0A2A5CP45-F1-model_v6	1	29	599	0.166	596	9.307e-25	693	498
188	job_A	AF-A0A7R9BYP9-F1-model_v6	1	50	598	0.153	591	5.649e-26	748	498
189	job_A	AF-A0A1B6L0Q2-F1-model_v6	1	30	598	0.18	588	6.348e-26	789	498
190	job_A	AF-A0A0P6GKJ8-F1-model_v6	1	32	595	0.201	587	1.912e-27	769	498
191	job_A	AF-A0A9J7M1A4-F1-model_v6	1	32	594	0.185	589	4.561e-29	862	498
192	job_A	AF-A0A2G9UYS1-F1-model_v6	1	84	594	0.201	541	4.33e-27	782	498
193	job_A	AF-A0A977XKS8-F1-model_v6	1	38	593	0.172	574	1.658e-26	784	498
194	job_A	AF-A0A947R1E9-F1-model_v6	1	32	593	0.176	613	9.614e-24	618	498
195	job_A	AF-A0A4S8QMA0-F1-model_v6	1	45	593	0.177	586	3.754e-26	725	498
196	job_A	AF-A0AAE1LGP7-F1-model_v6	1	31	593	0.167	591	2.293e-25	714	498
197	job_A	AF-A0A9P6S1D6-F1-model_v6	1	30	591	0.161	575	4.772e-24	718	498
198	job_A	AF-A0AAN9VN27-F1-model_v6	1	49	590	0.204	561	2.611e-30	917	498
199	job_A	AF-A0A9D4CF78-F1-model_v6	1	38	590	0.163	582	1.109e-24	697	498
200	job_A	AF-T1HFJ2-F1-model_v6	1	45	589	0.184	575	8.018e-26	728	498
201	job_A	AF-A0A194R2U2-F1-model_v6	1	71	587	0.205	551	5.158e-27	791	498
202	job_A	AF-A0A1W6L189-F1-model_v6	1	47	587	0.194	576	2.384e-22	627	498
203	job_A	AF-A0AAF5DR94-F1-model_v6	1	35	587	0.176	577	2.107e-24	727	498
204	job_A	AF-A0A3Q0FV06-F1-model_v6	1	35	586	0.188	572	1.392e-26	776	498
205	job_A	AF-A0A7S0Q647-F1-model_v6	1	48	585	0.175	571	5.95e-28	840	498
206	job_A	AF-A0A232FIV5-F1-model_v6	1	45	584	0.171	573	7.369e-25	691	498
207	job_A	AF-A0AAV9HT04-F1-model_v6	1	108	584	0.208	542	1.392e-26	765	498
208	job_A	AF-A0A553N8M7-F1-model_v6	1	30	583	0.179	597	1.863e-26	750	498
209	job_A	AF-A0A8J2LXT0-F1-model_v6	1	30	583	0.2	584	1.658e-26	758	498
210	job_A	AF-A0A7J7K6Z6-F1-model_v6	1	23	582	0.171	601	6.73e-26	723	498
211	job_A	AF-B7PWE5-F1-model_v6	1	41	582	0.186	575	2.149e-27	800	498
212	job_A	AF-A0A224YGJ7-F1-model_v6	1	36	582	0.17	586	2.915e-23	649	498
213	job_A	AF-A0A0V1HQI7-F1-model_v6	1	52	582	0.194	556	5.432e-20	535	498
214	job_A	AF-A0A0M3QEC2-F1-model_v6	1	62	581	0.212	550	4.561e-29	900	498
215	job_A	AF-A0A8J2KS68-F1-model_v6	1	29	581	0.19	588	1.046e-24	705	498
216	job_A	AF-B7PJL9-F1-model_v6	1	87	581	0.18	536	9.367e-23	637	498
217	job_A	AF-A0A2K5EPK2-F1-model_v6	1	40	579	0.217	561	3.73e-28	791	498
218	job_A	AF-A0A9P6S372-F1-model_v6	1	174	579	0.187	437	4.443e-19	566	498
219	job_A	AF-A0AAN9TUD3-F1-model_v6	1	48	577	0.19	566	1.669e-24	681	498
220	job_A	AF-A0A0G2H8V2-F1-model_v6	1	41	577	0.14	571	2.662e-24	686	498
221	job_A	AF-A0A9P6QDM2-F1-model_v6	1	7	577	0.175	603	1.102e-26	764	498
222	job_A	AF-A0A7J7JB24-F1-model_v6	1	33	576	0.173	588	7.322e-27	752	498
223	job_A	AF-A0A7X3QB98-F1-model_v6	1	86	576	0.197	537	5.95e-28	814	498
224	job_A	AF-A0A8D9DZ52-F1-model_v6	1	35	576	0.178	573	1.347e-27	791	498
225	job_A	AF-A0A8W8NV66-F1-model_v6	1	31	574	0.184	574	6.73e-26	765	498
226	job_A	AF-A0A6J2SYK5-F1-model_v6	1	29	574	0.184	584	5.468e-27	762	498
227	job_A	AF-A0A9D4JHR4-F1-model_v6	1	34	574	0.182	576	2.896e-25	730	498
228	job_A	AF-A0A7R8V0S5-F1-model_v6	1	25	574	0.189	575	1.347e-27	778	498
229	job_A	AF-A0A6J1TZ50-F1-model_v6	1	35	573	0.209	562	8.612e-31	896	498
230	job_A	AF-A0AA39HLC1-F1-model_v6	1	40	573	0.177	575	4.835e-29	838	498
231	job_A	AF-A0A9P0E8M7-F1-model_v6	1	64	573	0.179	556	1.437e-25	735	498
232	job_A	AF-A0A062TWW8-F1-model_v6	1	37	573	0.18	598	9.307e-25	643	498
233	job_A	AF-A0A2T7PTA9-F1-model_v6	1	22	572	0.189	592	4.246e-24	665	498
234	job_A	AF-A0A194RGX0-F1-model_v6	1	30	572	0.184	581	8.018e-26	735	498
235	job_A	AF-A0A0R3UCH6-F1-model_v6	1	19	572	0.189	585	1.827e-23	646	498
236	job_A	AF-E9HH56-F1-model_v6	1	3	571	0.219	579	5.328e-26	765	498
237	job_A	AF-A0A7X7TCZ7-F1-model_v6	1	48	570	0.203	550	1.383e-28	860	498
238	job_A	AF-A0A3M1MET0-F1-model_v6	1	75	569	0.196	540	7.371e-34	1005	498
239	job_A	AF-A0A918NI37-F1-model_v6	1	33	569	0.195	567	3.213e-29	877	498
240	job_A	AF-A0A811K8R4-F1-model_v6	1	29	568	0.212	566	5.76e-29	855	498
241	job_A	AF-A0A6A4K7F7-F1-model_v6	1	2	568	0.175	593	1.584e-22	630	498
242	job_A	AF-A0A822AHZ2-F1-model_v6	1	87	568	0.145	501	3.877e-16	457	498
243	job_A	AF-A0A947FV17-F1-model_v6	1	39	567	0.187	560	1.95e-30	922	498
244	job_A	AF-A0A0R3WDW8-F1-model_v6	1	7	567	0.181	606	5.575e-21	532	498
245	job_A	AF-L7M3J0-F1-model_v6	1	34	566	0.19	552	8.612e-31	935	498
246	job_A	AF-A0AAQ4EYA0-F1-model_v6	1	21	566	0.192	576	1.176e-24	734	498
247	job_A	AF-A0AAF5D296-F1-model_v6	1	22	566	0.197	568	4.994e-28	856	498
248	job_A	AF-A0A7R8XEH8-F1-model_v6	1	6	566	0.149	567	8.068e-15	462	498
249	job_A	AF-B5THM5-F1-model_v6	1	30	565	0.192	561	1.033e-28	871	498
250	job_A	AF-Q9XZ70-F1-model_v6	1	33	565	0.192	582	2.04e-25	708	498
251	job_A	AF-A0A8B6HJ96-F1-model_v6	1	37	565	0.184	557	5.026e-26	758	498
252	job_A	AF-A0A499FTE3-F1-model_v6	1	36	565	0.192	576	6.348e-26	759	498
253	job_A	AF-A0A921YN05-F1-model_v6	1	27	563	0.198	565	1.067e-27	814	498
254	job_A	AF-A0A661Q1X9-F1-model_v6	1	30	562	0.187	591	4.358e-25	667	498
255	job_A	AF-A0AAW1DPP3-F1-model_v6	1	27	562	0.193	554	5.874e-32	982	498
256	job_A	AF-A0A6J0U495-F1-model_v6	1	36	561	0.195	552	4.804e-31	943	498
257	job_A	AF-Q9NFK4-F1-model_v6	1	38	561	0.197	566	3.05e-27	802	498
258	job_A	AF-A0AA39LS48-F1-model_v6	1	32	561	0.168	571	6.225e-23	642	498
259	job_A	AF-A0A8D8QWR8-F1-model_v6	1	32	560	0.169	567	7.612e-24	695	498
260	job_A	AF-A0A2S0E4A0-F1-model_v6	1	24	560	0.197	566	1.746e-28	817	498
261	job_A	AF-K1QWL6-F1-model_v6	1	27	559	0.179	568	5.192e-25	711	498
262	job_A	AF-A0A914VXH4-F1-model_v6	1	29	559	0.183	562	7.088e-28	789	498
263	job_A	AF-A0A1A9WQZ2-F1-model_v6	1	7	559	0.192	588	3.634e-27	761	498
264	job_A	AF-A0A5F9D883-F1-model_v6	1	32	558	0.213	548	1.222e-30	945	498
265	job_A	AF-A0A7V4ENA6-F1-model_v6	1	48	558	0.211	544	7.712e-29	884	498
266	job_A	AF-A0A7L8SHJ2-F1-model_v6	1	68	557	0.185	539	2.697e-29	849	498
267	job_A	AF-A0AAN9Z0Z2-F1-model_v6	1	27	557	0.185	567	5.504e-25	730	498
268	job_A	AF-A0A9R1SVG0-F1-model_v6	1	22	557	0.181	573	5.192e-25	747	498
269	job_A	AF-A0AAV2H8Q4-F1-model_v6	1	32	556	0.185	551	3.954e-28	810	498
270	job_A	AF-C3YBW7-F1-model_v6	1	28	556	0.195	562	7.712e-29	838	498
271	job_A	AF-A0A7R9MDX1-F1-model_v6	1	25	556	0.184	565	1.863e-26	782	498
272	job_A	AF-A0A8S1C7J4-F1-model_v6	1	27	556	0.168	564	7.812e-25	732	498
273	job_A	AF-B3MF48-F1-model_v6	1	21	556	0.169	571	1.447e-23	642	498
274	job_A	AF-A0A232EMR9-F1-model_v6	1	27	556	0.168	576	4.005e-24	667	498
275	job_A	AF-A0A6J8DKW9-F1-model_v6	1	23	555	0.182	564	2.027e-27	796	498
276	job_A	AF-A0A8S9WR52-F1-model_v6	1	41	555	0.158	563	1.827e-23	649	498
277	job_A	AF-A0A921YKF8-F1-model_v6	1	26	555	0.182	571	1.313e-26	747	498
278	job_A	AF-A0A9X0A4A1-F1-model_v6	1	17	554	0.19	568	3.131e-28	835	498
279	job_A	AF-B7Q1U9-F1-model_v6	1	30	554	0.186	557	4.192e-28	839	498
280	job_A	AF-A0A2J7RMU9-F1-model_v6	1	24	554	0.182	565	1.271e-27	791	498
281	job_A	AF-A0A7R8SEK3-F1-model_v6	1	28	554	0.181	569	2.107e-24	693	498
282	job_A	AF-A0A3E0NXY0-F1-model_v6	1	63	553	0.189	527	5.95e-28	867	498
283	job_A	AF-A0AAF5DKN4-F1-model_v6	1	19	553	0.19	571	1.039e-26	780	498
284	job_A	AF-A0A1B0CZT2-F1-model_v6	1	26	553	0.153	568	1.937e-23	656	498
285	job_A	AF-A0A1I1EIE3-F1-model_v6	1	65	553	0.205	526	3.091e-32	977	498
286	job_A	AF-A0A2V9CH75-F1-model_v6	1	50	553	0.236	529	4.032e-31	938	498
287	job_A	AF-A0AAU5TLL5-F1-model_v6	1	53	553	0.187	538	4.415e-30	892	498
288	job_A	AF-A0A2Z4HQ15-F1-model_v6	1	22	552	0.158	573	2.308e-23	655	498
289	job_A	AF-A0A0K0FZS2-F1-model_v6	1	7	552	0.192	570	4.711e-28	861	498
290	job_A	AF-A0A9D4CGT1-F1-model_v6	1	12	552	0.171	560	1.102e-26	802	498
291	job_A	AF-A0A074ZI68-F1-model_v6	1	26	552	0.17	534	6.027e-24	706	498
292	job_A	AF-A0AA36D3J2-F1-model_v6	1	26	552	0.16	574	1.246e-24	688	498
293	job_A	AF-A0A2D6ZMK3-F1-model_v6	1	23	551	0.228	556	1.419e-29	905	498
294	job_A	AF-A0A7R9CL51-F1-model_v6	1	30	551	0.18	564	2.278e-27	798	498
295	job_A	AF-A0A6J1RZ37-F1-model_v6	1	38	551	0.182	538	2.84e-22	637	498
296	job_A	AF-A0A928JHM4-F1-model_v6	1	60	550	0.19	545	9.491e-28	780	498
297	job_A	AF-A0A7M7Q1B4-F1-model_v6	1	37	550	0.181	572	3.754e-26	719	498
298	job_A	AF-A0A6G0V603-F1-model_v6	1	56	550	0.14	555	3.233e-18	480	498
299	job_A	AF-A0A8S9WQI6-F1-model_v6	1	28	550	0.152	565	2.446e-23	671	498
300	job_A	AF-B7PI66-F1-model_v6	1	25	549	0.18	548	7.322e-27	823	498
301	job_A	AF-A0A7E4VUT9-F1-model_v6	1	32	548	0.181	566	1.238e-26	750	498
302	job_A	AF-A0A6J2JX31-F1-model_v6	1	38	548	0.17	557	2.822e-24	682	498
303	job_A	AF-A0A9P0DTP8-F1-model_v6	1	34	547	0.194	549	8.018e-26	780	498
304	job_A	AF-A0A8C5HYF7-F1-model_v6	1	28	546	0.217	537	1.584e-31	988	498
305	job_A	AF-A0A0K0F5D5-F1-model_v6	1	26	546	0.179	563	2.234e-24	676	498
306	job_A	AF-T1JEJ8-F1-model_v6	1	24	546	0.195	552	1.131e-27	802	498
307	job_A	AF-A0A452G1D0-F1-model_v6	1	24	545	0.16	554	1.214e-23	675	498
308	job_A	AF-A0A1I8PLJ9-F1-model_v6	1	39	545	0.199	556	3.778e-24	650	498
309	job_A	AF-A0ABC9XEQ8-F1-model_v6	1	167	545	0.232	413	4.246e-24	720	498
310	job_A	AF-A0A915I4V4-F1-model_v6	1	17	545	0.175	580	7.134e-26	724	498
311	job_A	AF-A0A0J1BQ06-F1-model_v6	1	31	545	0.199	552	6.187e-34	1052	498
312	job_A	AF-A0A8C8SQT5-F1-model_v6	1	19	544	0.176	560	1.534e-23	687	498
313	job_A	AF-A0A6P4XVT1-F1-model_v6	1	30	544	0.183	545	1.428e-27	835	498
314	job_A	AF-A0A2A6BGG9-F1-model_v6	1	20	544	0.185	566	1.006e-27	805	498
315	job_A	AF-A0AAD6VAW5-F1-model_v6	1	18	544	0.161	570	1.925e-25	709	498
316	job_A	AF-A0A930JXM7-F1-model_v6	1	48	543	0.208	533	3.853e-27	797	498
317	job_A	AF-A0A1B6JIA5-F1-model_v6	1	6	543	0.189	574	5.026e-26	746	498
318	job_A	AF-A0AAE0L572-F1-model_v6	1	22	543	0.192	556	1.514e-27	799	498
319	job_A	AF-A0AAY4C7M1-F1-model_v6	1	23	543	0.174	551	1.356e-25	739	498
320	job_A	AF-R7VCC3-F1-model_v6	1	3	543	0.156	562	9.307e-25	723	498
321	job_A	AF-A0A2B8AMD9-F1-model_v6	1	65	542	0.219	511	2.679e-31	965	498
322	job_A	AF-A0A955YKR9-F1-model_v6	1	43	542	0.18	550	2.264e-29	835	498
323	job_A	AF-A0A9Q1BRT1-F1-model_v6	1	23	542	0.202	544	4.058e-29	915	498
324	job_A	AF-A0A8F8N552-F1-model_v6	1	27	542	0.18	554	3.45e-25	707	498
325	job_A	AF-A0A093YE22-F1-model_v6	1	26	542	0.146	567	2.014e-20	591	498
326	job_A	AF-G8XGG0-F1-model_v6	1	93	541	0.219	483	1.168e-26	813	498
327	job_A	AF-A0AAN9B6Z0-F1-model_v6	1	22	541	0.176	568	5.649e-26	753	498
328	job_A	AF-A0A8S1EN92-F1-model_v6	1	27	541	0.203	559	1.485e-24	701	498
329	job_A	AF-A0A5N5CVT9-F1-model_v6	1	21	541	0.157	573	2.001e-22	655	498
330	job_A	AF-A0A7M7RHE2-F1-model_v6	1	25	541	0.188	551	2.611e-30	891	498
331	job_A	AF-A0A7G6VZX4-F1-model_v6	1	36	540	0.18	526	2.714e-27	844	498
332	job_A	AF-A0A0C5KNZ2-F1-model_v6	1	28	540	0.174	555	5.294e-28	814	498
333	job_A	AF-A0A9P4I592-F1-model_v6	1	27	540	0.184	552	1.485e-24	723	498
334	job_A	AF-A0A9P0CE28-F1-model_v6	1	20	540	0.178	556	2.991e-24	673	498
335	job_A	AF-A0A7W7L859-F1-model_v6	1	49	539	0.188	530	7.088e-28	829	498
336	job_A	AF-J2B5V7-F1-model_v6	1	53	539	0.207	516	1.026e-30	951	498
337	job_A	AF-A0A9Q8SIX7-F1-model_v6	1	24	539	0.18	555	1.138e-25	718	498
338	job_A	AF-A0AAW1L989-F1-model_v6	1	27	539	0.18	554	1.758e-26	756	498
339	job_A	AF-A0A8K0WP48-F1-model_v6	1	38	539	0.186	541	9.307e-25	712	498
340	job_A	AF-A0A369H751-F1-model_v6	1	19	539	0.165	561	1.145e-23	691	498
341	job_A	AF-A0A812N9Y3-F1-model_v6	1	25	538	0.149	548	7.812e-25	735	498
342	job_A	AF-A0AAD7HEY4-F1-model_v6	1	18	538	0.18	559	4.111e-25	721	498
343	job_A	AF-F9XHR4-F1-model_v6	1	9	538	0.174	568	4.741e-26	707	498
344	job_A	AF-A0A0A1T8L7-F1-model_v6	1	23	538	0.167	567	1.574e-24	656	498
345	job_A	AF-A0A3G8GJA3-F1-model_v6	1	57	537	0.209	511	6.818e-31	961	498
346	job_A	AF-A9V9I9-F1-model_v6	1	34	537	0.167	549	2.08e-28	861	498
347	job_A	AF-A0A8D8X1N2-F1-model_v6	1	17	537	0.169	562	8.723e-27	783	498
348	job_A	AF-A0A1B6EQ89-F1-model_v6	1	18	537	0.164	571	3.171e-24	704	498
349	job_A	AF-A0A3S2PAK4-F1-model_v6	1	38	537	0.169	544	3.405e-20	556	498
350	job_A	AF-A0A0B2VWT9-F1-model_v6	1	15	537	0.194	556	1.199e-27	818	498
351	job_A	AF-A0A1V5VD70-F1-model_v6	1	36	537	0.231	539	7.182e-33	991	498
352	job_A	AF-A0A2E7ITX2-F1-model_v6	1	42	536	0.21	538	8.176e-29	839	498
353	job_A	AF-A0AAW3U8K4-F1-model_v6	1	40	536	0.186	536	2.08e-28	842	498
354	job_A	AF-B4QZP3-F1-model_v6	1	11	536	0.17	564	3.979e-26	748	498
355	job_A	AF-A0A1I5GVQ7-F1-model_v6	1	73	535	0.229	506	1.222e-30	908	498
356	job_A	AF-A0AAD8CCG2-F1-model_v6	1	27	535	0.209	549	6.473e-29	845	498
357	job_A	AF-A0A1V1TJS6-F1-model_v6	1	29	535	0.2	545	7.088e-28	819	498
358	job_A	AF-A0A9P0AJZ4-F1-model_v6	1	24	535	0.187	550	7.812e-25	702	498
359	job_A	AF-A0A158P517-F1-model_v6	1	28	534	0.184	543	1.669e-24	728	498
360	job_A	AF-A0A0K8SJ36-F1-model_v6	1	17	534	0.182	549	2.877e-27	795	498
361	job_A	AF-A0A9D4SV08-F1-model_v6	1	36	534	0.18	538	7.661e-22	595	498
362	job_A	AF-A0A0K1E694-F1-model_v6	1	44	533	0.199	526	4.93e-32	985	498
363	job_A	AF-A0A5N6YCV3-F1-model_v6	1	21	533	0.213	544	7.966e-28	807	498
364	job_A	AF-A0A7R9EBL9-F1-model_v6	1	26	533	0.186	558	6.307e-28	806	498
365	job_A	AF-A0A8K0AGQ9-F1-model_v6	1	23	532	0.187	554	6.307e-28	798	498
366	job_A	AF-A0AAW1IFY6-F1-model_v6	1	24	532	0.195	553	8.723e-27	767	498
367	job_A	AF-A0A940JM51-F1-model_v6	1	45	531	0.217	520	3.297e-30	951	498
368	job_A	AF-A0A2T5MD84-F1-model_v6	1	46	531	0.185	534	2.323e-30	931	498
369	job_A	AF-A0A9J7KAM7-F1-model_v6	1	22	531	0.214	537	6.267e-30	915	498
370	job_A	AF-A0A0D2N344-F1-model_v6	1	19	531	0.157	553	4.137e-23	679	498
371	job_A	AF-B3SA27-F1-model_v6	1	5	530	0.198	549	5.76e-29	885	498
372	job_A	AF-A0A8B6EZX4-F1-model_v6	1	34	530	0.174	516	2.234e-24	692	498
373	job_A	AF-A0A5N4A153-F1-model_v6	1	23	530	0.208	538	9.248e-27	756	498
374	job_A	AF-A0AAW0XJX0-F1-model_v6	1	51	530	0.219	506	8.555e-24	690	498
375	job_A	AF-A0A3A9C088-F1-model_v6	1	67	530	0.23	533	2.972e-26	752	498
376	job_A	AF-A0A084QP96-F1-model_v6	1	22	530	0.162	555	1.176e-24	704	498
377	job_A	AF-A0A641AR72-F1-model_v6	1	54	529	0.188	519	3.634e-27	832	498
378	job_A	AF-A0AAJ6QQN6-F1-model_v6	1	19	529	0.178	544	3.05e-27	810	498
379	job_A	AF-A0A8W7NZU8-F1-model_v6	1	4	529	0.177	563	1.815e-25	730	498
380	job_A	AF-A0A9D4SWU0-F1-model_v6	1	32	529	0.173	530	2.191e-21	590	498
381	job_A	AF-A0A5F9CRE5-F1-model_v6	1	12	529	0.176	554	2.353e-26	751	498
382	job_A	AF-W3WTU5-F1-model_v6	1	24	529	0.197	551	6.907e-27	757	498
383	job_A	AF-A0AAN6VC75-F1-model_v6	1	24	529	0.194	545	1.246e-24	716	498
384	job_A	AF-A0A0N5CHF4-F1-model_v6	1	30	529	0.186	515	1.899e-20	573	498
385	job_A	AF-A0A8S1C6R3-F1-model_v6	1	3	527	0.194	566	2.4e-29	845	498
386	job_A	AF-A0A8W8IIX7-F1-model_v6	1	15	527	0.21	547	4.711e-28	805	498
387	job_A	AF-A0A0A9ZAI8-F1-model_v6	1	34	527	0.2	519	1.109e-24	692	498
388	job_A	AF-A0A7R8VR99-F1-model_v6	1	14	527	0.185	594	4.559e-20	518	498
389	job_A	AF-C7ZKH4-F1-model_v6	1	15	527	0.193	538	8.071e-33	1006	498
390	job_A	AF-A0A6I3F4R4-F1-model_v6	1	46	526	0.208	508	4.65e-32	1031	498
391	job_A	AF-A0A935KNA2-F1-model_v6	1	36	526	0.219	525	1.839e-30	948	498
392	job_A	AF-A0A9D7QMS5-F1-model_v6	1	34	526	0.193	532	7.275e-29	871	498
393	job_A	AF-A0A7S3PU08-F1-model_v6	1	103	526	0.189	470	1.138e-16	466	498
394	job_A	AF-A0AAQ4ENQ1-F1-model_v6	1	58	526	0.218	499	8.5e-26	791	498
395	job_A	AF-A0A4Q3XN05-F1-model_v6	1	25	525	0.216	530	1.937e-32	1015	498
396	job_A	AF-A7SIV4-F1-model_v6	1	5	525	0.199	546	1.263e-29	894	498
397	job_A	AF-A0A1H3WNN7-F1-model_v6	1	66	525	0.187	508	3.73e-28	821	498
398	job_A	AF-D1BEC0-F1-model_v6	1	24	525	0.178	537	2.293e-25	798	498
399	job_A	AF-A0A1F9AEJ2-F1-model_v6	1	21	525	0.188	553	1.437e-25	713	498
400	job_A	AF-A0A4Q4USQ3-F1-model_v6	1	33	525	0.164	542	1.769e-24	702	498
401	job_A	AF-A0A8I6TJU6-F1-model_v6	1	16	525	0.167	556	1.365e-23	671	498
402	job_A	AF-A0A2K8JMJ0-F1-model_v6	1	21	525	0.185	550	2.972e-26	737	498
403	job_A	AF-A0A1B0BPB4-F1-model_v6	1	205	525	0.225	341	3.069e-16	473	498
404	job_A	AF-A0A9J6ELG3-F1-model_v6	1	226	525	0.207	314	1.533e-14	441	498
405	job_A	AF-A0A1E4JZP1-F1-model_v6	1	38	524	0.203	517	3.213e-29	919	498
406	job_A	AF-T1HC30-F1-model_v6	1	14	524	0.195	547	6.185e-25	722	498
407	job_A	AF-A0A3N5FHY3-F1-model_v6	1	47	524	0.204	509	1.41e-31	991	498
408	job_A	AF-A0A955ZL69-F1-model_v6	1	43	523	0.204	519	1.544e-30	939	498
409	job_A	AF-A0A8F8MYY8-F1-model_v6	1	5	523	0.193	562	7.563e-26	749	498
410	job_A	AF-A0A1D2N0B0-F1-model_v6	1	14	523	0.16	543	2.952e-19	526	498
411	job_A	AF-A0A0Q8VT93-F1-model_v6	1	41	523	0.182	537	6.687e-28	810	498
412	job_A	AF-A0A1H5YIH1-F1-model_v6	1	45	522	0.207	510	8.123e-31	952	498
413	job_A	AF-A0A5N5D6T8-F1-model_v6	1	26	522	0.178	556	7.612e-24	682	498
414	job_A	AF-A0A4P7HDF0-F1-model_v6	1	3	521	0.193	548	7.762e-27	786	498
415	job_A	AF-A0A437MM15-F1-model_v6	1	30	521	0.209	526	3.611e-29	919	498
416	job_A	AF-A0A8J1TSP8-F1-model_v6	1	22	521	0.186	543	3.05e-27	787	498
417	job_A	AF-A0A094FX26-F1-model_v6	1	23	521	0.193	538	9.552e-26	758	498
418	job_A	AF-A0A5P9EYG1-F1-model_v6	1	17	520	0.208	551	1.466e-28	837	498
419	job_A	AF-A0A427XNX4-F1-model_v6	1	29	520	0.162	536	1.06e-20	590	498
420	job_A	AF-A0A3N0GY69-F1-model_v6	1	4	519	0.202	553	1.304e-28	871	498
421	job_A	AF-H2Y0W3-F1-model_v6	1	5	519	0.197	547	8.229e-27	779	498
422	job_A	AF-A0A5R9JDD0-F1-model_v6	1	22	519	0.187	538	2.859e-29	858	498
423	job_A	AF-A0A139WFF6-F1-model_v6	1	1	519	0.204	562	1.963e-28	795	498
424	job_A	AF-A0A8I1RVD0-F1-model_v6	1	19	518	0.208	538	1.975e-26	764	498
425	job_A	AF-A0A843LVP7-F1-model_v6	1	3	518	0.18	550	1.401e-24	701	498
426	job_A	AF-A0A9P0HSM7-F1-model_v6	1	20	518	0.166	542	4.358e-25	723	498
427	job_A	AF-A0A3P7P403-F1-model_v6	1	4	518	0.194	540	5.91e-21	587	498
428	job_A	AF-G0HA48-F1-model_v6	1	10	517	0.192	550	1.339e-29	878	498
429	job_A	AF-A0A534QCA1-F1-model_v6	1	7	517	0.19	541	6.473e-29	910	498
430	job_A	AF-A0A4Q3CPT0-F1-model_v6	1	49	517	0.19	536	5.835e-25	733	498
431	job_A	AF-A0AAU1JV38-F1-model_v6	1	33	517	0.184	519	1.605e-27	838	498
432	job_A	AF-A0A6N9BVN4-F1-model_v6	1	5	516	0.187	549	5.649e-26	804	498
433	job_A	AF-A0A953QK99-F1-model_v6	1	23	516	0.188	531	4.192e-28	819	498
434	job_A	AF-A0A6F9CB00-F1-model_v6	1	26	516	0.167	561	1.485e-24	687	498
435	job_A	AF-A0A957M343-F1-model_v6	1	3	515	0.219	538	2.249e-31	972	498
436	job_A	AF-A0A7Y9ISW3-F1-model_v6	1	39	515	0.184	527	1.313e-26	818	498
437	job_A	AF-A0A4C1V0F4-F1-model_v6	1	22	515	0.194	539	7.322e-27	791	498
438	job_A	AF-A0AAQ4DXR6-F1-model_v6	1	2	515	0.212	550	5.797e-27	821	498
439	job_A	AF-A0A7Y3M6J7-F1-model_v6	1	1	514	0.212	545	7.228e-31	918	498
440	job_A	AF-A0A9P1C2F7-F1-model_v6	1	20	513	0.172	551	8.282e-25	704	498
441	job_A	AF-A0A6G1H8K4-F1-model_v6	1	33	513	0.175	540	2.308e-23	670	498
442	job_A	AF-A0A3E3J5S6-F1-model_v6	1	3	513	0.18	548	6.473e-29	839	498
443	job_A	AF-A0ABD1JSD8-F1-model_v6	1	130	513	0.183	392	7.367e-16	464	498
444	job_A	AF-A0A847VL10-F1-model_v6	1	29	512	0.18	532	7.466e-30	903	498
445	job_A	AF-A0A2A9G1F9-F1-model_v6	1	48	512	0.198	515	1.304e-28	848	498
446	job_A	AF-A0A0K8VD43-F1-model_v6	1	108	512	0.181	418	4.357e-16	455	498
447	job_A	AF-G3Q2T3-F1-model_v6	1	41	511	0.225	488	1.887e-22	631	498
448	job_A	AF-A0A3L8BMW0-F1-model_v6	1	3	510	0.223	542	7.043e-30	941	498
449	job_A	AF-A0A9E1GJS8-F1-model_v6	1	44	510	0.167	544	1.514e-18	517	498
450	job_A	AF-A0A2D7FZF4-F1-model_v6	1	4	509	0.197	546	9.43e-30	867	498
451	job_A	AF-A0A9W8JAN9-F1-model_v6	1	19	509	0.179	528	5.722e-22	630	498
452	job_A	AF-A0A2E0SAQ6-F1-model_v6	1	23	508	0.189	528	1.419e-29	892	498
453	job_A	AF-A0A8C5AFK9-F1-model_v6	1	27	508	0.226	508	7.275e-29	847	498
454	job_A	AF-A0AAE3ECR4-F1-model_v6	1	3	508	0.208	533	3.706e-30	920	498
455	job_A	AF-A0A0K0XRM2-F1-model_v6	1	19	508	0.182	553	1.138e-25	675	498
456	job_A	AF-A0A7J7ZSJ6-F1-model_v6	1	33	507	0.231	496	2.206e-28	864	498
457	job_A	AF-A0A935T2E2-F1-model_v6	1	3	506	0.224	531	2.323e-30	947	498
458	job_A	AF-A0A9C8RKF6-F1-model_v6	1	59	506	0.174	527	2.804e-26	805	498
459	job_A	AF-A0A917X6R2-F1-model_v6	1	17	506	0.19	546	2.915e-23	657	498
460	job_A	AF-A0AAU6C6C4-F1-model_v6	1	10	505	0.196	523	3.213e-29	934	498
461	job_A	AF-A0AA38MBB7-F1-model_v6	1	4	505	0.199	542	5.328e-26	758	498
462	job_A	AF-A0A914CNG4-F1-model_v6	1	8	505	0.234	532	1.067e-27	797	498
463	job_A	AF-A0A7K0RAW8-F1-model_v6	1	10	504	0.215	530	1.584e-31	976	498
464	job_A	AF-A0A838L201-F1-model_v6	1	13	504	0.196	523	2.714e-27	809	498
465	job_A	AF-A0A0N4ZAC4-F1-model_v6	1	1	504	0.192	531	4.33e-27	824	498
466	job_A	AF-A0A6G0ZG90-F1-model_v6	1	27	504	0.199	536	1.046e-24	668	498
467	job_A	AF-A0A8H5Y3Q1-F1-model_v6	1	19	503	0.196	523	1.595e-29	928	498
468	job_A	AF-A0A7W4TIW1-F1-model_v6	1	3	503	0.165	549	3.151e-26	805	498
469	job_A	AF-B7P3Z1-F1-model_v6	1	27	503	0.209	506	5.059e-24	717	498
470	job_A	AF-A0A319B238-F1-model_v6	1	30	503	0.17	517	1.679e-22	640	498
471	job_A	AF-E4YVU0-F1-model_v6	1	1	503	0.172	556	1.33e-22	613	498
472	job_A	AF-A0A484FNR6-F1-model_v6	1	34	502	0.185	527	8.555e-24	688	498
473	job_A	AF-A0A1I8FSR0-F1-model_v6	1	64	502	0.142	456	6.103e-11	286	498
474	job_A	AF-A0A520LE06-F1-model_v6	1	22	501	0.193	531	2.135e-29	904	498
475	job_A	AF-A0A174R4K2-F1-model_v6	1	9	501	0.198	525	5.912e-30	925	498
476	job_A	AF-A0A2G3E518-F1-model_v6	1	11	501	0.194	536	8.018e-26	718	498
477	job_A	AF-A0A9P0JQF5-F1-model_v6	1	23	501	0.173	565	2.877e-18	468	498
478	job_A	AF-A0A7W0IWH9-F1-model_v6	1	3	500	0.213	535	3.954e-28	886	498
479	job_A	AF-A0A7M7M861-F1-model_v6	1	23	500	0.163	558	6.861e-20	546	498
480	job_A	AF-B0XAZ4-F1-model_v6	1	25	499	0.199	517	1.087e-21	604	498
481	job_A	AF-A0A1S8DHB7-F1-model_v6	1	1	498	0.2	534	1.456e-30	919	498
482	job_A	AF-A0A1T4YLP4-F1-model_v6	1	9	498	0.184	543	1.605e-27	815	498
483	job_A	AF-A0A3D2LDW0-F1-model_v6	1	33	498	0.211	487	1.356e-25	761	498
484	job_A	AF-A0A6J8E6H8-F1-model_v6	1	18	497	0.201	511	1.534e-23	700	498
485	job_A	AF-A0A1L9PXX8-F1-model_v6	1	19	497	0.199	542	6.515e-27	742	498
486	job_A	AF-A0A0N5A6E3-F1-model_v6	1	40	497	0.193	485	9.428e-21	604	498
487	job_A	AF-A0A2N3R9X6-F1-model_v6	1	1	497	0.206	538	2.067e-30	878	498
488	job_A	AF-A0A9P6KP51-F1-model_v6	1	35	497	0.179	525	1.41e-22	629	498
489	job_A	AF-A0A9P8G017-F1-model_v6	1	27	497	0.194	534	2.293e-25	739	498
490	job_A	AF-A0A9W9FVR6-F1-model_v6	1	27	496	0.19	540	5.539e-23	688	498
491	job_A	AF-A0A3E2GTI0-F1-model_v6	1	1	495	0.212	537	8.838e-32	946	498
492	job_A	AF-A0A916Y3U3-F1-model_v6	1	5	495	0.19	524	7.134e-26	798	498
493	job_A	AF-A0A5R8L882-F1-model_v6	1	18	495	0.203	535	1.23e-28	827	498
494	job_A	AF-A0A0C5VMN8-F1-model_v6	1	37	495	0.183	518	1.679e-22	548	498
495	job_A	AF-K1WNK8-F1-model_v6	1	11	495	0.195	523	1.615e-25	739	498
496	job_A	AF-A0A8S9ZMW4-F1-model_v6	1	48	495	0.183	549	1.16e-19	478	498
497	job_A	AF-A0A158M7Z4-F1-model_v6	1	5	494	0.171	530	3.754e-26	814	498
498	job_A	AF-A0A2M3ZEW4-F1-model_v6	1	31	494	0.193	496	7.417e-23	615	498
499	job_A	AF-A0A6P4J9K4-F1-model_v6	1	20	494	0.178	521	6.557e-25	689	498
500	job_A	AF-A0A9P9YI83-F1-model_v6	1	33	494	0.146	554	3.979e-17	448	498
501	job_A	AF-A0A849IVZ4-F1-model_v6	1	3	493	0.208	527	1.263e-29	911	498
502	job_A	AF-A0A8C1LLD0-F1-model_v6	1	5	493	0.164	530	5.225e-23	657	498
503	job_A	AF-A0A7D6VG68-F1-model_v6	1	3	492	0.209	530	9.37e-32	995	498
504	job_A	AF-A0A556AYU6-F1-model_v6	1	9	492	0.193	531	2.479e-28	876	498
505	job_A	AF-A0A2Z4HPR5-F1-model_v6	1	6	492	0.191	523	1.401e-24	716	498
506	job_A	AF-W3XNC4-F1-model_v6	1	32	492	0.183	524	1.214e-23	676	498
507	job_A	AF-A0A2H1VWF0-F1-model_v6	1	26	492	0.219	505	1.214e-23	652	498
508	job_A	AF-N6U8D5-F1-model_v6	1	22	492	0.163	515	1.544e-21	611	498
509	job_A	AF-A0A9X2AFG1-F1-model_v6	1	1	491	0.215	524	7.182e-33	1003	498
510	job_A	AF-A0A8J6HXK3-F1-model_v6	1	21	491	0.211	521	1.447e-23	625	498
511	job_A	AF-A0A9P4LXD2-F1-model_v6	1	1	490	0.166	547	3.255e-25	716	498
512	job_A	AF-A0A2J7RMN3-F1-model_v6	1	1	490	0.217	519	1.347e-27	790	498
513	job_A	AF-A0A9P0KI30-F1-model_v6	1	24	490	0.205	502	2.446e-23	680	498
514	job_A	AF-A0A8S4RAE5-F1-model_v6	1	56	490	0.194	488	4.649e-23	672	498
515	job_A	AF-A0AAU6G162-F1-model_v6	1	42	489	0.182	481	1.712e-25	744	498
516	job_A	AF-C5BY90-F1-model_v6	1	7	489	0.171	535	1.658e-26	792	498
517	job_A	AF-A0A8C8RLK3-F1-model_v6	1	29	489	0.205	496	2.22e-26	784	498
518	job_A	AF-A0A2A2LAN1-F1-model_v6	1	15	489	0.198	510	2.177e-23	660	498
519	job_A	AF-A0A1R3UT52-F1-model_v6	1	5	488	0.214	526	1.263e-29	889	498
520	job_A	AF-A0A8S4RAY3-F1-model_v6	1	24	488	0.21	494	5.872e-23	661	498
521	job_A	AF-A0A4Z1HT68-F1-model_v6	1	46	488	0.181	462	1.066e-18	487	498
522	job_A	AF-A0AAE9A609-F1-model_v6	1	15	487	0.205	520	1.287e-23	634	498
523	job_A	AF-A0A7X0CIZ8-F1-model_v6	1	27	487	0.203	501	1.701e-27	830	498
524	job_A	AF-A0A1Q4X6M8-F1-model_v6	1	5	486	0.194	513	1.16e-28	884	498
525	job_A	AF-B4MQF4-F1-model_v6	1	9	486	0.178	528	1.78e-22	579	498
526	job_A	AF-A0A4U5NTB6-F1-model_v6	1	37	486	0.18	470	3.011e-22	656	498
527	job_A	AF-A0A317LYW1-F1-model_v6	1	6	485	0.205	512	8.391e-30	897	498
528	job_A	AF-A0A3B4A807-F1-model_v6	1	29	485	0.197	495	6.599e-23	575	498
529	job_A	AF-A0A1B6L8Q2-F1-model_v6	1	6	485	0.212	509	2.177e-23	646	498
530	job_A	AF-A0ABD1DPC5-F1-model_v6	1	1	485	0.188	551	3.61e-20	475	498
531	job_A	AF-A0AAD9F106-F1-model_v6	1	23	484	0.174	540	4.164e-21	592	498
532	job_A	AF-A0A2T7PTX6-F1-model_v6	1	28	484	0.178	509	3.903e-23	660	498
533	job_A	AF-A0A0D6M627-F1-model_v6	1	86	484	0.196	407	6.184e-16	452	498
534	job_A	AF-H3KC83-F1-model_v6	1	37	483	0.185	512	5.988e-26	770	498
535	job_A	AF-A0A9J6FYI3-F1-model_v6	1	14	483	0.176	504	2.249e-22	642	498
536	job_A	AF-A0A7R9M3L2-F1-model_v6	1	41	482	0.179	484	4.443e-19	527	498
537	job_A	AF-A0A8T6IEN1-F1-model_v6	1	6	481	0.212	518	5.988e-26	774	498
538	job_A	AF-A0A6N2DGZ6-F1-model_v6	1	14	481	0.2	503	1.296e-30	994	498
539	job_A	AF-A0A8S3XS23-F1-model_v6	1	21	480	0.174	503	4.929e-23	661	498
540	job_A	AF-A0AAU7WGZ2-F1-model_v6	1	1	479	0.215	519	1.191e-29	885	498
541	job_A	AF-W6NB80-F1-model_v6	1	3	479	0.165	532	3.192e-22	614	498
542	job_A	AF-A0A925S4Z8-F1-model_v6	1	8	478	0.193	506	7.966e-28	857	498
543	job_A	AF-A0A1G3K6K5-F1-model_v6	1	4	478	0.192	520	9.491e-28	823	498
544	job_A	AF-A0A0U1DPF9-F1-model_v6	1	4	478	0.199	522	1.16e-28	832	498
545	job_A	AF-A0A2I2FQ15-F1-model_v6	1	22	478	0.173	514	1.485e-24	743	498
546	job_A	AF-A0A094S4B7-F1-model_v6	1	1	477	0.207	516	6.818e-31	959	498
547	job_A	AF-A0AA37US97-F1-model_v6	1	1	475	0.182	521	8.5e-26	778	498
548	job_A	AF-A0A1A7YCR8-F1-model_v6	1	23	475	0.188	482	1.123e-20	582	498
549	job_A	AF-A0A0R2R6I7-F1-model_v6	1	1	475	0.202	508	3.611e-29	920	498
550	job_A	AF-A0AAV6V629-F1-model_v6	1	32	475	0.201	447	6.514e-18	563	498
551	job_A	AF-A0A1I7MRA0-F1-model_v6	1	39	473	0.193	487	3.681e-23	650	498
552	job_A	AF-A0A495UJA2-F1-model_v6	1	8	472	0.183	508	7.762e-27	806	498
553	job_A	AF-A0ABD1EET7-F1-model_v6	1	1	471	0.162	486	6.905e-18	536	498
554	job_A	AF-A0A146M1B1-F1-model_v6	1	2	471	0.162	516	7.913e-21	577	498
555	job_A	AF-A0A6J0SIP3-F1-model_v6	1	1	469	0.205	497	8.723e-27	817	498
556	job_A	AF-A0A7C1SPV6-F1-model_v6	1	16	469	0.193	490	1.636e-21	549	498
557	job_A	AF-A0A6A5ZBF5-F1-model_v6	1	28	469	0.187	508	2.384e-22	616	498
558	job_A	AF-A0A8D8BPM2-F1-model_v6	1	74	469	0.185	409	8.016e-17	477	498
559	job_A	AF-A0A8B8FHG5-F1-model_v6	1	2	468	0.183	497	1.701e-18	511	498
560	job_A	AF-J6EZ91-F1-model_v6	1	26	466	0.158	487	3.852e-18	496	498
561	job_A	AF-A0A9P5R7U3-F1-model_v6	1	6	465	0.186	482	2.08e-19	567	498
562	job_A	AF-A0A5G2QWJ0-F1-model_v6	1	33	464	0.216	448	1.494e-22	660	498
563	job_A	AF-A0A939L6Y2-F1-model_v6	1	7	463	0.191	490	1.494e-22	668	498
564	job_A	AF-A0A2S2R9A2-F1-model_v6	1	10	463	0.217	473	2.462e-21	630	498
565	job_A	AF-A0A3Q2G8Z5-F1-model_v6	1	35	463	0.208	451	6.43e-22	633	498
566	job_A	AF-A0AAD4MZJ4-F1-model_v6	1	8	462	0.193	486	1.08e-23	634	498
567	job_A	AF-A0A6J8AH09-F1-model_v6	1	30	462	0.177	463	1.087e-21	615	498
568	job_A	AF-A0A2G5SKK0-F1-model_v6	1	21	462	0.172	500	1.553e-19	536	498
569	job_A	AF-A0A2J7QKJ9-F1-model_v6	1	23	460	0.183	486	1.504e-20	562	498
570	job_A	AF-A0A9P0CDW9-F1-model_v6	1	28	460	0.175	473	2.205e-19	533	498
571	job_A	AF-A0A8J1MXF5-F1-model_v6	1	15	459	0.222	454	1.392e-26	821	498
572	job_A	AF-A0A4R6VJ77-F1-model_v6	1	6	458	0.196	520	1.485e-24	695	498
573	job_A	AF-C3Y7S1-F1-model_v6	1	4	455	0.228	482	5.797e-27	806	498
574	job_A	AF-A0A0P7TJV7-F1-model_v6	1	83	455	0.197	405	3.318e-19	576	498
575	job_A	AF-A0A4Y2BH61-F1-model_v6	1	1	455	0.168	487	2.696e-20	568	498
576	job_A	AF-A0A6L5XAK8-F1-model_v6	1	23	453	0.181	501	4.358e-25	759	498
577	job_A	AF-A0A0F9SEC6-F1-model_v6	1	1	453	0.232	487	8.5e-26	791	498
578	job_A	AF-A0A0V0YAB5-F1-model_v6	1	36	452	0.204	441	7.417e-23	667	498
579	job_A	AF-A0A9W6V6F6-F1-model_v6	1	13	450	0.173	456	3.011e-22	677	498
580	job_A	AF-A0A8C3JF20-F1-model_v6	1	31	450	0.218	434	8.122e-22	640	498
581	job_A	AF-A0A9P0KN36-F1-model_v6	1	2	450	0.182	461	1.246e-15	449	498
582	job_A	AF-A0A922MWB0-F1-model_v6	1	3	449	0.205	517	1.153e-21	567	498
583	job_A	AF-A0A0N4XKA6-F1-model_v6	1	24	449	0.212	443	1.792e-20	597	498
584	job_A	AF-A0A1Y4RTT4-F1-model_v6	1	3	447	0.188	514	3.681e-23	704	498
585	job_A	AF-A0A2D9RDH2-F1-model_v6	1	4	446	0.199	456	3.171e-24	788	498
586	job_A	AF-A0A8E2F696-F1-model_v6	1	7	445	0.173	506	1.23e-19	544	498
587	job_A	AF-A0A1A0IV97-F1-model_v6	1	25	444	0.182	482	1.222e-21	621	498
588	job_A	AF-A0A653C6L1-F1-model_v6	1	6	444	0.189	458	1.746e-19	560	498
589	job_A	AF-A0AAW0VU66-F1-model_v6	1	23	444	0.195	445	2.84e-22	614	498
590	job_A	AF-A0A835W0S0-F1-model_v6	1	1	444	0.178	447	1.484e-15	452	498
591	job_A	AF-A0A9W9RKE9-F1-model_v6	1	6	444	0.19	509	9.069e-24	685	498
592	job_A	AF-A0A9Q0AIQ3-F1-model_v6	1	31	442	0.191	470	1.504e-20	568	498
593	job_A	AF-A0AA36C8C9-F1-model_v6	1	24	442	0.168	458	1.757e-17	463	498
594	job_A	AF-A0A146LLE6-F1-model_v6	1	50	441	0.197	426	7.561e-17	474	498
595	job_A	AF-A0A9D1NVB8-F1-model_v6	1	5	440	0.198	474	2.308e-23	649	498
596	job_A	AF-A0A813TM56-F1-model_v6	1	21	440	0.218	425	5.649e-26	785	498
597	job_A	AF-A0ABD1E8A3-F1-model_v6	1	3	437	0.181	452	1.06e-20	595	498
598	job_A	AF-A0A3Q3WMM5-F1-model_v6	1	33	437	0.179	489	7.32e-18	475	498
599	job_A	AF-A0AAE0TSV3-F1-model_v6	1	2	437	0.165	453	2.162e-16	520	498
600	job_A	AF-A0A0L7LQY5-F1-model_v6	1	5	436	0.173	473	1.975e-17	452	498
601	job_A	AF-A0A953RCW2-F1-model_v6	1	1	436	0.207	468	1.191e-20	600	498
602	job_A	AF-A0A9J6G8X8-F1-model_v6	1	38	435	0.209	425	6.861e-20	602	498
603	job_A	AF-A0AAV8ZV45-F1-model_v6	1	26	435	0.177	435	3.191e-13	381	498
604	job_A	AF-A0A1Q6LRL7-F1-model_v6	1	1	434	0.176	527	1.925e-25	782	498
605	job_A	AF-A0A7R9JU93-F1-model_v6	1	17	434	0.188	498	1.304e-19	504	498
606	job_A	AF-A0A2U1ZVL3-F1-model_v6	1	9	434	0.201	491	1.41e-22	637	498
607	job_A	AF-A0A3C1E4M0-F1-model_v6	1	4	433	0.175	512	9.552e-26	779	498
608	job_A	AF-A0A7S4HY20-F1-model_v6	1	28	433	0.177	445	5.157e-18	525	498
609	job_A	AF-A0A914EV22-F1-model_v6	1	1	433	0.155	476	3.54e-17	477	498
610	job_A	AF-A0A9P0ILW6-F1-model_v6	1	59	433	0.195	404	1.712e-16	458	498
611	job_A	AF-A0A511M743-F1-model_v6	1	6	433	0.214	438	2.896e-25	783	498
612	job_A	AF-A0A8J2EM73-F1-model_v6	1	8	433	0.197	455	2.821e-15	434	498
613	job_A	AF-A0AAV7XBW4-F1-model_v6	1	55	432	0.192	384	4.589e-18	515	498
614	job_A	AF-A0A1C4YUM9-F1-model_v6	1	2	432	0.209	440	5.504e-25	790	498
615	job_A	AF-A0A3D0U950-F1-model_v6	1	1	432	0.199	466	2.662e-24	735	498
616	job_A	AF-A0A7R9C2Y1-F1-model_v6	1	4	431	0.146	498	2.234e-15	396	498
617	job_A	AF-A0A7K2C916-F1-model_v6	1	25	431	0.219	432	6.557e-25	739	498
618	job_A	AF-A0A950VE59-F1-model_v6	1	6	430	0.203	453	6.817e-22	654	498
619	job_A	AF-A0ABD5AX73-F1-model_v6	1	6	430	0.212	495	3.802e-22	589	498
620	job_A	AF-A0A0C9Q317-F1-model_v6	1	22	428	0.196	438	9.738e-20	574	498
621	job_A	AF-A0A915KYC1-F1-model_v6	1	21	428	0.209	425	9.674e-13	327	498
622	job_A	AF-A0AAV8ZNV8-F1-model_v6	1	75	426	0.209	401	8.721e-18	485	498
623	job_A	AF-A0A162KWZ0-F1-model_v6	1	10	426	0.163	466	1.924e-16	492	498
624	job_A	AF-A0A0K8WK01-F1-model_v6	1	33	425	0.207	438	1.605e-18	503	498
625	job_A	AF-A0AAV1GCP7-F1-model_v6	1	23	424	0.203	433	1.657e-17	501	498
626	job_A	AF-A0A1Q5TXQ4-F1-model_v6	1	2	424	0.179	434	2.107e-15	495	498
627	job_A	AF-A0A1S3K934-F1-model_v6	1	30	424	0.205	434	1.338e-20	576	498
628	job_A	AF-A0A1V1T2R7-F1-model_v6	1	2	424	0.151	441	3.563e-15	469	498
629	job_A	AF-A0A8H4LI41-F1-model_v6	1	28	423	0.186	456	8.951e-19	544	498
630	job_A	AF-A0A482XSG1-F1-model_v6	1	51	423	0.192	394	3.361e-15	442	498
631	job_A	AF-A0A8D8XFA8-F1-model_v6	1	48	419	0.237	400	3.587e-22	603	498
632	job_A	AF-A0A1B0GPC6-F1-model_v6	1	23	418	0.173	466	5.025e-17	427	498
633	job_A	AF-A0A2P5HH75-F1-model_v6	1	8	418	0.174	465	4.559e-20	568	498
634	job_A	AF-A0A137QVN6-F1-model_v6	1	21	418	0.179	440	1.523e-16	453	498
635	job_A	AF-A0A8J2WBT3-F1-model_v6	1	16	417	0.157	535	5.224e-14	303	498
636	job_A	AF-A0A6P7H0L6-F1-model_v6	1	5	416	0.181	446	4.414e-21	573	498
637	job_A	AF-A0AAV5UML9-F1-model_v6	1	21	415	0.223	425	4.53e-22	609	498
638	job_A	AF-A0A0B7A4X9-F1-model_v6	1	42	414	0.192	410	2.785e-19	505	498
639	job_A	AF-A0A9P9YWB5-F1-model_v6	1	137	413	0.25	295	4.03e-13	357	498
640	job_A	AF-A0A5N9FKH2-F1-model_v6	1	4	412	0.207	434	1.183e-22	680	498
641	job_A	AF-A0AAQ4FI14-F1-model_v6	1	1	412	0.219	442	2.08e-19	535	498
642	job_A	AF-F1L947-F1-model_v6	1	27	410	0.192	426	1.039e-17	485	498
643	job_A	AF-A0A1B6H876-F1-model_v6	1	50	409	0.203	383	2.991e-15	446	498
644	job_A	AF-S4VFV6-F1-model_v6	1	40	408	0.226	393	1.373e-21	633	498
645	job_A	AF-A0A7R9E5B3-F1-model_v6	1	22	407	0.152	525	2.292e-16	449	498
646	job_A	AF-A0A914E9I2-F1-model_v6	1	10	407	0.208	432	2.952e-19	543	498
647	job_A	AF-A0A131Y2C5-F1-model_v6	1	30	406	0.191	407	8.227e-18	497	498
648	job_A	AF-A0A9P0C9F9-F1-model_v6	1	2	405	0.228	411	1.701e-18	559	498
649	job_A	AF-A0A8H4UE72-F1-model_v6	1	31	405	0.223	399	8.28e-16	426	498
650	job_A	AF-A0A1B6CJM6-F1-model_v6	1	28	404	0.182	416	8.016e-17	447	498
651	job_A	AF-A0AAV5S780-F1-model_v6	1	3	403	0.16	442	2.895e-16	463	498
652	job_A	AF-A0A8T0EW20-F1-model_v6	1	2	401	0.178	414	1.046e-15	470	498
653	job_A	AF-A0AA40FFY5-F1-model_v6	1	35	400	0.216	388	8.443e-19	546	498
654	job_A	AF-A0A6N9BWZ7-F1-model_v6	1	1	399	0.204	411	6.599e-23	737	498
655	job_A	AF-A0AAV5S764-F1-model_v6	1	2	399	0.163	433	5.361e-15	428	498
656	job_A	AF-A6R3C7-F1-model_v6	1	2	398	0.221	424	2.644e-17	495	498
657	job_A	AF-A0A1Z3M049-F1-model_v6	1	42	396	0.211	393	6.642e-21	638	498
658	job_A	AF-M7BD44-F1-model_v6	1	28	391	0.203	398	2.543e-20	589	498
659	job_A	AF-A0A0X3WFG6-F1-model_v6	1	4	391	0.198	393	8.951e-19	569	498
660	job_A	AF-A0ABD2AQ97-F1-model_v6	1	42	390	0.22	363	2.56e-18	537	498
661	job_A	AF-A0A5N4AW85-F1-model_v6	1	45	390	0.216	360	1.465e-19	599	498
662	job_A	AF-A0A2N2D8X6-F1-model_v6	1	1	390	0.191	434	5.91e-21	582	498
663	job_A	AF-A0AAQ4DXR7-F1-model_v6	1	7	390	0.201	393	3.339e-17	522	498
664	job_A	AF-A0A8S4RT27-F1-model_v6	1	39	389	0.232	365	1.553e-19	601	498
665	job_A	AF-A0A8C6NWM6-F1-model_v6	1	84	388	0.198	328	1.012e-16	516	498
666	job_A	AF-A0A9J6G7C0-F1-model_v6	1	38	388	0.212	372	2.338e-19	582	498
667	job_A	AF-A0A914WFF2-F1-model_v6	1	26	388	0.185	393	1.815e-16	445	498
668	job_A	AF-A0A8D8B1Z1-F1-model_v6	1	4	387	0.217	391	1.356e-16	498	498
669	job_A	AF-A0AAV7XYP0-F1-model_v6	1	2	385	0.212	448	1.012e-16	429	498
670	job_A	AF-E4WUG8-F1-model_v6	1	37	385	0.172	376	5.647e-17	455	498
671	job_A	AF-A0A8J6FYF0-F1-model_v6	1	1	384	0.19	468	3.318e-19	536	498
672	job_A	AF-A0A2V9YKK5-F1-model_v6	1	28	383	0.206	388	4.559e-20	590	498
673	job_A	AF-A0A815E237-F1-model_v6	1	17	382	0.213	389	5.025e-17	447	498
674	job_A	AF-R7Z468-F1-model_v6	1	32	381	0.183	365	1.145e-14	441	498
675	job_A	AF-A0ABD1DXB0-F1-model_v6	1	24	380	0.166	408	7.225e-13	343	498
676	job_A	AF-A0AAN9Y3T9-F1-model_v6	1	1	379	0.205	413	5.361e-15	438	498
677	job_A	AF-A0A9X3JYK8-F1-model_v6	1	2	379	0.215	400	4.057e-20	613	498
678	job_A	AF-A0AAV4WM61-F1-model_v6	1	62	379	0.218	339	1.657e-17	549	498
679	job_A	AF-A0A6P7FSM1-F1-model_v6	1	23	378	0.198	397	2.149e-18	497	498
680	job_A	AF-A0A1A2NN70-F1-model_v6	1	6	372	0.201	398	1.647e-19	553	498
681	job_A	AF-A0A1I7TST6-F1-model_v6	1	18	372	0.221	393	4.083e-18	485	498
682	job_A	AF-A0AAV7XDJ5-F1-model_v6	1	5	368	0.182	394	6.772e-15	423	498
683	job_A	AF-A0A3C0M9F1-F1-model_v6	1	1	366	0.219	397	8.555e-24	734	498
684	job_A	AF-L1MEB5-F1-model_v6	1	28	365	0.197	399	5.833e-16	409	498
685	job_A	AF-A0A914E094-F1-model_v6	1	6	364	0.193	404	1.987e-15	401	498
686	job_A	AF-A0A0B2V181-F1-model_v6	1	30	363	0.229	357	1.594e-20	594	498
687	job_A	AF-A0A7R9JEJ2-F1-model_v6	1	44	363	0.223	353	1.198e-18	560	498
688	job_A	AF-A0A6L7XTZ9-F1-model_v6	1	21	361	0.226	375	3.517e-19	576	498
689	job_A	AF-A0A9E6UJJ5-F1-model_v6	1	33	361	0.238	356	3.633e-18	515	498
690	job_A	AF-A0A9P0H263-F1-model_v6	1	25	360	0.196	362	1.356e-16	475	498
691	job_A	AF-A0A8J5QP53-F1-model_v6	1	40	358	0.215	352	1.039e-17	523	498
692	job_A	AF-A0AAD5QSQ4-F1-model_v6	1	2	356	0.167	370	9.674e-13	374	498
693	job_A	AF-A0A2V9QGY6-F1-model_v6	1	35	356	0.226	345	3.852e-18	544	498
694	job_A	AF-A0A5V7WGW0-F1-model_v6	1	8	355	0.219	388	9.186e-20	594	498
695	job_A	AF-A0AAW0VR09-F1-model_v6	1	1	354	0.222	364	7.81e-16	432	498
696	job_A	AF-A0A7G1PGP4-F1-model_v6	1	12	353	0.172	353	4.896e-16	496	498
697	job_A	AF-A0A7G1I9H1-F1-model_v6	1	12	352	0.221	352	3.089e-14	422	498
698	job_A	AF-A0A7S1VJE6-F1-model_v6	1	23	351	0.201	357	1.039e-17	520	498
699	job_A	AF-A0A6A0H1V4-F1-model_v6	1	29	350	0.203	354	6.184e-16	439	498
700	job_A	AF-A0A534Q766-F1-model_v6	1	8	350	0.215	358	7.964e-19	573	498
701	job_A	AF-A0A382NA38-F1-model_v6	1	31	348	0.223	354	6.905e-18	534	498
702	job_A	AF-A0A7R9E7L0-F1-model_v6	1	10	347	0.195	368	5.258e-12	315	498
703	job_A	AF-A0A8K0GHQ2-F1-model_v6	1	24	346	0.229	344	2.205e-19	589	498
704	job_A	AF-A0A4Y2SKR4-F1-model_v6	1	27	344	0.225	342	9.55e-17	504	498
705	job_A	AF-H2NR56-F1-model_v6	1	22	342	0.248	342	1.863e-17	540	498
706	job_A	AF-A0A8C6R948-F1-model_v6	1	32	337	0.255	352	4.443e-19	552	498
707	job_A	AF-A0A0P4VQD2-F1-model_v6	1	22	337	0.223	336	9.738e-20	599	498
708	job_A	AF-A0AAV9RJN6-F1-model_v6	1	1	336	0.241	352	4.559e-20	606	498
709	job_A	AF-A0AAN7VGQ2-F1-model_v6	1	5	335	0.2	365	6.144e-18	505	498
710	job_A	AF-A0A538R450-F1-model_v6	1	36	332	0.18	322	4.136e-14	418	498
711	job_A	AF-A0A7R9MKB4-F1-model_v6	1	5	332	0.212	357	3.361e-15	445	498
712	job_A	AF-B5T1Y3-F1-model_v6	1	3	330	0.195	378	1.246e-15	416	498
713	job_A	AF-A0A821ZEN6-F1-model_v6	1	2	328	0.178	336	2.731e-16	483	498
714	job_A	AF-Q8MTF8-F1-model_v6	1	2	325	0.199	361	6.025e-15	406	498
715	job_A	AF-A0ABD0KUE8-F1-model_v6	1	28	320	0.186	322	2.991e-15	479	498
716	job_A	AF-A0A9N7CSP2-F1-model_v6	1	1	317	0.217	341	3.633e-18	567	498
717	job_A	AF-A0A5N5SQE0-F1-model_v6	1	46	316	0.244	294	9.865e-16	455	498
718	job_A	AF-A0A1J8R7C8-F1-model_v6	1	30	314	0.189	312	8.387e-12	319	498
719	job_A	AF-A0A659S3P9-F1-model_v6	1	8	313	0.243	333	3.318e-19	609	498
720	job_A	AF-A0AAD8AAR7-F1-model_v6	1	1	311	0.186	338	1.815e-16	490	498
721	job_A	AF-A0A9D4P8W9-F1-model_v6	1	26	309	0.229	305	1.975e-17	519	498
722	job_A	AF-A0A6J8CJX0-F1-model_v6	1	24	305	0.201	303	8.891e-12	330	498
723	job_A	AF-A0A0B4RXT2-F1-model_v6	1	111	303	0.187	224	5.574e-12	394	498
724	job_A	AF-A0A315UVC7-F1-model_v6	1	28	299	0.224	285	8.498e-17	529	498
725	job_A	AF-A0A0A1X822-F1-model_v6	1	41	294	0.23	282	5.057e-15	451	498
726	job_A	AF-A0A914QHN4-F1-model_v6	1	25	293	0.181	292	1.636e-12	380	498
727	job_A	AF-A0A7R9QS40-F1-model_v6	1	1	293	0.222	323	1.887e-13	413	498
728	job_A	AF-A0A8T2NMJ9-F1-model_v6	1	6	292	0.23	299	1.768e-15	480	498
729	job_A	AF-A0AAW1CXF8-F1-model_v6	1	1	290	0.213	323	5.224e-14	395	498
730	job_A	AF-A0A2G9US91-F1-model_v6	1	12	289	0.197	279	2.43e-07	231	498
731	job_A	AF-A0A8C4NFK0-F1-model_v6	1	41	283	0.25	275	1.109e-15	516	498
732	job_A	AF-A0A1S3H9T9-F1-model_v6	1	26	280	0.233	278	1.987e-15	427	498
733	job_A	AF-A0A8D0NXE3-F1-model_v6	1	19	279	0.244	266	4.413e-12	379	498
734	job_A	AF-D5G3G4-F1-model_v6	1	21	278	0.197	284	3.383e-13	407	498
735	job_A	AF-A0A2G8LDJ3-F1-model_v6	1	23	277	0.265	256	7.61e-15	478	498
736	job_A	AF-A0A7H4ML84-F1-model_v6	1	8	275	0.246	288	2.292e-16	532	498
737	job_A	AF-A0A1B6D7C2-F1-model_v6	1	22	267	0.237	282	9.067e-15	449	498
738	job_A	AF-A0A8S3TRE5-F1-model_v6	1	41	256	0.247	234	1.887e-13	410	498
739	job_A	AF-U2SMB7-F1-model_v6	1	2	254	0.211	270	5.224e-14	411	498
740	job_A	AF-A0AA49JFL8-F1-model_v6	1	2	254	0.164	279	3.517e-10	213	498
741	job_A	AF-X1B9J0-F1-model_v6	1	4	253	0.274	277	3.563e-15	467	498
742	job_A	AF-A0A6L7X8V4-F1-model_v6	1	6	250	0.245	261	1.533e-14	479	498
743	job_A	AF-A0A0K8Q3R3-F1-model_v6	1	3	238	0.25	259	4.896e-16	512	498
744	job_A	AF-A0A8B6FIT8-F1-model_v6	1	20	231	0.241	228	3.275e-14	436	498
745	job_A	AF-A0A4Q4UJ34-F1-model_v6	1	16	230	0.204	254	1.679e-13	427	498
746	job_A	AF-F7ANP5-F1-model_v6	1	5	230	0.246	235	5.057e-15	444	498
747	job_A	AF-A0A7K6II84-F1-model_v6	1	1	226	0.273	238	9.928e-14	408	498
748	job_A	AF-A0A1A9VW80-F1-model_v6	1	16	226	0.242	223	5.326e-08	239	498
749	job_A	AF-A0A1A6GM95-F1-model_v6	1	6	225	0.247	234	1.446e-14	447	498
750	job_A	AF-A0A226MJE3-F1-model_v6	1	12	225	0.241	240	5.574e-12	350	498
751	job_A	AF-A0A7L1N2Q4-F1-model_v6	1	1	220	0.271	239	1.364e-14	448	498
752	job_A	AF-C3YX18-F1-model_v6	1	2	218	0.273	238	1.19e-11	356	498
753	job_A	AF-A0A8T5UA96-F1-model_v6	1	4	216	0.248	241	3.586e-13	423	498
754	job_A	AF-A0A6L9QUD3-F1-model_v6	1	7	183	0.283	180	3.211e-11	380	498
755	job_A	AF-A0A8S9C1K7-F1-model_v6	1	157	675	0.272	546	7.726e-35	1091	467
756	job_A	AF-A0A9X1ZJB8-F1-model_v6	1	42	674	0.189	654	3.821e-26	731	467
757	job_A	AF-A0A979FL46-F1-model_v6	1	37	626	0.24	611	9.335e-37	1155	467
758	job_A	AF-A0A9W6AES5-F1-model_v6	1	26	551	0.25	555	8.53e-32	997	467
759	job_A	AF-A0A8H7I8Z6-F1-model_v6	1	102	529	0.224	522	1.187e-18	464	467
760	job_A	AF-A0A1A8NRK0-F1-model_v6	1	102	492	0.232	404	2.759e-21	631	467
761	job_A	AF-A0A9D4PVS2-F1-model_v6	1	75	488	0.239	430	6.799e-24	713	467
762	job_A	AF-A0A7H8QIL9-F1-model_v6	1	6	479	0.248	512	6.74e-32	958	467
763	job_A	AF-A0A653DKD2-F1-model_v6	1	21	449	0.282	453	9.988e-29	874	467
764	job_A	AF-A0A9X4FIB4-F1-model_v6	1	37	426	0.23	469	4.364e-19	411	467
765	job_A	AF-A0A6P6P1E5-F1-model_v6	1	1	418	0.254	432	3.143e-23	701	467
766	job_A	AF-A0A8D8B774-F1-model_v6	1	1	403	0.246	426	1.634e-22	650	467
767	job_A	AF-A0A7R9L3A5-F1-model_v6	1	239	389	0.392	153	7.05e-11	386	467
768	job_A	AF-A0A0C3CV12-F1-model_v6	1	1	375	0.259	397	1.95e-22	692	467
769	job_A	AF-A0A183V989-F1-model_v6	1	4	365	0.236	389	2.03e-19	584	467
770	job_A	AF-A0AAV3ZSE7-F1-model_v6	1	34	353	0.222	481	1.352e-20	604	467
771	job_A	AF-A0A0L7LDD0-F1-model_v6	1	56	352	0.308	347	4.542e-16	345	467
772	job_A	AF-A0AAN7VCW9-F1-model_v6	1	21	321	0.305	308	2.068e-22	731	467
773	job_A	AF-A0A6G0HHT2-F1-model_v6	1	30	303	0.274	284	1.456e-13	395	467
774	job_A	AF-A0A7V9SN32-F1-model_v6	1	54	303	0.2	284	3.413e-08	175	467
775	job_A	AF-D3B5Y9-F1-model_v6	1	24	285	0.305	288	4.687e-21	715	467
776	job_A	AF-A0A6N8XAS1-F1-model_v6	1	1	272	0.242	280	6.426e-15	461	467
777	job_A	AF-A0A8J2P2Y0-F1-model_v6	1	1	262	0.253	355	6.647e-11	281	467
778	job_A	AF-A0A3D4T372-F1-model_v6	1	2	252	0.304	269	1.584e-17	531	467
779	job_A	AF-I4DND7-F1-model_v6	1	1	225	0.402	231	3.566e-15	483	467
780	job_A	AF-A0ABD2NUI1-F1-model_v6	1	2	195	0.417	201	1.085e-13	422	467
781	job_A	AF-A0A538PPT3-F1-model_v6	1	31	179	0.476	149	1.294e-13	481	467
782	job_A	AF-A0A146KQM8-F1-model_v6	1	24	169	0.393	150	8.465e-12	410	467
783	job_G	AF-A0A8H4RJZ7-F1-model_v6	1	736	1214	0.204	509	6.841e-25	726	452
784	job_G	AF-A0A1C7LR46-F1-model_v6	1	673	1180	0.198	540	7.758e-23	634	452
785	job_G	AF-A0A226EW42-F1-model_v6	1	682	1165	0.184	521	1.013e-23	650	452
786	job_G	AF-A0A7R9ALB5-F1-model_v6	1	652	1160	0.191	554	7.507e-24	680	452
787	job_A	AF-A0A2J8RKY9-F1-model_v6	1	654	1156	0.195	533	2.287e-22	607	452
788	job_A	AF-A0AAD5VTH3-F1-model_v6	1	662	1136	0.18	510	2.287e-22	630	452
789	job_A	AF-A0A6G0UXL2-F1-model_v6	1	618	1116	0.204	553	3.073e-13	340	452
790	job_G	AF-A0A7R9JPR5-F1-model_v6	1	586	1098	0.195	548	3.759e-25	711	452
791	job_G	AF-A0A5M9K697-F1-model_v6	1	612	1091	0.191	513	1.18e-22	657	452
792	job_G	AF-A0A1A9ZUL9-F1-model_v6	1	600	1086	0.226	516	4.1e-26	767	452
793	job_G	AF-A0A7R8VAY1-F1-model_v6	1	567	1045	0.192	531	6.106e-23	630	452
794	job_E	AF-A0A8H4LV30-F1-model_v6	1	504	998	0.188	521	1.323e-27	808	452
795	job_G	AF-A0A813HAP6-F1-model_v6	1	444	942	0.168	533	1.142e-23	650	452
796	job_G	AF-A0AAV9JU71-F1-model_v6	1	436	918	0.167	520	2.994e-21	590	452
797	job_G	AF-A0A182LUK3-F1-model_v6	1	431	909	0.221	510	3.021e-28	809	452
798	job_A	AF-A0A3R7KIH8-F1-model_v6	1	393	891	0.201	521	1.202e-27	845	452
799	job_B	AF-A0A915LG84-F1-model_v6	1	376	887	0.186	558	2.693e-26	684	452
800	job_G	AF-A0A8J2J0I2-F1-model_v6	1	437	880	0.18	487	5.598e-22	657	452
801	job_A	AF-A0A819F0S1-F1-model_v6	1	387	867	0.172	509	1.202e-27	818	452
802	job_G	AF-A0A8H7CHG9-F1-model_v6	1	444	860	0.193	455	6.31e-22	614	452
803	job_G	AF-A0AAV8ZJE0-F1-model_v6	1	383	854	0.211	506	9.175e-27	766	452
804	job_G	AF-A0A8H4W1G1-F1-model_v6	1	371	850	0.203	521	9.741e-27	732	452
805	job_A	AF-A0AAW0C6S8-F1-model_v6	1	341	838	0.183	533	9.315e-23	664	452
806	job_G	AF-A0AAE1M4I3-F1-model_v6	1	354	832	0.236	500	2.167e-29	871	452
807	job_G	AF-A0A8H4YDG7-F1-model_v6	1	343	832	0.192	515	9.799e-25	726	452
808	job_A	AF-A0A139H3V8-F1-model_v6	1	321	813	0.189	522	1.487e-26	774	452
809	job_G	AF-A0A7M7K7K9-F1-model_v6	1	352	806	0.202	518	2.656e-21	565	452
810	job_G	AF-M7T6Y0-F1-model_v6	1	491	789	0.233	326	3.827e-19	568	452
811	job_G	AF-A0A9Q0MAL1-F1-model_v6	1	316	782	0.211	505	1.105e-24	694	452
812	job_A	AF-A0A0N5BQD1-F1-model_v6	1	295	781	0.189	495	4.665e-24	740	452
813	job_G	AF-A0A8K0P1T1-F1-model_v6	1	266	779	0.148	533	4.58e-19	497	452
814	job_G	AF-A0A093YD22-F1-model_v6	1	296	778	0.205	525	4.776e-25	704	452
815	job_B	AF-A0A962E4C2-F1-model_v6	1	274	745	0.213	505	3.692e-27	831	452
816	job_C	AF-A0A2A4JNT9-F1-model_v6	1	223	738	0.178	548	1.522e-22	642	452
817	job_G	AF-A0A139WFP4-F1-model_v6	1	248	737	0.206	519	1.358e-25	758	452
818	job_G	AF-A0A4R0RJX5-F1-model_v6	1	254	737	0.21	509	2.193e-25	688	452
819	job_G	AF-A0A364N4E8-F1-model_v6	1	331	732	0.177	439	2.335e-14	386	452
820	job_F	AF-A0A4W5R2Q7-F1-model_v6	1	336	730	0.206	460	4.378e-18	415	452
821	job_G	AF-A0A8J2LU52-F1-model_v6	1	259	727	0.183	512	1.894e-24	691	452
822	job_G	AF-A0A9J6E9Y2-F1-model_v6	1	219	702	0.238	503	4.54e-32	984	452
823	job_G	AF-U1HMU1-F1-model_v6	1	192	702	0.17	540	1.68e-24	730	452
824	job_G	AF-A0A7R9H915-F1-model_v6	1	124	689	0.169	618	1.075e-23	664	452
825	job_G	AF-A0AAI8VUT1-F1-model_v6	1	160	666	0.217	537	1.238e-26	773	452
826	job_A	AF-A0A4W2CF40-F1-model_v6	1	155	663	0.176	537	1.128e-18	506	452
827	job_G	AF-A0A9C6XD96-F1-model_v6	1	68	662	0.178	617	1.957e-23	642	452
828	job_G	AF-A0A812Q7F1-F1-model_v6	1	163	658	0.193	554	7.113e-22	600	452
829	job_C	AF-A0A137QNA4-F1-model_v6	1	23	652	0.155	663	5.719e-22	525	452
830	job_G	AF-A0A1D1ULA4-F1-model_v6	1	144	645	0.239	517	2.428e-31	966	452
831	job_B	AF-A0A226E005-F1-model_v6	1	159	643	0.196	530	8.849e-25	677	452
832	job_G	AF-A0AAW0R712-F1-model_v6	1	141	636	0.228	526	5.682e-27	783	452
833	job_G	AF-A0A9W7TT46-F1-model_v6	1	156	635	0.238	498	2.363e-30	941	452
834	job_B	AF-A0A2I2FJK9-F1-model_v6	1	163	632	0.189	517	2.541e-22	601	452
835	job_G	AF-A0A4U7L1U0-F1-model_v6	1	165	629	0.217	506	1.227e-19	509	452
836	job_A	AF-A0A8H7C4I2-F1-model_v6	1	141	626	0.181	524	3.533e-27	791	452
837	job_G	AF-A0A094EZQ4-F1-model_v6	1	153	625	0.195	522	3.265e-22	606	452
838	job_G	AF-A0A7R8H0X2-F1-model_v6	1	37	624	0.177	609	3.179e-21	550	452
839	job_F	AF-K1WB95-F1-model_v6	1	157	622	0.215	505	4.26e-27	733	452
840	job_G	AF-A0A194PLI1-F1-model_v6	1	118	621	0.194	524	4.051e-30	924	452
841	job_G	AF-A0A1V9XFK1-F1-model_v6	1	118	620	0.212	527	1.473e-28	872	452
842	job_G	AF-A0A9Q8SU07-F1-model_v6	1	116	619	0.176	526	5.241e-24	713	452
843	job_G	AF-A0A194PNF5-F1-model_v6	1	151	619	0.217	505	9.23e-25	688	452
844	job_G	AF-A0A9P9PMN7-F1-model_v6	1	152	612	0.198	504	2.406e-24	675	452
845	job_G	AF-A0A6P8YS79-F1-model_v6	1	61	609	0.179	562	3.991e-25	710	452
846	job_G	AF-A0A5F8AA06-F1-model_v6	1	115	606	0.225	519	9.369e-30	902	452
847	job_G	AF-A0A3E4XJ89-F1-model_v6	1	131	605	0.225	505	5.803e-30	881	452
848	job_G	AF-A0A8H5KBB8-F1-model_v6	1	121	605	0.195	521	1.49e-24	704	452
849	job_A	AF-A0A7I8VKV0-F1-model_v6	1	61	605	0.214	564	2.248e-28	829	452
850	job_G	AF-A0A194R713-F1-model_v6	1	59	605	0.185	567	1.118e-20	554	452
851	job_G	AF-A0A4C1SWH3-F1-model_v6	1	37	604	0.166	607	4.863e-19	530	452
852	job_G	AF-J3NXF4-F1-model_v6	1	117	601	0.192	520	1.404e-24	715	452
853	job_G	AF-A0A8H7F1H7-F1-model_v6	1	122	601	0.174	511	5.272e-22	645	452
854	job_G	AF-A0A4V6DHD9-F1-model_v6	1	115	600	0.211	515	7.712e-25	735	452
855	job_G	AF-A0A0P6DS83-F1-model_v6	1	37	599	0.19	584	3.122e-27	727	452
856	job_C	AF-A0A9D2YW43-F1-model_v6	1	174	599	0.189	455	3.744e-18	490	452
857	job_G	AF-A0A521Y6T6-F1-model_v6	1	134	595	0.225	496	1.563e-28	853	452
858	job_G	AF-A0A9P0DSG5-F1-model_v6	1	100	594	0.198	529	1.279e-25	667	452
859	job_G	AF-A0A5E4A5Y6-F1-model_v6	1	102	592	0.205	520	1.306e-28	870	452
860	job_G	AF-A0AAD7RKP6-F1-model_v6	1	85	588	0.221	523	5.615e-31	981	452
861	job_G	AF-K7AZB2-F1-model_v6	1	95	585	0.227	523	2.314e-27	826	452
862	job_C	AF-A0A1Z1C4L8-F1-model_v6	1	95	584	0.185	522	1.433e-22	653	452
863	job_G	AF-A0A151JW79-F1-model_v6	1	27	582	0.205	569	8.59e-29	769	452
864	job_G	AF-A0AAV6HED8-F1-model_v6	1	71	581	0.208	533	4.748e-27	785	452
865	job_G	AF-A0AAE0BMQ4-F1-model_v6	1	81	580	0.182	526	5.384e-25	703	452
866	job_G	AF-A0A1D2MU62-F1-model_v6	1	16	579	0.178	598	5.102e-23	613	452
867	job_G	AF-A0A9P0GXS4-F1-model_v6	1	76	577	0.209	521	1.504e-31	974	452
868	job_C	AF-A0AAD5KWY1-F1-model_v6	1	21	577	0.17	591	5.645e-25	710	452
869	job_G	AF-A0ABD1DND4-F1-model_v6	1	93	576	0.243	518	1.062e-27	806	452
870	job_G	AF-T1IS79-F1-model_v6	1	32	574	0.235	569	5.466e-30	877	452
871	job_F	AF-A0A9P4YLM5-F1-model_v6	1	97	573	0.201	506	3.183e-23	670	452
872	job_G	AF-A0A8S1A0T8-F1-model_v6	1	71	572	0.199	537	1.238e-26	765	452
873	job_G	AF-A0A1W6YH65-F1-model_v6	1	92	571	0.221	505	2.167e-29	932	452
874	job_G	AF-A0AAE1DK08-F1-model_v6	1	81	570	0.233	518	1.67e-26	784	452
875	job_G	AF-A0AAV7XKA4-F1-model_v6	1	63	569	0.201	530	1.67e-26	758	452
876	job_A	AF-A0A1I5GJK8-F1-model_v6	1	70	568	0.242	527	2.764e-29	896	452
877	job_G	AF-A0A1B0BI94-F1-model_v6	1	47	568	0.197	556	5.531e-26	771	452
878	job_G	AF-A0A7R9KJ69-F1-model_v6	1	58	568	0.147	557	7.113e-22	583	452
879	job_G	AF-A0AAW0HFK1-F1-model_v6	1	56	566	0.218	540	7.22e-27	795	452
880	job_G	AF-A0A9D4B5T5-F1-model_v6	1	61	566	0.21	517	4.594e-28	860	452
881	job_G	AF-A0AAN6P5Y5-F1-model_v6	1	62	566	0.176	534	8.188e-25	737	452
882	job_A	AF-A0A0M9VSP3-F1-model_v6	1	43	560	0.168	535	4.925e-26	767	452
883	job_G	AF-A0A927T9M5-F1-model_v6	1	96	559	0.209	492	1.705e-29	889	452
884	job_G	AF-A0A226D5Q7-F1-model_v6	1	67	559	0.215	529	1.784e-24	661	452
885	job_G	AF-A0A8J2J3R8-F1-model_v6	1	69	559	0.205	534	1.105e-24	660	452
886	job_G	AF-A0A8H4Z8P0-F1-model_v6	1	91	559	0.189	492	2.555e-24	686	452
887	job_E	AF-A0A177TVW0-F1-model_v6	1	37	558	0.175	547	1.262e-30	918	452
888	job_G	AF-A0AAD2H4I9-F1-model_v6	1	107	558	0.19	487	3.355e-23	638	452
889	job_G	AF-A0A1I8MUT4-F1-model_v6	1	249	558	0.264	329	3.488e-20	605	452
890	job_G	AF-A0A2D6BJK0-F1-model_v6	1	65	557	0.214	522	5.011e-29	834	452
891	job_G	AF-A0A8J1UBR0-F1-model_v6	1	42	557	0.23	539	5.289e-31	946	452
892	job_E	AF-A0A8K0NS38-F1-model_v6	1	42	556	0.205	536	1.893e-26	760	452
893	job_G	AF-A0A4U5NJW3-F1-model_v6	1	65	556	0.194	518	1.531e-25	756	452
894	job_B	AF-A0A1M3LP05-F1-model_v6	1	23	556	0.196	545	6.94e-29	907	452
895	job_G	AF-A0A2W6SG79-F1-model_v6	1	91	555	0.204	499	1.191e-29	861	452
896	job_B	AF-A0A1I5E612-F1-model_v6	1	62	555	0.216	517	3.369e-29	844	452
897	job_G	AF-A0A9P5Z7U3-F1-model_v6	1	83	555	0.194	508	4.149e-22	622	452
898	job_G	AF-A0AAE1HU60-F1-model_v6	1	25	555	0.181	574	2.914e-20	513	452
899	job_G	AF-A0A9P6B2P2-F1-model_v6	1	42	553	0.192	546	4.472e-27	779	452
900	job_G	AF-A0A6A6SYL3-F1-model_v6	1	27	552	0.182	538	5.384e-25	722	452
901	job_G	AF-A0AAD6ZZT4-F1-model_v6	1	21	551	0.195	548	1.67e-26	728	452
902	job_A	AF-A0A6A6TVQ7-F1-model_v6	1	39	551	0.177	545	3.671e-24	685	452
903	job_E	AF-A0A0N5CNM8-F1-model_v6	1	35	551	0.189	544	2.3e-29	877	452
904	job_G	AF-A0A246JJE1-F1-model_v6	1	102	550	0.221	474	7.373e-30	907	452
905	job_G	AF-A0A1V6SY00-F1-model_v6	1	38	547	0.193	542	8.641e-27	766	452
906	job_G	AF-A0A455LJ68-F1-model_v6	1	46	547	0.199	541	2.728e-22	620	452
907	job_G	AF-A0A1Q3JHP1-F1-model_v6	1	60	546	0.224	503	9.369e-30	890	452
908	job_G	AF-A0A671XRU0-F1-model_v6	1	89	546	0.217	506	3.405e-28	820	452
909	job_G	AF-A0A7E5W3Y6-F1-model_v6	1	21	546	0.213	553	2.77e-27	795	452
910	job_G	AF-A0A9N9VLD8-F1-model_v6	1	28	544	0.206	533	1.272e-27	812	452
911	job_C	AF-A0A482XKU5-F1-model_v6	1	45	544	0.201	520	6.089e-26	728	452
912	job_G	AF-A0A8B7K8W9-F1-model_v6	1	75	543	0.212	499	1.395e-26	784	452
913	job_G	AF-A0AA39Q5X9-F1-model_v6	1	81	543	0.191	496	7.113e-22	641	452
914	job_G	AF-A0A9P4M5C6-F1-model_v6	1	46	543	0.165	543	1.568e-17	485	452
915	job_G	AF-A0A8B7PAC2-F1-model_v6	1	36	542	0.184	546	3.759e-25	740	452
916	job_G	AF-A0A093XE52-F1-model_v6	1	98	542	0.206	480	1.358e-25	755	452
917	job_B	AF-A0A6A5YCU5-F1-model_v6	1	18	542	0.173	553	3.7e-23	655	452
918	job_G	AF-Q0C8P0-F1-model_v6	1	23	542	0.198	545	8.693e-25	686	452
919	job_G	AF-A0A3M7EUT4-F1-model_v6	1	39	541	0.166	540	2.57e-22	641	452
920	job_G	AF-A0ABD3U314-F1-model_v6	1	21	541	0.204	542	1.425e-29	893	452
921	job_G	AF-A0A365NGQ1-F1-model_v6	1	27	540	0.19	547	1.245e-24	660	452
922	job_G	AF-A0A5C3Q0I0-F1-model_v6	1	40	540	0.184	531	2.135e-24	709	452
923	job_G	AF-A0A8H6VHT1-F1-model_v6	1	63	540	0.194	513	1.592e-22	600	452
924	job_G	AF-A0A8K0M994-F1-model_v6	1	79	539	0.222	494	2.753e-29	875	452
925	job_G	AF-A0A166PVE6-F1-model_v6	1	35	539	0.167	537	1.227e-19	575	452
926	job_G	AF-A0A8T6JA91-F1-model_v6	1	80	538	0.213	487	1.306e-28	879	452
927	job_G	AF-A0A9Q0S5C1-F1-model_v6	1	25	537	0.186	547	3.862e-26	727	452
928	job_G	AF-A0AB37WHZ9-F1-model_v6	1	40	537	0.174	534	3.057e-24	702	452
929	job_E	AF-A0A7R9A8U0-F1-model_v6	1	24	537	0.188	542	2.573e-27	801	452
930	job_G	AF-A0A1D2MKU8-F1-model_v6	1	32	537	0.203	536	7.071e-24	702	452
931	job_G	AF-A0A913Z491-F1-model_v6	1	24	536	0.204	542	1.306e-28	873	452
932	job_G	AF-A0A6P8I6D1-F1-model_v6	1	28	535	0.224	540	1.922e-29	882	452
933	job_G	AF-A0A7W7SUD6-F1-model_v6	1	52	535	0.195	527	4.353e-26	751	452
934	job_G	AF-H1UV97-F1-model_v6	1	54	535	0.206	508	6.841e-25	735	452
935	job_G	AF-A0A8C2UXR4-F1-model_v6	1	100	535	0.223	460	5.908e-24	718	452
936	job_G	AF-A0A955WIU1-F1-model_v6	1	79	534	0.205	486	1.606e-29	887	452
937	job_G	AF-A0A525WDR0-F1-model_v6	1	57	534	0.219	510	4.981e-31	911	452
938	job_G	AF-F4P1M2-F1-model_v6	1	42	533	0.205	521	1.473e-28	847	452
939	job_G	AF-A0A6P7GPY9-F1-model_v6	1	50	533	0.194	508	7.264e-25	751	452
940	job_G	AF-A0A132B5U6-F1-model_v6	1	14	533	0.18	547	7.264e-25	726	452
941	job_F	AF-A0A226DUL6-F1-model_v6	1	25	532	0.17	545	1.959e-23	579	452
942	job_G	AF-S8A324-F1-model_v6	1	32	531	0.197	526	1.762e-28	845	452
943	job_G	AF-A0A8G1RG21-F1-model_v6	1	26	531	0.193	526	3.039e-26	793	452
944	job_G	AF-A0A6A0H3K2-F1-model_v6	1	18	531	0.178	550	5.272e-22	592	452
945	job_G	AF-A0A3M6UFV1-F1-model_v6	1	21	530	0.211	548	1.23e-28	821	452
946	job_G	AF-A0A8C6UZC0-F1-model_v6	1	37	530	0.216	521	1.945e-25	758	452
947	job_G	AF-A0A179F7G2-F1-model_v6	1	25	530	0.185	529	3.885e-24	696	452
948	job_A	AF-A0A0D2AAD4-F1-model_v6	1	28	530	0.194	525	7.054e-26	749	452
949	job_G	AF-A0AAN8WIK1-F1-model_v6	1	28	529	0.203	522	4.301e-30	936	452
950	job_G	AF-A0A2D5U6Z7-F1-model_v6	1	51	528	0.206	504	9.175e-27	793	452
951	job_G	AF-A0A8K0X0Q8-F1-model_v6	1	16	528	0.192	539	4.212e-27	808	452
952	job_G	AF-A0A8S9ZHQ5-F1-model_v6	1	25	528	0.2	524	3.122e-27	773	452
953	job_G	AF-A0AAN9AH44-F1-model_v6	1	47	527	0.227	509	1.481e-26	776	452
954	job_G	AF-A0A093X9T7-F1-model_v6	1	30	527	0.18	536	1.075e-23	663	452
955	job_G	AF-A0A971BWE8-F1-model_v6	1	42	527	0.202	498	1.395e-26	818	452
956	job_G	AF-A0A8R1DG01-F1-model_v6	1	23	526	0.198	533	1.091e-28	856	452
957	job_G	AF-A0A179I217-F1-model_v6	1	34	526	0.198	524	1.007e-25	781	452
958	job_G	AF-J5JDE3-F1-model_v6	1	31	526	0.204	532	3.759e-25	735	452
959	job_G	AF-A0A7S9VWI4-F1-model_v6	1	36	525	0.199	516	5.649e-29	896	452
960	job_G	AF-A0A9W9G3W0-F1-model_v6	1	24	525	0.187	533	9.425e-28	828	452
961	job_E	AF-A0A8J2PB51-F1-model_v6	1	20	525	0.182	538	3.877e-24	674	452
962	job_A	AF-S3DBE1-F1-model_v6	1	56	525	0.177	507	2.509e-21	602	452
963	job_G	AF-E3LP45-F1-model_v6	1	36	525	0.226	520	1.395e-26	744	452
964	job_E	AF-A0A090KYF7-F1-model_v6	1	18	525	0.192	530	1.774e-25	729	452
965	job_B	AF-T1JGH5-F1-model_v6	1	21	525	0.199	546	5.805e-25	718	452
966	job_E	AF-A0A2C5WZN6-F1-model_v6	1	79	525	0.182	505	1.079e-22	582	452
967	job_G	AF-A0A8C7PZK8-F1-model_v6	1	31	524	0.208	517	9.683e-29	914	452
968	job_G	AF-A0AA39G8S5-F1-model_v6	1	32	524	0.2	514	1.957e-23	681	452
969	job_G	AF-A0A9P0CRZ8-F1-model_v6	1	30	523	0.213	533	1.821e-27	755	452
970	job_G	AF-A0A922I2P0-F1-model_v6	1	32	523	0.21	517	9.947e-30	897	452
971	job_G	AF-H2XK96-F1-model_v6	1	32	523	0.211	519	2.457e-27	801	452
972	job_G	AF-A0A6P4JLP7-F1-model_v6	1	31	523	0.199	521	1.442e-25	728	452
973	job_G	AF-A0A0N5AMU6-F1-model_v6	1	21	523	0.198	530	3.315e-27	786	452
974	job_G	AF-A0A8J2JXC7-F1-model_v6	1	21	523	0.198	544	3.759e-25	701	452
975	job_G	AF-A0A0Q8PCC4-F1-model_v6	1	2	522	0.203	541	5.352e-27	810	452
976	job_G	AF-A0AAV5AD74-F1-model_v6	1	32	522	0.19	535	1.33e-22	643	452
977	job_F	AF-A0A8T9BJH7-F1-model_v6	1	23	522	0.2	515	3.997e-28	836	452
978	job_G	AF-A0A8C9ZGY3-F1-model_v6	1	27	521	0.213	520	3.104e-29	909	452
979	job_G	AF-A0AAE1FJJ4-F1-model_v6	1	24	521	0.191	534	2.786e-25	746	452
980	job_G	AF-A0A7C8R5U9-F1-model_v6	1	23	521	0.203	522	1.481e-26	775	452
981	job_G	AF-G0RZB1-F1-model_v6	1	13	521	0.194	545	2.539e-26	762	452
982	job_G	AF-A0A0L0HMQ6-F1-model_v6	1	26	520	0.217	525	1.705e-29	873	452
983	job_G	AF-A0AAD9L2W2-F1-model_v6	1	29	520	0.214	522	5.041e-27	823	452
984	job_G	AF-A0A5N6U3Y0-F1-model_v6	1	54	520	0.224	504	1.49e-24	715	452
985	job_G	AF-A0A9P1HJD3-F1-model_v6	1	18	520	0.172	538	5.384e-25	730	452
986	job_G	AF-A0A6A4J3K3-F1-model_v6	1	21	520	0.201	522	4.748e-27	804	452
987	job_G	AF-A0AAR5P6B5-F1-model_v6	1	18	519	0.188	537	1.582e-24	677	452
988	job_G	AF-A0A2N5CSX7-F1-model_v6	1	70	518	0.205	487	6.841e-25	713	452
989	job_A	AF-A0A5E8B480-F1-model_v6	1	20	518	0.19	531	4.115e-26	749	452
990	job_G	AF-A0A913XLI5-F1-model_v6	1	25	517	0.199	527	2.696e-26	787	452
991	job_G	AF-A0A353WPR2-F1-model_v6	1	45	517	0.217	497	1.773e-26	809	452
992	job_G	AF-A0A1L8D6P7-F1-model_v6	1	33	517	0.201	510	1.945e-25	758	452
993	job_G	AF-L0PE18-F1-model_v6	1	161	517	0.238	399	9.341e-21	547	452
994	job_G	AF-A0A8B6DLY9-F1-model_v6	1	23	517	0.215	529	5.873e-26	757	452
995	job_G	AF-A0A8C9QWR6-F1-model_v6	1	31	516	0.218	516	3.207e-28	829	452
996	job_G	AF-A0A4T0E7H0-F1-model_v6	1	29	515	0.179	523	2.786e-25	725	452
997	job_G	AF-A0A1I7RSM9-F1-model_v6	1	19	515	0.184	531	1.68e-24	716	452
998	job_G	AF-A0A9W6MFE3-F1-model_v6	1	37	514	0.205	530	6.198e-28	830	452
999	job_G	AF-A0A9N9WUU0-F1-model_v6	1	18	514	0.203	541	8.412e-26	744	452
1000	job_G	AF-A0A6J0BZI1-F1-model_v6	1	23	514	0.217	524	5.21e-26	747	452
1001	job_F	AF-A0A507C5A8-F1-model_v6	1	35	513	0.229	506	5.064e-30	890	452
1002	job_G	AF-A0AAD6STJ8-F1-model_v6	1	30	513	0.192	514	5.682e-27	816	452
1003	job_G	AF-A0A1I8C4R4-F1-model_v6	1	33	513	0.157	514	1.253e-22	632	452
1004	job_G	AF-A0A9P5K6A1-F1-model_v6	1	23	513	0.193	521	2.64e-23	683	452
1005	job_G	AF-A0A8T0F2G4-F1-model_v6	1	21	513	0.228	520	1.715e-27	845	452
1006	job_B	AF-A0A131YML7-F1-model_v6	1	21	512	0.227	515	3.273e-27	770	452
1007	job_A	AF-A0A4R0R3K4-F1-model_v6	1	36	512	0.191	512	1.363e-25	759	452
1008	job_G	AF-A0A6J2KBU6-F1-model_v6	1	26	512	0.21	522	4.1e-26	767	452
1009	job_A	AF-A0A9X9MF67-F1-model_v6	1	32	512	0.174	516	4.665e-24	694	452
1010	job_F	AF-A0A8H7N1V4-F1-model_v6	1	26	512	0.172	532	7.933e-22	559	452
1011	job_G	AF-A0A2U2BUT4-F1-model_v6	1	57	510	0.216	490	3.498e-29	888	452
1012	job_G	AF-A0A9J6CA16-F1-model_v6	1	20	510	0.215	529	5.531e-26	716	452
1013	job_G	AF-A0A8R1DF65-F1-model_v6	1	10	510	0.203	531	4.327e-28	835	452
1014	job_B	AF-A0A932G685-F1-model_v6	1	47	509	0.219	496	5.136e-29	887	452
1015	job_G	AF-A0A821TAK7-F1-model_v6	1	17	509	0.184	519	3.862e-26	791	452
1016	job_F	AF-A0A0C3C5Q0-F1-model_v6	1	27	509	0.2	520	1.062e-25	706	452
1017	job_G	AF-A0A8K0LY92-F1-model_v6	1	31	509	0.193	512	7.462e-26	724	452
1018	job_G	AF-A0AAD7FAK5-F1-model_v6	1	21	509	0.194	525	4.805e-23	636	452
1019	job_G	AF-A0A0N5BT05-F1-model_v6	1	17	509	0.19	503	1.635e-23	733	452
1020	job_G	AF-A0A0W0GDA0-F1-model_v6	1	21	509	0.17	535	2.047e-18	483	452
1021	job_G	AF-A0FLP5-F1-model_v6	1	1	508	0.196	554	1.49e-24	670	452
1022	job_G	AF-A0A956P8R8-F1-model_v6	1	40	507	0.22	490	2.985e-32	971	452
1023	job_G	AF-A0A0D1YW62-F1-model_v6	1	25	507	0.197	506	4.327e-28	844	452
1024	job_E	AF-A0A5N4B4R1-F1-model_v6	1	3	507	0.222	534	1.24e-26	783	452
1025	job_G	AF-A0A2E7C723-F1-model_v6	1	29	507	0.215	515	2.328e-25	694	452
1026	job_G	AF-A0A8H7HF32-F1-model_v6	1	30	507	0.18	516	3.467e-22	646	452
1027	job_G	AF-A0A9P9RRC8-F1-model_v6	1	17	507	0.155	528	1.905e-22	648	452
1028	job_G	AF-A0A8H3YRS9-F1-model_v6	1	31	507	0.187	508	8.237e-23	645	452
1029	job_G	AF-A0A7X1KR62-F1-model_v6	1	30	506	0.212	498	1.987e-28	875	452
1030	job_G	AF-A0A426VBK8-F1-model_v6	1	36	506	0.211	502	2.239e-28	856	452
1031	job_G	AF-A0AA40ZVR7-F1-model_v6	1	24	506	0.221	505	6.76e-29	843	452
1032	job_G	AF-A0A2K8JL68-F1-model_v6	1	29	506	0.213	506	2.314e-27	759	452
1033	job_F	AF-A0A6A6U4R0-F1-model_v6	1	39	506	0.194	505	2.075e-24	682	452
1034	job_G	AF-A0A6A6GC70-F1-model_v6	1	22	506	0.182	510	1.832e-25	759	452
1035	job_G	AF-A0A8J5D3V2-F1-model_v6	1	19	505	0.189	507	1.238e-26	784	452
1036	job_G	AF-A0A0P5IY14-F1-model_v6	1	24	504	0.203	506	5.179e-28	839	452
1037	job_A	AF-R7VEI7-F1-model_v6	1	4	504	0.218	526	1.276e-27	825	452
1038	job_G	AF-A0A4S3JQH5-F1-model_v6	1	27	504	0.207	506	3.637e-26	767	452
1039	job_G	AF-A0A9N9N1I3-F1-model_v6	1	81	504	0.232	452	1.592e-22	564	452
1040	job_G	AF-A0A9N9QFS2-F1-model_v6	1	19	503	0.211	520	1.314e-26	781	452
1041	job_G	AF-A0A6B3B8V5-F1-model_v6	1	39	503	0.219	501	1.66e-28	840	452
1042	job_G	AF-A0A2E7CIA0-F1-model_v6	1	42	503	0.222	503	2.68e-28	834	452
1043	job_G	AF-A0A5N6VQV7-F1-model_v6	1	27	503	0.183	518	1.592e-22	627	452
1044	job_G	AF-A0A9Q0N0L0-F1-model_v6	1	24	502	0.194	525	6.62e-26	763	452
1045	job_G	AF-A0A428UIY0-F1-model_v6	1	27	502	0.196	504	3.355e-23	670	452
1046	job_G	AF-A0A8H7DV91-F1-model_v6	1	43	502	0.174	500	1.148e-21	587	452
1047	job_F	AF-A0A9W6SEY1-F1-model_v6	1	43	502	0.221	501	5.38e-30	895	452
1048	job_G	AF-A0AAV8ZJD2-F1-model_v6	1	10	501	0.234	524	1.442e-25	755	452
1049	job_G	AF-E3S8R6-F1-model_v6	1	20	501	0.196	514	1.442e-25	766	452
1050	job_G	AF-A0A1B7XUB2-F1-model_v6	1	23	501	0.168	510	2.28e-22	648	452
1051	job_B	AF-M7T092-F1-model_v6	1	28	501	0.187	538	2.698e-22	600	452
1052	job_G	AF-A0AAE0C3N9-F1-model_v6	1	11	500	0.203	517	5.011e-29	892	452
1053	job_G	AF-A0A8H3VGF3-F1-model_v6	1	35	500	0.202	500	6.235e-26	761	452
1054	job_G	AF-A0A7M7G3W7-F1-model_v6	1	22	500	0.201	517	5.564e-24	673	452
1055	job_G	AF-A0A8S1C1X9-F1-model_v6	1	51	500	0.178	487	2.837e-19	487	452
1056	job_G	AF-A0A173L454-F1-model_v6	1	29	499	0.188	503	6.76e-29	902	452
1057	job_G	AF-A0A1H0E5W4-F1-model_v6	1	19	499	0.203	505	6.405e-27	809	452
1058	job_G	AF-A0A523M9Y2-F1-model_v6	1	32	498	0.214	507	1.425e-29	864	452
1059	job_G	AF-A0A955V443-F1-model_v6	1	19	498	0.168	515	5.716e-25	699	452
1060	job_G	AF-A0A1L9SD44-F1-model_v6	1	1	498	0.2	528	8.59e-29	817	452
1061	job_G	AF-A0A0M3HWG3-F1-model_v6	1	18	498	0.196	514	1.832e-25	717	452
1062	job_G	AF-A0AAN5CRG2-F1-model_v6	1	4	498	0.194	525	3.426e-26	761	452
1063	job_G	AF-B7ZF10-F1-model_v6	1	45	498	0.186	472	1.42e-20	595	452
1064	job_G	AF-A0A7W1F667-F1-model_v6	1	24	498	0.235	506	2.753e-29	889	452
1065	job_G	AF-A0A7M7ME44-F1-model_v6	1	21	498	0.189	522	8.615e-18	485	452
1066	job_G	AF-A0A0K0ET88-F1-model_v6	1	24	497	0.196	519	3.991e-25	692	452
1067	job_G	AF-A0AAD7F278-F1-model_v6	1	22	497	0.209	510	5.21e-26	765	452
1068	job_G	AF-A0A8H3I7I3-F1-model_v6	1	33	497	0.194	515	1.358e-25	689	452
1069	job_G	AF-A0A3R5YQU3-F1-model_v6	1	29	497	0.188	515	2.64e-23	678	452
1070	job_G	AF-T1JW43-F1-model_v6	1	31	497	0.223	501	4.649e-24	631	452
1071	job_G	AF-A0A7S4I7T1-F1-model_v6	1	25	496	0.234	499	4.54e-32	995	452
1072	job_G	AF-A0A6I4I8G6-F1-model_v6	1	40	496	0.22	495	1.922e-29	848	452
1073	job_G	AF-A0A8H3ILN3-F1-model_v6	1	16	496	0.201	507	4.72e-29	886	452
1074	job_G	AF-A0A061AXY3-F1-model_v6	1	16	496	0.199	501	1.35e-27	792	452
1075	job_E	AF-A0A6B0XL71-F1-model_v6	1	30	496	0.209	506	1.586e-27	780	452
1076	job_G	AF-A0A7W8HBF9-F1-model_v6	1	4	496	0.183	535	4.622e-26	776	452
1077	job_G	AF-A0A356KAQ2-F1-model_v6	1	25	496	0.201	516	4.499e-25	725	452
1078	job_G	AF-A0A0D7B4N4-F1-model_v6	1	21	495	0.203	512	1.905e-22	663	452
1079	job_F	AF-A0A6L2PU99-F1-model_v6	1	61	495	0.186	455	1.309e-16	427	452
1080	job_G	AF-A0AA36D3U5-F1-model_v6	1	10	494	0.19	515	1.715e-27	778	452
1081	job_G	AF-A0A9W9Y3S2-F1-model_v6	1	29	494	0.208	514	1.034e-26	781	452
1082	job_A	AF-A0A5K1K362-F1-model_v6	1	49	494	0.174	522	4.47e-18	413	452
1083	job_G	AF-A0A0L6TZ21-F1-model_v6	1	14	494	0.228	508	3.275e-31	941	452
1084	job_G	AF-A0A7G3A7M2-F1-model_v6	1	9	493	0.221	510	1.098e-26	748	452
1085	job_G	AF-A0A9J6H004-F1-model_v6	1	23	493	0.212	518	1.279e-25	738	452
1086	job_G	AF-A0AAV2IKH0-F1-model_v6	1	25	493	0.206	498	1.68e-24	732	452
1087	job_G	AF-A0A3S0ZYH2-F1-model_v6	1	27	493	0.191	523	1.805e-20	525	452
1088	job_G	AF-A0A5E4QFQ5-F1-model_v6	1	21	493	0.211	510	1.499e-22	603	452
1089	job_G	AF-A0A8J2LAU9-F1-model_v6	1	23	492	0.187	501	4.499e-25	704	452
1090	job_G	AF-A0A9J6H4E4-F1-model_v6	1	66	492	0.183	496	7.351e-21	543	452
1091	job_G	AF-A0A8H6XUA4-F1-model_v6	1	61	492	0.176	482	4.34e-17	438	452
1092	job_F	AF-A0A3M6ZRJ9-F1-model_v6	1	31	492	0.179	506	1.301e-18	499	452
1093	job_G	AF-G6EG77-F1-model_v6	1	23	491	0.225	496	2.923e-29	869	452
1094	job_G	AF-A0AAW1IFE1-F1-model_v6	1	19	491	0.225	509	3.737e-27	786	452
1095	job_G	AF-A0A9P5S825-F1-model_v6	1	174	491	0.296	324	4.805e-23	756	452
1096	job_A	AF-A0A7R9K7I1-F1-model_v6	1	8	490	0.192	513	1.81e-20	570	452
1097	job_A	AF-A0A0K2T105-F1-model_v6	1	49	490	0.166	523	7.873e-19	519	452
1098	job_G	AF-A0A1V2PYZ4-F1-model_v6	1	29	489	0.204	503	5.352e-27	777	452
1099	job_G	AF-A0A3R7QG22-F1-model_v6	1	21	489	0.22	504	1.272e-27	814	452
1100	job_G	AF-A0A4Q2V5X3-F1-model_v6	1	32	489	0.22	494	1.573e-26	805	452
1101	job_G	AF-A0A1W4X939-F1-model_v6	1	24	489	0.203	497	5.384e-25	706	452
1102	job_G	AF-A0A9E2DEH0-F1-model_v6	1	31	488	0.224	490	5.498e-28	837	452
1103	job_G	AF-A0AAV2HB32-F1-model_v6	1	27	488	0.195	492	9.175e-27	803	452
1104	job_G	AF-A0A972NXS0-F1-model_v6	1	4	487	0.211	510	4.445e-29	855	452
1105	job_G	AF-A0A6V8QR20-F1-model_v6	1	25	487	0.203	501	2.712e-24	710	452
1106	job_G	AF-G5IFJ5-F1-model_v6	1	5	487	0.195	501	1.166e-26	745	452
1107	job_G	AF-A0A165EPZ3-F1-model_v6	1	23	487	0.174	503	1.082e-21	621	452
1108	job_C	AF-A0A8E2APY1-F1-model_v6	1	26	487	0.186	489	1.57e-24	670	452
1109	job_F	AF-A0A9P9S1J0-F1-model_v6	1	1	487	0.207	521	9.345e-28	811	452
1110	job_G	AF-A0A8J3TCP6-F1-model_v6	1	29	486	0.21	490	9.683e-29	855	452
1111	job_G	AF-A0A829YJK0-F1-model_v6	1	25	486	0.207	486	1.191e-29	913	452
1112	job_G	AF-A0A423SWX8-F1-model_v6	1	33	486	0.197	481	7.758e-23	643	452
1113	job_G	AF-A0A7Y8MAW8-F1-model_v6	1	29	485	0.186	488	9.369e-30	909	452
1114	job_G	AF-A0A4P7RT47-F1-model_v6	1	27	485	0.208	484	1.23e-28	897	452
1115	job_G	AF-A0A8I1R1G6-F1-model_v6	1	29	485	0.211	496	1.091e-28	834	452
1116	job_G	AF-A0A9E5S2F9-F1-model_v6	1	8	485	0.211	507	9.425e-28	811	452
1117	job_A	AF-A0AAE1BBN1-F1-model_v6	1	12	485	0.169	506	2.363e-21	621	452
1118	job_G	AF-A0A4S9AJ09-F1-model_v6	1	32	485	0.215	491	2.253e-26	782	452
1119	job_C	AF-A0A6V8H969-F1-model_v6	1	25	485	0.18	514	2.121e-24	692	452
1120	job_G	AF-A0A0U0ZR56-F1-model_v6	1	8	484	0.207	497	7.135e-31	953	452
1121	job_G	AF-A0A940FZH3-F1-model_v6	1	29	484	0.225	493	1.062e-27	804	452
1122	job_G	AF-C5FXJ1-F1-model_v6	1	27	484	0.219	484	3.16e-23	676	452
1123	job_A	AF-A0AAN8JPQ7-F1-model_v6	1	22	484	0.2	513	1.145e-23	643	452
1124	job_G	AF-A0A2G8KIS6-F1-model_v6	1	22	484	0.211	501	3.637e-26	711	452
1125	job_G	AF-A0A8J6LC42-F1-model_v6	1	6	484	0.21	509	4.125e-24	660	452
1126	job_G	AF-A0A8J4YR21-F1-model_v6	1	68	484	0.186	473	4.174e-20	537	452
1127	job_C	AF-A0AAW0E9U2-F1-model_v6	1	21	484	0.158	499	1.587e-17	491	452
1128	job_G	AF-A0A9D2REX2-F1-model_v6	1	9	484	0.208	503	3.227e-26	787	452
1129	job_E	AF-A0A1B6DY40-F1-model_v6	1	3	484	0.188	521	1.967e-21	596	452
1130	job_B	AF-A0A255R3T0-F1-model_v6	1	25	483	0.208	499	1.712e-28	871	452
1131	job_G	AF-A0A0M7IH14-F1-model_v6	1	30	483	0.212	485	2.941e-27	801	452
1132	job_G	AF-A0A1L9TU55-F1-model_v6	1	35	483	0.191	486	8.462e-24	687	452
1133	job_G	AF-A0A534CQV7-F1-model_v6	1	35	483	0.252	476	2.097e-30	895	452
1134	job_E	AF-A0A940ZJ49-F1-model_v6	1	3	482	0.227	502	5.698e-29	867	452
1135	job_G	AF-A0A6N4TM32-F1-model_v6	1	11	481	0.232	504	1.35e-27	758	452
1136	job_G	AF-A0A6J2JNT2-F1-model_v6	1	19	481	0.188	510	4.907e-26	706	452
1137	job_G	AF-A0A9P5JH62-F1-model_v6	1	25	481	0.178	500	4.263e-23	682	452
1138	job_G	AF-A0A1B0CR75-F1-model_v6	1	30	481	0.212	479	2.253e-26	753	452
1139	job_G	AF-A0A2V1B524-F1-model_v6	1	31	481	0.194	494	4.263e-23	688	452
1140	job_G	AF-A0A1E7ZCZ7-F1-model_v6	1	16	480	0.227	488	4.981e-31	916	452
1141	job_G	AF-A0A6V8HGF7-F1-model_v6	1	54	480	0.182	493	8.436e-15	332	452
1142	job_G	AF-A0A2E8WPS7-F1-model_v6	1	9	479	0.225	497	1.606e-29	863	452
1143	job_G	AF-Q2V083-F1-model_v6	1	1	479	0.223	509	4.878e-28	796	452
1144	job_G	AF-A0A3D4SZG8-F1-model_v6	1	1	479	0.211	501	4.878e-28	847	452
1145	job_G	AF-A0AAQ4ELG0-F1-model_v6	1	88	479	0.181	469	5.416e-23	651	452
1146	job_G	AF-A0A963TUS9-F1-model_v6	1	30	478	0.206	485	2.122e-26	731	452
1147	job_G	AF-A0A1E3UQP9-F1-model_v6	1	11	478	0.214	503	3.519e-27	780	452
1148	job_G	AF-A0A9P4HUS7-F1-model_v6	1	12	478	0.173	497	5.908e-24	693	452
1149	job_G	AF-A0A0B7FG49-F1-model_v6	1	2	478	0.22	507	8.984e-24	700	452
1150	job_E	AF-A0A9P4TSP1-F1-model_v6	1	24	478	0.2	493	1.245e-27	756	452
1151	job_G	AF-A0AAU5I522-F1-model_v6	1	9	477	0.21	509	2.664e-30	849	452
1152	job_G	AF-A0A7F5RMC7-F1-model_v6	1	1	477	0.224	521	6.198e-28	738	452
1153	job_G	AF-A0A8H7DB06-F1-model_v6	1	24	477	0.184	488	2.342e-23	682	452
1154	job_G	AF-A0A194PG99-F1-model_v6	1	2	477	0.208	504	7.071e-24	699	452
1155	job_G	AF-A0A1I8CHW7-F1-model_v6	1	22	477	0.181	479	7.552e-22	600	452
1156	job_C	AF-A0A9P6JB80-F1-model_v6	1	10	477	0.189	506	1.274e-26	736	452
1157	job_G	AF-A0A953R5U3-F1-model_v6	1	25	476	0.224	491	9.066e-31	930	452
1158	job_G	AF-A0A8R1DJH4-F1-model_v6	1	21	476	0.206	490	2.435e-20	535	452
1159	job_G	AF-A0A1Q9HHR4-F1-model_v6	1	12	475	0.233	502	3.92e-31	936	452
1160	job_G	AF-A0AAD8C593-F1-model_v6	1	3	475	0.219	488	1.582e-24	728	452
1161	job_G	AF-A0AAV6C2G6-F1-model_v6	1	5	474	0.21	504	1.022e-30	931	452
1162	job_G	AF-A0A8H4QIN1-F1-model_v6	1	23	474	0.198	479	1.794e-22	638	452
1163	job_G	AF-A0AAW1UYY0-F1-model_v6	1	1	474	0.218	498	2.022e-22	661	452
1164	job_B	AF-A0AAW2ZK23-F1-model_v6	1	22	473	0.232	485	1.386e-30	938	452
1165	job_G	AF-A0A150H4Q7-F1-model_v6	1	9	473	0.193	486	1.121e-29	921	452
1166	job_G	AF-A0A834MJ08-F1-model_v6	1	2	473	0.226	500	8.139e-27	782	452
1167	job_G	AF-A0A1C7MK07-F1-model_v6	1	19	473	0.185	524	3.626e-17	461	452
1168	job_G	AF-A0A8S3ZD64-F1-model_v6	1	27	473	0.249	497	8.462e-24	576	452
1169	job_C	AF-A0AAF3FED9-F1-model_v6	1	29	473	0.214	495	6.553e-23	607	452
1170	job_G	AF-A0A2P5I6J5-F1-model_v6	1	24	471	0.213	486	8.931e-26	729	452
1171	job_A	AF-A0A094C9Z8-F1-model_v6	1	32	471	0.18	471	1.108e-24	698	452
1172	job_B	AF-A0AAV8YJT5-F1-model_v6	1	50	471	0.208	469	1.547e-21	566	452
1173	job_B	AF-A0A7W0EVU4-F1-model_v6	1	9	470	0.231	496	8.959e-30	897	452
1174	job_F	AF-A0A7I8V5G0-F1-model_v6	1	8	470	0.229	483	4.868e-23	663	452
1175	job_G	AF-A0A2S7QNU4-F1-model_v6	1	22	470	0.208	480	1.625e-25	782	452
1176	job_G	AF-A0A8H2ZZ77-F1-model_v6	1	52	470	0.181	507	3.648e-15	402	452
1177	job_F	AF-A0AAD4KK47-F1-model_v6	1	23	469	0.218	490	3.551e-27	796	452
1178	job_A	AF-A0A944WFI9-F1-model_v6	1	230	469	0.142	308	3.866e-06	147	452
1179	job_G	AF-A0A9P5D0I2-F1-model_v6	1	32	468	0.223	496	2.77e-27	754	452
1180	job_G	AF-A0A2V1BEE7-F1-model_v6	1	1	466	0.187	496	1.412e-22	635	452
1181	job_G	AF-I4W9J1-F1-model_v6	1	6	466	0.199	497	7.071e-24	676	452
1182	job_C	AF-C3YV27-F1-model_v6	1	3	464	0.225	496	8.099e-25	719	452
1183	job_E	AF-A0A0F7QIF3-F1-model_v6	1	3	464	0.181	501	2.84e-22	604	452
1184	job_A	AF-D1BDQ0-F1-model_v6	1	19	463	0.185	481	1.588e-24	741	452
1185	job_G	AF-A0A5C3L0X5-F1-model_v6	1	28	463	0.206	479	3.335e-25	750	452
1186	job_G	AF-A0A7V6LA64-F1-model_v6	1	1	463	0.23	491	1.404e-24	734	452
1187	job_G	AF-A0A6G0UXG0-F1-model_v6	1	7	462	0.193	486	3.057e-24	701	452
1188	job_G	AF-Q73QC2-F1-model_v6	1	2	462	0.207	502	1.173e-24	704	452
1189	job_A	AF-A0A084VSA4-F1-model_v6	1	25	462	0.206	474	3.314e-18	498	452
1190	job_G	AF-A0AAU3UPN1-F1-model_v6	1	4	461	0.227	492	1.387e-28	846	452
1191	job_G	AF-A0A8H3Z055-F1-model_v6	1	30	461	0.193	491	4.263e-23	651	452
1192	job_G	AF-A0A8H4ZZU7-F1-model_v6	1	25	461	0.2	488	5.564e-24	648	452
1193	job_G	AF-A0A914PTR5-F1-model_v6	1	39	460	0.209	443	6.272e-24	716	452
1194	job_A	AF-A0A5C2S6M5-F1-model_v6	1	11	460	0.19	482	6.366e-20	585	452
1195	job_G	AF-A0A9P5HJ96-F1-model_v6	1	23	460	0.173	496	4.314e-19	478	452
1196	job_G	AF-A0A8H3YZN6-F1-model_v6	1	23	459	0.197	486	1.67e-26	763	452
1197	job_E	AF-B6HY21-F1-model_v6	1	2	459	0.2	495	6.179e-20	527	452
1198	job_F	AF-A0A1L9S5N2-F1-model_v6	1	14	458	0.205	486	3.352e-26	737	452
1199	job_G	AF-A0A7W0EVW0-F1-model_v6	1	35	457	0.202	493	1.573e-26	767	452
1200	job_G	AF-A0AAV1YTJ0-F1-model_v6	1	27	457	0.212	480	7.97e-24	631	452
1201	job_G	AF-A0A813HIP7-F1-model_v6	1	1	455	0.187	496	3.562e-23	630	452
1202	job_G	AF-F3L0S2-F1-model_v6	1	11	454	0.203	502	1.68e-24	681	452
1203	job_G	AF-A0A1S6J0Y5-F1-model_v6	1	11	454	0.202	475	2.82e-21	611	452
1204	job_A	AF-A0A821MTI5-F1-model_v6	1	1	454	0.162	487	2.664e-21	604	452
1205	job_G	AF-A0A942W3N6-F1-model_v6	1	5	454	0.252	479	1.191e-29	896	452
1206	job_G	AF-A0A2T7PTA0-F1-model_v6	1	188	453	0.248	286	5.086e-14	394	452
1207	job_F	AF-A0A914TDT0-F1-model_v6	1	2	453	0.215	483	1.977e-20	575	452
1208	job_G	AF-A0A7W8H9H3-F1-model_v6	1	5	452	0.206	498	2.941e-27	790	452
1209	job_G	AF-A0A815AA65-F1-model_v6	1	28	452	0.183	452	8.462e-24	670	452
1210	job_G	AF-A0A7V6HDX3-F1-model_v6	1	13	451	0.214	484	1.563e-28	849	452
1211	job_G	AF-A0A9P7KR60-F1-model_v6	1	32	451	0.201	471	4.748e-27	792	452
1212	job_A	AF-A0AAU9WYP8-F1-model_v6	1	228	451	0.316	237	2.109e-19	587	452
1213	job_G	AF-A0A261Y3Q1-F1-model_v6	1	42	450	0.184	434	1.992e-17	513	452
1214	job_G	AF-A0A1I1WAQ4-F1-model_v6	1	43	450	0.238	428	1.882e-26	781	452
1215	job_G	AF-A0A1Q3FNM1-F1-model_v6	1	17	450	0.196	468	2.384e-17	486	452
1216	job_G	AF-A0AAN8WWX3-F1-model_v6	1	20	448	0.201	441	3.113e-18	476	452
1217	job_G	AF-A0A416EE90-F1-model_v6	1	1	447	0.234	478	4.981e-31	930	452
1218	job_B	AF-U4LHV4-F1-model_v6	1	22	447	0.218	494	3.037e-26	742	452
1219	job_A	AF-A0A9W7AFI2-F1-model_v6	1	2	446	0.201	471	3.671e-24	719	452
1220	job_B	AF-A0A7R8VVN6-F1-model_v6	1	47	446	0.231	454	9.418e-21	479	452
1221	job_G	AF-A0A8J5TVP0-F1-model_v6	1	31	445	0.238	461	6.841e-25	758	452
1222	job_B	AF-A0AAE0XZZ1-F1-model_v6	1	1	444	0.206	451	3.491e-19	551	452
1223	job_G	AF-A0A1D8NHY9-F1-model_v6	1	1	442	0.209	481	2.624e-25	728	452
1224	job_E	AF-A0A3M2HKP5-F1-model_v6	1	1	437	0.227	462	1.039e-27	810	452
1225	job_G	AF-A0A8W8LSF9-F1-model_v6	1	4	437	0.207	454	8.018e-22	649	452
1226	job_F	AF-A0AB34FJY1-F1-model_v6	1	3	432	0.207	438	1.084e-18	521	452
1227	job_G	AF-A0A9J7N766-F1-model_v6	1	24	432	0.195	480	1.201e-16	447	452
1228	job_G	AF-A0A815EQV4-F1-model_v6	1	171	431	0.288	281	1.877e-17	457	452
1229	job_F	AF-A0A9P5E8V9-F1-model_v6	1	53	430	0.202	391	5.3e-15	400	452
1230	job_F	AF-A0AA40LV24-F1-model_v6	1	3	429	0.208	446	8.957e-22	625	452
1231	job_C	AF-A0A3M2C611-F1-model_v6	1	23	429	0.252	436	2.218e-23	656	452
1232	job_F	AF-A0AAW0XZK0-F1-model_v6	1	1	429	0.21	446	5.58e-18	490	452
1233	job_G	AF-A0AAV2A652-F1-model_v6	1	128	429	0.232	314	1.088e-19	602	452
1234	job_G	AF-A0A7R8X6I9-F1-model_v6	1	1	427	0.21	447	4.863e-19	519	452
1235	job_A	AF-A0A915MCT9-F1-model_v6	1	1	426	0.199	477	1.062e-18	479	452
1236	job_G	AF-A0A970IQU7-F1-model_v6	1	14	426	0.2	434	5.336e-18	493	452
1237	job_G	AF-A0AAJ7BHY0-F1-model_v6	1	1	425	0.2	450	1.916e-20	591	452
1238	job_C	AF-A0A845GW74-F1-model_v6	1	6	424	0.213	450	2.253e-24	711	452
1239	job_A	AF-A0A226DGX4-F1-model_v6	1	6	424	0.183	430	8.009e-13	356	452
1240	job_G	AF-A0A914BVM1-F1-model_v6	1	28	424	0.19	489	1.42e-20	556	452
1241	job_C	AF-A0A6A6FXZ8-F1-model_v6	1	1	424	0.188	456	6.553e-23	635	452
1242	job_G	AF-A0AA35QXG0-F1-model_v6	1	15	423	0.229	418	2.103e-19	567	452
1243	job_G	AF-A0A2N8KL78-F1-model_v6	1	3	422	0.245	473	3.816e-30	950	452
1244	job_F	AF-C9YXN5-F1-model_v6	1	19	422	0.208	432	4.897e-21	620	452
1245	job_G	AF-A0A813SLI7-F1-model_v6	1	93	421	0.149	401	2.109e-08	162	452
1246	job_F	AF-A0A3B9NLP4-F1-model_v6	1	1	420	0.219	452	1.37e-21	621	452
1247	job_G	AF-A0A8S4DQG7-F1-model_v6	1	1	420	0.186	444	3.748e-16	450	452
1248	job_G	AF-A0AAJ0CQS2-F1-model_v6	1	6	418	0.189	437	2.464e-16	463	452
1249	job_G	AF-A0A3B0JPS0-F1-model_v6	1	2	416	0.205	433	3.748e-16	422	452
1250	job_F	AF-T1KY80-F1-model_v6	1	1	414	0.165	429	1.027e-16	482	452
1251	job_A	AF-A0A150G7J0-F1-model_v6	1	8	412	0.197	425	7.176e-20	571	452
1252	job_F	AF-A0A6A4F6S2-F1-model_v6	1	23	412	0.164	481	3.232e-18	497	452
1253	job_G	AF-A0A0W7TTE5-F1-model_v6	1	5	411	0.22	471	1.67e-26	806	452
1254	job_A	AF-B7P808-F1-model_v6	1	1	411	0.203	428	8.638e-18	511	452
1255	job_F	AF-A0A2S0D933-F1-model_v6	1	1	410	0.2	428	2.702e-17	496	452
1256	job_G	AF-A0A919BUJ8-F1-model_v6	1	2	408	0.192	427	9.769e-16	457	452
1257	job_A	AF-A0AAF3EXP9-F1-model_v6	1	8	407	0.204	430	2.695e-17	429	452
1258	job_G	AF-A0A8K1GEA9-F1-model_v6	1	19	406	0.206	417	5.699e-16	451	452
1259	job_G	AF-A0A3B4GAA5-F1-model_v6	1	26	406	0.212	432	5.449e-21	560	452
1260	job_F	AF-A0A2T7PII9-F1-model_v6	1	2	406	0.208	426	3.455e-16	436	452
1261	job_G	AF-A0A925RNY8-F1-model_v6	1	2	405	0.243	423	7.758e-23	687	452
1262	job_F	AF-A0A5C3NKR6-F1-model_v6	1	1	405	0.191	439	3.889e-17	488	452
1263	job_A	AF-A0A8H6RBM6-F1-model_v6	1	1	402	0.197	441	7.619e-20	597	452
1264	job_A	AF-B3SF12-F1-model_v6	1	2	401	0.223	420	4.876e-19	561	452
1265	job_G	AF-A0A093UZV3-F1-model_v6	1	93	399	0.219	324	3.198e-19	606	452
1266	job_C	AF-A0A4Z0Z2W3-F1-model_v6	1	17	399	0.197	415	7.607e-21	597	452
1267	job_G	AF-A0AAU8PLJ3-F1-model_v6	1	6	398	0.18	465	2.37e-19	539	452
1268	job_B	AF-A0A9D5SXA0-F1-model_v6	1	1	396	0.214	419	5.222e-26	735	452
1269	job_F	AF-G8A515-F1-model_v6	1	6	394	0.168	433	2.013e-14	385	452
1270	job_A	AF-A1DMZ7-F1-model_v6	1	7	394	0.183	426	6.439e-16	440	452
1271	job_F	AF-A0A816CI96-F1-model_v6	1	2	393	0.193	428	3.033e-19	523	452
1272	job_G	AF-A0A7R9MK77-F1-model_v6	1	1	393	0.231	428	1.757e-19	535	452
1273	job_E	AF-A0A226DMP3-F1-model_v6	1	9	393	0.162	405	3.242e-11	254	452
1274	job_G	AF-A0A9P5IDZ7-F1-model_v6	1	32	391	0.209	368	4.199e-18	551	452
1275	job_G	AF-A0A2P6N2F4-F1-model_v6	1	3	391	0.196	483	2.585e-20	553	452
1276	job_F	AF-A0A238BNS2-F1-model_v6	1	14	388	0.181	496	9.205e-13	320	452
1277	job_A	AF-A0A3D0ZRZ6-F1-model_v6	1	1	386	0.225	408	1.606e-20	615	452
1278	job_A	AF-A0A9P6JS04-F1-model_v6	1	1	386	0.2	425	4.619e-17	441	452
1279	job_A	AF-A0A7C5WVZ0-F1-model_v6	1	1	385	0.241	401	7.135e-22	639	452
1280	job_C	AF-A0A2D7XWT8-F1-model_v6	1	3	384	0.189	453	3.924e-21	603	452
1281	job_G	AF-A0A0N1BMA0-F1-model_v6	1	15	384	0.229	409	1.805e-20	589	452
1282	job_F	AF-A0A2Z3GRH6-F1-model_v6	1	6	383	0.222	400	7.113e-18	540	452
1283	job_F	AF-Q2GQ48-F1-model_v6	1	1	383	0.19	435	5.983e-15	374	452
1284	job_F	AF-A0A535E9W2-F1-model_v6	1	7	379	0.23	391	2.67e-21	650	452
1285	job_C	AF-A0A7G5GYU3-F1-model_v6	1	134	379	0.131	351	7.669e-10	233	452
1286	job_C	AF-A0A955WYP2-F1-model_v6	1	1	378	0.188	398	6.059e-18	530	452
1287	job_E	AF-A0A915HRE1-F1-model_v6	1	3	377	0.266	387	1.409e-14	327	452
1288	job_E	AF-K2RBT3-F1-model_v6	1	32	376	0.193	366	1.941e-18	512	452
1289	job_A	AF-A0A9P8AM20-F1-model_v6	1	2	376	0.15	432	2.304e-09	242	452
1290	job_G	AF-Q6NG05-F1-model_v6	1	1	374	0.178	471	8.114e-18	481	452
1291	job_G	AF-A0A521C4N6-F1-model_v6	1	129	373	0.11	354	5.648e-09	220	452
1292	job_B	AF-A0A940RVH6-F1-model_v6	1	1	372	0.179	417	1.695e-19	565	452
1293	job_A	AF-A0AAV8XL68-F1-model_v6	1	1	369	0.19	415	3.424e-17	471	452
1294	job_E	AF-T1GJI9-F1-model_v6	1	4	358	0.186	461	8.686e-15	389	452
1295	job_F	AF-A0A0M3KD83-F1-model_v6	1	2	355	0.234	376	1.778e-15	401	452
1296	job_F	AF-A0A4R3PRB8-F1-model_v6	1	2	354	0.194	381	2.536e-18	531	452
1297	job_G	AF-A0A559M1S9-F1-model_v6	1	9	352	0.189	401	1.63e-14	363	452
1298	job_G	AF-A0A7E4WBY3-F1-model_v6	1	10	348	0.178	376	9.887e-12	312	452
1299	job_B	AF-A0A8H6VGI9-F1-model_v6	1	20	343	0.221	334	5.158e-21	655	452
1300	job_G	AF-A0A812LGR7-F1-model_v6	1	42	338	0.201	332	4.863e-19	562	452
1301	job_G	AF-A0A7E4W5W0-F1-model_v6	1	39	335	0.26	322	1.125e-18	550	452
1302	job_A	AF-G3I5K9-F1-model_v6	1	12	330	0.199	401	2.076e-14	348	452
1303	job_G	AF-A0A7S4BDJ5-F1-model_v6	1	57	329	0.221	307	6.965e-19	566	452
1304	job_E	AF-A0AA35KSC6-F1-model_v6	1	32	326	0.119	318	2.657e-07	155	452
1305	job_C	AF-A0A9N9TAG5-F1-model_v6	1	34	324	0.277	299	1.411e-21	695	452
1306	job_E	AF-A0A0K8UQ55-F1-model_v6	1	31	323	0.27	314	2.494e-20	616	452
1307	job_G	AF-A0AAN7SP87-F1-model_v6	1	20	322	0.257	319	2.16e-20	583	452
1308	job_E	AF-A0A066WNU0-F1-model_v6	1	28	321	0.275	305	2.661e-21	645	452
1309	job_G	AF-A0A2Z5AE45-F1-model_v6	1	50	319	0.145	377	1.81e-09	203	452
1310	job_G	AF-A0A946IJR2-F1-model_v6	1	59	317	0.123	373	1.35e-07	193	452
1311	job_G	AF-A0AAN7ZAW9-F1-model_v6	1	28	315	0.242	297	7.198e-18	567	452
1312	job_G	AF-G4V357-F1-model_v6	1	43	313	0.274	299	1.7e-20	583	452
1313	job_C	AF-A0A4P2VP04-F1-model_v6	1	62	312	0.125	352	1.464e-08	192	452
1314	job_G	AF-A0A0B4RY87-F1-model_v6	1	45	310	0.285	280	1.088e-19	617	452
1315	job_G	AF-A0A0A9ZI58-F1-model_v6	1	34	307	0.267	288	7.156e-20	627	452
1316	job_G	AF-A0A4Z2D0F4-F1-model_v6	1	27	304	0.29	282	1.374e-21	706	452
1317	job_G	AF-A0A5N5SPU7-F1-model_v6	1	28	302	0.25	287	3.725e-18	554	452
1318	job_E	AF-M2QND7-F1-model_v6	1	24	299	0.195	291	3.414e-09	233	452
1319	job_C	AF-A0A6J6U988-F1-model_v6	1	50	298	0.125	367	6.204e-08	198	452
1320	job_G	AF-A0A920L2S8-F1-model_v6	1	28	296	0.323	275	2.994e-21	694	452
1321	job_F	AF-A0A0C9RJ55-F1-model_v6	1	28	296	0.248	298	8.663e-13	342	452
1322	job_G	AF-A0A138ZY06-F1-model_v6	1	25	296	0.204	308	3.456e-13	336	452
1323	job_G	AF-Q9NI53-F1-model_v6	1	3	296	0.238	315	9.011e-13	347	452
1324	job_G	AF-A0A7X8JCH6-F1-model_v6	1	25	295	0.238	281	3.509e-18	576	452
1325	job_A	AF-E9H9Z4-F1-model_v6	1	3	294	0.232	314	3.352e-14	364	452
1326	job_G	AF-Q2HAB3-F1-model_v6	1	26	293	0.23	299	4.458e-18	492	452
1327	job_G	AF-A0AAV2PR41-F1-model_v6	1	42	291	0.254	271	3.648e-15	443	452
1328	job_F	AF-A0A954LSR5-F1-model_v6	1	13	291	0.148	316	2.46e-08	156	452
1329	job_B	AF-A0A0B4GU24-F1-model_v6	1	51	286	0.219	242	5.594e-10	308	452
1330	job_B	AF-A0A8S9ZSY7-F1-model_v6	1	99	286	0.263	205	1.576e-14	431	452
1331	job_B	AF-A0A520HT20-F1-model_v6	1	13	285	0.225	284	4.442e-19	596	452
1332	job_C	AF-A0A8K0CQT9-F1-model_v6	1	29	285	0.26	284	2.989e-19	565	452
1333	job_G	AF-A0A6I9WE90-F1-model_v6	1	4	283	0.276	307	9.341e-21	628	452
1334	job_C	AF-A0A8K0K716-F1-model_v6	1	2	282	0.214	298	1.153e-12	332	452
1335	job_E	AF-I6YEM7-F1-model_v6	1	20	281	0.206	281	1.378e-09	250	452
1336	job_G	AF-W9N9M8-F1-model_v6	1	31	280	0.148	277	1.091e-08	189	452
1337	job_G	AF-A0A6N9BW77-F1-model_v6	1	2	279	0.291	295	1.212e-23	743	452
1338	job_B	AF-A0A7R9LEE3-F1-model_v6	1	31	279	0.284	278	4.507e-20	614	452
1339	job_A	AF-A0A2G8S6P3-F1-model_v6	1	29	273	0.225	280	2.513e-10	262	452
1340	job_G	AF-A0A0C9UTM5-F1-model_v6	1	22	264	0.294	255	1.928e-18	545	452
1341	job_G	AF-A0A6I9VWB9-F1-model_v6	1	27	258	0.306	238	1.877e-17	554	452
1342	job_G	AF-A0A3P7DZW2-F1-model_v6	1	12	258	0.259	258	7.781e-12	349	452
1343	job_E	AF-Q68GX1-F1-model_v6	1	4	257	0.246	260	1.667e-11	342	452
1344	job_G	AF-A0A2W6W4R5-F1-model_v6	1	53	257	0.155	251	3.122e-07	173	452
1345	job_B	AF-G3XVT7-F1-model_v6	1	29	254	0.3	236	2.914e-19	610	452
1346	job_G	AF-A0A0M2K9T3-F1-model_v6	1	42	251	0.322	223	8.336e-19	631	452
1347	job_B	AF-A0A9D9D014-F1-model_v6	1	23	251	0.294	234	8.74e-20	627	452
1348	job_B	AF-A0A1A9X426-F1-model_v6	1	48	250	0.259	220	2.234e-09	241	452
1349	job_F	AF-A0A6A6BWV2-F1-model_v6	1	1	247	0.223	260	5.665e-13	396	452
1350	job_G	AF-A0A916TXY0-F1-model_v6	1	24	236	0.273	219	1.354e-16	547	452
1351	job_C	AF-V3ZWI4-F1-model_v6	1	1	236	0.247	251	3.355e-11	321	452
1352	job_F	AF-A0A7Z0TG99-F1-model_v6	1	9	233	0.319	235	1.217e-20	652	452
1353	job_C	AF-A0A7R9HCD2-F1-model_v6	1	30	232	0.31	219	2.815e-19	624	452
1354	job_G	AF-A0A7V9B3G0-F1-model_v6	1	1	231	0.364	233	1.082e-21	740	452
1355	job_B	AF-A0AA88YC64-F1-model_v6	1	19	230	0.334	224	2.744e-19	622	452
1356	job_G	AF-A0A428TP63-F1-model_v6	1	35	227	0.293	201	1.888e-15	523	452
1357	job_G	AF-A0A930RHW2-F1-model_v6	1	55	224	0.268	179	7.134e-11	347	452
1358	job_G	AF-A0A1Q4YNY3-F1-model_v6	1	29	223	0.307	208	1.939e-16	547	452
1359	job_F	AF-A0A1H8ASQ8-F1-model_v6	1	2	220	0.258	224	7.743e-10	295	452
1360	job_C	AF-A0A920MJB8-F1-model_v6	1	27	220	0.282	202	2.307e-14	440	452
1361	job_E	AF-A0A8D8E5C5-F1-model_v6	1	11	214	0.261	210	7.117e-11	322	452
1362	job_G	AF-A0A0A9X8D0-F1-model_v6	1	1	211	0.327	220	6.216e-17	566	452
1363	job_B	AF-A0A420J4M1-F1-model_v6	1	2	209	0.213	215	3.207e-09	276	452
1364	job_G	AF-A0A5N6JQ64-F1-model_v6	1	28	209	0.291	185	1.298e-10	337	452
1365	job_B	AF-A0A820W066-F1-model_v6	1	1	207	0.283	212	6.028e-11	350	452
1366	job_G	AF-A0A9D4CZL4-F1-model_v6	1	12	205	0.292	202	4.921e-15	501	452
1367	job_F	AF-A0AAD5QBR4-F1-model_v6	1	31	199	0.314	178	2.146e-13	390	452
1368	job_F	AF-A0AAE8MN99-F1-model_v6	1	1	197	0.299	204	7.2e-14	441	452
1369	job_G	AF-A0A9P2M3D5-F1-model_v6	1	7	195	0.367	193	4.892e-17	569	452
1370	job_F	AF-A0A0H3XQ97-F1-model_v6	1	15	195	0.299	187	2.574e-13	423	452
1371	job_C	AF-A0A2J7RMS6-F1-model_v6	1	1	191	0.286	206	2.338e-11	324	452
1372	job_G	AF-W0GJ62-F1-model_v6	1	19	189	0.303	178	9.567e-13	409	452
1373	job_G	AF-N6UQ41-F1-model_v6	1	3	187	0.288	194	1.108e-13	457	452
1374	job_G	AF-A0A6N8VV00-F1-model_v6	1	4	186	0.317	186	4.921e-15	504	452
1375	job_G	AF-A0A2R5LPM1-F1-model_v6	1	21	177	0.29	165	7.994e-13	405	452
1376	job_G	AF-A0A5Z5YG20-F1-model_v6	1	8	171	0.291	168	1.455e-12	410	452
1377	job_E	AF-A0A2C9LEV2-F1-model_v6	1	3	171	0.314	181	1.795e-14	449	452
1378	job_E	AF-A0A9Q1CK02-F1-model_v6	1	28	168	0.349	146	4.702e-13	418	452
1379	job_G	AF-A0A0V0YAE9-F1-model_v6	1	36	166	0.282	138	7.417e-08	244	452
1380	job_G	AF-A0A7C7JHT2-F1-model_v6	1	27	163	0.272	143	8.589e-09	282	452
1381	job_G	AF-A0A536F9H5-F1-model_v6	1	9	162	0.301	169	2.562e-13	386	452
1382	job_C	AF-A0A8T1GYX5-F1-model_v6	1	1	162	0.345	171	7.893e-08	245	452
1383	job_G	AF-A0A428XR97-F1-model_v6	1	3	161	0.281	174	2.212e-12	408	452
1384	job_C	AF-A0A7S0IIH4-F1-model_v6	1	16	158	0.278	151	9.91e-11	339	452
1385	job_E	AF-A0A958RML9-F1-model_v6	1	30	151	0.33	127	6.611e-08	259	452
1386	job_G	AF-A0A534Q7K0-F1-model_v6	1	4	146	0.331	145	4.275e-12	381	452
1387	job_A	AF-A0A1X0QV12-F1-model_v6	1	12	143	0.265	143	1.316e-06	195	452
1388	job_G	AF-A0A381TTN7-F1-model_v6	1	1	141	0.34	141	4.137e-13	448	452
1389	job_G	AF-A0A952FUB8-F1-model_v6	1	17	133	0.292	123	4.353e-06	206	452
1390	job_G	AF-A0A8T6IBP1-F1-model_v6	1	5	104	0.306	101	1.069e-05	192	452
1391	job_D	AF-A0A7M7MJ77-F1-model_v6	1	171	709	0.177	569	1.803e-27	775	451
1392	job_D	AF-A0A9P4PRQ0-F1-model_v6	1	159	623	0.182	498	2.872e-20	550	451
1393	job_D	AF-A0A8H4RWH8-F1-model_v6	1	397	599	0.297	212	7.502e-17	552	451
1394	job_D	AF-A0A4S2KN47-F1-model_v6	1	71	593	0.195	553	6.719e-21	588	451
1395	job_D	AF-A0A3Q3EVB5-F1-model_v6	1	176	588	0.155	443	2.082e-13	366	451
1396	job_D	AF-A0A131YLC7-F1-model_v6	1	81	585	0.208	538	4.775e-29	842	451
1397	job_D	AF-A0AAQ4EXR1-F1-model_v6	1	43	543	0.185	538	1.885e-21	597	451
1398	job_D	AF-A0A9P3E6W3-F1-model_v6	1	42	540	0.208	523	1.798e-26	756	451
1399	job_D	AF-A0A336MQ68-F1-model_v6	1	22	515	0.206	524	2.586e-26	733	451
1400	job_D	AF-T1J3T4-F1-model_v6	1	96	506	0.218	477	1.4e-23	646	451
1401	job_D	AF-A0A1B0DKS7-F1-model_v6	1	227	502	0.277	292	9.661e-21	646	451
1402	job_D	AF-A0AB34JFI7-F1-model_v6	1	27	501	0.207	501	3.509e-27	770	451
1403	job_D	AF-A0A8I6TJU0-F1-model_v6	1	32	501	0.198	515	2.008e-22	593	451
1404	job_D	AF-A0A4Y9SJ25-F1-model_v6	1	60	498	0.182	505	7.157e-22	583	451
1405	job_D	AF-A0A7F5RI59-F1-model_v6	1	92	493	0.164	420	8.377e-13	366	451
1406	job_D	AF-A0A2N6NYA9-F1-model_v6	1	25	493	0.202	499	2.285e-25	751	451
1407	job_D	AF-A0A4V6A385-F1-model_v6	1	4	474	0.195	486	8.606e-23	650	451
1408	job_D	AF-A0A356W3R5-F1-model_v6	1	1	462	0.203	496	1.311e-21	589	451
1409	job_D	AF-A0A3N4JC48-F1-model_v6	1	24	455	0.164	479	4.698e-23	665	451
1410	job_D	AF-A0A4S9SIU3-F1-model_v6	1	9	449	0.216	461	5.288e-22	605	451
1411	job_D	AF-A0A0L7KL63-F1-model_v6	1	23	434	0.153	476	2.189e-09	215	451
1412	job_D	AF-D2U6X2-F1-model_v6	1	3	405	0.208	427	1.997e-20	572	451
1413	job_D	AF-A0A8X6GVG9-F1-model_v6	1	2	388	0.192	405	1.367e-14	382	451
1414	job_D	AF-A0A821Y4U0-F1-model_v6	1	1	386	0.162	424	8.491e-18	464	451
1415	job_D	AF-A0A8E2DIE3-F1-model_v6	1	3	374	0.232	392	1.385e-19	542	451
1416	job_D	AF-A0ABD3SCX8-F1-model_v6	1	25	310	0.248	314	2.395e-20	610	451
1417	job_D	AF-A0A9X4KR84-F1-model_v6	1	5	285	0.303	293	5.649e-24	726	451
1418	job_D	AF-A0A0N4X6R6-F1-model_v6	1	19	236	0.317	233	6.274e-18	559	451
1419	job_D	AF-A0A0B1TFY7-F1-model_v6	1	72	222	0.324	154	4.537e-10	304	451
1420	job_D	AF-A0A5K1K2Q3-F1-model_v6	1	41	220	0.231	186	1.128e-10	337	451
1421	job_D	AF-A0A8S3RGN1-F1-model_v6	1	29	218	0.287	198	2.094e-15	497	451
1422	job_D	AF-A0A8T2NVK7-F1-model_v6	1	6	215	0.282	223	2.094e-15	476	451
1423	job_D	AF-A0A7X7GEV2-F1-model_v6	1	5	196	0.382	196	9.045e-19	621	451
1424	                                                                                                                                                                                                                                                                                                              alis_afdb50_report.m8                                                                               0000644 0000000 0000000 00000637137 15257250630 013204 	1000	NA	NA	NA	0	NA	NA	NA	NA
1425	99.7000	997	NA	NA	NA	0	NA	NA	NA	NA
1426	75.8000	758	NA	NA	NA	0	NA	NA	NA	NA
1427	73.3000	733	NA	NA	NA	0	NA	NA	NA	NA
1428	52.6000	526	NA	NA	NA	0	NA	NA	NA	NA
1429	52.5000	525	NA	NA	NA	0	NA	NA	NA	NA
1430	51.6000	516	NA	NA	NA	0	NA	NA	NA	NA
1431	42.7000	427	NA	NA	NA	0	NA	NA	NA	NA
1432	36.7000	367	NA	NA	NA	0	NA	NA	NA	NA
1433	30.6000	306	NA	NA	NA	0	NA	NA	NA	NA
1434	30.4000	304	NA	NA	NA	0	NA	NA	NA	NA
1435	25.5000	255	NA	NA	NA	0	NA	NA	NA	NA
1436	25.2000	252	NA	NA	NA	0	NA	NA	NA	NA
1437	22.5000	225	NA	NA	NA	0	NA	NA	NA	NA
1438	20.7000	207	NA	NA	NA	0	NA	NA	NA	NA
1439	20.2000	202	NA	NA	NA	0	NA	NA	NA	NA
1440	13.2000	132	NA	NA	NA	0	NA	NA	NA	NA
1441	4.3000	43	NA	NA	NA	0	NA	NA	NA	NA
1442	2.2000	22	NA	NA	NA	0	NA	NA	NA	NA
1443	1.7000	17	NA	NA	NA	0	NA	NA	NA	NA
1444	1.3000	13	NA	NA	NA	0	NA	NA	NA	NA
1445	1.2000	12	NA	NA	NA	0	NA	NA	NA	NA
1446	0.7000	7	NA	NA	NA	0	NA	NA	NA	NA
1447	0.6000	6	NA	NA	NA	0.04	NA	NA	NA	NA
1448	0.2000	2	NA	NA	NA	0.02	NA	NA	NA	NA
1449	0.1000	1	NA	NA	NA	1	NA	NA	NA	NA
1450	0.5000	5	NA	NA	NA	0	NA	NA	NA	NA
1451	0.3000	3	NA	NA	NA	0	NA	NA	NA	NA
1452	0.4000	4	NA	NA	NA	0	NA	NA	NA	NA
1453	2.1000	21	NA	NA	NA	0	NA	NA	NA	NA
1454	2.0000	20	NA	NA	NA	0	NA	NA	NA	NA
1455	0.9000	9	NA	NA	NA	0	NA	NA	NA	NA
1456	0.8000	8	NA	NA	NA	0	NA	NA	NA	NA
1457	3.9000	39	NA	NA	NA	0	NA	NA	NA	NA
1458	2.9000	29	NA	NA	NA	0	NA	NA	NA	NA
1459	1.9000	19	NA	NA	NA	0	NA	NA	NA	NA
1460	1.1000	11	NA	NA	NA	0	NA	NA	NA	NA
1461	3.4000	34	NA	NA	NA	0	NA	NA	NA	NA
1462	3.0000	30	NA	NA	NA	0	NA	NA	NA	NA
1463	1.0000	10	NA	NA	NA	0	NA	NA	NA	NA
1464	1.6000	16	NA	NA	NA	0	NA	NA	NA	NA
1465	4.7000	47	NA	NA	NA	0	NA	NA	NA	NA
1466	3.6000	36	NA	NA	NA	0	NA	NA	NA	NA
1467	2.3000	23	NA	NA	NA	0	NA	NA	NA	NA
1468	1.5000	15	NA	NA	NA	0	NA	NA	NA	NA
1469	1.8000	18	NA	NA	NA	0	NA	NA	NA	NA
1470	2.7000	27	NA	NA	NA	0	NA	NA	NA	NA
1471	4.9000	49	NA	NA	NA	0	NA	NA	NA	NA
1472	4.5000	45	NA	NA	NA	0	NA	NA	NA	NA
1473	3.3000	33	NA	NA	NA	0	NA	NA	NA	NA
1474	6.1000	61	NA	NA	NA	0	NA	NA	NA	NA
1475	6.0000	60	NA	NA	NA	0	NA	NA	NA	NA
1476	5.8000	58	NA	NA	NA	0	NA	NA	NA	NA
1477	2.5000	25	NA	NA	NA	0	NA	NA	NA	NA
1478	5.2000	52	NA	NA	NA	0	NA	NA	NA	NA
1479	3.7000	37	NA	NA	NA	0	NA	NA	NA	NA
1480	1.4000	14	NA	NA	NA	0	NA	NA	NA	NA
1481	8.9000	89	NA	NA	NA	0	NA	NA	NA	NA
1482	8.4000	84	NA	NA	NA	0	NA	NA	NA	NA
1483	7.3000	73	NA	NA	NA	0	NA	NA	NA	NA
1484	7.2000	72	NA	NA	NA	0	NA	NA	NA	NA
1485	3.8000	38	NA	NA	NA	0	NA	NA	NA	NA
1486	2.4000	24	NA	NA	NA	0	NA	NA	NA	NA
1487	3.1000	31	NA	NA	NA	0	NA	NA	NA	NA
1488	20.6000	206	NA	NA	NA	0	NA	NA	NA	NA
1489	19.6000	196	NA	NA	NA	0	NA	NA	NA	NA
1490	14.6000	146	NA	NA	NA	0	NA	NA	NA	NA
1491	14.4000	144	NA	NA	NA	0	NA	NA	NA	NA
1492	14.0000	140	NA	NA	NA	0	NA	NA	NA	NA
1493	13.7000	137	NA	NA	NA	0	NA	NA	NA	NA
1494	7.8000	78	NA	NA	NA	0	NA	NA	NA	NA
1495	3.2000	32	NA	NA	NA	0	NA	NA	NA	NA
1496	5.0000	50	NA	NA	NA	0	NA	NA	NA	NA
1497	4.8000	48	NA	NA	NA	0	NA	NA	NA	NA
1498	4.4000	44	NA	NA	NA	0	NA	NA	NA	NA
1499	2.8000	28	NA	NA	NA	0	NA	NA	NA	NA
1500	23.7000	237	NA	NA	NA	0	NA	NA	NA	NA
1501	14.1000	141	NA	NA	NA	0	NA	NA	NA	NA
1502	9.8000	98	NA	NA	NA	0	NA	NA	NA	NA
1503	9.3000	93	NA	NA	NA	0	NA	NA	NA	NA
1504	6.5000	65	NA	NA	NA	0	NA	NA	NA	NA
1505	6.2000	62	NA	NA	NA	0	NA	NA	NA	NA
1506	71.6000	716	NA	NA	NA	0	NA	NA	NA	NA
1507	69.0000	690	NA	NA	NA	0	NA	NA	NA	NA
1508	52.7000	527	NA	NA	NA	0	NA	NA	NA	NA
1509	36.5000	365	NA	NA	NA	0	NA	NA	NA	NA
1510	30.1000	301	NA	NA	NA	0	NA	NA	NA	NA
1511	29.9000	299	NA	NA	NA	0	NA	NA	NA	NA
1512	24.8000	248	NA	NA	NA	0	NA	NA	NA	NA
1513	24.5000	245	NA	NA	NA	0	NA	NA	NA	NA
1514	20.9000	209	NA	NA	NA	0	NA	NA	NA	NA
1515	19.1000	191	NA	NA	NA	0	NA	NA	NA	NA
1516	18.8000	188	NA	NA	NA	0	NA	NA	NA	NA
1517	12.5000	125	NA	NA	NA	0	NA	NA	NA	NA
1518	2.6000	26	NA	NA	NA	0	NA	NA	NA	NA
1519	5.1000	51	NA	NA	NA	0	NA	NA	NA	NA
1520	6.4000	64	NA	NA	NA	0	NA	NA	NA	NA
1521	3.5000	35	NA	NA	NA	0	NA	NA	NA	NA
1522	5.3000	53	NA	NA	NA	0	NA	NA	NA	NA
1523	7.4000	74	NA	NA	NA	0	NA	NA	NA	NA
1524	4.2000	42	NA	NA	NA	0	NA	NA	NA	NA
1525	4.0000	40	NA	NA	NA	0	NA	NA	NA	NA
1526	16.2000	162	NA	NA	NA	0	NA	NA	NA	NA
1527	14.7000	147	NA	NA	NA	0	NA	NA	NA	NA
1528	10.6000	106	NA	NA	NA	0	NA	NA	NA	NA
1529	10.4000	104	NA	NA	NA	0	NA	NA	NA	NA
1530	10.0000	100	NA	NA	NA	0	NA	NA	NA	NA
1531	9.7000	97	NA	NA	NA	0	NA	NA	NA	NA
1532	5.6000	56	NA	NA	NA	0	NA	NA	NA	NA
1533	4.1000	41	NA	NA	NA	0	NA	NA	NA	NA
1534	27.8000	278	NA	NA	NA	0	NA	NA	NA	NA
1535	15.9000	159	NA	NA	NA	0	NA	NA	NA	NA
1536	10.7000	107	NA	NA	NA	0	NA	NA	NA	NA
1537	4.6000	46	NA	NA	NA	0	NA	NA	NA	NA
1538	11.6000	116	NA	NA	NA	0	NA	NA	NA	NA
1539	73.5000	735	NA	NA	NA	0	NA	NA	NA	NA
1540	71.7000	717	NA	NA	NA	0	NA	NA	NA	NA
1541	61.3000	613	NA	NA	NA	0	NA	NA	NA	NA
1542	61.2000	612	NA	NA	NA	0	NA	NA	NA	NA
1543	60.3000	603	NA	NA	NA	0	NA	NA	NA	NA
1544	49.8000	498	NA	NA	NA	0	NA	NA	NA	NA
1545	42.5000	425	NA	NA	NA	0	NA	NA	NA	NA
1546	34.2000	342	NA	NA	NA	0	NA	NA	NA	NA
1547	34.0000	340	NA	NA	NA	0	NA	NA	NA	NA
1548	28.8000	288	NA	NA	NA	0	NA	NA	NA	NA
1549	28.5000	285	NA	NA	NA	0	NA	NA	NA	NA
1550	25.0000	250	NA	NA	NA	0	NA	NA	NA	NA
1551	23.4000	234	NA	NA	NA	0	NA	NA	NA	NA
1552	23.1000	231	NA	NA	NA	0	NA	NA	NA	NA
1553	15.3000	153	NA	NA	NA	0	NA	NA	NA	NA
1554	5.5000	55	NA	NA	NA	0	NA	NA	NA	NA
1555	8.3000	83	NA	NA	NA	0	NA	NA	NA	NA
1556	7.9000	79	NA	NA	NA	0	NA	NA	NA	NA
1557	7.7000	77	NA	NA	NA	0	NA	NA	NA	NA
1558	5.9000	59	NA	NA	NA	0	NA	NA	NA	NA
1559	10.5000	105	NA	NA	NA	0	NA	NA	NA	NA
1560	9.9000	99	NA	NA	NA	0	NA	NA	NA	NA
1561	8.5000	85	NA	NA	NA	0	NA	NA	NA	NA
1562	10.3000	103	NA	NA	NA	0	NA	NA	NA	NA
1563	7.6000	76	NA	NA	NA	0	NA	NA	NA	NA
1564	7.5000	75	NA	NA	NA	0	NA	NA	NA	NA
1565	26.0000	260	NA	NA	NA	0	NA	NA	NA	NA
1566	15.1000	151	NA	NA	NA	0	NA	NA	NA	NA
1567	7.0000	70	NA	NA	NA	0	NA	NA	NA	NA
1568	75.5000	755	NA	NA	NA	0	NA	NA	NA	NA
1569	73.1000	731	NA	NA	NA	0	NA	NA	NA	NA
1570	51.7000	517	NA	NA	NA	0	NA	NA	NA	NA
1571	50.6000	506	NA	NA	NA	0	NA	NA	NA	NA
1572	42.9000	429	NA	NA	NA	0	NA	NA	NA	NA
1573	36.8000	368	NA	NA	NA	0	NA	NA	NA	NA
1574	24.6000	246	NA	NA	NA	0	NA	NA	NA	NA
1575	21.7000	217	NA	NA	NA	0	NA	NA	NA	NA
1576	19.9000	199	NA	NA	NA	0	NA	NA	NA	NA
1577	19.5000	195	NA	NA	NA	0	NA	NA	NA	NA
1578	12.6000	126	NA	NA	NA	0	NA	NA	NA	NA
1579	6.7000	67	NA	NA	NA	0	NA	NA	NA	NA
1580	6.3000	63	NA	NA	NA	0	NA	NA	NA	NA
1581	21.3000	213	NA	NA	NA	0	NA	NA	NA	NA
1582	14.3000	143	NA	NA	NA	0	NA	NA	NA	NA
1583	24.0000	240	NA	NA	NA	0	NA	NA	NA	NA
1584	14.2000	142	NA	NA	NA	0	NA	NA	NA	NA
1585	9.5000	95	NA	NA	NA	0	NA	NA	NA	NA
1586	73.4000	734	NA	NA	NA	0	NA	NA	NA	NA
1587	52.3000	523	NA	NA	NA	0	NA	NA	NA	NA
1588	52.2000	522	NA	NA	NA	0	NA	NA	NA	NA
1589	51.4000	514	NA	NA	NA	0	NA	NA	NA	NA
1590	43.6000	436	NA	NA	NA	0	NA	NA	NA	NA
1591	37.4000	374	NA	NA	NA	0	NA	NA	NA	NA
1592	30.8000	308	NA	NA	NA	0	NA	NA	NA	NA
1593	25.1000	251	NA	NA	NA	0	NA	NA	NA	NA
1594	21.8000	218	NA	NA	NA	0	NA	NA	NA	NA
1595	20.0000	200	NA	NA	NA	0	NA	NA	NA	NA
1596	6.6000	66	NA	NA	NA	0	NA	NA	NA	NA
1597	5.4000	54	NA	NA	NA	0	NA	NA	NA	NA
1598	21.0000	210	NA	NA	NA	0	NA	NA	NA	NA
1599	15.0000	150	NA	NA	NA	0	NA	NA	NA	NA
1600	14.8000	148	NA	NA	NA	0	NA	NA	NA	NA
1601	8.0000	80	NA	NA	NA	0	NA	NA	NA	NA
1602	99.6000	996	NA	NA	NA	0	NA	NA	NA	NA
1603	76.2000	762	NA	NA	NA	0	NA	NA	NA	NA
1604	73.9000	739	NA	NA	NA	0	NA	NA	NA	NA
1605	52.1000	521	NA	NA	NA	0	NA	NA	NA	NA
1606	52.0000	520	NA	NA	NA	0	NA	NA	NA	NA
1607	51.0000	510	NA	NA	NA	0	NA	NA	NA	NA
1608	42.8000	428	NA	NA	NA	0	NA	NA	NA	NA
1609	30.2000	302	NA	NA	NA	0	NA	NA	NA	NA
1610	30.0000	300	NA	NA	NA	0	NA	NA	NA	NA
1611	24.9000	249	NA	NA	NA	0	NA	NA	NA	NA
1612	21.6000	216	NA	NA	NA	0	NA	NA	NA	NA
1613	20.1000	201	NA	NA	NA	0	NA	NA	NA	NA
1614	12.8000	128	NA	NA	NA	0	NA	NA	NA	NA
1615	8.2000	82	NA	NA	NA	0	NA	NA	NA	NA
1616	15.4000	154	NA	NA	NA	0	NA	NA	NA	NA
1617	15.2000	152	NA	NA	NA	0	NA	NA	NA	NA
1618	13.8000	138	NA	NA	NA	0	NA	NA	NA	NA
1619	9.1000	91	NA	NA	NA	0	NA	NA	NA	NA
1620	74.5000	745	NA	NA	NA	0	NA	NA	NA	NA
1621	72.3000	723	NA	NA	NA	0	NA	NA	NA	NA
1622	50.7000	507	NA	NA	NA	0	NA	NA	NA	NA
1623	42.6000	426	NA	NA	NA	0	NA	NA	NA	NA
1624	36.4000	364	NA	NA	NA	0	NA	NA	NA	NA
1625	24.3000	243	NA	NA	NA	0	NA	NA	NA	NA
1626	21.4000	214	NA	NA	NA	0	NA	NA	NA	NA
1627	19.7000	197	NA	NA	NA	0	NA	NA	NA	NA
1628	19.2000	192	NA	NA	NA	0	NA	NA	NA	NA
1629	8.1000	81	NA	NA	NA	0	NA	NA	NA	NA
1630	20.5000	205	NA	NA	NA	0	NA	NA	NA	NA
1631	13.6000	136	NA	NA	NA	0	NA	NA	NA	NA
1632	10.1000	101	NA	NA	NA	0	NA	NA	NA	NA
1633	74.6000	746	NA	NA	NA	0	NA	NA	NA	NA
1634	72.5000	725	NA	NA	NA	0	NA	NA	NA	NA
1635	51.1000	511	NA	NA	NA	0	NA	NA	NA	NA
1636	50.2000	502	NA	NA	NA	0	NA	NA	NA	NA
1637	42.4000	424	NA	NA	NA	0	NA	NA	NA	NA
1638	36.2000	362	NA	NA	NA	0	NA	NA	NA	NA
1639	29.2000	292	NA	NA	NA	0	NA	NA	NA	NA
1640	29.0000	290	NA	NA	NA	0	NA	NA	NA	NA
1641	23.9000	239	NA	NA	NA	0	NA	NA	NA	NA
1642	23.5000	235	NA	NA	NA	0	NA	NA	NA	NA
1643	20.3000	203	NA	NA	NA	0	NA	NA	NA	NA
1644	18.7000	187	NA	NA	NA	0	NA	NA	NA	NA
1645	18.3000	183	NA	NA	NA	0	NA	NA	NA	NA
1646	11.8000	118	NA	NA	NA	0	NA	NA	NA	NA
1647	6.8000	68	NA	NA	NA	0	NA	NA	NA	NA
1648	74.0000	740	NA	NA	NA	0	NA	NA	NA	NA
1649	50.0000	500	NA	NA	NA	0	NA	NA	NA	NA
1650	49.9000	499	NA	NA	NA	0	NA	NA	NA	NA
1651	49.1000	491	NA	NA	NA	0	NA	NA	NA	NA
1652	41.4000	414	NA	NA	NA	0	NA	NA	NA	NA
1653	35.5000	355	NA	NA	NA	0	NA	NA	NA	NA
1654	28.6000	286	NA	NA	NA	0	NA	NA	NA	NA
1655	22.8000	228	NA	NA	NA	0	NA	NA	NA	NA
1656	17.9000	179	NA	NA	NA	0	NA	NA	NA	NA
1657	6.9000	69	NA	NA	NA	0	NA	NA	NA	NA
1658	15.6000	156	NA	NA	NA	0	NA	NA	NA	NA
1659	14.9000	149	NA	NA	NA	0	NA	NA	NA	NA
1660	10.2000	102	NA	NA	NA	0	NA	NA	NA	NA
1661	74.9000	749	NA	NA	NA	0	NA	NA	NA	NA
1662	73.0000	730	NA	NA	NA	0	NA	NA	NA	NA
1663	52.4000	524	NA	NA	NA	0	NA	NA	NA	NA
1664	51.5000	515	NA	NA	NA	0	NA	NA	NA	NA
1665	43.5000	435	NA	NA	NA	0	NA	NA	NA	NA
1666	37.7000	377	NA	NA	NA	0	NA	NA	NA	NA
1667	31.1000	311	NA	NA	NA	0	NA	NA	NA	NA
1668	30.9000	309	NA	NA	NA	0	NA	NA	NA	NA
1669	19.8000	198	NA	NA	NA	0	NA	NA	NA	NA
1670	19.4000	194	NA	NA	NA	0	NA	NA	NA	NA
1671	12.7000	127	NA	NA	NA	0	NA	NA	NA	NA
1672	14.5000	145	NA	NA	NA	0	NA	NA	NA	NA
