candidate	tm_norm_ref	rmsd	fold_ok	Ser200_obs	Ser200_offsetA	Ser200_state	His440_obs	His440_offsetA	His440_state	Glu327_obs	Glu327_offsetA	Glu327_state	Trp84_obs	Trp84_offsetA	Trp84_state	verdict	state_reason
A0A061AXY3	0.850	3.22	true	S206	0.64	retained	H447	0.87	retained	E328	1.22	retained	D84	1.82	lost	retained	Ser200 S206 retained
A0A062TWW8	0.799	3.77	true	S229	0.39	retained	H459	0.52	retained	E374	0.78	retained	K107	13.43	unresolved	retained	Ser200 S229 retained
A0A066WNU0	0.510	2.59	true	S217	0.60	retained	-	NA	unresolved	-	NA	unresolved	-	NA	unresolved	retained	Ser200 S217 retained
A0A074ZI68	0.834	1.86	true	S233	0.46	retained	H536	0.34	retained	E392	0.52	retained	W111	0.70	retained	retained	Ser200 S233 retained
A0A084QP96	0.843	3.04	true	S201	0.73	retained	H434	1.13	retained	G326	1.36	lost	-	NA	unresolved	retained	Ser200 S201 retained
A0A084VSA4	0.773	3.12	true	S155	0.31	retained	H397	0.96	retained	E283	1.48	retained	-	NA	unresolved	retained	Ser200 S155 retained
A0A090KYF7	0.922	2.19	true	G214	0.44	lost	R472	1.65	lost	E345	1.04	retained	S100	4.77	unresolved	lost	Ser200 G not in expected {S}
A0A093PIY4	0.472	2.16	false	-	NA	unresolved	-	NA	unresolved	-	NA	unresolved	-	NA	unresolved	unresolved	fold below TM gate (TM 0.47 < 0.50)
A0A093UZV3	0.538	2.54	true	S275	0.56	retained	-	NA	unresolved	C405	3.51	lost	-	NA	unresolved	retained	Ser200 S275 retained
A0A093X9T7	0.788	3.04	true	S212	0.81	retained	H454	0.63	retained	E339	0.67	retained	-	NA	unresolved	retained	Ser200 S212 retained
A0A093XE52	0.809	3.15	true	S292	0.78	retained	H488	0.49	retained	E420	0.94	retained	S178	2.25	lost	retained	Ser200 S292 retained
A0A093YD22	0.839	3.15	true	S478	0.83	retained	H710	1.16	retained	E607	1.16	retained	-	NA	unresolved	retained	Ser200 S478 retained
A0A093YE22	0.799	3.05	true	S305	0.18	retained	Q503	1.45	lost	E433	1.39	retained	L190	5.95	unresolved	retained	Ser200 S305 retained
A0A094C9Z8	0.755	2.83	true	S229	0.32	retained	H443	0.33	retained	E347	0.73	retained	N111	3.27	lost	retained	Ser200 S229 retained
A0A094EZQ4	0.813	3.25	true	S326	0.86	retained	H581	0.94	retained	D457	0.33	altered	-	NA	unresolved	retained	Ser200 S326 retained
A0A094FX26	0.825	3.09	true	S211	0.49	retained	H444	1.14	retained	E332	1.14	retained	-	NA	unresolved	retained	Ser200 S211 retained
A0A094S4B7	0.818	2.70	true	S178	0.70	retained	H390	0.24	retained	E293	0.46	retained	G68	6.36	unresolved	retained	Ser200 S178 retained
A0A0A1T8L7	0.789	3.71	true	S238	0.35	retained	H452	0.86	retained	E358	1.22	retained	-	NA	unresolved	retained	Ser200 S238 retained
A0A0A1X822	0.539	3.08	true	S222	0.59	retained	-	NA	unresolved	-	NA	unresolved	-	NA	unresolved	retained	Ser200 S222 retained
A0A0A2M5R5	0.402	4.14	false	-	NA	unresolved	-	NA	unresolved	-	NA	unresolved	-	NA	unresolved	unresolved	fold below TM gate (TM 0.40 < 0.50)
A0A0A6YVZ5	0.269	1.03	false	-	NA	unresolved	-	NA	unresolved	-	NA	unresolved	-	NA	unresolved	unresolved	fold below TM gate (TM 0.27 < 0.50)
A0A0A9X8D0	0.372	1.69	false	-	NA	unresolved	-	NA	unresolved	-	NA	unresolved	-	NA	unresolved	unresolved	fold below TM gate (TM 0.37 < 0.50)
A0A0A9XKN4	0.663	2.92	true	S69	0.23	retained	H308	0.61	retained	D197	1.00	altered	-	NA	unresolved	retained	Ser200 S69 retained
A0A0A9ZAI8	0.804	2.57	true	S226	0.45	retained	H489	0.59	retained	E364	1.24	retained	-	NA	unresolved	retained	Ser200 S226 retained
A0A0A9ZI58	0.496	1.97	false	-	NA	unresolved	-	NA	unresolved	-	NA	unresolved	-	NA	unresolved	unresolved	fold below TM gate (TM 0.50 < 0.50)
A0A0B1S2N2	0.662	3.24	true	S65	0.53	retained	H323	1.13	retained	E198	0.65	retained	-	NA	unresolved	retained	Ser200 S65 retained
A0A0B1TFH3	0.757	2.31	true	-	NA	unresolved	H517	0.46	retained	E397	0.32	retained	W104	0.55	retained	unresolved	Ser200: reference position aligned to a gap
A0A0B1TFY7	0.261	2.33	false	-	NA	unresolved	-	NA	unresolved	-	NA	unresolved	-	NA	unresolved	unresolved	fold below TM gate (TM 0.26 < 0.50)
A0A0B2UNN1	0.807	3.00	true	S557	0.35	retained	H851	0.44	retained	E721	0.59	retained	-	NA	unresolved	retained	Ser200 S557 retained
A0A0B2V181	0.589	2.94	true	G223	0.47	lost	-	NA	unresolved	E344	1.43	retained	-	NA	unresolved	lost	Ser200 G not in expected {S}
A0A0B2VWT9	0.873	2.81	true	S207	0.66	retained	H446	0.35	retained	E340	0.24	retained	-	NA	unresolved	retained	Ser200 S207 retained
A0A0B4GU24	0.451	3.40	false	-	NA	unresolved	-	NA	unresolved	-	NA	unresolved	-	NA	unresolved	unresolved	fold below TM gate (TM 0.45 < 0.50)
A0A0B4RXT2	0.408	2.19	false	-	NA	unresolved	-	NA	unresolved	-	NA	unresolved	-	NA	unresolved	unresolved	fold below TM gate (TM 0.41 < 0.50)
A0A0B4RY87	0.494	1.83	false	-	NA	unresolved	-	NA	unresolved	-	NA	unresolved	-	NA	unresolved	unresolved	fold below TM gate (TM 0.49 < 0.50)
A0A0B7A4X9	0.694	2.50	true	S243	0.28	retained	-	NA	unresolved	E371	0.86	retained	V120	7.19	unresolved	retained	Ser200 S243 retained
A0A0B7FG49	0.759	2.92	true	S177	0.49	retained	H425	0.62	retained	E311	0.76	retained	-	NA	unresolved	retained	Ser200 S177 retained
A0A0C3C5Q0	0.779	3.46	true	S245	1.16	retained	H458	0.62	retained	E366	0.65	retained	-	NA	unresolved	retained	Ser200 S245 retained
A0A0C3CV12	0.617	3.07	true	S92	0.64	retained	H296	0.61	retained	E214	0.79	retained	-	NA	unresolved	retained	Ser200 S92 retained
A0A0C5KNZ2	0.869	2.49	true	S208	0.61	retained	H455	0.58	retained	E340	0.44	retained	-	NA	unresolved	retained	Ser200 S208 retained
A0A0C5VMN8	0.742	3.46	true	S233	0.32	retained	H446	1.02	retained	E353	1.41	retained	T107	11.30	unresolved	retained	Ser200 S233 retained
A0A0C9Q317	0.682	2.85	true	S210	0.48	retained	-	NA	unresolved	E341	1.04	retained	-	NA	unresolved	retained	Ser200 S210 retained
A0A0C9RJ55	0.476	3.24	false	-	NA	unresolved	-	NA	unresolved	-	NA	unresolved	-	NA	unresolved	unresolved	fold below TM gate (TM 0.48 < 0.50)
A0A0C9UTM5	0.432	2.41	false	-	NA	unresolved	-	NA	unresolved	-	NA	unresolved	-	NA	unresolved	unresolved	fold below TM gate (TM 0.43 < 0.50)
A0A0D1YW62	0.866	2.57	true	S209	0.76	retained	H448	0.69	retained	E334	0.98	retained	-	NA	unresolved	retained	Ser200 S209 retained
A0A0D2AAD4	0.829	3.39	true	S240	0.84	retained	H485	0.66	retained	E372	0.85	retained	-	NA	unresolved	retained	Ser200 S240 retained
A0A0D2N344	0.836	3.04	true	S205	0.43	retained	H450	0.61	retained	E334	0.68	retained	-	NA	unresolved	retained	Ser200 S205 retained
A0A0D6M627	0.655	2.46	true	G299	0.90	lost	-	NA	unresolved	P436	0.72	lost	L179	4.00	unresolved	lost	Ser200 G not in expected {S}
A0A0D7B4N4	0.822	3.27	true	S225	1.22	retained	H445	0.82	retained	E355	0.77	retained	K108	10.39	unresolved	retained	Ser200 S225 retained
A0A0F7QIF3	0.833	2.87	true	S173	0.14	retained	H422	1.25	retained	E304	1.22	retained	-	NA	unresolved	retained	Ser200 S173 retained
A0A0F9SEC6	0.762	2.77	true	S134	0.83	retained	H367	0.13	retained	E260	0.55	retained	-	NA	unresolved	retained	Ser200 S134 retained
A0A0G2H8V2	0.841	3.13	true	S237	0.15	retained	H468	0.36	retained	E351	0.68	retained	A121	1.67	lost	retained	Ser200 S237 retained
A0A0H3XQ97	0.317	1.99	false	-	NA	unresolved	-	NA	unresolved	-	NA	unresolved	-	NA	unresolved	unresolved	fold below TM gate (TM 0.32 < 0.50)
A0A0J1BQ06	0.856	2.45	true	S218	0.48	retained	H451	0.61	retained	E334	1.22	retained	-	NA	unresolved	retained	Ser200 S218 retained
A0A0K0ET87	0.681	3.94	true	G214	2.17	lost	S435	2.42	lost	-	NA	unresolved	-	NA	unresolved	lost	Ser200 G not in expected {S}
A0A0K0ET88	0.848	3.06	true	S221	0.58	retained	H456	0.96	retained	E351	1.00	retained	T98	12.99	unresolved	retained	Ser200 S221 retained
A0A0K0F5D5	0.845	3.14	true	S222	0.86	retained	H457	1.13	retained	E352	1.34	retained	-	NA	unresolved	retained	Ser200 S222 retained
A0A0K0FZS2	0.919	2.21	true	D203	0.22	lost	H457	0.75	retained	E332	0.85	retained	W88	1.35	retained	lost	Ser200 D not in expected {S}
A0A0K0XRM2	0.828	2.88	true	S190	0.35	retained	H422	0.45	retained	E314	0.76	retained	-	NA	unresolved	retained	Ser200 S190 retained
A0A0K1E694	0.858	2.61	true	S230	0.38	retained	H449	0.58	retained	E351	0.42	retained	-	NA	unresolved	retained	Ser200 S230 retained
A0A0K2T105	0.753	2.86	true	G248	0.47	lost	H421	0.46	retained	E332	0.72	retained	-	NA	unresolved	lost	Ser200 G not in expected {S}
A0A0K8Q3R3	0.437	1.68	false	-	NA	unresolved	-	NA	unresolved	-	NA	unresolved	-	NA	unresolved	unresolved	fold below TM gate (TM 0.44 < 0.50)
A0A0K8SJ36	0.854	3.14	true	S200	0.65	retained	H449	1.66	retained	E329	2.24	retained	-	NA	unresolved	retained	Ser200 S200 retained
A0A0K8UBV6	0.908	2.43	true	G291	0.57	lost	H573	0.85	retained	E461	0.27	retained	L145	3.77	lost	lost	Ser200 G not in expected {S}
A0A0K8UQ55	0.536	2.30	true	S218	0.58	retained	-	NA	unresolved	-	NA	unresolved	-	NA	unresolved	retained	Ser200 S218 retained
A0A0K8VD43	0.626	2.72	true	S329	0.97	retained	-	NA	unresolved	E467	0.78	retained	L196	4.48	unresolved	retained	Ser200 S329 retained
A0A0K8WK01	0.654	2.92	true	S218	0.53	retained	-	NA	unresolved	E351	1.02	retained	-	NA	unresolved	retained	Ser200 S218 retained
A0A0L0HMQ6	0.861	2.82	true	S213	0.62	retained	H460	0.66	retained	E353	1.22	retained	-	NA	unresolved	retained	Ser200 S213 retained
A0A0L6TZ21	0.859	2.77	true	S204	0.76	retained	H429	1.10	retained	E335	1.20	retained	T85	9.76	unresolved	retained	Ser200 S204 retained
A0A0L7KL63	0.581	4.18	true	S158	1.52	retained	-	NA	unresolved	D317	1.28	altered	-	NA	unresolved	retained	Ser200 S158 retained
A0A0L7KY57	0.839	2.74	true	S711	0.26	retained	H944	0.61	retained	E835	0.85	retained	-	NA	unresolved	retained	Ser200 S711 retained
A0A0L7LDD0	0.479	4.10	false	-	NA	unresolved	-	NA	unresolved	-	NA	unresolved	-	NA	unresolved	unresolved	fold below TM gate (TM 0.48 < 0.50)
A0A0L7LQY5	0.699	2.67	true	S152	0.37	retained	H399	0.61	retained	E286	0.82	retained	-	NA	unresolved	retained	Ser200 S152 retained
A0A0L7R8A6	0.850	2.83	true	S708	0.17	retained	H940	0.89	retained	E840	0.90	retained	Q592	10.04	unresolved	retained	Ser200 S708 retained
A0A0M2K9T3	0.399	2.27	false	-	NA	unresolved	-	NA	unresolved	-	NA	unresolved	-	NA	unresolved	unresolved	fold below TM gate (TM 0.40 < 0.50)
A0A0M3HWG3	0.842	3.08	true	S204	0.92	retained	H449	0.44	retained	E337	0.15	retained	W83	10.20	unresolved	retained	Ser200 S204 retained
A0A0M3IVP7	0.394	2.63	false	-	NA	unresolved	-	NA	unresolved	-	NA	unresolved	-	NA	unresolved	unresolved	fold below TM gate (TM 0.39 < 0.50)
A0A0M3KD83	0.577	1.94	true	S153	0.22	retained	-	NA	unresolved	E281	0.83	retained	-	NA	unresolved	retained	Ser200 S153 retained
A0A0M3KIR6	0.352	2.72	false	-	NA	unresolved	-	NA	unresolved	-	NA	unresolved	-	NA	unresolved	unresolved	fold below TM gate (TM 0.35 < 0.50)
A0A0M3QEC2	0.854	3.03	true	S267	0.81	retained	H488	0.68	retained	E383	1.23	retained	Q146	5.47	unresolved	retained	Ser200 S267 retained
A0A0M4JMB8	0.913	2.35	true	S289	0.70	retained	H532	1.13	retained	E418	1.32	retained	-	NA	unresolved	retained	Ser200 S289 retained
A0A0M7IH14	0.807	3.01	true	S207	0.29	retained	H431	0.64	retained	E330	1.19	retained	-	NA	unresolved	retained	Ser200 S207 retained
A0A0M9A8D4	0.913	1.88	true	S304	0.36	retained	H521	0.53	retained	E430	0.37	retained	W189	0.29	retained	retained	Ser200 S304 retained
A0A0M9VSP3	0.866	3.13	true	S241	0.89	retained	H501	0.86	retained	D369	1.43	altered	-	NA	unresolved	retained	Ser200 S241 retained
A0A0N1BMA0	0.679	3.01	true	S130	0.84	retained	H322	0.50	retained	E230	0.67	retained	-	NA	unresolved	retained	Ser200 S130 retained
A0A0N4X6R6	0.446	4.34	false	-	NA	unresolved	-	NA	unresolved	-	NA	unresolved	-	NA	unresolved	unresolved	fold below TM gate (TM 0.45 < 0.50)
A0A0N4XKA6	0.671	2.19	true	S213	0.46	retained	-	NA	unresolved	E382	0.57	retained	W99	0.52	retained	retained	Ser200 S213 retained
A0A0N4ZAC4	0.879	2.29	true	S188	0.41	retained	H438	0.45	retained	E313	0.70	retained	-	NA	unresolved	retained	Ser200 S188 retained
A0A0N4ZD89	0.853	2.84	true	D694	0.44	lost	H947	1.13	retained	E830	1.05	retained	W579	1.30	retained	lost	Ser200 D not in expected {S}
A0A0N4ZKW3	0.908	2.50	true	G215	0.46	lost	H472	0.80	retained	D343	0.91	altered	W96	1.07	retained	lost	Ser200 G not in expected {S}
A0A0N5A6E3	0.774	2.25	true	Q223	0.53	lost	H488	0.76	retained	E365	0.84	retained	W109	1.29	retained	lost	Ser200 Q not in expected {S}
A0A0N5AMU6	0.891	2.71	true	S208	0.64	retained	H473	0.64	retained	E332	0.76	retained	-	NA	unresolved	retained	Ser200 S208 retained
A0A0N5BQD1	0.911	2.36	true	S471	0.52	retained	H724	0.52	retained	E600	0.73	retained	L357	0.94	lost	retained	Ser200 S471 retained
A0A0N5BT05	0.891	2.39	true	G190	0.61	lost	H445	1.00	retained	E320	1.01	retained	W75	1.17	retained	lost	Ser200 G not in expected {S}
A0A0N5CHF4	0.726	2.87	true	G223	0.48	lost	-	NA	unresolved	E405	0.75	retained	T107	0.26	lost	lost	Ser200 G not in expected {S}
A0A0N5CNM8	0.923	2.05	true	S222	0.84	retained	H487	0.80	retained	E357	0.95	retained	W118	0.53	retained	retained	Ser200 S222 retained
A0A0N8R1N3	0.420	3.57	false	-	NA	unresolved	-	NA	unresolved	-	NA	unresolved	-	NA	unresolved	unresolved	fold below TM gate (TM 0.42 < 0.50)
A0A0P4VQD2	0.585	2.26	true	S208	0.36	retained	-	NA	unresolved	E333	1.50	retained	-	NA	unresolved	retained	Ser200 S208 retained
A0A0P5IY14	0.880	2.72	true	G206	0.34	lost	H457	1.24	retained	E338	1.34	retained	-	NA	unresolved	lost	Ser200 G not in expected {S}
A0A0P6DS83	0.898	2.63	true	G255	0.49	lost	H505	1.61	retained	E398	0.63	retained	I131	4.25	unresolved	lost	Ser200 G not in expected {S}
A0A0P6GKJ8	0.910	2.41	true	G244	0.58	lost	H483	1.02	retained	E371	0.20	retained	L124	4.09	unresolved	lost	Ser200 G not in expected {S}
A0A0P7TJV7	0.652	2.45	true	S274	0.47	retained	-	NA	unresolved	E402	0.51	retained	-	NA	unresolved	retained	Ser200 S274 retained
A0A0P8XV10	0.754	3.66	true	R314	1.77	lost	V532	1.90	lost	E444	2.58	retained	-	NA	unresolved	lost	Ser200 R not in expected {S}
A0A0Q8PCC4	0.791	3.49	true	S196	0.42	retained	H461	0.90	retained	E348	1.05	retained	T74	12.38	unresolved	retained	Ser200 S196 retained
A0A0Q8VT93	0.819	2.48	true	S224	0.37	retained	H437	0.59	retained	E332	0.79	retained	D105	1.49	lost	retained	Ser200 S224 retained
A0A0R2R6I7	0.806	2.80	true	S177	0.82	retained	H390	0.15	retained	E292	0.54	retained	-	NA	unresolved	retained	Ser200 S177 retained
A0A0R3UCH6	0.837	2.14	true	S213	0.22	retained	H528	0.40	retained	E382	0.61	retained	N96	6.12	unresolved	retained	Ser200 S213 retained
A0A0R3WDW8	0.814	1.89	true	G164	0.30	lost	Q451	0.98	lost	E319	0.87	retained	W5	2.40	retained	lost	Ser200 G not in expected {S}
A0A0T6BGL2	0.671	3.04	true	S77	0.70	retained	H317	1.37	retained	E206	1.70	retained	-	NA	unresolved	retained	Ser200 S77 retained
A0A0U0ZR56	0.841	2.82	true	S197	0.87	retained	H418	0.40	retained	E321	1.09	retained	L77	11.72	unresolved	retained	Ser200 S197 retained
A0A0U1DPF9	0.800	3.06	true	S195	1.07	retained	H412	0.68	retained	E319	1.17	retained	L74	12.84	unresolved	retained	Ser200 S195 retained
A0A0V0YAB5	0.718	2.72	true	G230	0.91	lost	-	NA	unresolved	E346	0.93	retained	-	NA	unresolved	lost	Ser200 G not in expected {S}
A0A0V0YAE9	0.296	2.87	false	-	NA	unresolved	-	NA	unresolved	-	NA	unresolved	-	NA	unresolved	unresolved	fold below TM gate (TM 0.30 < 0.50)
A0A0V1HQI7	0.766	2.98	true	S252	0.73	retained	H552	0.59	retained	E405	0.79	retained	S133	8.24	unresolved	retained	Ser200 S252 retained
A0A0W0F3M1	0.811	3.25	true	S200	1.01	retained	H446	1.10	retained	D329	1.29	altered	Y106	7.88	unresolved	retained	Ser200 S200 retained
A0A0W0GDA0	0.755	3.11	true	R208	1.58	lost	-	NA	unresolved	E381	1.23	retained	-	NA	unresolved	lost	Ser200 R not in expected {S}
A0A0W1AKA7	0.887	2.94	true	S216	0.93	retained	H493	1.23	retained	E350	0.98	retained	V98	3.57	lost	retained	Ser200 S216 retained
A0A0W4ZWB9	0.835	2.69	true	S369	0.67	retained	H602	0.42	retained	E506	0.84	retained	-	NA	unresolved	retained	Ser200 S369 retained
A0A0W7TTE5	0.753	2.61	true	S200	0.20	retained	H366	0.48	retained	D323	1.15	altered	F81	4.78	unresolved	retained	Ser200 S200 retained
A0A0X3WFG6	0.624	2.81	true	S58	0.42	retained	H298	1.07	retained	E193	1.30	retained	-	NA	unresolved	retained	Ser200 S58 retained
A0A101JRQ2	0.588	2.99	true	S91	0.91	retained	H273	0.36	retained	-	NA	unresolved	-	NA	unresolved	retained	Ser200 S91 retained
A0A117NLN3	0.468	2.70	false	-	NA	unresolved	-	NA	unresolved	-	NA	unresolved	-	NA	unresolved	unresolved	fold below TM gate (TM 0.47 < 0.50)
A0A131XYD5	0.277	1.89	false	-	NA	unresolved	-	NA	unresolved	-	NA	unresolved	-	NA	unresolved	unresolved	fold below TM gate (TM 0.28 < 0.50)
A0A131Y2C5	0.661	2.21	true	S219	0.55	retained	-	NA	unresolved	E345	0.70	retained	A102	4.90	unresolved	retained	Ser200 S219 retained
A0A131YLC7	0.889	2.44	true	G263	0.29	lost	N520	0.87	lost	E393	0.99	retained	-	NA	unresolved	lost	Ser200 G not in expected {S}
A0A131YML7	0.901	2.56	true	F211	0.34	lost	H448	1.13	retained	E329	1.58	retained	L97	5.93	unresolved	lost	Ser200 F not in expected {S}
A0A132B5U6	0.824	3.33	true	S241	0.49	retained	H476	0.41	retained	E361	0.79	retained	E95	12.15	unresolved	retained	Ser200 S241 retained
A0A132B9V7	0.801	3.63	true	S265	1.00	retained	H478	1.07	retained	E386	1.19	retained	-	NA	unresolved	retained	Ser200 S265 retained
A0A137Q6J2	0.712	3.51	true	S491	0.53	retained	H737	0.37	retained	E620	0.57	retained	-	NA	unresolved	retained	Ser200 S491 retained
A0A137QNA4	0.654	4.94	true	S354	0.27	retained	H597	1.44	retained	E482	1.06	retained	I171	4.70	unresolved	retained	Ser200 S354 retained
A0A137QVN6	0.636	2.96	true	S208	0.94	retained	-	NA	unresolved	E317	0.57	retained	-	NA	unresolved	retained	Ser200 S208 retained
A0A138ZY06	0.392	3.94	false	-	NA	unresolved	-	NA	unresolved	-	NA	unresolved	-	NA	unresolved	unresolved	fold below TM gate (TM 0.39 < 0.50)
A0A139H3V8	0.848	2.92	true	S513	1.01	retained	H762	1.20	retained	E635	1.34	retained	-	NA	unresolved	retained	Ser200 S513 retained
A0A139WFF6	0.862	2.78	true	S188	0.67	retained	H435	0.65	retained	E317	0.84	retained	-	NA	unresolved	retained	Ser200 S188 retained
A0A139WFP4	0.862	2.70	true	S433	0.41	retained	H678	0.46	retained	E563	0.73	retained	-	NA	unresolved	retained	Ser200 S433 retained
A0A146KQM8	0.265	1.60	false	-	NA	unresolved	-	NA	unresolved	-	NA	unresolved	-	NA	unresolved	unresolved	fold below TM gate (TM 0.27 < 0.50)
A0A146LLE6	0.662	2.87	true	S233	0.39	retained	-	NA	unresolved	D362	1.45	altered	-	NA	unresolved	retained	Ser200 S233 retained
A0A146M1B1	0.761	3.13	true	S152	1.01	retained	H398	1.38	retained	E279	1.41	retained	-	NA	unresolved	retained	Ser200 S152 retained
A0A150G7J0	0.764	2.56	true	S124	0.85	retained	H365	0.51	retained	E246	0.75	retained	-	NA	unresolved	retained	Ser200 S124 retained
A0A150H4Q7	0.809	3.30	true	S193	0.64	retained	H417	0.24	retained	E325	0.86	retained	-	NA	unresolved	retained	Ser200 S193 retained
A0A150V662	0.843	3.20	true	S274	0.37	retained	H488	0.39	retained	E393	0.53	retained	N156	2.69	lost	retained	Ser200 S274 retained
A0A151INJ9	0.307	1.74	false	-	NA	unresolved	-	NA	unresolved	-	NA	unresolved	-	NA	unresolved	unresolved	fold below TM gate (TM 0.31 < 0.50)
A0A151JVT5	0.247	3.16	false	-	NA	unresolved	-	NA	unresolved	-	NA	unresolved	-	NA	unresolved	unresolved	fold below TM gate (TM 0.25 < 0.50)
A0A151JW79	0.914	2.33	true	G242	0.58	lost	H523	0.73	retained	E391	0.08	retained	L120	3.84	lost	lost	Ser200 G not in expected {S}
A0A154P2G3	0.882	2.40	true	D384	0.81	lost	N611	3.17	lost	E507	0.31	retained	L261	4.24	unresolved	lost	Ser200 D not in expected {S}
A0A158M7Z4	0.813	3.54	true	S192	0.64	retained	H418	0.24	retained	E308	0.87	retained	N74	0.94	lost	retained	Ser200 S192 retained
A0A158P517	0.871	2.40	true	S223	0.51	retained	H449	0.45	retained	E333	0.62	retained	N98	3.52	lost	retained	Ser200 S223 retained
A0A158PNB4	0.420	4.10	false	-	NA	unresolved	-	NA	unresolved	-	NA	unresolved	-	NA	unresolved	unresolved	fold below TM gate (TM 0.42 < 0.50)
A0A162KWZ0	0.681	2.73	true	S144	0.60	retained	H338	1.14	retained	E272	1.01	retained	L5	1.86	lost	retained	Ser200 S144 retained
A0A164L9D6	0.963	1.49	true	S316	0.35	retained	H559	0.37	retained	E445	0.31	retained	W194	0.42	retained	retained	Ser200 S316 retained
A0A165EPZ3	0.754	3.25	true	S217	1.03	retained	H432	0.90	retained	E343	0.63	retained	-	NA	unresolved	retained	Ser200 S217 retained
A0A165EZE4	0.654	3.29	true	S269	0.85	retained	H499	0.44	retained	D378	0.78	altered	-	NA	unresolved	retained	Ser200 S269 retained
A0A166PVE6	0.746	3.34	true	A256	1.56	lost	H498	1.10	retained	E407	1.08	retained	-	NA	unresolved	lost	Ser200 A not in expected {S}
A0A173G6E9	0.938	2.00	true	S252	0.24	retained	H514	0.37	retained	E387	0.77	retained	W138	0.49	retained	retained	Ser200 S252 retained
A0A173L454	0.840	2.85	true	S221	0.64	retained	H433	0.95	retained	E332	0.84	retained	F101	2.77	altered	retained	Ser200 S221 retained
A0A174R4K2	0.826	2.91	true	S205	0.45	retained	H413	0.55	retained	E325	0.94	retained	F83	3.77	altered	retained	Ser200 S205 retained
A0A177TVW0	0.847	2.90	true	S234	0.62	retained	H475	0.68	retained	E355	0.88	retained	-	NA	unresolved	retained	Ser200 S234 retained
A0A179F7G2	0.841	3.05	true	S240	1.20	retained	H477	0.93	retained	E366	0.53	retained	S122	3.81	lost	retained	Ser200 S240 retained
A0A179GP27	0.582	2.54	true	S33	0.89	retained	H279	0.70	retained	D167	1.24	altered	-	NA	unresolved	retained	Ser200 S33 retained
A0A179I217	0.841	3.25	true	S228	0.50	retained	H472	0.86	retained	E362	0.71	retained	-	NA	unresolved	retained	Ser200 S228 retained
A0A182LUK3	0.870	2.91	true	S609	0.60	retained	H861	0.81	retained	D743	1.19	altered	-	NA	unresolved	retained	Ser200 S609 retained
A0A183CY63	0.593	2.80	true	S26	0.62	retained	H266	0.59	retained	E151	0.52	retained	-	NA	unresolved	retained	Ser200 S26 retained
A0A183D0X3	0.190	2.21	false	-	NA	unresolved	-	NA	unresolved	-	NA	unresolved	-	NA	unresolved	unresolved	fold below TM gate (TM 0.19 < 0.50)
A0A183IAK3	0.386	1.73	false	-	NA	unresolved	-	NA	unresolved	-	NA	unresolved	-	NA	unresolved	unresolved	fold below TM gate (TM 0.39 < 0.50)
A0A183SQE2	0.948	2.00	true	S236	0.26	retained	H536	0.44	retained	E390	0.35	retained	W115	0.81	retained	retained	Ser200 S236 retained
A0A183V989	0.662	2.78	true	S100	0.79	retained	H305	0.95	retained	E224	1.62	retained	-	NA	unresolved	retained	Ser200 S100 retained
A0A194PG99	0.782	2.78	true	S190	0.77	retained	H440	0.59	retained	E327	0.56	retained	-	NA	unresolved	retained	Ser200 S190 retained
A0A194PLI1	0.975	1.14	true	S312	0.32	retained	H552	0.46	retained	E438	0.42	retained	W197	0.28	retained	retained	Ser200 S312 retained
A0A194PNF5	0.851	2.87	true	S325	0.25	retained	H572	1.06	retained	E457	1.16	retained	-	NA	unresolved	retained	Ser200 S325 retained
A0A194R2U2	0.865	3.04	true	S255	0.35	retained	H505	0.64	retained	E389	0.84	retained	D141	8.63	unresolved	retained	Ser200 S255 retained
A0A194R713	0.865	2.68	true	G280	1.25	lost	S553	0.93	lost	E409	0.79	retained	T147	4.93	unresolved	lost	Ser200 G not in expected {S}
A0A194RGX0	0.868	3.04	true	S242	0.37	retained	H487	1.07	retained	E373	1.49	retained	M100	4.66	unresolved	retained	Ser200 S242 retained
A0A1A0IV97	0.728	3.29	true	S211	0.40	retained	H400	0.48	retained	E327	0.65	retained	P95	10.21	unresolved	retained	Ser200 S211 retained
A0A1A2NN70	0.627	2.90	true	S198	0.98	retained	-	NA	unresolved	E322	0.58	retained	-	NA	unresolved	retained	Ser200 S198 retained
A0A1A6GM95	0.428	1.78	false	-	NA	unresolved	-	NA	unresolved	-	NA	unresolved	-	NA	unresolved	unresolved	fold below TM gate (TM 0.43 < 0.50)
A0A1A7YCR8	0.763	2.81	true	S211	1.42	retained	H455	0.95	retained	D336	0.56	altered	-	NA	unresolved	retained	Ser200 S211 retained
A0A1A8NRK0	0.726	3.42	true	G159	0.79	lost	H394	0.29	retained	E280	0.44	retained	T36	7.31	unresolved	lost	Ser200 G not in expected {S}
A0A1A9VW80	0.379	3.01	false	-	NA	unresolved	-	NA	unresolved	-	NA	unresolved	-	NA	unresolved	unresolved	fold below TM gate (TM 0.38 < 0.50)
A0A1A9WQZ2	0.874	2.92	true	S197	0.68	retained	H461	1.16	retained	E333	1.78	retained	-	NA	unresolved	retained	Ser200 S197 retained
A0A1A9X426	0.432	3.95	false	-	NA	unresolved	-	NA	unresolved	-	NA	unresolved	-	NA	unresolved	unresolved	fold below TM gate (TM 0.43 < 0.50)
A0A1A9ZUL9	0.862	3.27	true	D251	0.60	lost	H503	1.09	retained	E384	1.57	retained	-	NA	unresolved	lost	Ser200 D not in expected {S}
A0A1B0BI94	0.876	2.85	true	E251	0.69	lost	K499	1.05	lost	E377	0.36	retained	L127	8.39	unresolved	lost	Ser200 E not in expected {S}
A0A1B0BPB4	0.544	2.38	true	A392	0.22	lost	-	NA	unresolved	A521	0.74	lost	-	NA	unresolved	lost	Ser200 A not in expected {S}
A0A1B0CR75	0.761	3.02	true	S214	0.21	retained	H475	0.88	retained	E347	1.16	retained	-	NA	unresolved	retained	Ser200 S214 retained
A0A1B0CZT2	0.841	3.01	true	S211	0.31	retained	H475	0.93	retained	E345	1.39	retained	-	NA	unresolved	retained	Ser200 S211 retained
A0A1B0DKS7	0.523	2.35	true	G398	0.27	lost	-	NA	unresolved	-	NA	unresolved	-	NA	unresolved	lost	Ser200 G not in expected {S}
A0A1B0GPC6	0.682	3.02	true	S203	0.52	retained	-	NA	unresolved	E332	1.82	retained	-	NA	unresolved	retained	Ser200 S203 retained
A0A1B0GQ38	0.441	2.69	false	-	NA	unresolved	-	NA	unresolved	-	NA	unresolved	-	NA	unresolved	unresolved	fold below TM gate (TM 0.44 < 0.50)
A0A1B1YJ89	0.269	2.26	false	-	NA	unresolved	-	NA	unresolved	-	NA	unresolved	-	NA	unresolved	unresolved	fold below TM gate (TM 0.27 < 0.50)
A0A1B6CIZ3	0.287	1.10	false	-	NA	unresolved	-	NA	unresolved	-	NA	unresolved	-	NA	unresolved	unresolved	fold below TM gate (TM 0.29 < 0.50)
A0A1B6CJM6	0.635	2.87	true	S214	0.66	retained	-	NA	unresolved	E343	1.84	retained	-	NA	unresolved	retained	Ser200 S214 retained
A0A1B6D7C2	0.457	1.38	false	-	NA	unresolved	-	NA	unresolved	-	NA	unresolved	-	NA	unresolved	unresolved	fold below TM gate (TM 0.46 < 0.50)
A0A1B6DY40	0.830	2.71	true	S160	0.32	retained	H417	0.97	retained	E295	0.98	retained	-	NA	unresolved	retained	Ser200 S160 retained
A0A1B6EQ89	0.848	2.53	true	S197	0.88	retained	H444	0.60	retained	D335	0.72	altered	-	NA	unresolved	retained	Ser200 S197 retained
A0A1B6H876	0.571	2.36	true	D255	0.72	lost	-	NA	unresolved	E398	0.93	retained	-	NA	unresolved	lost	Ser200 D not in expected {S}
A0A1B6JIA5	0.875	2.91	true	S196	0.43	retained	H453	1.01	retained	E329	0.67	retained	-	NA	unresolved	retained	Ser200 S196 retained
A0A1B6L0Q2	0.909	2.39	true	G240	0.49	lost	Q482	1.10	lost	E368	0.29	retained	V115	4.67	unresolved	lost	Ser200 G not in expected {S}
A0A1B6L8Q2	0.746	2.79	true	S198	0.37	retained	H459	0.88	retained	E330	0.98	retained	-	NA	unresolved	retained	Ser200 S198 retained
A0A1B7XUB2	0.793	3.58	true	S251	1.49	retained	H466	0.71	retained	E373	0.38	retained	-	NA	unresolved	retained	Ser200 S251 retained
A0A1C4YUM9	0.709	2.98	true	S118	0.86	retained	H355	0.60	retained	E236	0.65	retained	-	NA	unresolved	retained	Ser200 S118 retained
A0A1C7LR46	0.840	3.12	true	S867	0.26	retained	H1116	0.39	retained	-	NA	unresolved	G745	7.57	unresolved	retained	Ser200 S867 retained
A0A1C7MK07	0.782	2.96	true	S189	1.11	retained	H410	0.60	retained	E289	0.62	retained	-	NA	unresolved	retained	Ser200 S189 retained
A0A1D1ULA4	0.966	1.46	true	S339	0.26	retained	H577	0.38	retained	E463	0.57	retained	W224	0.25	retained	retained	Ser200 S339 retained
A0A1D2MKU8	0.859	3.10	true	S223	0.91	retained	H488	0.95	retained	E360	1.13	retained	-	NA	unresolved	retained	Ser200 S223 retained
A0A1D2MU62	0.864	3.13	true	S189	0.62	retained	H505	0.21	retained	E329	0.48	retained	-	NA	unresolved	retained	Ser200 S189 retained
A0A1D2N0B0	0.829	2.68	true	R202	0.92	lost	E446	1.25	lost	E330	0.34	retained	L84	3.85	lost	lost	Ser200 R not in expected {S}
A0A1D2N280	0.835	3.20	true	S524	0.45	retained	H800	1.14	retained	E654	1.47	retained	-	NA	unresolved	retained	Ser200 S524 retained
A0A1D8NHY9	0.772	3.22	true	S193	0.34	retained	H392	0.50	retained	D303	1.07	altered	G71	1.89	lost	retained	Ser200 S193 retained
A0A1E3UQP9	0.767	3.61	true	S199	0.55	retained	H414	0.65	retained	E320	1.20	retained	H79	3.59	lost	retained	Ser200 S199 retained
A0A1E4JZP1	0.829	2.89	true	S223	0.66	retained	H438	0.39	retained	E341	0.62	retained	-	NA	unresolved	retained	Ser200 S223 retained
A0A1E7ZCZ7	0.829	3.25	true	S209	0.79	retained	H430	0.52	retained	E328	1.25	retained	Y87	0.56	altered	retained	Ser200 S209 retained
A0A1F9AEJ2	0.779	3.30	true	S215	0.23	retained	H448	0.93	retained	E351	1.00	retained	R94	11.40	unresolved	retained	Ser200 S215 retained
A0A1G3K6K5	0.794	3.28	true	S188	0.48	retained	H394	0.47	retained	E306	0.53	retained	-	NA	unresolved	retained	Ser200 S188 retained
A0A1H0E5W4	0.807	3.52	true	S216	0.60	retained	H448	0.19	retained	E348	0.51	retained	I100	3.69	lost	retained	Ser200 S216 retained
A0A1H3WNN7	0.816	2.73	true	S247	1.04	retained	H455	0.91	retained	E364	0.57	retained	-	NA	unresolved	retained	Ser200 S247 retained
A0A1H5YIH1	0.841	2.38	true	S234	0.40	retained	H450	0.80	retained	E346	0.86	retained	L114	2.62	lost	retained	Ser200 S234 retained
A0A1H8ASQ8	0.391	2.28	false	-	NA	unresolved	-	NA	unresolved	-	NA	unresolved	-	NA	unresolved	unresolved	fold below TM gate (TM 0.39 < 0.50)
A0A1I1EIE3	0.836	2.43	true	S268	0.67	retained	H469	0.84	retained	D380	1.56	altered	L147	2.14	lost	retained	Ser200 S268 retained
A0A1I1WAQ4	0.712	2.97	true	S239	0.79	retained	-	NA	unresolved	E357	0.76	retained	Q116	6.73	unresolved	retained	Ser200 S239 retained
A0A1I5E612	0.789	3.26	true	S264	0.32	retained	H494	0.61	retained	E393	0.84	retained	T142	13.29	unresolved	retained	Ser200 S264 retained
A0A1I5GJK8	0.803	3.32	true	S274	0.30	retained	H521	0.94	retained	E408	1.06	retained	G153	11.25	unresolved	retained	Ser200 S274 retained
A0A1I5GVQ7	0.829	2.92	true	S255	0.87	retained	H462	0.35	retained	E373	0.53	retained	-	NA	unresolved	retained	Ser200 S255 retained
A0A1I7MRA0	0.736	3.20	true	S237	0.71	retained	H425	0.13	retained	E353	0.41	retained	P120	4.25	unresolved	retained	Ser200 S237 retained
A0A1I7RSM9	0.873	2.81	true	S201	0.58	retained	H452	1.00	retained	E322	0.87	retained	-	NA	unresolved	retained	Ser200 S201 retained
A0A1I7RUA2	0.619	2.83	true	S44	0.49	retained	H292	0.54	retained	E179	0.51	retained	-	NA	unresolved	retained	Ser200 S44 retained
A0A1I7TST6	0.612	3.34	true	S196	1.27	retained	-	NA	unresolved	E317	0.86	retained	A83	12.55	unresolved	retained	Ser200 S196 retained
A0A1I8C4R4	0.851	3.08	true	S227	0.82	retained	H471	0.60	retained	E358	1.06	retained	-	NA	unresolved	retained	Ser200 S227 retained
A0A1I8CHW7	0.827	3.41	true	G197	0.77	lost	K439	0.65	lost	E327	0.68	retained	K74	7.56	unresolved	lost	Ser200 G not in expected {S}
A0A1I8F8Z3	0.708	2.28	true	D916	0.35	lost	-	NA	unresolved	E1045	0.83	retained	-	NA	unresolved	lost	Ser200 D not in expected {S}
A0A1I8FSR0	0.695	3.17	true	S178	0.49	retained	H477	0.71	retained	E338	0.52	retained	-	NA	unresolved	retained	Ser200 S178 retained
A0A1I8GI36	0.883	2.19	true	S322	0.41	retained	H642	0.22	retained	E490	0.37	retained	W206	0.84	retained	retained	Ser200 S322 retained
A0A1I8MUT4	0.605	3.23	true	G463	0.32	lost	-	NA	unresolved	-	NA	unresolved	L342	3.24	lost	lost	Ser200 G not in expected {S}
A0A1I8PLJ9	0.835	3.22	true	G217	0.49	lost	H474	1.52	retained	D348	2.06	altered	-	NA	unresolved	lost	Ser200 G not in expected {S}
A0A1I9GBA0	0.373	2.01	false	-	NA	unresolved	-	NA	unresolved	-	NA	unresolved	-	NA	unresolved	unresolved	fold below TM gate (TM 0.37 < 0.50)
A0A1J8R7C8	0.527	2.52	true	S87	0.59	retained	H300	0.73	retained	E212	1.10	retained	-	NA	unresolved	retained	Ser200 S87 retained
A0A1L8D6P7	0.851	3.37	true	S224	0.26	retained	H466	0.73	retained	E357	0.78	retained	L105	4.00	unresolved	retained	Ser200 S224 retained
A0A1L9PXX8	0.786	2.81	true	S210	0.19	retained	H423	0.53	retained	E339	1.03	retained	T91	2.11	lost	retained	Ser200 S210 retained
A0A1L9S5N2	0.800	3.26	true	S203	0.83	retained	H416	0.47	retained	E326	0.76	retained	-	NA	unresolved	retained	Ser200 S203 retained
A0A1L9SD44	0.825	3.46	true	S197	1.23	retained	H442	0.62	retained	E327	0.50	retained	T75	6.03	unresolved	retained	Ser200 S197 retained
A0A1L9TU55	0.805	3.29	true	S236	0.67	retained	H447	0.94	retained	E357	0.95	retained	A109	5.76	unresolved	retained	Ser200 S236 retained
A0A1M3LP05	0.863	3.12	true	S213	0.41	retained	H501	0.60	retained	E351	0.77	retained	-	NA	unresolved	retained	Ser200 S213 retained
A0A1Q3FNM1	0.763	3.13	true	S145	0.85	retained	H380	1.55	retained	E267	1.52	retained	-	NA	unresolved	retained	Ser200 S145 retained
A0A1Q3JHP1	0.807	3.26	true	S255	0.72	retained	H482	0.92	retained	E390	1.16	retained	D134	6.45	unresolved	retained	Ser200 S255 retained
A0A1Q4X6M8	0.831	2.93	true	S189	0.63	retained	H412	0.27	retained	E316	0.28	retained	A76	3.55	lost	retained	Ser200 S189 retained
A0A1Q4YNY3	0.420	2.62	false	-	NA	unresolved	-	NA	unresolved	-	NA	unresolved	-	NA	unresolved	unresolved	fold below TM gate (TM 0.42 < 0.50)
A0A1Q5TXQ4	0.679	2.77	true	S88	0.53	retained	H329	0.84	retained	D209	1.25	altered	-	NA	unresolved	retained	Ser200 S88 retained
A0A1Q6LRL7	0.726	2.99	true	S196	0.39	retained	H356	0.41	retained	D316	1.30	altered	F77	4.93	unresolved	retained	Ser200 S196 retained
A0A1Q9HHR4	0.844	2.82	true	S209	0.26	retained	H412	0.71	retained	E319	1.22	retained	L88	3.64	lost	retained	Ser200 S209 retained
A0A1R3UT52	0.828	2.89	true	S187	0.79	retained	H409	0.17	retained	E313	0.31	retained	-	NA	unresolved	retained	Ser200 S187 retained
A0A1S0U5N5	0.829	2.50	true	D221	0.16	lost	H475	1.08	retained	D353	1.20	altered	-	NA	unresolved	lost	Ser200 D not in expected {S}
A0A1S3AGZ2	0.985	1.14	true	S472	0.21	retained	H716	0.15	retained	E603	0.52	retained	W355	0.31	retained	retained	Ser200 S472 retained
A0A1S3DH42	0.443	3.55	false	-	NA	unresolved	-	NA	unresolved	-	NA	unresolved	-	NA	unresolved	unresolved	fold below TM gate (TM 0.44 < 0.50)
A0A1S3H9T9	0.564	2.29	true	S211	0.67	retained	H247	0.90	retained	-	NA	unresolved	F96	3.74	altered	retained	Ser200 S211 retained
A0A1S3K934	0.714	2.56	true	S205	0.60	retained	R442	2.19	lost	D326	0.73	altered	-	NA	unresolved	retained	Ser200 S205 retained
A0A1S6J0Y5	0.769	2.77	true	S127	0.11	retained	H385	0.80	retained	E260	1.01	retained	M9	10.10	unresolved	retained	Ser200 S127 retained
A0A1S8DHB7	0.855	2.29	true	S185	0.21	retained	H409	0.93	retained	E303	0.71	retained	-	NA	unresolved	retained	Ser200 S185 retained
A0A1T4YLP4	0.784	3.42	true	S191	0.90	retained	H419	0.62	retained	E329	1.07	retained	I77	3.24	lost	retained	Ser200 S191 retained
A0A1U8DP68	0.913	2.44	true	G260	0.72	lost	H495	0.22	retained	E381	0.53	retained	V123	4.46	unresolved	lost	Ser200 G not in expected {S}
A0A1V1T2R7	0.662	2.87	true	S88	0.62	retained	H324	0.85	retained	D208	1.24	altered	-	NA	unresolved	retained	Ser200 S88 retained
A0A1V1TJS6	0.840	3.45	true	S216	0.76	retained	H440	0.76	retained	E339	0.57	retained	-	NA	unresolved	retained	Ser200 S216 retained
A0A1V2L8L2	0.814	3.44	true	S222	0.57	retained	H465	0.77	retained	E352	1.18	retained	-	NA	unresolved	retained	Ser200 S222 retained
A0A1V2PYZ4	0.817	2.44	true	S202	0.55	retained	H427	0.82	retained	E326	1.08	retained	G91	4.65	unresolved	retained	Ser200 S202 retained
A0A1V5VD70	0.861	2.90	true	S220	0.36	retained	H453	0.57	retained	E348	1.09	retained	-	NA	unresolved	retained	Ser200 S220 retained
A0A1V6QDM1	0.763	2.79	true	S323	0.53	retained	H564	0.88	retained	D444	1.18	altered	-	NA	unresolved	retained	Ser200 S323 retained
A0A1V6SY00	0.853	3.25	true	S227	0.62	retained	H470	0.75	retained	E345	0.93	retained	-	NA	unresolved	retained	Ser200 S227 retained
A0A1V8SYR7	0.815	3.44	true	S209	0.11	retained	H432	0.59	retained	D333	1.20	altered	P77	12.16	unresolved	retained	Ser200 S209 retained
A0A1V9XFK1	0.885	2.67	true	G308	0.44	lost	H554	1.65	retained	E440	1.51	retained	-	NA	unresolved	lost	Ser200 G not in expected {S}
A0A1V9XQ44	0.972	1.24	true	S314	0.39	retained	H552	0.32	retained	E438	0.21	retained	W199	0.28	retained	retained	Ser200 S314 retained
A0A1W0WLK3	0.919	2.27	true	S263	0.42	retained	H522	0.18	retained	E401	0.29	retained	-	NA	unresolved	retained	Ser200 S263 retained
A0A1W4X939	0.862	2.99	true	S207	0.63	retained	H448	1.59	retained	E335	1.58	retained	-	NA	unresolved	retained	Ser200 S207 retained
A0A1W6L189	0.827	2.74	true	S240	0.10	retained	H499	0.77	retained	E374	0.75	retained	-	NA	unresolved	retained	Ser200 S240 retained
A0A1W6YH65	0.846	2.92	true	S289	0.58	retained	H505	0.52	retained	E403	0.88	retained	Y169	2.41	altered	retained	Ser200 S289 retained
A0A1X0QV12	0.239	3.01	false	-	NA	unresolved	-	NA	unresolved	-	NA	unresolved	-	NA	unresolved	unresolved	fold below TM gate (TM 0.24 < 0.50)
A0A1Y4RTT4	0.765	2.89	true	S185	0.45	retained	H373	0.25	retained	E313	0.43	retained	-	NA	unresolved	retained	Ser200 S185 retained
A0A1Z1C4L8	0.789	3.48	true	S332	0.97	retained	H546	1.06	retained	E454	1.00	retained	-	NA	unresolved	retained	Ser200 S332 retained
A0A1Z3M049	0.635	2.48	true	S235	0.78	retained	-	NA	unresolved	E345	0.94	retained	G114	2.05	lost	retained	Ser200 S235 retained
A0A212BZT1	0.911	2.43	true	G355	0.88	lost	H590	0.21	retained	E476	0.67	retained	V217	4.64	unresolved	lost	Ser200 G not in expected {S}
A0A224YGJ7	0.885	3.14	true	S231	0.34	retained	H476	0.91	retained	E359	1.58	retained	-	NA	unresolved	retained	Ser200 S231 retained
A0A226D5Q7	0.875	2.77	true	N255	0.42	lost	C505	1.30	lost	E388	1.42	retained	-	NA	unresolved	lost	Ser200 N not in expected {S}
A0A226DGX4	0.634	2.24	true	R111	0.61	lost	E369	0.65	lost	E250	0.49	retained	-	NA	unresolved	lost	Ser200 R not in expected {S}
A0A226DMP3	0.570	3.10	true	E198	0.22	lost	-	NA	unresolved	E354	0.77	retained	F73	9.67	unresolved	lost	Ser200 E not in expected {S}
A0A226DUL6	0.859	3.31	true	S209	0.42	retained	H473	0.74	retained	E343	1.27	retained	P94	9.67	unresolved	retained	Ser200 S209 retained
A0A226E005	0.846	3.04	true	S346	1.27	retained	H598	1.03	retained	E472	1.35	retained	-	NA	unresolved	retained	Ser200 S346 retained
A0A226EW42	0.870	3.14	true	S249	0.39	retained	H536	0.70	retained	D379	1.23	altered	-	NA	unresolved	retained	Ser200 S249 retained
A0A226MJE3	0.391	2.83	false	-	NA	unresolved	-	NA	unresolved	-	NA	unresolved	-	NA	unresolved	unresolved	fold below TM gate (TM 0.39 < 0.50)
A0A232EMR9	0.859	3.30	true	S209	0.57	retained	H467	1.31	retained	E341	1.39	retained	-	NA	unresolved	retained	Ser200 S209 retained
A0A232FD30	0.625	3.03	true	S53	0.58	retained	H298	0.89	retained	E183	1.13	retained	-	NA	unresolved	retained	Ser200 S53 retained
A0A232FIV5	0.868	3.01	true	S788	0.62	retained	H1039	1.50	retained	E917	1.31	retained	-	NA	unresolved	retained	Ser200 S788 retained
A0A238BNS2	0.619	2.89	true	S108	0.46	retained	H348	0.87	retained	E233	1.01	retained	-	NA	unresolved	retained	Ser200 S108 retained
A0A246JJE1	0.819	3.06	true	S291	0.64	retained	H494	0.12	retained	E408	0.19	retained	G171	3.23	lost	retained	Ser200 S291 retained
A0A255R3T0	0.832	2.52	true	S207	1.01	retained	H422	0.92	retained	E327	0.63	retained	N90	5.52	unresolved	retained	Ser200 S207 retained
A0A261Y3Q1	0.704	3.34	true	S165	0.56	retained	H387	0.94	retained	E287	1.03	retained	-	NA	unresolved	retained	Ser200 S165 retained
A0A2A2LAN1	0.777	2.94	true	S209	0.64	retained	H451	0.42	retained	E334	0.66	retained	-	NA	unresolved	retained	Ser200 S209 retained
A0A2A4J5W6	0.615	3.01	true	D59	0.71	lost	H307	0.71	retained	E185	0.88	retained	-	NA	unresolved	lost	Ser200 D not in expected {S}
A0A2A4JNT9	0.889	2.44	true	R424	1.30	lost	S663	1.32	lost	E551	0.36	retained	T303	4.59	unresolved	lost	Ser200 R not in expected {S}
A0A2A5CP45	0.795	3.17	true	S250	0.34	retained	H487	0.88	retained	E388	0.81	retained	-	NA	unresolved	retained	Ser200 S250 retained
A0A2A6BGG9	0.878	2.84	true	S210	0.67	retained	H455	0.44	retained	E341	0.45	retained	-	NA	unresolved	retained	Ser200 S210 retained
A0A2A6BPX2	0.869	2.86	true	S813	0.99	retained	H1049	0.31	retained	E936	0.16	retained	-	NA	unresolved	retained	Ser200 S813 retained
A0A2A9G1F9	0.811	2.89	true	S224	0.59	retained	H444	0.67	retained	E343	0.71	retained	-	NA	unresolved	retained	Ser200 S224 retained
A0A2B8AMD9	0.846	2.20	true	S255	0.32	retained	H470	0.69	retained	E366	0.88	retained	L135	2.57	lost	retained	Ser200 S255 retained
A0A2C5WZN6	0.754	3.38	true	S287	0.52	retained	G491	1.40	lost	E419	1.12	retained	L165	1.72	lost	retained	Ser200 S287 retained
A0A2C9LEV2	0.363	1.51	false	-	NA	unresolved	-	NA	unresolved	-	NA	unresolved	-	NA	unresolved	unresolved	fold below TM gate (TM 0.36 < 0.50)
A0A2D5U6Z7	0.854	3.01	true	S242	1.05	retained	H466	1.21	retained	E369	2.22	retained	-	NA	unresolved	retained	Ser200 S242 retained
A0A2D6BJK0	0.847	3.24	true	S279	0.78	retained	H507	1.08	retained	E405	1.34	retained	-	NA	unresolved	retained	Ser200 S279 retained
A0A2D6ZMK3	0.837	3.37	true	S237	0.99	retained	H469	0.89	retained	E364	0.98	retained	S113	10.64	unresolved	retained	Ser200 S237 retained
A0A2D7FZF4	0.813	3.59	true	S199	0.68	retained	H426	0.64	retained	E314	0.90	retained	-	NA	unresolved	retained	Ser200 S199 retained
A0A2D7XWT8	0.676	2.41	true	S155	0.72	retained	H313	0.96	retained	E270	3.05	retained	M35	1.38	lost	retained	Ser200 S155 retained
A0A2D9RDH2	0.729	3.13	true	S147	1.14	retained	H361	0.73	retained	E260	1.30	retained	W25	3.52	retained	retained	Ser200 S147 retained
A0A2E0SAQ6	0.826	2.63	true	S210	0.64	retained	H427	0.64	retained	E337	0.94	retained	-	NA	unresolved	retained	Ser200 S210 retained
A0A2E2HEB0	0.830	3.25	true	S301	0.79	retained	H518	0.35	retained	E418	0.85	retained	M181	2.85	lost	retained	Ser200 S301 retained
A0A2E7C723	0.815	3.12	true	S224	0.70	retained	H444	0.54	retained	E360	0.89	retained	-	NA	unresolved	retained	Ser200 S224 retained
A0A2E7CIA0	0.832	2.55	true	S231	0.60	retained	H452	0.58	retained	E351	0.51	retained	-	NA	unresolved	retained	Ser200 S231 retained
A0A2E7ITX2	0.841	2.64	true	S229	0.74	retained	H439	0.60	retained	E354	0.27	retained	-	NA	unresolved	retained	Ser200 S229 retained
A0A2E8WPS7	0.824	3.36	true	S200	0.92	retained	H426	0.66	retained	E314	1.10	retained	R81	4.28	unresolved	retained	Ser200 S200 retained
A0A2E9AFX6	0.408	3.59	false	-	NA	unresolved	-	NA	unresolved	-	NA	unresolved	-	NA	unresolved	unresolved	fold below TM gate (TM 0.41 < 0.50)
A0A2G3E518	0.755	3.88	true	S200	0.50	retained	H418	0.44	retained	E323	0.98	retained	H80	3.51	lost	retained	Ser200 S200 retained
A0A2G5SKK0	0.739	3.19	true	S207	0.15	retained	H413	0.86	retained	E333	0.62	retained	-	NA	unresolved	retained	Ser200 S207 retained
A0A2G8KIS6	0.780	2.74	true	S210	0.41	retained	R457	0.93	lost	E331	1.05	retained	-	NA	unresolved	retained	Ser200 S210 retained
A0A2G8LDJ3	0.512	2.14	true	S138	0.33	retained	-	NA	unresolved	D266	1.49	altered	-	NA	unresolved	retained	Ser200 S138 retained
A0A2G8LFS5	0.273	2.23	false	-	NA	unresolved	-	NA	unresolved	-	NA	unresolved	-	NA	unresolved	unresolved	fold below TM gate (TM 0.27 < 0.50)
A0A2G8S6P3	0.468	2.87	false	-	NA	unresolved	-	NA	unresolved	-	NA	unresolved	-	NA	unresolved	unresolved	fold below TM gate (TM 0.47 < 0.50)
A0A2G9US91	0.495	3.62	false	-	NA	unresolved	-	NA	unresolved	-	NA	unresolved	-	NA	unresolved	unresolved	fold below TM gate (TM 0.49 < 0.50)
A0A2G9UYS1	0.847	3.04	true	S273	0.53	retained	H521	1.11	retained	E407	0.77	retained	-	NA	unresolved	retained	Ser200 S273 retained
A0A2H1VWF0	0.820	3.39	true	G204	0.66	lost	N449	1.63	lost	E330	1.52	retained	F91	1.67	altered	lost	Ser200 G not in expected {S}
A0A2I2FJK9	0.733	3.16	true	F338	2.43	lost	H589	1.31	retained	D469	1.45	altered	-	NA	unresolved	lost	Ser200 F not in expected {S}
A0A2I2FQ15	0.814	2.64	true	S221	0.42	retained	H402	0.67	retained	E337	0.70	retained	Y98	2.24	altered	retained	Ser200 S221 retained
A0A2J7QKJ9	0.743	2.91	true	S207	0.24	retained	L464	4.04	unresolved	D338	1.31	altered	-	NA	unresolved	retained	Ser200 S207 retained
A0A2J7RMN3	0.837	3.24	true	S189	0.24	retained	H444	1.13	retained	E324	1.60	retained	-	NA	unresolved	retained	Ser200 S189 retained
A0A2J7RMS6	0.352	2.28	false	-	NA	unresolved	-	NA	unresolved	-	NA	unresolved	-	NA	unresolved	unresolved	fold below TM gate (TM 0.35 < 0.50)
A0A2J7RMU9	0.882	2.78	true	S210	0.56	retained	H457	0.84	retained	E341	1.46	retained	-	NA	unresolved	retained	Ser200 S210 retained
A0A2J8RKY9	0.844	3.31	true	R841	0.93	lost	L1079	7.24	unresolved	D969	2.08	altered	-	NA	unresolved	lost	Ser200 R not in expected {S}
A0A2K5EPK2	0.922	1.83	true	S234	0.24	retained	H478	0.08	retained	E365	0.54	retained	W117	0.31	retained	retained	Ser200 S234 retained
A0A2K6GK56	0.639	3.57	true	S191	0.63	retained	H386	0.37	retained	E318	0.38	retained	R86	11.47	unresolved	retained	Ser200 S191 retained
A0A2K8JL68	0.866	2.97	true	S209	0.39	retained	H460	0.94	retained	E341	1.11	retained	-	NA	unresolved	retained	Ser200 S209 retained
A0A2K8JMJ0	0.858	3.07	true	S207	0.54	retained	H448	1.09	retained	E333	1.24	retained	-	NA	unresolved	retained	Ser200 S207 retained
A0A2M3ZEW4	0.763	2.98	true	S218	0.25	retained	H475	0.58	retained	D354	1.30	altered	-	NA	unresolved	retained	Ser200 S218 retained
A0A2M6VZ18	0.863	2.96	true	S214	0.36	retained	H492	0.73	retained	E357	0.97	retained	-	NA	unresolved	retained	Ser200 S214 retained
A0A2N2D8X6	0.645	3.20	true	S117	0.42	retained	H303	0.20	retained	E243	0.77	retained	-	NA	unresolved	retained	Ser200 S117 retained
A0A2N3R9X6	0.838	3.06	true	S190	0.50	retained	H407	0.34	retained	E310	0.59	retained	Y69	3.82	altered	retained	Ser200 S190 retained
A0A2N5CSX7	0.807	2.67	true	S255	1.33	retained	H467	1.01	retained	E375	1.15	retained	A137	8.00	unresolved	retained	Ser200 S255 retained
A0A2N6NYA9	0.850	3.06	true	G205	1.54	lost	Q449	2.14	lost	T345	1.19	lost	-	NA	unresolved	lost	Ser200 G not in expected {S}
A0A2N8KL78	0.717	2.54	true	S186	0.53	retained	H362	0.53	retained	E306	0.23	retained	-	NA	unresolved	retained	Ser200 S186 retained
A0A2P5HH75	0.755	2.67	true	S173	0.35	retained	H379	0.65	retained	E303	1.04	retained	F57	2.78	altered	retained	Ser200 S173 retained
A0A2P5I6J5	0.848	3.17	true	S208	1.10	retained	H428	1.22	retained	E323	1.45	retained	-	NA	unresolved	retained	Ser200 S208 retained
A0A2P5VK42	0.411	3.47	false	-	NA	unresolved	-	NA	unresolved	-	NA	unresolved	-	NA	unresolved	unresolved	fold below TM gate (TM 0.41 < 0.50)
A0A2P6N2F4	0.677	3.24	true	S212	0.46	retained	Y341	1.34	lost	-	NA	unresolved	I89	8.98	unresolved	retained	Ser200 S212 retained
A0A2R5L9B3	0.658	2.80	true	G58	0.23	lost	N309	0.62	lost	E182	0.95	retained	-	NA	unresolved	lost	Ser200 G not in expected {S}
A0A2R5LPM1	0.287	1.93	false	-	NA	unresolved	-	NA	unresolved	-	NA	unresolved	-	NA	unresolved	unresolved	fold below TM gate (TM 0.29 < 0.50)
A0A2S0D933	0.701	3.15	true	S95	0.41	retained	H340	1.05	retained	E226	0.98	retained	-	NA	unresolved	retained	Ser200 S95 retained
A0A2S0E4A0	0.886	2.72	true	S210	0.28	retained	H464	0.58	retained	E345	1.08	retained	-	NA	unresolved	retained	Ser200 S210 retained
A0A2S2PC37	0.463	2.80	false	-	NA	unresolved	-	NA	unresolved	-	NA	unresolved	-	NA	unresolved	unresolved	fold below TM gate (TM 0.46 < 0.50)
A0A2S2R9A2	0.763	2.72	true	S123	0.29	retained	H366	0.59	retained	E250	0.76	retained	-	NA	unresolved	retained	Ser200 S123 retained
A0A2S7QNU4	0.814	2.44	true	S226	0.34	retained	H419	0.15	retained	E351	1.03	retained	A106	2.04	lost	retained	Ser200 S226 retained
A0A2S7VLU7	0.816	2.88	true	S350	0.64	retained	H567	0.65	retained	E475	0.88	retained	-	NA	unresolved	retained	Ser200 S350 retained
A0A2T0LMS1	0.567	2.99	true	S42	0.65	retained	H268	0.27	retained	D168	1.06	altered	-	NA	unresolved	retained	Ser200 S42 retained
A0A2T5MD84	0.822	2.83	true	S234	0.57	retained	H446	0.28	retained	E361	0.97	retained	T113	2.60	lost	retained	Ser200 S234 retained
A0A2T7NZF2	0.359	3.61	false	-	NA	unresolved	-	NA	unresolved	-	NA	unresolved	-	NA	unresolved	unresolved	fold below TM gate (TM 0.36 < 0.50)
A0A2T7PII9	0.645	3.90	true	D115	0.39	lost	H362	0.69	retained	E247	0.76	retained	-	NA	unresolved	lost	Ser200 D not in expected {S}
A0A2T7PTA0	0.446	2.05	false	-	NA	unresolved	-	NA	unresolved	-	NA	unresolved	-	NA	unresolved	unresolved	fold below TM gate (TM 0.45 < 0.50)
A0A2T7PTA9	0.876	2.86	true	S211	0.45	retained	H459	0.82	retained	E342	1.13	retained	-	NA	unresolved	retained	Ser200 S211 retained
A0A2T7PTB0	0.672	2.73	true	S86	0.21	retained	H308	0.61	retained	H208	3.20	lost	-	NA	unresolved	retained	Ser200 S86 retained
A0A2T7PTX6	0.762	2.72	true	S215	0.49	retained	H438	0.78	retained	E357	1.03	retained	Q100	7.76	unresolved	retained	Ser200 S215 retained
A0A2U1ZVL3	0.711	3.25	true	S191	0.24	retained	H379	0.87	retained	E307	0.87	retained	V76	4.03	unresolved	retained	Ser200 S191 retained
A0A2U2BUT4	0.819	3.23	true	S258	0.84	retained	H458	0.40	retained	E370	0.55	retained	V141	7.60	unresolved	retained	Ser200 S258 retained
A0A2V1B524	0.807	2.82	true	S233	0.04	retained	H418	0.59	retained	E353	1.12	retained	F110	2.65	altered	retained	Ser200 S233 retained
A0A2V1BEE7	0.836	3.22	true	S193	0.20	retained	H419	0.87	retained	E309	1.14	retained	-	NA	unresolved	retained	Ser200 S193 retained
A0A2V1CXK0	0.677	3.05	true	S193	0.85	retained	H444	0.48	retained	E327	0.71	retained	Y71	5.72	unresolved	retained	Ser200 S193 retained
A0A2V1D826	0.743	3.22	true	S223	0.82	retained	H474	0.96	retained	E357	1.21	retained	Y101	3.89	altered	retained	Ser200 S223 retained
A0A2V8GRW5	0.536	3.18	true	-	NA	unresolved	H234	0.43	retained	E133	0.44	retained	-	NA	unresolved	unresolved	Ser200: reference position aligned to a gap
A0A2V9CH75	0.833	3.22	true	S243	0.74	retained	H464	0.39	retained	E364	0.75	retained	H124	2.68	lost	retained	Ser200 S243 retained
A0A2V9QGY6	0.564	2.52	true	S224	0.49	retained	-	NA	unresolved	E343	1.12	retained	R102	7.69	unresolved	retained	Ser200 S224 retained
A0A2V9YKK5	0.622	2.75	true	S217	0.70	retained	-	NA	unresolved	E338	0.79	retained	I95	1.81	lost	retained	Ser200 S217 retained
A0A2W6SG79	0.853	2.14	true	S278	0.76	retained	H493	0.54	retained	E398	0.99	retained	-	NA	unresolved	retained	Ser200 S278 retained
A0A2W6W4R5	0.388	3.53	false	-	NA	unresolved	-	NA	unresolved	-	NA	unresolved	-	NA	unresolved	unresolved	fold below TM gate (TM 0.39 < 0.50)
A0A2Z3GRH6	0.669	3.30	true	S95	1.01	retained	H323	0.43	retained	G225	0.66	lost	-	NA	unresolved	retained	Ser200 S95 retained
A0A2Z4HPR5	0.856	3.18	true	S190	0.60	retained	H449	0.97	retained	E325	1.37	retained	-	NA	unresolved	retained	Ser200 S190 retained
A0A2Z4HQ15	0.868	3.12	true	S209	0.61	retained	H450	1.46	retained	E336	1.95	retained	-	NA	unresolved	retained	Ser200 S209 retained
A0A2Z5AE45	0.427	3.81	false	-	NA	unresolved	-	NA	unresolved	-	NA	unresolved	-	NA	unresolved	unresolved	fold below TM gate (TM 0.43 < 0.50)
A0A315UVC7	0.577	2.99	true	S224	0.23	retained	-	NA	unresolved	-	NA	unresolved	W107	0.37	retained	retained	Ser200 S224 retained
A0A316Z907	0.768	2.93	true	S212	0.36	retained	H478	1.33	retained	E369	1.31	retained	H88	5.95	unresolved	retained	Ser200 S212 retained
A0A317LYW1	0.824	3.00	true	S193	0.52	retained	H415	0.37	retained	E319	0.39	retained	T76	3.47	lost	retained	Ser200 S193 retained
A0A319B238	0.814	3.16	true	S208	0.23	retained	H430	1.00	retained	E332	1.10	retained	-	NA	unresolved	retained	Ser200 S208 retained
A0A336MQ68	0.869	2.99	true	S208	0.46	retained	H461	0.45	retained	E343	0.85	retained	S94	8.66	unresolved	retained	Ser200 S208 retained
A0A353WPR2	0.788	3.46	true	S240	0.74	retained	H452	0.68	retained	E364	1.07	retained	Q118	6.72	unresolved	retained	Ser200 S240 retained
A0A356KAQ2	0.787	3.11	true	S205	0.40	retained	H423	0.79	retained	E343	0.71	retained	-	NA	unresolved	retained	Ser200 S205 retained
A0A356W3R5	0.740	3.63	true	S158	0.42	retained	H388	0.61	retained	E303	0.98	retained	R35	9.91	unresolved	retained	Ser200 S158 retained
A0A364N4E8	0.749	3.78	true	S458	0.73	retained	H698	0.58	retained	E585	0.80	retained	F343	5.65	unresolved	retained	Ser200 S458 retained
A0A365NGQ1	0.840	3.00	true	S213	1.20	retained	H471	0.56	retained	E342	0.88	retained	D90	2.83	lost	retained	Ser200 S213 retained
A0A369H751	0.841	3.17	true	S219	0.40	retained	H441	0.67	retained	E341	1.03	retained	F99	2.02	altered	retained	Ser200 S219 retained
A0A381TTN7	0.250	2.20	false	-	NA	unresolved	-	NA	unresolved	-	NA	unresolved	-	NA	unresolved	unresolved	fold below TM gate (TM 0.25 < 0.50)
A0A382NA38	0.572	2.49	true	S224	0.65	retained	-	NA	unresolved	E338	1.13	retained	S103	3.79	lost	retained	Ser200 S224 retained
A0A3A9C088	0.758	3.25	true	S252	0.84	retained	H459	0.74	retained	E388	1.49	retained	A132	11.62	unresolved	retained	Ser200 S252 retained
A0A3B0JPS0	0.721	3.26	true	S108	0.16	retained	H362	0.57	retained	E243	1.16	retained	-	NA	unresolved	retained	Ser200 S108 retained
A0A3B0K0Q8	0.954	1.74	true	S366	0.38	retained	H608	0.34	retained	E495	0.17	retained	W194	0.41	retained	retained	Ser200 S366 retained
A0A3B1IGG9	0.208	3.16	false	-	NA	unresolved	-	NA	unresolved	-	NA	unresolved	-	NA	unresolved	unresolved	fold below TM gate (TM 0.21 < 0.50)
A0A3B3BCK2	0.910	2.39	true	G269	0.88	lost	H504	0.21	retained	E390	0.61	retained	V138	4.77	unresolved	lost	Ser200 G not in expected {S}
A0A3B4A807	0.752	2.45	true	S232	0.31	retained	-	NA	unresolved	E347	0.63	retained	W112	0.34	retained	retained	Ser200 S232 retained
A0A3B4GAA5	0.673	2.52	true	S212	0.59	retained	H396	0.53	retained	E312	0.70	retained	L107	6.64	unresolved	retained	Ser200 S212 retained
A0A3B5QHT9	0.293	1.77	false	-	NA	unresolved	-	NA	unresolved	-	NA	unresolved	-	NA	unresolved	unresolved	fold below TM gate (TM 0.29 < 0.50)
A0A3B9I619	0.437	3.77	false	-	NA	unresolved	-	NA	unresolved	-	NA	unresolved	-	NA	unresolved	unresolved	fold below TM gate (TM 0.44 < 0.50)
A0A3B9NLP4	0.738	3.10	true	S150	0.70	retained	H358	0.37	retained	E269	0.65	retained	V37	11.36	unresolved	retained	Ser200 S150 retained
A0A3C0M9F1	0.615	2.78	true	S188	1.15	retained	-	NA	unresolved	E315	0.81	retained	G69	4.44	unresolved	retained	Ser200 S188 retained
A0A3C1E4M0	0.750	2.71	true	S188	0.74	retained	H358	0.32	retained	E307	0.73	retained	V72	2.97	lost	retained	Ser200 S188 retained
A0A3D0U950	0.744	2.43	true	S137	0.61	retained	H349	0.13	retained	E259	0.44	retained	L17	3.78	lost	retained	Ser200 S137 retained
A0A3D0ZRZ6	0.691	3.50	true	S121	1.16	retained	H334	0.86	retained	E239	0.97	retained	-	NA	unresolved	retained	Ser200 S121 retained
A0A3D2LDW0	0.730	3.36	true	S244	0.99	retained	H473	0.93	retained	E369	1.34	retained	A124	12.80	unresolved	retained	Ser200 S244 retained
A0A3D4SZG8	0.777	3.28	true	S188	0.80	retained	H418	0.52	retained	E331	0.93	retained	I71	2.91	lost	retained	Ser200 S188 retained
A0A3D4T372	0.405	2.93	false	-	NA	unresolved	-	NA	unresolved	-	NA	unresolved	-	NA	unresolved	unresolved	fold below TM gate (TM 0.40 < 0.50)
A0A3E0NXY0	0.830	3.22	true	S256	0.79	retained	H470	0.49	retained	E369	0.77	retained	W134	5.29	unresolved	retained	Ser200 S256 retained
A0A3E2GTI0	0.831	3.39	true	S191	0.72	retained	H406	0.76	retained	E313	0.57	retained	-	NA	unresolved	retained	Ser200 S191 retained
A0A3E3J5S6	0.789	3.90	true	S204	0.53	retained	H419	0.21	retained	E329	1.73	retained	V82	10.14	unresolved	retained	Ser200 S204 retained
A0A3E4XJ89	0.807	3.57	true	S322	0.84	retained	H547	0.50	retained	E452	1.02	retained	H201	6.35	unresolved	retained	Ser200 S322 retained
A0A3G8GJA3	0.819	2.90	true	S239	0.41	retained	H459	0.68	retained	E363	0.50	retained	-	NA	unresolved	retained	Ser200 S239 retained
A0A3L8BMW0	0.849	2.63	true	S187	0.30	retained	H423	0.31	retained	E317	0.74	retained	F68	3.44	altered	retained	Ser200 S187 retained
A0A3M1MET0	0.839	2.37	true	S260	0.87	retained	H489	0.72	retained	E397	0.87	retained	-	NA	unresolved	retained	Ser200 S260 retained
A0A3M2C611	0.738	2.67	true	S144	0.63	retained	H367	0.53	retained	E271	1.00	retained	-	NA	unresolved	retained	Ser200 S144 retained
A0A3M2HKP5	0.800	2.64	true	S176	0.81	retained	H383	0.24	retained	E289	0.44	retained	T60	2.03	lost	retained	Ser200 S176 retained
A0A3M6UFV1	0.918	2.34	true	S214	0.43	retained	H462	0.42	retained	E340	0.81	retained	F103	9.91	unresolved	retained	Ser200 S214 retained
A0A3M6ZRJ9	0.758	3.56	true	S240	0.54	retained	H435	0.57	retained	E379	0.98	retained	N93	1.93	lost	retained	Ser200 S240 retained
A0A3M7EUT4	0.819	3.41	true	S224	1.47	retained	H475	0.91	retained	E358	0.47	retained	-	NA	unresolved	retained	Ser200 S224 retained
A0A3M7PCK9	0.970	1.46	true	S288	0.34	retained	H538	0.42	retained	E417	0.55	retained	W173	0.43	retained	retained	Ser200 S288 retained
A0A3M7RYQ7	0.874	2.87	true	S223	0.40	retained	H502	0.60	retained	E358	0.63	retained	I103	4.83	unresolved	retained	Ser200 S223 retained
A0A3N0GY69	0.855	2.69	true	S193	0.81	retained	H425	0.12	retained	E318	0.22	retained	W71	1.40	retained	retained	Ser200 S193 retained
A0A3N4JC48	0.790	3.11	true	S215	1.24	retained	H422	1.10	retained	E338	0.77	retained	-	NA	unresolved	retained	Ser200 S215 retained
A0A3N4M1S4	0.816	3.26	true	S206	0.34	retained	H419	0.50	retained	E326	0.29	retained	K84	9.73	unresolved	retained	Ser200 S206 retained
A0A3N5FHY3	0.823	3.10	true	S230	0.57	retained	H447	0.69	retained	E351	0.38	retained	-	NA	unresolved	retained	Ser200 S230 retained
A0A3P7DZW2	0.461	2.61	false	-	NA	unresolved	-	NA	unresolved	-	NA	unresolved	-	NA	unresolved	unresolved	fold below TM gate (TM 0.46 < 0.50)
A0A3P7P403	0.792	2.34	true	S180	0.51	retained	H462	0.20	retained	E321	0.63	retained	W57	0.60	retained	retained	Ser200 S180 retained
A0A3Q0FV06	0.912	2.45	true	G241	0.79	lost	H476	0.22	retained	E362	0.53	retained	V123	4.34	unresolved	lost	Ser200 G not in expected {S}
A0A3Q2G8Z5	0.751	2.48	true	G243	0.86	lost	-	NA	unresolved	E364	0.59	retained	I124	4.99	unresolved	lost	Ser200 G not in expected {S}
A0A3Q2NPN1	0.910	2.42	true	G270	0.88	lost	H505	0.20	retained	E391	0.62	retained	V138	4.81	unresolved	lost	Ser200 G not in expected {S}
A0A3Q3EVB5	0.764	2.49	true	G270	0.54	lost	H504	0.29	retained	E391	0.37	retained	-	NA	unresolved	lost	Ser200 G not in expected {S}
A0A3Q3WMM5	0.776	2.04	true	S164	0.25	retained	H394	0.28	retained	E282	0.45	retained	-	NA	unresolved	retained	Ser200 S164 retained
A0A3R5YQU3	0.778	3.53	true	S211	0.76	retained	H431	0.78	retained	E343	1.60	retained	-	NA	unresolved	retained	Ser200 S211 retained
A0A3R7KIH8	0.846	3.04	true	S585	0.92	retained	H821	0.48	retained	E709	0.73	retained	W461	7.78	unresolved	retained	Ser200 S585 retained
A0A3R7MRW4	0.806	2.66	true	G385	0.52	lost	N618	0.52	lost	E528	0.38	retained	-	NA	unresolved	lost	Ser200 G not in expected {S}
A0A3R7PFA7	0.844	2.97	true	S295	0.51	retained	H552	1.15	retained	E420	1.33	retained	-	NA	unresolved	retained	Ser200 S295 retained
A0A3R7QG22	0.865	2.77	true	N200	0.28	lost	H448	0.95	retained	E324	1.44	retained	-	NA	unresolved	lost	Ser200 N not in expected {S}
A0A3S0ZYH2	0.797	3.06	true	S211	0.64	retained	H432	0.32	retained	E356	0.60	retained	-	NA	unresolved	retained	Ser200 S211 retained
A0A3S1B182	0.156	2.42	false	-	NA	unresolved	-	NA	unresolved	-	NA	unresolved	-	NA	unresolved	unresolved	fold below TM gate (TM 0.16 < 0.50)
A0A3S2PAK4	0.856	3.19	true	S204	0.96	retained	H447	0.70	retained	D332	1.12	altered	-	NA	unresolved	retained	Ser200 S204 retained
A0A3S3PDJ2	0.675	2.64	true	G65	0.48	lost	H403	0.84	retained	E241	1.10	retained	N7	11.91	unresolved	lost	Ser200 G not in expected {S}
A0A416EE90	0.836	2.23	true	S192	0.85	retained	H400	0.77	retained	D308	1.00	altered	K69	6.53	unresolved	retained	Ser200 S192 retained
A0A420J4M1	0.350	2.24	false	-	NA	unresolved	-	NA	unresolved	-	NA	unresolved	-	NA	unresolved	unresolved	fold below TM gate (TM 0.35 < 0.50)
A0A423SQE3	0.576	2.00	true	S477	0.42	retained	-	NA	unresolved	E604	1.50	retained	-	NA	unresolved	retained	Ser200 S477 retained
A0A423SWX8	0.716	3.08	true	S218	0.35	retained	-	NA	unresolved	E360	1.45	retained	-	NA	unresolved	retained	Ser200 S218 retained
A0A426VBK8	0.851	2.81	true	S216	0.15	retained	H447	1.03	retained	E340	1.10	retained	L100	2.51	lost	retained	Ser200 S216 retained
A0A427XNX4	0.836	3.02	true	S209	0.29	retained	H453	0.46	retained	E344	0.85	retained	A90	8.86	unresolved	retained	Ser200 S209 retained
A0A427YLD1	0.817	3.04	true	S215	0.49	retained	H455	0.87	retained	E341	0.78	retained	I126	4.49	unresolved	retained	Ser200 S215 retained
A0A428TP63	0.354	1.98	false	-	NA	unresolved	-	NA	unresolved	-	NA	unresolved	-	NA	unresolved	unresolved	fold below TM gate (TM 0.35 < 0.50)
A0A428UIY0	0.775	2.88	true	S221	0.64	retained	H465	0.74	retained	E355	0.60	retained	-	NA	unresolved	retained	Ser200 S221 retained
A0A428XR97	0.294	2.25	false	-	NA	unresolved	-	NA	unresolved	-	NA	unresolved	-	NA	unresolved	unresolved	fold below TM gate (TM 0.29 < 0.50)
A0A433TL58	0.384	2.13	false	-	NA	unresolved	-	NA	unresolved	-	NA	unresolved	-	NA	unresolved	unresolved	fold below TM gate (TM 0.38 < 0.50)
A0A437MM15	0.839	3.13	true	S221	0.52	retained	H437	0.66	retained	E336	0.98	retained	Y101	3.14	altered	retained	Ser200 S221 retained
A0A444S7M2	0.801	3.31	true	S232	1.67	retained	H450	0.86	retained	E356	0.92	retained	-	NA	unresolved	retained	Ser200 S232 retained
A0A452G1D0	0.893	2.76	true	S214	1.18	retained	H455	0.67	retained	D340	0.81	altered	-	NA	unresolved	retained	Ser200 S214 retained
A0A452G9C1	0.979	1.28	true	S267	0.23	retained	H507	0.24	retained	E394	0.45	retained	W151	0.36	retained	retained	Ser200 S267 retained
A0A455LJ68	0.869	3.06	true	G238	0.45	lost	H510	0.86	retained	E383	1.16	retained	-	NA	unresolved	lost	Ser200 G not in expected {S}
A0A482XKU5	0.869	2.85	true	S241	0.21	retained	H505	0.69	retained	E379	1.22	retained	-	NA	unresolved	retained	Ser200 S241 retained
A0A482XSG1	0.637	4.03	true	A269	0.66	lost	-	NA	unresolved	E398	0.88	retained	-	NA	unresolved	lost	Ser200 A not in expected {S}
A0A484FNR6	0.818	2.59	true	S225	0.15	retained	H408	0.76	retained	E344	0.86	retained	F110	3.69	altered	retained	Ser200 S225 retained
A0A484G715	0.811	3.37	true	S220	1.94	retained	H450	1.12	retained	E346	1.24	retained	-	NA	unresolved	retained	Ser200 S220 retained
A0A495UJA2	0.804	3.39	true	S190	0.96	retained	H411	0.73	retained	E322	1.42	retained	I77	3.32	lost	retained	Ser200 S190 retained
A0A496WPD8	0.411	3.60	false	-	NA	unresolved	-	NA	unresolved	-	NA	unresolved	-	NA	unresolved	unresolved	fold below TM gate (TM 0.41 < 0.50)
A0A499FTE3	0.875	2.83	true	S223	0.48	retained	H470	0.54	retained	E355	1.13	retained	N107	10.43	unresolved	retained	Ser200 S223 retained
A0A4C1SWH3	0.778	3.33	true	G222	0.36	lost	H557	0.52	retained	D352	0.62	altered	-	NA	unresolved	lost	Ser200 G not in expected {S}
A0A4C1V0F4	0.839	2.67	true	S198	0.77	retained	H433	0.85	retained	E323	1.01	retained	-	NA	unresolved	retained	Ser200 S198 retained
A0A4C1XQE4	0.867	2.95	true	S283	0.25	retained	H627	0.79	retained	E413	1.01	retained	-	NA	unresolved	retained	Ser200 S283 retained
A0A4P2VP04	0.410	3.61	false	-	NA	unresolved	-	NA	unresolved	-	NA	unresolved	-	NA	unresolved	unresolved	fold below TM gate (TM 0.41 < 0.50)
A0A4P7HDF0	0.824	3.17	true	S186	0.73	retained	H440	0.59	retained	E311	0.29	retained	-	NA	unresolved	retained	Ser200 S186 retained
A0A4P7RT47	0.818	3.12	true	S216	0.64	retained	H419	0.20	retained	E333	0.19	retained	G97	3.89	lost	retained	Ser200 S216 retained
A0A4Q0INH7	0.396	4.05	false	-	NA	unresolved	-	NA	unresolved	-	NA	unresolved	-	NA	unresolved	unresolved	fold below TM gate (TM 0.40 < 0.50)
A0A4Q2V5X3	0.822	3.07	true	S225	0.50	retained	H431	0.32	retained	E339	0.70	retained	N108	2.50	lost	retained	Ser200 S225 retained
A0A4Q3CPT0	0.793	2.85	true	S222	0.71	retained	H432	0.35	retained	D346	0.82	altered	-	NA	unresolved	retained	Ser200 S222 retained
A0A4Q3XN05	0.841	3.08	true	S215	0.84	retained	H431	0.48	retained	E333	0.61	retained	E97	3.08	lost	retained	Ser200 S215 retained
A0A4Q4UJ34	0.446	3.16	false	-	NA	unresolved	-	NA	unresolved	-	NA	unresolved	-	NA	unresolved	unresolved	fold below TM gate (TM 0.45 < 0.50)
A0A4Q4USQ3	0.839	3.09	true	S223	0.46	retained	H438	0.50	retained	E341	0.54	retained	-	NA	unresolved	retained	Ser200 S223 retained
A0A4R0R3K4	0.836	3.05	true	S244	0.47	retained	H480	0.69	retained	E370	0.71	retained	Y122	1.76	altered	retained	Ser200 S244 retained
A0A4R0RJX5	0.842	2.98	true	S438	0.31	retained	H677	0.64	retained	E571	0.90	retained	G322	3.62	lost	retained	Ser200 S438 retained
A0A4R3PRB8	0.655	2.51	true	S93	0.75	retained	H303	0.34	retained	E209	0.59	retained	-	NA	unresolved	retained	Ser200 S93 retained
A0A4R6VJ77	0.765	2.81	true	S197	0.25	retained	H388	0.71	retained	E316	0.63	retained	D76	7.42	unresolved	retained	Ser200 S197 retained
A0A4R8Q1K0	0.550	2.93	true	S202	0.48	retained	H325	0.15	retained	E263	0.27	retained	-	NA	unresolved	retained	Ser200 S202 retained
A0A4R9K4U1	0.405	3.53	false	-	NA	unresolved	-	NA	unresolved	-	NA	unresolved	-	NA	unresolved	unresolved	fold below TM gate (TM 0.40 < 0.50)
A0A4S2KN47	0.860	2.41	true	D273	0.85	lost	R508	1.05	lost	E396	0.41	retained	M150	4.05	unresolved	lost	Ser200 D not in expected {S}
A0A4S2L5T1	0.962	1.79	true	S244	0.32	retained	H561	0.37	retained	E409	0.45	retained	W111	0.57	retained	retained	Ser200 S244 retained
A0A4S3JQH5	0.779	2.79	true	S226	0.99	retained	H467	0.58	retained	E344	0.91	retained	H102	6.53	unresolved	retained	Ser200 S226 retained
A0A4S8QMA0	0.798	3.54	true	S289	0.99	retained	H499	0.85	retained	E414	0.69	retained	F164	6.10	unresolved	retained	Ser200 S289 retained
A0A4S9AJ09	0.824	3.10	true	S220	0.45	retained	H431	0.71	retained	E334	0.69	retained	G102	5.29	unresolved	retained	Ser200 S220 retained
A0A4S9SIU3	0.698	3.16	true	S219	0.27	retained	H446	1.26	retained	D343	1.11	altered	D95	10.37	unresolved	retained	Ser200 S219 retained
A0A4T0E7H0	0.831	2.93	true	S221	0.98	retained	H454	0.70	retained	E344	0.73	retained	W99	7.89	unresolved	retained	Ser200 S221 retained
A0A4U5NJW3	0.835	2.97	true	S261	0.42	retained	H501	0.57	retained	E393	0.65	retained	-	NA	unresolved	retained	Ser200 S261 retained
A0A4U5NTB6	0.761	3.11	true	S142	0.48	retained	H395	0.58	retained	E278	0.56	retained	Y20	3.61	altered	retained	Ser200 S142 retained
A0A4U7L1U0	0.783	3.41	true	S352	0.46	retained	H579	0.44	retained	E468	0.68	retained	S232	8.09	unresolved	retained	Ser200 S352 retained
A0A4V6A385	0.836	2.48	true	D148	0.36	lost	H402	1.10	retained	D279	1.37	altered	D34	10.39	unresolved	lost	Ser200 D not in expected {S}
A0A4V6DHD9	0.856	3.02	true	S309	0.48	retained	H550	0.76	retained	E441	0.77	retained	I190	9.14	unresolved	retained	Ser200 S309 retained
A0A4W2CF40	0.833	2.51	true	G344	0.82	lost	H579	0.20	retained	E465	0.66	retained	V186	4.65	unresolved	lost	Ser200 G not in expected {S}
A0A4W5R2Q7	0.675	3.63	true	R514	0.79	lost	-	NA	unresolved	D641	2.24	altered	-	NA	unresolved	lost	Ser200 R not in expected {S}
A0A4Y2BH61	0.741	3.86	true	D193	0.88	lost	Q429	8.90	unresolved	A324	0.99	lost	-	NA	unresolved	lost	Ser200 D not in expected {S}
A0A4Y2MIX4	0.713	2.55	true	S92	0.31	retained	H336	0.66	retained	E221	0.97	retained	-	NA	unresolved	retained	Ser200 S92 retained
A0A4Y2NBF3	0.621	2.58	true	G40	0.23	lost	H292	0.40	retained	D171	0.86	altered	-	NA	unresolved	lost	Ser200 G not in expected {S}
A0A4Y2SKR4	0.569	2.03	true	S216	0.44	retained	-	NA	unresolved	E345	1.09	retained	Y99	4.20	unresolved	retained	Ser200 S216 retained
A0A4Y9SJ25	0.762	2.91	true	S237	0.58	retained	H450	1.02	retained	E346	0.99	retained	-	NA	unresolved	retained	Ser200 S237 retained
A0A4Z0Z2W3	0.693	2.87	true	S135	0.54	retained	H337	0.39	retained	E267	1.02	retained	F18	2.54	altered	retained	Ser200 S135 retained
A0A4Z1FM79	0.715	3.67	true	S200	0.94	retained	H424	0.60	retained	E331	0.69	retained	-	NA	unresolved	retained	Ser200 S200 retained
A0A4Z1HT68	0.648	3.32	true	S289	1.45	retained	-	NA	unresolved	E414	0.73	retained	F160	6.49	unresolved	retained	Ser200 S289 retained
A0A4Z2D0F4	0.468	1.94	false	-	NA	unresolved	-	NA	unresolved	-	NA	unresolved	-	NA	unresolved	unresolved	fold below TM gate (TM 0.47 < 0.50)
A0A4Z2D2D2	0.478	1.98	false	-	NA	unresolved	-	NA	unresolved	-	NA	unresolved	-	NA	unresolved	unresolved	fold below TM gate (TM 0.48 < 0.50)
A0A4Z2F0B5	0.690	2.21	true	-	NA	unresolved	H365	0.78	retained	-	NA	unresolved	M142	1.97	lost	unresolved	Ser200: reference position aligned to a gap
A0A507AVD1	0.787	3.81	true	F242	1.37	lost	H467	4.21	unresolved	N367	2.41	lost	-	NA	unresolved	lost	Ser200 F not in expected {S}
A0A507C5A8	0.864	2.47	true	S221	0.21	retained	H451	0.54	retained	E353	0.70	retained	N101	3.21	lost	retained	Ser200 S221 retained
A0A511M743	0.717	2.73	true	S120	0.36	retained	H346	0.51	retained	E245	0.91	retained	-	NA	unresolved	retained	Ser200 S120 retained
A0A520HT20	0.471	2.30	false	-	NA	unresolved	-	NA	unresolved	-	NA	unresolved	-	NA	unresolved	unresolved	fold below TM gate (TM 0.47 < 0.50)
A0A520LE06	0.817	2.43	true	S210	0.67	retained	H419	0.78	retained	E332	0.93	retained	-	NA	unresolved	retained	Ser200 S210 retained
A0A521C4N6	0.409	3.41	false	-	NA	unresolved	-	NA	unresolved	-	NA	unresolved	-	NA	unresolved	unresolved	fold below TM gate (TM 0.41 < 0.50)
A0A521Y6T6	0.851	2.70	true	S317	0.43	retained	H540	0.39	retained	E432	0.71	retained	Y200	1.10	altered	retained	Ser200 S317 retained
A0A523M9Y2	0.832	2.93	true	S220	0.59	retained	H433	0.56	retained	E347	0.70	retained	-	NA	unresolved	retained	Ser200 S220 retained
A0A525WDR0	0.815	3.34	true	S247	0.65	retained	H471	0.52	retained	E384	0.81	retained	I126	1.83	lost	retained	Ser200 S247 retained
A0A534CQV7	0.834	2.66	true	S218	0.60	retained	H426	0.63	retained	E334	0.94	retained	I97	1.68	lost	retained	Ser200 S218 retained
A0A534Q766	0.602	2.48	true	S38	0.63	retained	H261	0.41	retained	E160	0.75	retained	-	NA	unresolved	retained	Ser200 S38 retained
A0A534Q7K0	0.313	2.97	false	-	NA	unresolved	-	NA	unresolved	-	NA	unresolved	-	NA	unresolved	unresolved	fold below TM gate (TM 0.31 < 0.50)
A0A534QCA1	0.842	2.92	true	S198	0.57	retained	H437	0.44	retained	E319	0.82	retained	M80	2.34	lost	retained	Ser200 S198 retained
A0A535E9W2	0.675	2.72	true	S101	0.73	retained	H318	0.16	retained	E219	0.36	retained	-	NA	unresolved	retained	Ser200 S101 retained
A0A536F9H5	0.279	1.86	false	-	NA	unresolved	-	NA	unresolved	-	NA	unresolved	-	NA	unresolved	unresolved	fold below TM gate (TM 0.28 < 0.50)
A0A538PPT3	0.262	1.73	false	-	NA	unresolved	-	NA	unresolved	-	NA	unresolved	-	NA	unresolved	unresolved	fold below TM gate (TM 0.26 < 0.50)
A0A538R450	0.482	2.09	false	-	NA	unresolved	-	NA	unresolved	-	NA	unresolved	-	NA	unresolved	unresolved	fold below TM gate (TM 0.48 < 0.50)
A0A552R761	0.834	3.18	true	S305	0.24	retained	H542	0.77	retained	E428	1.18	retained	-	NA	unresolved	retained	Ser200 S305 retained
A0A553N8M7	0.882	2.96	true	S214	0.30	retained	H487	0.88	retained	E345	1.77	retained	-	NA	unresolved	retained	Ser200 S214 retained
A0A553NPE3	0.912	2.45	true	G260	0.64	lost	F530	0.76	lost	D418	1.22	altered	L124	4.38	unresolved	lost	Ser200 G not in expected {S}
A0A553P2K2	0.915	2.28	true	G503	0.46	lost	H762	0.81	retained	D647	1.10	altered	-	NA	unresolved	lost	Ser200 G not in expected {S}
A0A556AYU6	0.836	2.36	true	S193	0.27	retained	H400	0.82	retained	E309	1.12	retained	-	NA	unresolved	retained	Ser200 S193 retained
A0A559M1S9	0.665	3.31	true	S128	0.78	retained	H323	1.22	retained	E255	0.77	retained	-	NA	unresolved	retained	Ser200 S128 retained
A0A5A8DNZ3	0.862	2.98	true	G554	0.51	lost	H806	0.79	retained	D678	1.75	altered	D424	6.73	unresolved	lost	Ser200 G not in expected {S}
A0A5C2S6M5	0.796	2.89	true	S189	0.77	retained	H423	0.96	retained	K314	0.91	lost	I62	2.47	lost	retained	Ser200 S189 retained
A0A5C3L0X5	0.808	2.94	true	S217	0.55	retained	H411	0.81	retained	D338	1.47	altered	Q98	1.72	lost	retained	Ser200 S217 retained
A0A5C3NKR6	0.701	2.88	true	S122	0.51	retained	H359	0.76	retained	E251	0.93	retained	-	NA	unresolved	retained	Ser200 S122 retained
A0A5C3Q0I0	0.830	3.19	true	S251	1.04	retained	H478	1.12	retained	E393	1.06	retained	Q130	9.54	unresolved	retained	Ser200 S251 retained
A0A5C4MD42	0.409	3.45	false	-	NA	unresolved	-	NA	unresolved	-	NA	unresolved	-	NA	unresolved	unresolved	fold below TM gate (TM 0.41 < 0.50)
A0A5E4A5Y6	0.898	2.66	true	S299	0.71	retained	H531	0.58	retained	E418	0.67	retained	R182	11.63	unresolved	retained	Ser200 S299 retained
A0A5E4AKY3	0.696	3.44	true	R110	0.94	lost	L348	7.25	unresolved	D238	2.05	altered	-	NA	unresolved	lost	Ser200 R not in expected {S}
A0A5E4MCP1	0.861	3.01	true	S269	0.70	retained	H519	1.76	retained	D394	1.99	altered	-	NA	unresolved	retained	Ser200 S269 retained
A0A5E4Q221	0.811	3.04	true	G426	1.19	lost	K636	1.57	lost	A529	1.58	lost	-	NA	unresolved	lost	Ser200 G not in expected {S}
A0A5E4QFQ5	0.763	2.80	true	S208	0.15	retained	H454	0.72	retained	E340	0.77	retained	-	NA	unresolved	retained	Ser200 S208 retained
A0A5E8B480	0.832	3.13	true	S238	0.93	retained	H475	0.54	retained	E366	0.57	retained	I116	2.85	lost	retained	Ser200 S238 retained
A0A5F7ZDK1	0.984	1.17	true	S468	0.15	retained	H712	0.14	retained	E599	0.73	retained	W351	0.34	retained	retained	Ser200 S468 retained
A0A5F8AA06	0.904	2.41	true	S312	0.64	retained	H542	0.60	retained	E430	0.66	retained	T197	11.89	unresolved	retained	Ser200 S312 retained
A0A5F9CRE5	0.859	2.67	true	S187	0.67	retained	H433	0.61	retained	E319	0.73	retained	W75	7.42	unresolved	retained	Ser200 S187 retained
A0A5F9D883	0.983	1.17	true	S225	0.17	retained	H465	0.20	retained	E352	0.45	retained	W109	0.32	retained	retained	Ser200 S225 retained
A0A5G2QWJ0	0.762	3.08	true	S230	0.82	retained	-	NA	unresolved	E362	0.65	retained	G113	11.41	unresolved	retained	Ser200 S230 retained
A0A5J4NSM9	0.755	2.09	true	A335	0.95	lost	-	NA	unresolved	E496	0.94	retained	W197	0.71	retained	lost	Ser200 A not in expected {S}
A0A5K1JW96	0.244	2.30	false	-	NA	unresolved	-	NA	unresolved	-	NA	unresolved	-	NA	unresolved	unresolved	fold below TM gate (TM 0.24 < 0.50)
A0A5K1K2Q3	0.285	2.23	false	-	NA	unresolved	-	NA	unresolved	-	NA	unresolved	-	NA	unresolved	unresolved	fold below TM gate (TM 0.29 < 0.50)
A0A5K1K362	0.706	3.58	true	S278	1.26	retained	H457	0.71	retained	-	NA	unresolved	E135	4.16	unresolved	retained	Ser200 S278 retained
A0A5M3YSV9	0.401	4.14	false	-	NA	unresolved	-	NA	unresolved	-	NA	unresolved	-	NA	unresolved	unresolved	fold below TM gate (TM 0.40 < 0.50)
A0A5M9K697	0.808	3.37	true	S810	1.07	retained	H1048	1.07	retained	E940	1.73	retained	-	NA	unresolved	retained	Ser200 S810 retained
A0A5N4A153	0.869	3.13	true	S206	0.60	retained	H459	1.70	retained	E335	1.52	retained	-	NA	unresolved	retained	Ser200 S206 retained
A0A5N4AW85	0.609	1.35	true	S254	0.32	retained	-	NA	unresolved	E383	0.40	retained	W122	0.69	retained	retained	Ser200 S254 retained
A0A5N4B4R1	0.861	3.03	true	D192	0.35	lost	H451	0.43	retained	E320	0.68	retained	F75	8.41	unresolved	lost	Ser200 D not in expected {S}
A0A5N5CVT9	0.829	3.03	true	S210	0.86	retained	H431	0.74	retained	E336	0.60	retained	-	NA	unresolved	retained	Ser200 S210 retained
A0A5N5D6T8	0.822	2.76	true	S239	0.33	retained	H449	0.47	retained	E381	1.20	retained	F117	2.37	altered	retained	Ser200 S239 retained
A0A5N5SPU7	0.479	2.26	false	-	NA	unresolved	-	NA	unresolved	-	NA	unresolved	-	NA	unresolved	unresolved	fold below TM gate (TM 0.48 < 0.50)
A0A5N5SQE0	0.492	2.16	false	-	NA	unresolved	-	NA	unresolved	-	NA	unresolved	-	NA	unresolved	unresolved	fold below TM gate (TM 0.49 < 0.50)
A0A5N6JQ64	0.291	2.60	false	-	NA	unresolved	-	NA	unresolved	-	NA	unresolved	-	NA	unresolved	unresolved	fold below TM gate (TM 0.29 < 0.50)
A0A5N6U3Y0	0.860	2.91	true	S242	0.31	retained	H481	0.73	retained	E372	0.53	retained	T124	5.40	unresolved	retained	Ser200 S242 retained
A0A5N6VQV7	0.768	3.45	true	S243	0.83	retained	H443	1.15	retained	E365	1.37	retained	-	NA	unresolved	retained	Ser200 S243 retained
A0A5N6WUT0	0.397	3.83	false	-	NA	unresolved	-	NA	unresolved	-	NA	unresolved	-	NA	unresolved	unresolved	fold below TM gate (TM 0.40 < 0.50)
A0A5N6YCV3	0.826	3.52	true	S222	0.76	retained	H446	1.26	retained	E339	1.57	retained	N104	2.78	lost	retained	Ser200 S222 retained
A0A5N9FKH2	0.703	2.71	true	S199	1.48	retained	-	NA	unresolved	D329	1.07	altered	F78	9.88	unresolved	retained	Ser200 S199 retained
A0A5P9EYG1	0.825	3.25	true	S208	0.52	retained	H430	0.16	retained	E329	0.77	retained	E85	3.88	lost	retained	Ser200 S208 retained
A0A5R8L882	0.790	3.47	true	S199	0.70	retained	H415	0.19	retained	E327	0.56	retained	I86	2.85	lost	retained	Ser200 S199 retained
A0A5R9JDD0	0.842	2.60	true	S204	0.39	retained	H427	1.12	retained	E315	0.84	retained	R85	1.95	lost	retained	Ser200 S204 retained
A0A5V7WGW0	0.607	2.97	true	S195	1.16	retained	-	NA	unresolved	E308	0.49	retained	G76	0.59	lost	retained	Ser200 S195 retained
A0A5Z5YG20	0.294	2.01	false	-	NA	unresolved	-	NA	unresolved	-	NA	unresolved	-	NA	unresolved	unresolved	fold below TM gate (TM 0.29 < 0.50)
A0A641AR72	0.807	3.22	true	S235	0.77	retained	H454	0.63	retained	E365	1.00	retained	I122	3.40	lost	retained	Ser200 S235 retained
A0A653C6L1	0.731	2.82	true	S116	0.55	retained	H351	0.45	retained	E239	1.11	retained	-	NA	unresolved	retained	Ser200 S116 retained
A0A653DKD2	0.738	2.83	true	S201	0.06	retained	H422	0.61	retained	E325	0.90	retained	-	NA	unresolved	retained	Ser200 S201 retained
A0A659S3P9	0.547	2.14	true	S195	0.33	retained	-	NA	unresolved	E308	1.06	retained	G76	2.76	lost	retained	Ser200 S195 retained
A0A660NJZ1	0.495	3.63	false	-	NA	unresolved	-	NA	unresolved	-	NA	unresolved	-	NA	unresolved	unresolved	fold below TM gate (TM 0.50 < 0.50)
A0A661Q1X9	0.815	3.48	true	S222	0.42	retained	H451	0.78	retained	E360	1.27	retained	-	NA	unresolved	retained	Ser200 S222 retained
A0A671XRU0	0.840	2.50	true	S283	0.39	retained	H478	0.74	retained	E367	0.82	retained	Q168	9.38	unresolved	retained	Ser200 S283 retained
A0A672YP87	0.317	1.90	false	-	NA	unresolved	-	NA	unresolved	-	NA	unresolved	-	NA	unresolved	unresolved	fold below TM gate (TM 0.32 < 0.50)
A0A6A0GS36	0.184	2.00	false	-	NA	unresolved	-	NA	unresolved	-	NA	unresolved	-	NA	unresolved	unresolved	fold below TM gate (TM 0.18 < 0.50)
A0A6A0H1V4	0.658	3.05	true	C216	0.88	altered	G385	4.27	unresolved	-	NA	unresolved	-	NA	unresolved	altered	Ser200 C in altered set
A0A6A0H3K2	0.799	3.20	true	C194	0.88	altered	H514	0.88	retained	V366	1.56	lost	-	NA	unresolved	altered	Ser200 C in altered set
A0A6A4F6S2	0.660	3.50	true	S198	0.67	retained	-	NA	unresolved	-	NA	unresolved	-	NA	unresolved	retained	Ser200 S198 retained
A0A6A4J3K3	0.847	3.17	true	S204	0.52	retained	H453	1.43	retained	E332	1.55	retained	-	NA	unresolved	retained	Ser200 S204 retained
A0A6A4K7F7	0.909	2.27	true	D204	0.29	lost	H464	0.80	retained	E349	0.40	retained	-	NA	unresolved	lost	Ser200 D not in expected {S}
A0A6A4WKS6	0.878	2.78	true	G467	0.47	lost	H725	0.91	retained	E592	1.12	retained	-	NA	unresolved	lost	Ser200 G not in expected {S}
A0A6A4X4W4	0.848	2.84	true	S308	0.31	retained	H540	1.25	retained	R440	6.00	unresolved	-	NA	unresolved	retained	Ser200 S308 retained
A0A6A5BDS5	0.683	2.52	true	S212	0.82	retained	-	NA	unresolved	-	NA	unresolved	T112	3.62	lost	retained	Ser200 S212 retained
A0A6A5YCU5	0.799	3.38	true	S258	0.57	retained	H487	1.01	retained	E380	0.98	retained	-	NA	unresolved	retained	Ser200 S258 retained
A0A6A5ZBF5	0.740	2.75	true	S203	1.06	retained	H414	1.11	retained	E321	0.64	retained	-	NA	unresolved	retained	Ser200 S203 retained
A0A6A6BWV2	0.407	2.37	false	-	NA	unresolved	-	NA	unresolved	-	NA	unresolved	-	NA	unresolved	unresolved	fold below TM gate (TM 0.41 < 0.50)
A0A6A6FXZ8	0.685	2.69	true	S210	0.42	retained	H415	0.87	retained	E345	1.26	retained	N80	2.30	lost	retained	Ser200 S210 retained
A0A6A6GC70	0.841	3.12	true	S202	0.69	retained	H432	1.03	retained	E329	0.98	retained	-	NA	unresolved	retained	Ser200 S202 retained
A0A6A6SYL3	0.867	3.08	true	G235	0.62	lost	R487	0.93	lost	-	NA	unresolved	G102	4.58	unresolved	lost	Ser200 G not in expected {S}
A0A6A6TVQ7	0.805	3.61	true	S264	1.03	retained	H476	0.87	retained	E385	1.11	retained	-	NA	unresolved	retained	Ser200 S264 retained
A0A6A6U4R0	0.819	3.30	true	S229	1.23	retained	H449	1.19	retained	E357	1.42	retained	I107	3.45	lost	retained	Ser200 S229 retained
A0A6A6WK15	0.818	2.92	true	S205	0.66	retained	H434	0.75	retained	E333	0.73	retained	-	NA	unresolved	retained	Ser200 S205 retained
A0A6B0XL71	0.830	2.71	true	S220	0.71	retained	H431	0.44	retained	E339	0.36	retained	-	NA	unresolved	retained	Ser200 S220 retained
A0A6B3B8V5	0.835	2.81	true	S218	0.85	retained	H442	0.68	retained	E336	0.64	retained	I105	2.54	lost	retained	Ser200 S218 retained
A0A6B3UNH7	0.402	3.37	false	-	NA	unresolved	-	NA	unresolved	-	NA	unresolved	-	NA	unresolved	unresolved	fold below TM gate (TM 0.40 < 0.50)
A0A6C1EIU1	0.914	2.56	true	G263	0.79	lost	H567	0.23	retained	E396	0.45	retained	I118	4.82	unresolved	lost	Ser200 G not in expected {S}
A0A6F9CB00	0.866	1.20	true	S222	0.46	retained	H468	0.91	retained	-	NA	unresolved	W105	0.28	retained	retained	Ser200 S222 retained
A0A6G0HHT2	0.518	2.94	true	G75	1.00	lost	-	NA	unresolved	E196	0.59	retained	-	NA	unresolved	lost	Ser200 G not in expected {S}
A0A6G0U017	0.909	2.17	true	D334	0.31	lost	H587	0.73	retained	E476	0.52	retained	T218	9.16	unresolved	lost	Ser200 D not in expected {S}
A0A6G0UXG0	0.836	2.88	true	S169	1.19	retained	H421	0.48	retained	E296	0.75	retained	-	NA	unresolved	retained	Ser200 S169 retained
A0A6G0UXL2	0.848	3.00	true	S808	0.94	retained	H1050	2.09	retained	E930	1.79	retained	-	NA	unresolved	retained	Ser200 S808 retained
A0A6G0V603	0.802	3.32	true	G226	1.13	lost	P464	3.21	lost	T360	8.54	unresolved	-	NA	unresolved	lost	Ser200 G not in expected {S}
A0A6G0ZG90	0.801	2.84	true	S205	0.41	retained	H415	0.46	retained	E301	0.97	retained	-	NA	unresolved	retained	Ser200 S205 retained
A0A6G1H8K4	0.804	2.97	true	S234	0.23	retained	H427	0.91	retained	E359	0.94	retained	G115	2.83	lost	retained	Ser200 S234 retained
A0A6G1HCH6	0.716	2.94	true	S219	0.25	retained	-	NA	unresolved	E315	1.00	retained	G102	6.61	unresolved	retained	Ser200 S219 retained
A0A6H1UHP1	0.409	3.38	false	-	NA	unresolved	-	NA	unresolved	-	NA	unresolved	-	NA	unresolved	unresolved	fold below TM gate (TM 0.41 < 0.50)
A0A6I3F4R4	0.829	3.03	true	S231	0.92	retained	H445	0.46	retained	E352	0.37	retained	M117	1.48	lost	retained	Ser200 S231 retained
A0A6I4I8G6	0.820	2.95	true	S221	0.49	retained	H451	0.24	retained	E351	0.67	retained	-	NA	unresolved	retained	Ser200 S221 retained
A0A6I9VWB9	0.403	2.45	false	-	NA	unresolved	-	NA	unresolved	-	NA	unresolved	-	NA	unresolved	unresolved	fold below TM gate (TM 0.40 < 0.50)
A0A6I9WE90	0.498	1.97	false	-	NA	unresolved	-	NA	unresolved	-	NA	unresolved	-	NA	unresolved	unresolved	fold below TM gate (TM 0.50 < 0.50)
A0A6J0BZI1	0.863	3.03	true	S210	0.61	retained	H467	0.51	retained	D343	1.27	altered	-	NA	unresolved	retained	Ser200 S210 retained
A0A6J0SIP3	0.840	1.71	true	S188	0.38	retained	H427	0.41	retained	E317	0.16	retained	S76	7.36	unresolved	retained	Ser200 S188 retained
A0A6J0U495	0.992	0.84	true	S229	0.17	retained	H469	0.16	retained	E356	0.28	retained	W113	0.16	retained	retained	Ser200 S229 retained
A0A6J1RSW5	0.870	2.94	true	S247	1.09	retained	H528	0.90	retained	E387	0.86	retained	-	NA	unresolved	retained	Ser200 S247 retained
A0A6J1RZ37	0.811	2.95	true	S253	0.11	retained	H510	1.09	retained	E393	1.22	retained	H134	8.93	unresolved	retained	Ser200 S253 retained
A0A6J1TZ50	0.982	1.21	true	S228	0.23	retained	H468	0.22	retained	E355	0.22	retained	W112	0.29	retained	retained	Ser200 S228 retained
A0A6J2JNT2	0.832	3.11	true	S191	0.28	retained	H435	1.02	retained	E317	1.38	retained	-	NA	unresolved	retained	Ser200 S191 retained
A0A6J2JX31	0.831	3.22	true	S218	0.35	retained	H455	0.79	retained	E342	1.33	retained	-	NA	unresolved	retained	Ser200 S218 retained
A0A6J2KBU6	0.858	2.76	true	S205	0.58	retained	H446	0.64	retained	E336	0.76	retained	-	NA	unresolved	retained	Ser200 S205 retained
A0A6J2SYK5	0.872	3.03	true	S215	0.25	retained	H475	0.93	retained	E347	0.89	retained	-	NA	unresolved	retained	Ser200 S215 retained
A0A6J6U988	0.418	3.50	false	-	NA	unresolved	-	NA	unresolved	-	NA	unresolved	-	NA	unresolved	unresolved	fold below TM gate (TM 0.42 < 0.50)
A0A6J8AH09	0.738	2.67	true	S228	0.58	retained	S463	2.11	lost	E349	0.55	retained	Y110	7.78	unresolved	retained	Ser200 S228 retained
A0A6J8CJX0	0.543	3.59	true	S136	0.53	retained	-	NA	unresolved	E265	0.75	retained	-	NA	unresolved	retained	Ser200 S136 retained
A0A6J8DKW9	0.882	2.92	true	S211	0.94	retained	H463	0.35	retained	E340	0.18	retained	L97	7.21	unresolved	retained	Ser200 S211 retained
A0A6J8E6H8	0.807	2.30	true	S206	0.88	retained	H459	0.48	retained	E342	0.71	retained	-	NA	unresolved	retained	Ser200 S206 retained
A0A6L2PU99	0.688	3.30	true	G170	0.53	lost	H451	0.66	retained	E331	0.21	retained	-	NA	unresolved	lost	Ser200 G not in expected {S}
A0A6L5XAK8	0.747	2.49	true	S220	0.51	retained	H389	0.62	retained	D341	1.37	altered	R98	6.40	unresolved	retained	Ser200 S220 retained
A0A6L7X8V4	0.437	1.91	false	-	NA	unresolved	-	NA	unresolved	-	NA	unresolved	-	NA	unresolved	unresolved	fold below TM gate (TM 0.44 < 0.50)
A0A6L7XTZ9	0.610	2.43	true	S212	0.65	retained	-	NA	unresolved	E326	0.70	retained	-	NA	unresolved	retained	Ser200 S212 retained
A0A6L9QUD3	0.378	2.22	false	-	NA	unresolved	-	NA	unresolved	-	NA	unresolved	-	NA	unresolved	unresolved	fold below TM gate (TM 0.38 < 0.50)
A0A6M2CHD4	0.612	2.54	true	S20	0.35	retained	H269	0.71	retained	E151	0.71	retained	-	NA	unresolved	retained	Ser200 S20 retained
A0A6N2DGZ6	0.807	3.05	true	S188	0.63	retained	H401	0.34	retained	E303	0.25	retained	G79	6.13	unresolved	retained	Ser200 S188 retained
A0A6N4TM32	0.758	3.90	true	S196	0.57	retained	H417	0.54	retained	E322	1.24	retained	H79	3.87	lost	retained	Ser200 S196 retained
A0A6N8VUS3	0.529	2.79	true	S5	0.67	retained	H234	0.47	retained	E131	0.55	retained	-	NA	unresolved	retained	Ser200 S5 retained
A0A6N8VV00	0.321	2.00	false	-	NA	unresolved	-	NA	unresolved	-	NA	unresolved	-	NA	unresolved	unresolved	fold below TM gate (TM 0.32 < 0.50)
A0A6N8XAS1	0.445	3.63	false	-	NA	unresolved	-	NA	unresolved	-	NA	unresolved	-	NA	unresolved	unresolved	fold below TM gate (TM 0.45 < 0.50)
A0A6N9BVN4	0.849	3.11	true	S194	1.17	retained	H433	0.69	retained	E331	0.76	retained	P78	7.12	unresolved	retained	Ser200 S194 retained
A0A6N9BW77	0.495	2.38	false	-	NA	unresolved	-	NA	unresolved	-	NA	unresolved	-	NA	unresolved	unresolved	fold below TM gate (TM 0.49 < 0.50)
A0A6N9BWZ7	0.668	2.73	true	S90	0.80	retained	H308	0.63	retained	E211	1.34	retained	-	NA	unresolved	retained	Ser200 S90 retained
A0A6P4J9K4	0.813	3.26	true	S202	0.67	retained	H452	0.69	retained	E332	1.08	retained	-	NA	unresolved	retained	Ser200 S202 retained
A0A6P4JLP7	0.861	3.06	true	S218	0.13	retained	H472	0.67	retained	E353	1.08	retained	-	NA	unresolved	retained	Ser200 S218 retained
A0A6P4XVT1	0.868	2.59	true	S216	0.31	retained	H455	0.72	retained	E344	0.53	retained	M98	2.82	lost	retained	Ser200 S216 retained
A0A6P6P1E5	0.722	2.12	true	G86	0.59	lost	H320	0.23	retained	E207	0.41	retained	-	NA	unresolved	lost	Ser200 G not in expected {S}
A0A6P7FSM1	0.603	3.33	true	S206	1.21	retained	-	NA	unresolved	E330	1.52	retained	-	NA	unresolved	retained	Ser200 S206 retained
A0A6P7GPY9	0.858	3.20	true	S228	0.72	retained	H473	0.81	retained	E363	1.24	retained	-	NA	unresolved	retained	Ser200 S228 retained
A0A6P7H0L6	0.715	2.93	true	S188	0.39	retained	-	NA	unresolved	E321	0.95	retained	Y76	2.19	altered	retained	Ser200 S188 retained
A0A6P8I6D1	0.904	2.32	true	S237	0.38	retained	H466	0.29	retained	E354	0.24	retained	V114	11.31	unresolved	retained	Ser200 S237 retained
A0A6P8YS79	0.890	3.27	true	S285	0.39	retained	H551	0.97	retained	E423	0.90	retained	R158	9.06	unresolved	retained	Ser200 S285 retained
A0A6P9AD45	0.864	3.04	true	S248	1.20	retained	H516	0.90	retained	E385	1.06	retained	-	NA	unresolved	retained	Ser200 S248 retained
A0A6V7GZJ1	0.561	1.52	true	-	NA	unresolved	H219	0.67	retained	E103	0.65	retained	-	NA	unresolved	unresolved	Ser200: reference position aligned to a gap
A0A6V8H969	0.792	3.07	true	S216	0.95	retained	H428	0.97	retained	E338	1.17	retained	-	NA	unresolved	retained	Ser200 S216 retained
A0A6V8HGF7	0.681	3.54	true	S233	0.20	retained	H408	0.67	retained	-	NA	unresolved	-	NA	unresolved	retained	Ser200 S233 retained
A0A6V8QR20	0.833	3.06	true	S207	0.81	retained	H437	1.05	retained	E333	1.16	retained	-	NA	unresolved	retained	Ser200 S207 retained
A0A7C1SPV6	0.701	3.49	true	S147	0.55	retained	H388	0.98	retained	E303	1.13	retained	E19	13.48	unresolved	retained	Ser200 S147 retained
A0A7C5WVZ0	0.704	2.74	true	S116	0.52	retained	H327	0.34	retained	E233	0.76	retained	-	NA	unresolved	retained	Ser200 S116 retained
A0A7C7JHT2	0.248	2.13	false	-	NA	unresolved	-	NA	unresolved	-	NA	unresolved	-	NA	unresolved	unresolved	fold below TM gate (TM 0.25 < 0.50)
A0A7C8R5U9	0.849	3.00	true	S213	0.64	retained	H449	0.86	retained	E334	0.81	retained	-	NA	unresolved	retained	Ser200 S213 retained
A0A7D6VG68	0.833	2.72	true	S185	0.80	retained	H414	0.32	retained	E320	0.32	retained	L73	3.01	lost	retained	Ser200 S185 retained
A0A7E4VUT9	0.869	2.75	true	S218	0.99	retained	H470	0.34	retained	E344	0.43	retained	-	NA	unresolved	retained	Ser200 S218 retained
A0A7E4W5W0	0.493	2.17	false	-	NA	unresolved	-	NA	unresolved	-	NA	unresolved	-	NA	unresolved	unresolved	fold below TM gate (TM 0.49 < 0.50)
A0A7E4WBY3	0.630	3.58	true	G105	0.66	lost	H306	0.23	retained	E222	0.28	retained	-	NA	unresolved	lost	Ser200 G not in expected {S}
A0A7E5W3Y6	0.906	2.38	true	D231	1.14	lost	H479	1.11	retained	E357	1.34	retained	L111	8.71	unresolved	lost	Ser200 D not in expected {S}
A0A7F5RI59	0.679	3.97	true	G143	0.70	lost	H425	0.27	retained	E285	0.60	retained	-	NA	unresolved	lost	Ser200 G not in expected {S}
A0A7F5RMC7	0.867	2.88	true	S186	0.55	retained	H431	0.78	retained	E313	1.13	retained	-	NA	unresolved	retained	Ser200 S186 retained
A0A7F8RA03	0.913	2.44	true	G266	0.76	lost	H501	0.16	retained	E387	0.53	retained	A131	4.16	unresolved	lost	Ser200 G not in expected {S}
A0A7G1I9H1	0.570	3.45	true	S91	1.14	retained	H315	0.89	retained	E214	1.20	retained	-	NA	unresolved	retained	Ser200 S91 retained
A0A7G1PGP4	0.576	2.90	true	S46	1.07	retained	H270	0.29	retained	E169	0.66	retained	-	NA	unresolved	retained	Ser200 S46 retained
A0A7G3A7M2	0.869	2.88	true	S185	0.19	retained	H439	0.60	retained	E318	1.01	retained	-	NA	unresolved	retained	Ser200 S185 retained
A0A7G5GYU3	0.411	3.59	false	-	NA	unresolved	-	NA	unresolved	-	NA	unresolved	-	NA	unresolved	unresolved	fold below TM gate (TM 0.41 < 0.50)
A0A7G6VZX4	0.833	3.60	true	S242	0.79	retained	H465	0.53	retained	D366	1.33	altered	A124	10.63	unresolved	retained	Ser200 S242 retained
A0A7H1VJP4	0.807	3.35	true	S318	0.55	retained	H556	0.92	retained	E452	0.96	retained	P198	10.74	unresolved	retained	Ser200 S318 retained
A0A7H4ML84	0.503	2.50	true	S195	0.42	retained	-	NA	unresolved	-	NA	unresolved	G76	2.90	lost	retained	Ser200 S195 retained
A0A7H8QIL9	0.808	3.35	true	S207	0.29	retained	H428	0.74	retained	D329	1.21	altered	P80	11.14	unresolved	retained	Ser200 S207 retained
A0A7H8QTK9	0.414	3.72	false	-	NA	unresolved	-	NA	unresolved	-	NA	unresolved	-	NA	unresolved	unresolved	fold below TM gate (TM 0.41 < 0.50)
A0A7I4Z515	0.915	2.36	true	G241	0.87	lost	T498	1.05	lost	P378	0.82	lost	L121	4.18	unresolved	lost	Ser200 G not in expected {S}
A0A7I8V5G0	0.888	1.46	true	S158	0.37	retained	H407	0.69	retained	E287	0.70	retained	W39	0.34	retained	retained	Ser200 S158 retained
A0A7I8VKV0	0.919	2.42	true	G268	0.55	lost	V528	0.36	lost	E408	0.24	retained	-	NA	unresolved	lost	Ser200 G not in expected {S}
A0A7I8X2L4	0.880	2.74	true	D266	0.44	lost	H531	1.11	retained	D403	1.57	altered	-	NA	unresolved	lost	Ser200 D not in expected {S}
A0A7J6LS79	0.449	2.55	false	-	NA	unresolved	-	NA	unresolved	-	NA	unresolved	-	NA	unresolved	unresolved	fold below TM gate (TM 0.45 < 0.50)
A0A7J6TLK9	0.343	1.95	false	-	NA	unresolved	-	NA	unresolved	-	NA	unresolved	-	NA	unresolved	unresolved	fold below TM gate (TM 0.34 < 0.50)
A0A7J7ERV2	0.986	1.14	true	S406	0.18	retained	H650	0.15	retained	E537	0.59	retained	W289	0.33	retained	retained	Ser200 S406 retained
A0A7J7JB24	0.876	2.63	true	S212	0.62	retained	H456	0.99	retained	D329	1.22	altered	-	NA	unresolved	retained	Ser200 S212 retained
A0A7J7K6Z6	0.891	2.65	true	S205	0.40	retained	H455	0.80	retained	E327	0.91	retained	-	NA	unresolved	retained	Ser200 S205 retained
A0A7J7ZSJ6	0.884	1.21	true	S226	0.29	retained	H466	0.23	retained	E353	0.50	retained	W110	0.37	retained	retained	Ser200 S226 retained
A0A7K0RAW8	0.844	2.94	true	S197	0.62	retained	H421	0.24	retained	E321	0.67	retained	L76	7.47	unresolved	retained	Ser200 S197 retained
A0A7K2C916	0.692	2.26	true	S221	0.59	retained	-	NA	unresolved	E340	0.93	retained	F100	3.69	altered	retained	Ser200 S221 retained
A0A7K3GKG5	0.405	3.14	false	-	NA	unresolved	-	NA	unresolved	-	NA	unresolved	-	NA	unresolved	unresolved	fold below TM gate (TM 0.40 < 0.50)
A0A7K6II84	0.390	2.01	false	-	NA	unresolved	-	NA	unresolved	-	NA	unresolved	-	NA	unresolved	unresolved	fold below TM gate (TM 0.39 < 0.50)
A0A7L1N2Q4	0.397	2.15	false	-	NA	unresolved	-	NA	unresolved	-	NA	unresolved	-	NA	unresolved	unresolved	fold below TM gate (TM 0.40 < 0.50)
A0A7L8SHJ2	0.837	2.61	true	S248	0.69	retained	H460	0.76	retained	E362	0.84	retained	-	NA	unresolved	retained	Ser200 S248 retained
A0A7M7G3W7	0.866	3.06	true	S208	0.62	retained	H458	1.57	retained	E336	1.60	retained	-	NA	unresolved	retained	Ser200 S208 retained
A0A7M7J0Z2	0.693	2.19	true	S342	0.25	retained	H459	0.89	retained	-	NA	unresolved	V174	2.17	lost	retained	Ser200 S342 retained
A0A7M7K7K9	0.799	3.25	true	G525	0.71	lost	-	NA	unresolved	S633	1.76	lost	-	NA	unresolved	lost	Ser200 G not in expected {S}
A0A7M7M861	0.805	2.78	true	G207	0.37	lost	-	NA	unresolved	E332	1.32	retained	-	NA	unresolved	lost	Ser200 G not in expected {S}
A0A7M7ME44	0.828	2.86	true	E191	0.60	lost	S436	1.10	lost	E321	1.06	retained	V116	3.51	lost	lost	Ser200 E not in expected {S}
A0A7M7MJ77	0.919	2.08	true	G383	0.65	lost	H619	1.09	retained	E507	0.49	retained	L266	3.53	lost	lost	Ser200 G not in expected {S}
A0A7M7Q1B4	0.866	2.62	true	S218	0.41	retained	H461	0.69	retained	E346	1.07	retained	-	NA	unresolved	retained	Ser200 S218 retained
A0A7M7RHE2	0.899	1.99	true	S210	0.45	retained	H449	0.54	retained	E331	0.42	retained	-	NA	unresolved	retained	Ser200 S210 retained
A0A7R8H0X2	0.798	3.68	true	S288	0.37	retained	H564	0.91	retained	E430	1.15	retained	-	NA	unresolved	retained	Ser200 S288 retained
A0A7R8HA44	0.626	4.20	true	S481	0.95	retained	H671	0.77	retained	D571	1.75	altered	-	NA	unresolved	retained	Ser200 S481 retained
A0A7R8SEK3	0.867	3.01	true	S212	0.38	retained	H466	1.16	retained	E344	1.25	retained	-	NA	unresolved	retained	Ser200 S212 retained
A0A7R8UHR7	0.570	2.68	true	S214	0.72	retained	-	NA	unresolved	D344	0.79	altered	-	NA	unresolved	retained	Ser200 S214 retained
A0A7R8V0S5	0.877	3.24	true	G219	1.53	lost	H479	1.56	retained	E348	1.67	retained	-	NA	unresolved	lost	Ser200 G not in expected {S}
A0A7R8VAY1	0.833	2.58	true	S742	0.93	retained	H993	0.75	retained	E876	1.02	retained	-	NA	unresolved	retained	Ser200 S742 retained
A0A7R8VR99	0.813	3.30	true	S193	1.01	retained	H479	0.76	retained	E374	1.96	retained	-	NA	unresolved	retained	Ser200 S193 retained
A0A7R8VVN6	0.560	3.84	true	S225	0.59	retained	-	NA	unresolved	-	NA	unresolved	-	NA	unresolved	retained	Ser200 S225 retained
A0A7R8VZG6	0.367	2.42	false	-	NA	unresolved	-	NA	unresolved	-	NA	unresolved	-	NA	unresolved	unresolved	fold below TM gate (TM 0.37 < 0.50)
A0A7R8X6I9	0.780	1.95	true	G111	0.16	lost	H368	0.72	retained	E252	0.65	retained	-	NA	unresolved	lost	Ser200 G not in expected {S}
A0A7R8XEH8	0.734	2.40	true	G98	0.49	lost	H435	0.82	retained	E222	0.35	retained	-	NA	unresolved	lost	Ser200 G not in expected {S}
A0A7R9A8U0	0.884	2.94	true	S216	0.29	retained	H470	0.94	retained	E344	1.22	retained	-	NA	unresolved	retained	Ser200 S216 retained
A0A7R9ALB5	0.861	2.78	true	S831	0.65	retained	H1088	0.61	retained	E965	1.04	retained	-	NA	unresolved	retained	Ser200 S831 retained
A0A7R9AQP2	0.751	2.58	true	S354	0.37	retained	R607	1.73	lost	E487	1.11	retained	-	NA	unresolved	retained	Ser200 S354 retained
A0A7R9B124	0.337	2.44	false	-	NA	unresolved	-	NA	unresolved	-	NA	unresolved	-	NA	unresolved	unresolved	fold below TM gate (TM 0.34 < 0.50)
A0A7R9BYP9	0.878	2.69	true	S236	0.52	retained	H511	0.38	retained	E366	0.84	retained	-	NA	unresolved	retained	Ser200 S236 retained
A0A7R9C2Y1	0.673	2.53	true	G169	0.35	lost	H379	0.64	retained	A227	2.55	lost	-	NA	unresolved	lost	Ser200 G not in expected {S}
A0A7R9CL51	0.877	2.35	true	S211	0.84	retained	H462	0.54	retained	E345	0.95	retained	-	NA	unresolved	retained	Ser200 S211 retained
A0A7R9E5B3	0.669	3.08	true	S201	0.21	retained	H314	1.20	retained	-	NA	unresolved	-	NA	unresolved	retained	Ser200 S201 retained
A0A7R9E7D3	0.882	2.78	true	N277	0.46	lost	H630	0.57	retained	E413	0.81	retained	-	NA	unresolved	lost	Ser200 N not in expected {S}
A0A7R9E7L0	0.568	2.96	true	S103	0.32	retained	D330	0.89	lost	E233	0.74	retained	-	NA	unresolved	retained	Ser200 S103 retained
A0A7R9EBL9	0.861	2.27	true	S769	0.88	retained	H1009	0.58	retained	E903	0.95	retained	-	NA	unresolved	retained	Ser200 S769 retained
A0A7R9EH13	0.875	2.91	true	S287	0.54	retained	H539	0.54	retained	E419	0.74	retained	-	NA	unresolved	retained	Ser200 S287 retained
A0A7R9F1C5	0.701	3.48	true	S113	0.64	retained	H368	0.47	retained	E248	1.11	retained	-	NA	unresolved	retained	Ser200 S113 retained
A0A7R9H915	0.851	2.70	true	S305	0.81	retained	H636	0.85	retained	E439	0.97	retained	-	NA	unresolved	retained	Ser200 S305 retained
A0A7R9HCD2	0.405	1.91	false	-	NA	unresolved	-	NA	unresolved	-	NA	unresolved	-	NA	unresolved	unresolved	fold below TM gate (TM 0.40 < 0.50)
A0A7R9JEJ2	0.569	1.75	true	S223	0.53	retained	-	NA	unresolved	E357	1.48	retained	-	NA	unresolved	retained	Ser200 S223 retained
A0A7R9JPR5	0.858	2.50	true	S791	0.90	retained	H1042	0.67	retained	E925	0.94	retained	-	NA	unresolved	retained	Ser200 S791 retained
A0A7R9JU93	0.693	2.76	true	S195	1.02	retained	H394	0.44	retained	E329	0.96	retained	-	NA	unresolved	retained	Ser200 S195 retained
A0A7R9K7I1	0.823	3.31	true	S156	0.26	retained	H441	0.77	retained	D291	1.22	altered	-	NA	unresolved	retained	Ser200 S156 retained
A0A7R9KJ69	0.827	3.13	true	-	NA	unresolved	H505	0.62	retained	E387	1.14	retained	-	NA	unresolved	unresolved	Ser200: reference position aligned to a gap
A0A7R9L1Y3	0.878	2.37	true	S288	0.59	retained	H532	0.68	retained	E415	1.20	retained	L167	4.35	unresolved	retained	Ser200 S288 retained
A0A7R9L3A5	0.281	1.81	false	-	NA	unresolved	-	NA	unresolved	-	NA	unresolved	-	NA	unresolved	unresolved	fold below TM gate (TM 0.28 < 0.50)
A0A7R9LEE3	0.433	2.00	false	-	NA	unresolved	-	NA	unresolved	-	NA	unresolved	-	NA	unresolved	unresolved	fold below TM gate (TM 0.43 < 0.50)
A0A7R9LJT8	0.360	1.93	false	-	NA	unresolved	-	NA	unresolved	-	NA	unresolved	-	NA	unresolved	unresolved	fold below TM gate (TM 0.36 < 0.50)
A0A7R9M3L2	0.739	2.40	true	S225	0.71	retained	H460	0.50	retained	E343	0.77	retained	-	NA	unresolved	retained	Ser200 S225 retained
A0A7R9M9F2	0.732	2.59	true	S458	0.31	retained	H629	0.78	retained	E560	12.46	unresolved	-	NA	unresolved	retained	Ser200 S458 retained
A0A7R9MCB8	0.451	1.67	false	-	NA	unresolved	-	NA	unresolved	-	NA	unresolved	-	NA	unresolved	unresolved	fold below TM gate (TM 0.45 < 0.50)
A0A7R9MDX1	0.900	2.39	true	S211	0.50	retained	H467	0.51	retained	E344	0.56	retained	-	NA	unresolved	retained	Ser200 S211 retained
A0A7R9MK77	0.666	2.27	true	S176	0.41	retained	H390	0.34	retained	E303	0.64	retained	-	NA	unresolved	retained	Ser200 S176 retained
A0A7R9MKB4	0.583	2.21	true	S159	0.51	retained	-	NA	unresolved	E277	0.93	retained	-	NA	unresolved	retained	Ser200 S159 retained
A0A7R9QJE9	0.856	2.17	true	S863	0.82	retained	H1089	0.72	retained	E980	0.79	retained	-	NA	unresolved	retained	Ser200 S863 retained
A0A7R9QS40	0.524	2.00	true	S167	0.60	retained	-	NA	unresolved	E285	1.26	retained	-	NA	unresolved	retained	Ser200 S167 retained
A0A7S0IIH4	0.256	1.81	false	-	NA	unresolved	-	NA	unresolved	-	NA	unresolved	-	NA	unresolved	unresolved	fold below TM gate (TM 0.26 < 0.50)
A0A7S0Q647	0.871	2.93	true	S254	0.35	retained	H500	0.36	retained	E395	0.79	retained	-	NA	unresolved	retained	Ser200 S254 retained
A0A7S1VJE6	0.580	2.14	true	S209	0.34	retained	-	NA	unresolved	E335	0.88	retained	N94	2.71	lost	retained	Ser200 S209 retained
A0A7S3PU08	0.756	3.36	true	S300	0.60	retained	-	NA	unresolved	E473	0.60	retained	-	NA	unresolved	retained	Ser200 S300 retained
A0A7S4BDJ5	0.474	2.54	false	-	NA	unresolved	-	NA	unresolved	-	NA	unresolved	-	NA	unresolved	unresolved	fold below TM gate (TM 0.47 < 0.50)
A0A7S4HY20	0.699	3.12	true	S224	0.96	retained	H453	0.87	retained	D344	0.76	altered	P96	6.74	unresolved	retained	Ser200 S224 retained
A0A7S4I7T1	0.861	2.33	true	S218	0.39	retained	H430	0.78	retained	E332	1.08	retained	Y94	1.69	altered	retained	Ser200 S218 retained
A0A7S9VWI4	0.845	2.81	true	S221	1.25	retained	H447	0.29	retained	E345	0.37	retained	W103	4.72	unresolved	retained	Ser200 S221 retained
A0A7T4DL94	0.413	3.84	false	-	NA	unresolved	-	NA	unresolved	-	NA	unresolved	-	NA	unresolved	unresolved	fold below TM gate (TM 0.41 < 0.50)
A0A7U2HW20	0.854	3.05	true	S215	0.52	retained	H454	0.62	retained	E340	0.86	retained	D91	2.35	lost	retained	Ser200 S215 retained
A0A7V4ENA6	0.865	3.02	true	S235	0.57	retained	H468	0.33	retained	E363	0.61	retained	-	NA	unresolved	retained	Ser200 S235 retained
A0A7V6HDX3	0.795	3.06	true	S184	0.42	retained	H396	0.50	retained	E301	0.93	retained	-	NA	unresolved	retained	Ser200 S184 retained
A0A7V6LA64	0.813	3.17	true	S197	0.87	retained	H405	0.59	retained	E308	1.49	retained	I82	2.46	lost	retained	Ser200 S197 retained
A0A7V9B3G0	0.412	1.84	false	-	NA	unresolved	-	NA	unresolved	-	NA	unresolved	-	NA	unresolved	unresolved	fold below TM gate (TM 0.41 < 0.50)
A0A7V9SN32	0.416	3.65	false	-	NA	unresolved	-	NA	unresolved	-	NA	unresolved	-	NA	unresolved	unresolved	fold below TM gate (TM 0.42 < 0.50)
A0A7W0EVU4	0.841	2.37	true	S201	0.63	retained	H407	0.73	retained	E310	1.09	retained	V80	5.54	unresolved	retained	Ser200 S201 retained
A0A7W0EVW0	0.749	2.63	true	S221	0.69	retained	H386	0.73	retained	E344	3.02	retained	-	NA	unresolved	retained	Ser200 S221 retained
A0A7W0IWH9	0.824	3.18	true	S190	0.93	retained	H413	0.87	retained	E317	1.18	retained	A69	5.68	unresolved	retained	Ser200 S190 retained
A0A7W1F667	0.853	2.59	true	S215	0.46	retained	H436	0.87	retained	E341	1.29	retained	S94	4.05	unresolved	retained	Ser200 S215 retained
A0A7W4TIW1	0.824	2.84	true	S181	0.57	retained	H404	0.29	retained	E308	0.17	retained	Y69	6.27	unresolved	retained	Ser200 S181 retained
A0A7W7L859	0.851	2.75	true	S232	0.19	retained	H456	0.82	retained	E350	1.25	retained	D115	4.49	unresolved	retained	Ser200 S232 retained
A0A7W7SUD6	0.842	2.90	true	S231	0.18	retained	H471	0.99	retained	E366	1.18	retained	-	NA	unresolved	retained	Ser200 S231 retained
A0A7W8H9H3	0.780	3.16	true	S204	0.59	retained	H388	0.80	retained	D323	1.31	altered	F82	3.88	altered	retained	Ser200 S204 retained
A0A7W8HBF9	0.806	3.23	true	S201	0.60	retained	H432	0.84	retained	E335	0.25	retained	H70	9.36	unresolved	retained	Ser200 S201 retained
A0A7X0CIZ8	0.809	2.96	true	S205	0.78	retained	H415	1.03	retained	E324	0.70	retained	-	NA	unresolved	retained	Ser200 S205 retained
A0A7X1KR62	0.853	2.71	true	S220	0.68	retained	H442	0.46	retained	E342	0.31	retained	D102	2.39	lost	retained	Ser200 S220 retained
A0A7X3QB98	0.829	2.39	true	S270	0.72	retained	H494	0.66	retained	E390	0.58	retained	-	NA	unresolved	retained	Ser200 S270 retained
A0A7X7GEV2	0.345	2.15	false	-	NA	unresolved	-	NA	unresolved	-	NA	unresolved	-	NA	unresolved	unresolved	fold below TM gate (TM 0.34 < 0.50)
A0A7X7TCZ7	0.826	3.30	true	S252	0.77	retained	H484	0.57	retained	E386	1.07	retained	E132	5.54	unresolved	retained	Ser200 S252 retained
A0A7X8JCH6	0.487	2.34	false	-	NA	unresolved	-	NA	unresolved	-	NA	unresolved	-	NA	unresolved	unresolved	fold below TM gate (TM 0.49 < 0.50)
A0A7X8PNE0	0.785	2.33	true	S177	0.23	retained	H359	0.51	retained	E270	0.58	retained	L69	1.36	lost	retained	Ser200 S177 retained
A0A7Y3M6J7	0.866	2.84	true	S191	0.88	retained	H419	0.57	retained	E313	1.39	retained	G75	3.57	lost	retained	Ser200 S191 retained
A0A7Y8MAW8	0.816	3.14	true	S212	0.66	retained	H424	0.23	retained	E334	0.26	retained	-	NA	unresolved	retained	Ser200 S212 retained
A0A7Y9ISW3	0.815	2.73	true	S217	0.27	retained	H428	0.33	retained	E334	0.26	retained	-	NA	unresolved	retained	Ser200 S217 retained
A0A7Z0TG99	0.403	2.04	false	-	NA	unresolved	-	NA	unresolved	-	NA	unresolved	-	NA	unresolved	unresolved	fold below TM gate (TM 0.40 < 0.50)
A0A811K8R4	0.951	1.91	true	S222	0.36	retained	H468	0.45	retained	E350	0.24	retained	W107	0.39	retained	retained	Ser200 S222 retained
A0A812LGR7	0.574	2.85	true	S218	0.88	retained	-	NA	unresolved	D332	1.02	altered	-	NA	unresolved	retained	Ser200 S218 retained
A0A812N9Y3	0.837	3.04	true	S237	0.90	retained	H497	0.61	retained	E377	0.61	retained	F98	2.67	altered	retained	Ser200 S237 retained
A0A812Q7F1	0.791	3.43	true	S393	0.66	retained	H623	0.72	retained	D525	1.02	altered	-	NA	unresolved	retained	Ser200 S393 retained
A0A813HAP6	0.857	2.77	true	S648	0.85	retained	H905	0.50	retained	E775	0.55	retained	I524	1.62	lost	retained	Ser200 S648 retained
A0A813HIP7	0.799	3.16	true	S162	0.63	retained	H393	0.86	retained	E281	1.48	retained	V50	12.30	unresolved	retained	Ser200 S162 retained
A0A813M562	0.878	2.85	true	S227	0.54	retained	H506	0.56	retained	E361	0.30	retained	I107	6.17	unresolved	retained	Ser200 S227 retained
A0A813SLI7	0.420	4.18	false	-	NA	unresolved	-	NA	unresolved	-	NA	unresolved	-	NA	unresolved	unresolved	fold below TM gate (TM 0.42 < 0.50)
A0A813TM56	0.741	2.44	true	S152	0.36	retained	H371	0.52	retained	E273	0.53	retained	-	NA	unresolved	retained	Ser200 S152 retained
A0A813Z2K0	0.390	2.17	false	-	NA	unresolved	-	NA	unresolved	-	NA	unresolved	-	NA	unresolved	unresolved	fold below TM gate (TM 0.39 < 0.50)
A0A815AA65	0.721	2.49	true	S224	1.29	retained	H447	1.15	retained	E343	1.44	retained	-	NA	unresolved	retained	Ser200 S224 retained
A0A815E237	0.549	4.14	true	S195	0.35	retained	-	NA	unresolved	E311	4.69	unresolved	-	NA	unresolved	retained	Ser200 S195 retained
A0A815EQV4	0.528	2.11	true	S346	0.33	retained	H376	1.07	retained	-	NA	unresolved	L229	4.04	unresolved	retained	Ser200 S346 retained
A0A816CI96	0.723	2.61	true	S130	0.45	retained	H335	0.74	retained	E223	0.84	retained	T14	7.36	unresolved	retained	Ser200 S130 retained
A0A819ALQ3	0.784	2.99	true	S527	1.01	retained	H758	0.69	retained	E648	1.72	retained	-	NA	unresolved	retained	Ser200 S527 retained
A0A819F0S1	0.828	2.85	true	S583	1.10	retained	H812	0.72	retained	E702	1.24	retained	-	NA	unresolved	retained	Ser200 S583 retained
A0A819PQ36	0.710	2.58	true	S656	0.30	retained	-	NA	unresolved	E794	1.01	retained	I528	1.92	lost	retained	Ser200 S656 retained
A0A820W066	0.367	2.15	false	-	NA	unresolved	-	NA	unresolved	-	NA	unresolved	-	NA	unresolved	unresolved	fold below TM gate (TM 0.37 < 0.50)
A0A821MTI5	0.729	2.45	true	S172	0.71	retained	H403	0.29	retained	E291	1.08	retained	-	NA	unresolved	retained	Ser200 S172 retained
A0A821REA1	0.373	1.05	false	-	NA	unresolved	-	NA	unresolved	-	NA	unresolved	-	NA	unresolved	unresolved	fold below TM gate (TM 0.37 < 0.50)
A0A821TAK7	0.859	2.89	true	S202	0.42	retained	H445	0.58	retained	E331	0.85	retained	-	NA	unresolved	retained	Ser200 S202 retained
A0A821Y4U0	0.568	2.59	true	S129	0.84	retained	H335	0.85	retained	P248	8.92	unresolved	-	NA	unresolved	retained	Ser200 S129 retained
A0A821ZEN6	0.568	2.75	true	S19	0.67	retained	H238	0.30	retained	E140	0.52	retained	-	NA	unresolved	retained	Ser200 S19 retained
A0A822AHZ2	0.721	3.40	true	S275	0.61	retained	-	NA	unresolved	E399	0.39	retained	F160	6.93	unresolved	retained	Ser200 S275 retained
A0A822FWE7	0.270	1.83	false	-	NA	unresolved	-	NA	unresolved	-	NA	unresolved	-	NA	unresolved	unresolved	fold below TM gate (TM 0.27 < 0.50)
A0A829YJK0	0.817	3.09	true	S218	0.75	retained	H424	0.56	retained	E332	1.27	retained	-	NA	unresolved	retained	Ser200 S218 retained
A0A833RQD2	0.621	3.52	true	G50	0.40	lost	H364	0.97	retained	E213	1.12	retained	-	NA	unresolved	lost	Ser200 G not in expected {S}
A0A834MJ08	0.853	3.27	true	S191	0.37	retained	H433	0.61	retained	E319	0.75	retained	-	NA	unresolved	retained	Ser200 S191 retained
A0A835GCR2	0.881	2.91	true	S504	0.33	retained	H758	1.01	retained	E634	1.15	retained	G391	11.10	unresolved	retained	Ser200 S504 retained
A0A835NMN2	0.911	2.47	true	G340	0.88	lost	H575	0.26	retained	E461	0.54	retained	V132	4.79	unresolved	lost	Ser200 G not in expected {S}
A0A835W0S0	0.702	2.82	true	S90	0.65	retained	H337	0.32	retained	E220	0.80	retained	-	NA	unresolved	retained	Ser200 S90 retained
A0A838L201	0.833	2.48	true	S202	0.59	retained	H428	0.48	retained	E334	1.01	retained	S90	2.12	lost	retained	Ser200 S202 retained
A0A843LVP7	0.827	3.58	true	S183	0.54	retained	H431	0.75	retained	E310	0.48	retained	K61	4.18	unresolved	retained	Ser200 S183 retained
A0A845GW74	0.778	2.40	true	S150	0.47	retained	H362	0.59	retained	E265	1.21	retained	-	NA	unresolved	retained	Ser200 S150 retained
A0A847VL10	0.824	2.67	true	S217	0.45	retained	H427	0.20	retained	E341	0.80	retained	M96	2.31	lost	retained	Ser200 S217 retained
A0A849IVZ4	0.829	2.63	true	S185	0.88	retained	H412	0.20	retained	E316	0.53	retained	L73	2.60	lost	retained	Ser200 S185 retained
A0A850M3F5	0.544	3.40	true	S15	0.65	retained	H242	0.42	retained	E137	0.27	retained	-	NA	unresolved	retained	Ser200 S15 retained
A0A8B6DLY9	0.882	2.64	true	S209	0.75	retained	H457	0.35	retained	E337	0.19	retained	-	NA	unresolved	retained	Ser200 S209 retained
A0A8B6EZX4	0.812	2.54	true	S225	0.43	retained	H484	0.58	retained	D361	1.30	altered	-	NA	unresolved	retained	Ser200 S225 retained
A0A8B6FIT8	0.476	2.81	false	-	NA	unresolved	-	NA	unresolved	-	NA	unresolved	-	NA	unresolved	unresolved	fold below TM gate (TM 0.48 < 0.50)
A0A8B6HJ96	0.889	2.92	true	S235	0.50	retained	H470	0.51	retained	E356	0.97	retained	Y117	4.67	unresolved	retained	Ser200 S235 retained
A0A8B7K8W9	0.811	2.40	true	S271	0.71	retained	H499	0.84	retained	E390	1.12	retained	H156	9.81	unresolved	retained	Ser200 S271 retained
A0A8B7PAC2	0.886	2.38	true	G225	0.55	lost	-	NA	unresolved	D354	2.10	altered	A109	8.31	unresolved	lost	Ser200 G not in expected {S}
A0A8B8FHG5	0.732	2.83	true	S115	0.49	retained	H361	1.47	retained	E240	1.63	retained	-	NA	unresolved	retained	Ser200 S115 retained
A0A8C1LLD0	0.844	2.65	true	S181	0.85	retained	H402	0.38	retained	D301	0.67	altered	-	NA	unresolved	retained	Ser200 S181 retained
A0A8C2UXR4	0.786	2.76	true	S297	0.61	retained	H526	0.83	retained	E414	1.09	retained	T182	9.25	unresolved	retained	Ser200 S297 retained
A0A8C3JF20	0.749	3.49	true	S228	0.61	retained	-	NA	unresolved	E363	0.55	retained	R111	11.51	unresolved	retained	Ser200 S228 retained
A0A8C3T6U2	0.429	3.46	false	-	NA	unresolved	-	NA	unresolved	-	NA	unresolved	-	NA	unresolved	unresolved	fold below TM gate (TM 0.43 < 0.50)
A0A8C4NFK0	0.583	3.87	true	E216	0.26	lost	-	NA	unresolved	V327	1.17	lost	-	NA	unresolved	lost	Ser200 E not in expected {S}
A0A8C5AFK9	0.912	1.64	true	S222	0.21	retained	H462	0.51	retained	E349	0.69	retained	W104	0.29	retained	retained	Ser200 S222 retained
A0A8C5HYF7	0.964	1.47	true	S224	0.20	retained	H464	0.55	retained	E351	0.88	retained	W102	0.42	retained	retained	Ser200 S224 retained
A0A8C6NWM6	0.597	2.85	true	S274	0.28	retained	-	NA	unresolved	R402	7.39	unresolved	E151	4.08	unresolved	retained	Ser200 S274 retained
A0A8C6R948	0.538	2.32	true	S227	0.53	retained	-	NA	unresolved	E311	0.74	retained	I112	8.22	unresolved	retained	Ser200 S227 retained
A0A8C6TCK4	0.451	3.29	false	-	NA	unresolved	-	NA	unresolved	-	NA	unresolved	-	NA	unresolved	unresolved	fold below TM gate (TM 0.45 < 0.50)
A0A8C6UZC0	0.882	2.81	true	S221	1.19	retained	H465	0.71	retained	D346	0.63	altered	-	NA	unresolved	retained	Ser200 S221 retained
A0A8C7KWI7	0.911	2.35	true	G306	0.88	lost	H541	0.18	retained	E427	0.57	retained	V145	4.88	unresolved	lost	Ser200 G not in expected {S}
A0A8C7PZK8	0.896	2.53	true	S227	0.38	retained	H456	0.52	retained	E345	0.73	retained	E112	10.87	unresolved	retained	Ser200 S227 retained
A0A8C8RLK3	0.872	2.27	true	D218	0.34	lost	H458	0.64	retained	E345	0.85	retained	F103	0.49	altered	lost	Ser200 D not in expected {S}
A0A8C8SQT5	0.892	2.71	true	S209	1.22	retained	H450	0.63	retained	D335	0.76	altered	-	NA	unresolved	retained	Ser200 S209 retained
A0A8C9QWR6	0.897	2.22	true	S222	0.62	retained	H452	0.61	retained	E339	0.68	retained	-	NA	unresolved	retained	Ser200 S222 retained
A0A8C9ZGY3	0.902	2.42	true	S223	0.47	retained	H452	0.73	retained	E341	0.75	retained	Q108	9.14	unresolved	retained	Ser200 S223 retained
A0A8D0NXE3	0.472	3.31	false	-	NA	unresolved	-	NA	unresolved	-	NA	unresolved	-	NA	unresolved	unresolved	fold below TM gate (TM 0.47 < 0.50)
A0A8D8B1Z1	0.618	2.73	true	S108	0.25	retained	H344	0.74	retained	E228	1.35	retained	-	NA	unresolved	retained	Ser200 S108 retained
A0A8D8B774	0.670	2.75	true	S88	0.50	retained	H314	0.96	retained	E208	1.62	retained	-	NA	unresolved	retained	Ser200 S88 retained
A0A8D8BPM2	0.642	2.78	true	D287	0.68	lost	-	NA	unresolved	E421	0.67	retained	L166	4.64	unresolved	lost	Ser200 D not in expected {S}
A0A8D8E5C5	0.382	2.10	false	-	NA	unresolved	-	NA	unresolved	-	NA	unresolved	-	NA	unresolved	unresolved	fold below TM gate (TM 0.38 < 0.50)
A0A8D8QWR8	0.877	2.97	true	S225	0.53	retained	H478	1.33	retained	E354	1.31	retained	-	NA	unresolved	retained	Ser200 S225 retained
A0A8D8X1N2	0.872	3.12	true	S204	0.47	retained	H452	1.43	retained	E330	1.65	retained	-	NA	unresolved	retained	Ser200 S204 retained
A0A8D8XFA8	0.673	2.78	true	S236	0.72	retained	-	NA	unresolved	E367	1.28	retained	V122	7.66	unresolved	retained	Ser200 S236 retained
A0A8D9DZ52	0.832	3.24	true	S239	0.14	retained	H493	0.63	retained	E370	1.11	retained	-	NA	unresolved	retained	Ser200 S239 retained
A0A8E2APY1	0.729	3.04	true	S232	0.97	retained	H466	0.90	retained	E357	0.87	retained	F116	7.12	unresolved	retained	Ser200 S232 retained
A0A8E2DIE3	0.617	2.89	true	N210	0.68	lost	-	NA	unresolved	E332	0.53	retained	P88	6.12	unresolved	lost	Ser200 N not in expected {S}
A0A8E2EZH8	0.405	3.49	false	-	NA	unresolved	-	NA	unresolved	-	NA	unresolved	-	NA	unresolved	unresolved	fold below TM gate (TM 0.41 < 0.50)
A0A8E2F696	0.714	2.78	true	S214	0.33	retained	H396	0.96	retained	E331	1.07	retained	L90	2.03	lost	retained	Ser200 S214 retained
A0A8F8MYY8	0.867	2.80	true	S186	0.54	retained	H429	0.85	retained	E314	1.26	retained	-	NA	unresolved	retained	Ser200 S186 retained
A0A8F8N552	0.869	2.89	true	S208	0.68	retained	H458	1.30	retained	D337	1.49	altered	-	NA	unresolved	retained	Ser200 S208 retained
A0A8G1RG21	0.856	3.06	true	S224	0.99	retained	H464	0.51	retained	E342	0.53	retained	K100	6.99	unresolved	retained	Ser200 S224 retained
A0A8H2ZZ77	0.737	3.17	true	S200	0.41	retained	H416	0.80	retained	E304	1.02	retained	-	NA	unresolved	retained	Ser200 S200 retained
A0A8H3AM64	0.814	3.33	true	S242	0.97	retained	H453	1.03	retained	D369	1.78	altered	-	NA	unresolved	retained	Ser200 S242 retained
A0A8H3E6H6	0.628	2.97	true	S93	0.64	retained	H321	0.35	retained	E229	0.60	retained	-	NA	unresolved	retained	Ser200 S93 retained
A0A8H3I7I3	0.838	2.75	true	S241	0.25	retained	H444	0.59	retained	E372	0.82	retained	I122	1.98	lost	retained	Ser200 S241 retained
A0A8H3ILN3	0.864	2.61	true	S204	0.66	retained	H436	0.36	retained	E318	0.79	retained	-	NA	unresolved	retained	Ser200 S204 retained
A0A8H3UQN5	0.776	3.56	true	S164	0.39	retained	H391	0.80	retained	E290	0.63	retained	M48	1.89	lost	retained	Ser200 S164 retained
A0A8H3VGF3	0.829	3.14	true	S237	0.59	retained	H446	0.43	retained	E345	0.30	retained	D119	6.79	unresolved	retained	Ser200 S237 retained
A0A8H3YGC2	0.838	3.59	true	S240	0.41	retained	H487	0.76	retained	D375	1.11	altered	I98	7.87	unresolved	retained	Ser200 S240 retained
A0A8H3YRS9	0.802	3.68	true	S225	0.82	retained	H447	0.87	retained	E350	0.77	retained	G103	6.37	unresolved	retained	Ser200 S225 retained
A0A8H3YZN6	0.780	3.16	true	S209	0.12	retained	H397	0.89	retained	E335	0.90	retained	-	NA	unresolved	retained	Ser200 S209 retained
A0A8H3Z055	0.767	2.76	true	S219	0.27	retained	H390	0.84	retained	-	NA	unresolved	D96	2.46	lost	retained	Ser200 S219 retained
A0A8H4J0J0	0.869	2.98	true	S626	0.79	retained	H879	0.69	retained	D759	1.36	altered	S504	5.78	unresolved	retained	Ser200 S626 retained
A0A8H4LI41	0.689	2.61	true	S220	0.35	retained	H404	1.10	retained	E338	1.45	retained	F104	2.73	altered	retained	Ser200 S220 retained
A0A8H4LV30	0.837	3.23	true	S708	0.72	retained	H952	0.58	retained	E840	0.59	retained	F586	3.44	altered	retained	Ser200 S708 retained
A0A8H4QIN1	0.821	3.12	true	S211	0.42	retained	H465	0.95	retained	E336	0.98	retained	-	NA	unresolved	retained	Ser200 S211 retained
A0A8H4RJZ7	0.838	3.06	true	S919	1.15	retained	H1141	1.18	retained	E1041	1.29	retained	-	NA	unresolved	retained	Ser200 S919 retained
A0A8H4RWH8	0.371	4.09	false	-	NA	unresolved	-	NA	unresolved	-	NA	unresolved	-	NA	unresolved	unresolved	fold below TM gate (TM 0.37 < 0.50)
A0A8H4UE72	0.593	3.03	true	S243	0.36	retained	-	NA	unresolved	E375	0.95	retained	Q115	1.26	lost	retained	Ser200 S243 retained
A0A8H4W1G1	0.807	3.18	true	S568	0.94	retained	H781	0.32	retained	E689	0.72	retained	-	NA	unresolved	retained	Ser200 S568 retained
A0A8H4YDG7	0.782	3.23	true	S543	0.73	retained	H782	0.51	retained	E658	0.39	retained	-	NA	unresolved	retained	Ser200 S543 retained
A0A8H4YVT2	0.836	3.44	true	S204	0.50	retained	H435	1.22	retained	G331	1.21	lost	-	NA	unresolved	retained	Ser200 S204 retained
A0A8H4Z8P0	0.833	3.21	true	S274	1.43	retained	H502	1.46	retained	G400	1.74	lost	-	NA	unresolved	retained	Ser200 S274 retained
A0A8H4ZZU7	0.699	2.60	true	S216	0.74	retained	H411	0.60	retained	E291	0.85	retained	N94	7.45	unresolved	retained	Ser200 S216 retained
A0A8H5CWL8	0.839	3.08	true	S360	0.16	retained	H572	0.66	retained	D479	1.26	altered	P241	8.01	unresolved	retained	Ser200 S360 retained
A0A8H5G8D7	0.821	2.70	true	S421	0.71	retained	H630	0.86	retained	E539	0.88	retained	-	NA	unresolved	retained	Ser200 S421 retained
A0A8H5KBB8	0.843	3.06	true	S309	0.95	retained	H541	0.93	retained	E435	0.78	retained	-	NA	unresolved	retained	Ser200 S309 retained
A0A8H5Y3Q1	0.839	2.95	true	S202	0.91	retained	H430	0.51	retained	E333	1.24	retained	L89	3.42	lost	retained	Ser200 S202 retained
A0A8H6RBM6	0.747	2.86	true	S169	0.10	retained	H360	0.63	retained	E295	1.08	retained	Y55	2.57	altered	retained	Ser200 S169 retained
A0A8H6VGI9	0.541	2.60	true	S213	0.39	retained	-	NA	unresolved	D343	3.12	altered	Q89	4.42	unresolved	retained	Ser200 S213 retained
A0A8H6VHT1	0.817	3.52	true	S250	1.63	retained	H501	1.04	retained	E385	0.56	retained	-	NA	unresolved	retained	Ser200 S250 retained
A0A8H6X1I6	0.618	3.07	true	A207	1.26	lost	-	NA	unresolved	E337	0.75	retained	-	NA	unresolved	lost	Ser200 A not in expected {S}
A0A8H6XI98	0.709	3.74	true	S152	0.92	retained	H375	0.88	retained	D271	1.76	altered	-	NA	unresolved	retained	Ser200 S152 retained
A0A8H6XUA4	0.764	3.50	true	S228	1.28	retained	H455	1.11	retained	E373	0.93	retained	-	NA	unresolved	retained	Ser200 S228 retained
A0A8H7C4I2	0.835	3.05	true	S347	1.05	retained	H583	0.80	retained	E473	0.73	retained	F225	2.50	altered	retained	Ser200 S347 retained
A0A8H7CHG9	0.730	3.32	true	S636	0.18	retained	H840	0.60	retained	E769	1.20	retained	L510	5.08	unresolved	retained	Ser200 S636 retained
A0A8H7DB06	0.810	3.26	true	S216	1.61	retained	H424	1.45	retained	E342	1.19	retained	-	NA	unresolved	retained	Ser200 S216 retained
A0A8H7DV91	0.764	3.13	true	S240	1.11	retained	H464	0.73	retained	D358	1.31	altered	-	NA	unresolved	retained	Ser200 S240 retained
A0A8H7F1H7	0.817	3.19	true	S316	0.78	retained	H529	0.89	retained	E440	1.42	retained	-	NA	unresolved	retained	Ser200 S316 retained
A0A8H7HF32	0.826	3.26	true	S220	1.26	retained	H450	1.35	retained	D342	1.51	altered	-	NA	unresolved	retained	Ser200 S220 retained
A0A8H7I8Z6	0.689	3.54	true	S275	0.68	retained	T445	2.61	lost	-	NA	unresolved	-	NA	unresolved	retained	Ser200 S275 retained
A0A8H7N1V4	0.793	3.33	true	S215	0.60	retained	S450	6.38	unresolved	S338	3.42	lost	-	NA	unresolved	retained	Ser200 S215 retained
A0A8I1R1G6	0.817	3.22	true	S208	0.34	retained	H432	0.17	retained	D343	1.16	altered	-	NA	unresolved	retained	Ser200 S208 retained
A0A8I1RVD0	0.837	3.13	true	S196	0.34	retained	H434	0.93	retained	E315	1.27	retained	A86	3.57	lost	retained	Ser200 S196 retained
A0A8I6TJU0	0.790	3.50	true	G198	0.30	lost	H456	0.69	retained	E344	1.29	retained	-	NA	unresolved	lost	Ser200 G not in expected {S}
A0A8I6TJU6	0.850	2.97	true	G202	0.45	lost	H443	0.87	retained	E327	1.28	retained	-	NA	unresolved	lost	Ser200 G not in expected {S}
A0A8J1MXF5	0.772	2.45	true	S126	0.43	retained	H357	0.28	retained	E245	0.53	retained	N11	10.41	unresolved	retained	Ser200 S126 retained
A0A8J1TSP8	0.873	2.20	true	S200	1.02	retained	H424	0.32	retained	E318	0.64	retained	-	NA	unresolved	retained	Ser200 S200 retained
A0A8J1UBR0	0.969	1.49	true	S236	0.34	retained	H490	0.74	retained	E367	0.73	retained	W121	0.45	retained	retained	Ser200 S236 retained
A0A8J2EM73	0.700	2.88	true	S142	0.28	retained	L389	1.07	lost	E273	1.25	retained	-	NA	unresolved	retained	Ser200 S142 retained
A0A8J2J0I2	0.781	3.35	true	S639	0.47	retained	H839	0.26	retained	E745	0.59	retained	K513	11.25	unresolved	retained	Ser200 S639 retained
A0A8J2J254	0.862	3.00	true	S255	0.64	retained	H506	0.60	retained	E385	0.72	retained	-	NA	unresolved	retained	Ser200 S255 retained
A0A8J2J3R8	0.866	3.22	true	S256	0.32	retained	H508	1.07	retained	E385	1.19	retained	-	NA	unresolved	retained	Ser200 S256 retained
A0A8J2JXC7	0.868	2.84	true	S207	0.78	retained	H460	0.90	retained	E338	1.67	retained	-	NA	unresolved	retained	Ser200 S207 retained
A0A8J2KS68	0.859	3.12	true	S216	0.63	retained	H496	0.91	retained	D354	1.36	altered	-	NA	unresolved	retained	Ser200 S216 retained
A0A8J2LAU9	0.784	2.82	true	S198	0.20	retained	H451	0.43	retained	E327	0.86	retained	-	NA	unresolved	retained	Ser200 S198 retained
A0A8J2LU52	0.853	3.04	true	S431	0.73	retained	H684	1.06	retained	E562	1.68	retained	-	NA	unresolved	retained	Ser200 S431 retained
A0A8J2LXT0	0.858	3.15	true	S213	0.21	retained	H490	0.62	retained	E344	1.07	retained	-	NA	unresolved	retained	Ser200 S213 retained
A0A8J2P2Y0	0.428	3.37	false	-	NA	unresolved	-	NA	unresolved	-	NA	unresolved	-	NA	unresolved	unresolved	fold below TM gate (TM 0.43 < 0.50)
A0A8J2PB51	0.858	3.30	true	H206	0.70	lost	H455	1.13	retained	E336	1.67	retained	-	NA	unresolved	lost	Ser200 H not in expected {S}
A0A8J2PX24	0.920	2.05	true	G515	0.20	lost	R775	0.97	lost	S660	0.89	lost	-	NA	unresolved	lost	Ser200 G not in expected {S}
A0A8J2WBT3	0.626	3.37	true	S173	0.44	retained	-	NA	unresolved	E306	0.92	retained	-	NA	unresolved	retained	Ser200 S173 retained
A0A8J3TCP6	0.821	2.69	true	S211	0.26	retained	H430	1.27	retained	E323	1.19	retained	N93	1.17	lost	retained	Ser200 S211 retained
A0A8J4YR21	0.727	3.25	true	S257	0.46	retained	H419	0.76	retained	-	NA	unresolved	-	NA	unresolved	retained	Ser200 S257 retained
A0A8J5D3V2	0.877	3.23	true	S214	0.50	retained	H459	1.24	retained	E339	1.50	retained	-	NA	unresolved	retained	Ser200 S214 retained
A0A8J5QP53	0.561	2.11	true	S223	0.29	retained	-	NA	unresolved	E354	1.68	retained	-	NA	unresolved	retained	Ser200 S223 retained
A0A8J5TVP0	0.782	3.10	true	S226	0.59	retained	H406	0.50	retained	E342	0.97	retained	F104	2.70	altered	retained	Ser200 S226 retained
A0A8J6FYF0	0.652	2.66	true	S137	0.36	retained	Q283	0.46	lost	E254	0.75	retained	I22	10.23	unresolved	retained	Ser200 S137 retained
A0A8J6HHP2	0.806	3.15	true	S384	1.38	retained	H599	2.03	retained	L498	13.26	unresolved	-	NA	unresolved	retained	Ser200 S384 retained
A0A8J6HXK3	0.786	2.62	true	S204	0.37	retained	H454	0.74	retained	E342	0.97	retained	-	NA	unresolved	retained	Ser200 S204 retained
A0A8J6LB14	0.370	3.54	false	-	NA	unresolved	-	NA	unresolved	-	NA	unresolved	-	NA	unresolved	unresolved	fold below TM gate (TM 0.37 < 0.50)
A0A8J6LC42	0.834	3.20	true	Q174	0.81	lost	I418	5.69	unresolved	I303	7.75	unresolved	-	NA	unresolved	lost	Ser200 Q not in expected {S}
A0A8J7N4L7	0.411	3.52	false	-	NA	unresolved	-	NA	unresolved	-	NA	unresolved	-	NA	unresolved	unresolved	fold below TM gate (TM 0.41 < 0.50)
A0A8J7TE60	0.909	2.42	true	G345	0.89	lost	H580	0.21	retained	E466	0.53	retained	V116	4.86	unresolved	lost	Ser200 G not in expected {S}
A0A8K0AGQ9	0.890	2.32	true	S198	0.40	retained	H433	0.75	retained	E324	0.80	retained	-	NA	unresolved	retained	Ser200 S198 retained
A0A8K0CQT9	0.483	2.06	false	-	NA	unresolved	-	NA	unresolved	-	NA	unresolved	-	NA	unresolved	unresolved	fold below TM gate (TM 0.48 < 0.50)
A0A8K0DJ40	0.864	2.98	true	S282	0.71	retained	H529	1.22	retained	E411	1.26	retained	-	NA	unresolved	retained	Ser200 S282 retained
A0A8K0F1J0	0.899	1.87	true	S358	0.66	retained	H586	0.29	retained	E474	0.13	retained	-	NA	unresolved	retained	Ser200 S358 retained
A0A8K0GHQ2	0.573	2.27	true	S210	0.33	retained	-	NA	unresolved	D342	1.28	altered	-	NA	unresolved	retained	Ser200 S210 retained
A0A8K0K716	0.486	3.38	false	-	NA	unresolved	-	NA	unresolved	-	NA	unresolved	-	NA	unresolved	unresolved	fold below TM gate (TM 0.49 < 0.50)
A0A8K0LY92	0.813	3.09	true	S228	1.11	retained	H459	0.61	retained	E339	0.56	retained	Q104	2.96	lost	retained	Ser200 S228 retained
A0A8K0M994	0.816	3.01	true	S279	0.36	retained	H476	0.44	retained	E407	1.19	retained	F161	2.26	altered	retained	Ser200 S279 retained
A0A8K0NS38	0.830	3.13	true	S238	0.80	retained	H476	0.97	retained	E362	1.26	retained	-	NA	unresolved	retained	Ser200 S238 retained
A0A8K0P1T1	0.777	4.09	true	R462	1.24	lost	P727	2.80	lost	G602	3.31	lost	-	NA	unresolved	lost	Ser200 R not in expected {S}
A0A8K0WP48	0.833	2.87	true	S235	0.52	retained	H451	0.40	retained	E356	0.53	retained	P118	6.63	unresolved	retained	Ser200 S235 retained
A0A8K0X0Q8	0.851	3.06	true	S207	0.48	retained	H446	0.58	retained	E331	0.80	retained	-	NA	unresolved	retained	Ser200 S207 retained
A0A8K1GEA9	0.740	2.10	true	S109	0.78	retained	H338	0.89	retained	E225	0.93	retained	-	NA	unresolved	retained	Ser200 S109 retained
A0A8R1DF65	0.926	2.15	true	S192	0.25	retained	H452	0.51	retained	E322	0.71	retained	W78	0.55	retained	retained	Ser200 S192 retained
A0A8R1DG01	0.937	2.21	true	S204	0.23	retained	H464	0.49	retained	E334	0.76	retained	W90	0.64	retained	retained	Ser200 S204 retained
A0A8R1DJH4	0.792	3.27	true	S171	0.73	retained	H413	0.26	retained	E295	0.63	retained	I52	4.17	unresolved	retained	Ser200 S171 retained
A0A8S1A0T8	0.867	3.08	true	S253	0.27	retained	H502	0.58	retained	E383	0.72	retained	-	NA	unresolved	retained	Ser200 S253 retained
A0A8S1C1X9	0.718	2.99	true	T265	0.82	lost	-	NA	unresolved	E412	0.68	retained	I145	4.27	unresolved	lost	Ser200 T not in expected {S}
A0A8S1C6R3	0.865	2.72	true	S187	0.37	retained	H430	0.91	retained	E313	1.26	retained	-	NA	unresolved	retained	Ser200 S187 retained
A0A8S1C7J4	0.876	3.11	true	N216	1.08	lost	Q462	1.37	lost	D350	1.61	altered	-	NA	unresolved	lost	Ser200 N not in expected {S}
A0A8S1DNQ6	0.824	2.42	true	S249	0.49	retained	H544	1.03	retained	E431	0.56	retained	L127	3.46	lost	retained	Ser200 S249 retained
A0A8S1E670	0.627	2.93	true	S48	0.61	retained	H289	0.81	retained	E173	0.98	retained	-	NA	unresolved	retained	Ser200 S48 retained
A0A8S1EN92	0.855	2.85	true	S203	0.90	retained	H453	0.88	retained	E332	1.05	retained	-	NA	unresolved	retained	Ser200 S203 retained
A0A8S3RGN1	0.326	2.51	false	-	NA	unresolved	-	NA	unresolved	-	NA	unresolved	-	NA	unresolved	unresolved	fold below TM gate (TM 0.33 < 0.50)
A0A8S3TQU7	0.786	2.84	true	S535	0.40	retained	-	NA	unresolved	E664	0.30	retained	A422	6.90	unresolved	retained	Ser200 S535 retained
A0A8S3TRE5	0.418	2.03	false	-	NA	unresolved	-	NA	unresolved	-	NA	unresolved	-	NA	unresolved	unresolved	fold below TM gate (TM 0.42 < 0.50)
A0A8S3XS23	0.781	2.71	true	G195	0.77	lost	H443	1.71	retained	E324	1.55	retained	-	NA	unresolved	lost	Ser200 G not in expected {S}
A0A8S3ZD64	0.714	3.71	true	S229	0.46	retained	H412	0.23	retained	-	NA	unresolved	P112	1.16	lost	retained	Ser200 S229 retained
A0A8S4DQG7	0.753	2.59	true	S110	0.52	retained	H361	1.02	retained	E241	0.98	retained	-	NA	unresolved	retained	Ser200 S110 retained
A0A8S4RAE5	0.745	2.21	true	G226	0.36	lost	F457	1.37	lost	E346	1.23	retained	-	NA	unresolved	lost	Ser200 G not in expected {S}
A0A8S4RAY3	0.769	2.96	true	G201	0.37	lost	N450	1.08	lost	E332	1.21	retained	L88	1.08	lost	lost	Ser200 G not in expected {S}
A0A8S4RT27	0.620	1.26	true	S249	0.29	retained	-	NA	unresolved	E378	0.48	retained	W116	0.64	retained	retained	Ser200 S249 retained
A0A8S9C1K7	0.804	3.40	true	S382	1.20	retained	H600	0.82	retained	E504	0.55	retained	P253	12.37	unresolved	retained	Ser200 S382 retained
A0A8S9WQI6	0.861	3.10	true	S211	0.12	retained	H453	0.81	retained	E334	1.37	retained	P99	10.65	unresolved	retained	Ser200 S211 retained
A0A8S9WR52	0.847	3.09	true	S224	0.87	retained	H464	1.13	retained	E348	1.50	retained	-	NA	unresolved	retained	Ser200 S224 retained
A0A8S9ZHQ5	0.886	2.79	true	S218	0.78	retained	H480	0.67	retained	E344	0.40	retained	-	NA	unresolved	retained	Ser200 S218 retained
A0A8S9ZMW4	0.687	3.76	true	S243	0.85	retained	L444	10.40	unresolved	E377	0.77	retained	Y121	10.79	unresolved	retained	Ser200 S243 retained
A0A8S9ZSY7	0.331	2.32	false	-	NA	unresolved	-	NA	unresolved	-	NA	unresolved	-	NA	unresolved	unresolved	fold below TM gate (TM 0.33 < 0.50)
A0A8T0EW20	0.685	2.63	true	S86	0.30	retained	H309	0.42	retained	V208	1.59	lost	-	NA	unresolved	retained	Ser200 S86 retained
A0A8T0F2G4	0.909	2.22	true	F214	0.37	lost	H450	1.21	retained	E334	1.71	retained	N99	5.88	unresolved	lost	Ser200 F not in expected {S}
A0A8T1GYX5	0.284	2.47	false	-	NA	unresolved	-	NA	unresolved	-	NA	unresolved	-	NA	unresolved	unresolved	fold below TM gate (TM 0.28 < 0.50)
A0A8T2NMJ9	0.505	2.40	true	S201	0.26	retained	-	NA	unresolved	-	NA	unresolved	R86	10.11	unresolved	retained	Ser200 S201 retained
A0A8T2NVK7	0.359	2.56	false	-	NA	unresolved	-	NA	unresolved	-	NA	unresolved	-	NA	unresolved	unresolved	fold below TM gate (TM 0.36 < 0.50)
A0A8T5UA96	0.387	1.45	false	-	NA	unresolved	-	NA	unresolved	-	NA	unresolved	-	NA	unresolved	unresolved	fold below TM gate (TM 0.39 < 0.50)
A0A8T6IBP1	0.196	2.67	false	-	NA	unresolved	-	NA	unresolved	-	NA	unresolved	-	NA	unresolved	unresolved	fold below TM gate (TM 0.20 < 0.50)
A0A8T6IEN1	0.807	2.92	true	S191	0.91	retained	H389	0.44	retained	E301	0.74	retained	-	NA	unresolved	retained	Ser200 S191 retained
A0A8T6JA91	0.836	2.79	true	S271	0.62	retained	H481	0.64	retained	E397	0.43	retained	G150	8.67	unresolved	retained	Ser200 S271 retained
A0A8T9BJH7	0.862	3.14	true	S221	0.92	retained	H466	0.75	retained	D352	1.11	altered	F97	1.98	altered	retained	Ser200 S221 retained
A0A8U8BLW2	0.339	4.18	false	-	NA	unresolved	-	NA	unresolved	-	NA	unresolved	-	NA	unresolved	unresolved	fold below TM gate (TM 0.34 < 0.50)
A0A8W7NZU8	0.868	2.66	true	S188	0.34	retained	H439	1.08	retained	E322	1.41	retained	-	NA	unresolved	retained	Ser200 S188 retained
A0A8W8IIX7	0.874	2.87	true	S204	0.36	retained	H434	0.87	retained	E326	1.50	retained	F88	5.76	unresolved	retained	Ser200 S204 retained
A0A8W8LSF9	0.813	2.53	true	S159	0.26	retained	H386	0.69	retained	D284	0.93	altered	S40	2.64	lost	retained	Ser200 S159 retained
A0A8W8NV66	0.907	2.50	true	S220	0.42	retained	H482	0.66	retained	E355	0.70	retained	D105	8.52	unresolved	retained	Ser200 S220 retained
A0A8X6GVG9	0.723	2.15	true	G86	0.74	lost	T338	1.45	lost	E209	0.41	retained	-	NA	unresolved	lost	Ser200 G not in expected {S}
A0A8X6H8M9	0.586	2.44	true	D26	0.72	lost	H269	0.77	retained	E148	0.89	retained	-	NA	unresolved	lost	Ser200 D not in expected {S}
A0A8X6R6U4	0.524	3.37	true	-	NA	unresolved	H234	0.79	retained	E123	1.04	retained	-	NA	unresolved	unresolved	Ser200: reference position aligned to a gap
A0A913XLI5	0.905	1.94	true	S209	0.47	retained	H452	0.38	retained	E329	0.49	retained	G92	5.63	unresolved	retained	Ser200 S209 retained
A0A913Z491	0.920	1.94	true	S214	0.47	retained	H459	0.34	retained	E335	0.46	retained	A98	5.56	unresolved	retained	Ser200 S214 retained
A0A914BVM1	0.704	2.85	true	S220	0.63	retained	H366	1.36	retained	-	NA	unresolved	P99	7.69	unresolved	retained	Ser200 S220 retained
A0A914CNG4	0.833	3.04	true	S199	0.58	retained	H433	0.17	retained	E318	0.89	retained	-	NA	unresolved	retained	Ser200 S199 retained
A0A914E094	0.576	3.89	true	S127	1.13	retained	H334	1.41	retained	E252	1.38	retained	-	NA	unresolved	retained	Ser200 S127 retained
A0A914E9I2	0.647	3.59	true	S127	0.68	retained	H334	0.49	retained	E252	0.71	retained	Y8	11.07	unresolved	retained	Ser200 S127 retained
A0A914EV22	0.717	2.75	true	S154	0.93	retained	H400	0.24	retained	E279	0.47	retained	-	NA	unresolved	retained	Ser200 S154 retained
A0A914PTR5	0.766	1.49	true	S233	0.46	retained	-	NA	unresolved	E361	0.36	retained	W119	0.40	retained	retained	Ser200 S233 retained
A0A914Q574	0.316	2.04	false	-	NA	unresolved	-	NA	unresolved	-	NA	unresolved	-	NA	unresolved	unresolved	fold below TM gate (TM 0.32 < 0.50)
A0A914QHN4	0.481	2.34	false	-	NA	unresolved	-	NA	unresolved	-	NA	unresolved	-	NA	unresolved	unresolved	fold below TM gate (TM 0.48 < 0.50)
A0A914TDT0	0.794	2.91	true	S145	0.44	retained	H387	0.34	retained	E267	0.36	retained	-	NA	unresolved	retained	Ser200 S145 retained
A0A914VXH4	0.883	2.91	true	S219	0.70	retained	H460	0.11	retained	E342	0.29	retained	P102	8.74	unresolved	retained	Ser200 S219 retained
A0A914WFF2	0.613	3.21	true	S217	0.41	retained	-	NA	unresolved	E339	1.88	retained	-	NA	unresolved	retained	Ser200 S217 retained
A0A915BAX5	0.331	2.30	false	-	NA	unresolved	-	NA	unresolved	-	NA	unresolved	-	NA	unresolved	unresolved	fold below TM gate (TM 0.33 < 0.50)
A0A915HRE1	0.553	3.39	true	S160	0.70	retained	-	NA	unresolved	E319	1.81	retained	S39	7.40	unresolved	retained	Ser200 S160 retained
A0A915I4V4	0.843	2.91	true	S206	0.56	retained	H445	1.10	retained	E343	1.32	retained	-	NA	unresolved	retained	Ser200 S206 retained
A0A915KYC1	0.567	2.55	true	N267	0.29	lost	-	NA	unresolved	E409	1.29	retained	M136	1.31	lost	lost	Ser200 N not in expected {S}
A0A915LG84	0.927	1.64	true	S558	0.16	retained	H818	0.64	retained	S693	4.06	unresolved	W458	0.31	retained	retained	Ser200 S558 retained
A0A915MCT9	0.768	2.71	true	S158	0.38	retained	H387	0.36	retained	E248	0.53	retained	-	NA	unresolved	retained	Ser200 S158 retained
A0A915NTZ1	0.710	2.48	true	S213	0.58	retained	H428	0.44	retained	E307	0.30	retained	W116	0.74	retained	retained	Ser200 S213 retained
A0A916TXY0	0.386	2.04	false	-	NA	unresolved	-	NA	unresolved	-	NA	unresolved	-	NA	unresolved	unresolved	fold below TM gate (TM 0.39 < 0.50)
A0A916Y3U3	0.846	2.84	true	S189	0.79	retained	H411	0.48	retained	E311	0.72	retained	-	NA	unresolved	retained	Ser200 S189 retained
A0A917X6R2	0.800	3.41	true	S199	1.26	retained	H415	1.47	retained	E308	1.84	retained	-	NA	unresolved	retained	Ser200 S199 retained
A0A918NI37	0.835	3.44	true	S246	0.78	retained	H469	0.77	retained	E368	1.22	retained	A124	12.27	unresolved	retained	Ser200 S246 retained
A0A919BUJ8	0.634	3.07	true	S85	0.87	retained	H349	0.33	retained	E253	0.27	retained	-	NA	unresolved	retained	Ser200 S85 retained
A0A920L2S8	0.481	2.42	false	-	NA	unresolved	-	NA	unresolved	-	NA	unresolved	-	NA	unresolved	unresolved	fold below TM gate (TM 0.48 < 0.50)
A0A920MJB8	0.345	2.48	false	-	NA	unresolved	-	NA	unresolved	-	NA	unresolved	-	NA	unresolved	unresolved	fold below TM gate (TM 0.34 < 0.50)
A0A921YKF8	0.876	2.76	true	S209	0.53	retained	H462	1.13	retained	E344	1.73	retained	-	NA	unresolved	retained	Ser200 S209 retained
A0A921YN05	0.875	2.85	true	S220	0.14	retained	H465	1.29	retained	E351	1.08	retained	P100	8.71	unresolved	retained	Ser200 S220 retained
A0A922I2P0	0.896	2.55	true	S223	0.51	retained	H468	0.55	retained	E351	1.03	retained	R102	3.10	lost	retained	Ser200 S223 retained
A0A922MWB0	0.734	2.91	true	G163	0.29	lost	H412	0.67	retained	E300	1.06	retained	-	NA	unresolved	lost	Ser200 G not in expected {S}
A0A925RNY8	0.715	2.90	true	S126	0.43	retained	H337	0.59	retained	E242	0.54	retained	V4	7.69	unresolved	retained	Ser200 S126 retained
A0A925S4Z8	0.813	3.02	true	S190	0.58	retained	H395	0.44	retained	E306	0.77	retained	-	NA	unresolved	retained	Ser200 S190 retained
A0A925Z1G4	0.433	4.45	false	-	NA	unresolved	-	NA	unresolved	-	NA	unresolved	-	NA	unresolved	unresolved	fold below TM gate (TM 0.43 < 0.50)
A0A927T9M5	0.843	2.55	true	S305	0.61	retained	H508	0.38	retained	E419	0.85	retained	Y179	7.56	unresolved	retained	Ser200 S305 retained
A0A928JHM4	0.822	3.34	true	S248	0.44	retained	H463	0.26	retained	E359	0.59	retained	P125	3.88	lost	retained	Ser200 S248 retained
A0A930JXM7	0.827	3.00	true	S247	0.73	retained	H456	0.55	retained	E359	0.73	retained	L124	3.63	lost	retained	Ser200 S247 retained
A0A930RHW2	0.297	2.62	false	-	NA	unresolved	-	NA	unresolved	-	NA	unresolved	-	NA	unresolved	unresolved	fold below TM gate (TM 0.30 < 0.50)
A0A932G685	0.859	2.56	true	S232	0.63	retained	H448	0.81	retained	E351	1.05	retained	-	NA	unresolved	retained	Ser200 S232 retained
A0A935KNA2	0.868	2.62	true	S218	0.33	retained	H445	0.76	retained	E345	0.85	retained	-	NA	unresolved	retained	Ser200 S218 retained
A0A935R5X3	0.205	3.32	false	-	NA	unresolved	-	NA	unresolved	-	NA	unresolved	-	NA	unresolved	unresolved	fold below TM gate (TM 0.21 < 0.50)
A0A935T2E2	0.875	2.59	true	S195	0.54	retained	H422	0.59	retained	E317	0.99	retained	G75	4.24	unresolved	retained	Ser200 S195 retained
A0A938DUG4	0.411	3.35	false	-	NA	unresolved	-	NA	unresolved	-	NA	unresolved	-	NA	unresolved	unresolved	fold below TM gate (TM 0.41 < 0.50)
A0A938TK91	0.271	2.08	false	-	NA	unresolved	-	NA	unresolved	-	NA	unresolved	-	NA	unresolved	unresolved	fold below TM gate (TM 0.27 < 0.50)
A0A939L6Y2	0.763	3.10	true	S153	1.20	retained	H374	0.27	retained	E273	0.28	retained	-	NA	unresolved	retained	Ser200 S153 retained
A0A940FZH3	0.829	3.19	true	S228	0.94	retained	H433	0.50	retained	D340	0.52	altered	T105	6.46	unresolved	retained	Ser200 S228 retained
A0A940JM51	0.836	2.99	true	S236	0.87	retained	H447	0.35	retained	E350	0.73	retained	G115	3.47	lost	retained	Ser200 S236 retained
A0A940RVH6	0.677	3.04	true	S120	0.68	retained	H319	0.32	retained	E230	0.34	retained	E6	11.19	unresolved	retained	Ser200 S120 retained
A0A940ZJ49	0.842	2.53	true	S181	0.59	retained	H419	0.90	retained	E318	0.95	retained	-	NA	unresolved	retained	Ser200 S181 retained
A0A942W3N6	0.814	3.12	true	S193	0.51	retained	H399	0.46	retained	E307	0.52	retained	-	NA	unresolved	retained	Ser200 S193 retained
A0A944WFI9	0.396	4.64	false	-	NA	unresolved	-	NA	unresolved	-	NA	unresolved	-	NA	unresolved	unresolved	fold below TM gate (TM 0.40 < 0.50)
A0A946IJR2	0.412	3.67	false	-	NA	unresolved	-	NA	unresolved	-	NA	unresolved	-	NA	unresolved	unresolved	fold below TM gate (TM 0.41 < 0.50)
A0A947FV17	0.867	3.01	true	S226	0.26	retained	H469	0.61	retained	E353	0.60	retained	-	NA	unresolved	retained	Ser200 S226 retained
A0A947R1E9	0.817	3.52	true	S233	0.64	retained	H466	0.76	retained	E381	1.18	retained	A105	9.97	unresolved	retained	Ser200 S233 retained
A0A950VE59	0.716	2.66	true	S201	0.89	retained	-	NA	unresolved	E331	1.31	retained	P82	5.88	unresolved	retained	Ser200 S201 retained
A0A952FUB8	0.210	2.05	false	-	NA	unresolved	-	NA	unresolved	-	NA	unresolved	-	NA	unresolved	unresolved	fold below TM gate (TM 0.21 < 0.50)
A0A953QK99	0.825	3.38	true	S208	0.68	retained	H436	0.84	retained	E326	0.82	retained	-	NA	unresolved	retained	Ser200 S208 retained
A0A953R5U3	0.833	2.50	true	S208	0.83	retained	H417	0.46	retained	E320	0.85	retained	-	NA	unresolved	retained	Ser200 S208 retained
A0A953RCW2	0.665	3.81	true	S138	0.65	retained	H354	0.56	retained	E261	1.35	retained	H19	3.64	lost	retained	Ser200 S138 retained
A0A954LSR5	0.410	4.68	false	-	NA	unresolved	-	NA	unresolved	-	NA	unresolved	-	NA	unresolved	unresolved	fold below TM gate (TM 0.41 < 0.50)
A0A955V443	0.817	3.13	true	S216	0.72	retained	H450	0.80	retained	E365	1.15	retained	G87	11.37	unresolved	retained	Ser200 S216 retained
A0A955WIU1	0.851	2.41	true	S263	0.66	retained	H478	0.28	retained	E383	1.01	retained	-	NA	unresolved	retained	Ser200 S263 retained
A0A955WYP2	0.694	2.47	true	S100	0.77	retained	H315	0.44	retained	E221	0.84	retained	-	NA	unresolved	retained	Ser200 S100 retained
A0A955YKR9	0.842	2.79	true	S230	0.57	retained	H458	1.44	retained	E358	0.97	retained	-	NA	unresolved	retained	Ser200 S230 retained
A0A955ZL69	0.850	2.73	true	S222	0.41	retained	H442	0.54	retained	E344	0.49	retained	-	NA	unresolved	retained	Ser200 S222 retained
A0A956P8R8	0.852	2.68	true	S228	0.75	retained	H442	0.40	retained	E347	0.69	retained	-	NA	unresolved	retained	Ser200 S228 retained
A0A957M343	0.835	3.47	true	S201	1.20	retained	H427	0.81	retained	E327	1.26	retained	F79	2.29	altered	retained	Ser200 S201 retained
A0A958RML9	0.224	1.73	false	-	NA	unresolved	-	NA	unresolved	-	NA	unresolved	-	NA	unresolved	unresolved	fold below TM gate (TM 0.22 < 0.50)
A0A962E4C2	0.854	2.60	true	S468	0.45	retained	H686	0.84	retained	E592	1.05	retained	N343	3.43	lost	retained	Ser200 S468 retained
A0A962L7K6	0.400	2.21	false	-	NA	unresolved	-	NA	unresolved	-	NA	unresolved	-	NA	unresolved	unresolved	fold below TM gate (TM 0.40 < 0.50)
A0A963TUS9	0.800	2.93	true	S218	0.72	retained	H423	0.30	retained	E341	0.74	retained	-	NA	unresolved	retained	Ser200 S218 retained
A0A970IQU7	0.712	3.79	true	S148	1.11	retained	H378	0.88	retained	E265	0.56	retained	-	NA	unresolved	retained	Ser200 S148 retained
A0A971BWE8	0.825	3.28	true	S242	0.77	retained	H460	0.41	retained	E361	0.76	retained	I121	2.41	lost	retained	Ser200 S242 retained
A0A972NXS0	0.851	2.92	true	S195	0.57	retained	H424	1.01	retained	E324	1.02	retained	P74	2.96	lost	retained	Ser200 S195 retained
A0A973KYJ0	0.310	2.14	false	-	NA	unresolved	-	NA	unresolved	-	NA	unresolved	-	NA	unresolved	unresolved	fold below TM gate (TM 0.31 < 0.50)
A0A977XKS8	0.915	2.22	true	G245	0.32	lost	H481	0.77	retained	E367	0.82	retained	L128	4.10	unresolved	lost	Ser200 G not in expected {S}
A0A977XMF0	0.872	3.07	true	S541	0.32	retained	H786	1.15	retained	E672	1.28	retained	F417	3.73	altered	retained	Ser200 S541 retained
A0A979FL46	0.883	2.47	true	S228	0.39	retained	-	NA	unresolved	M417	3.39	lost	M113	8.59	unresolved	retained	Ser200 S228 retained
A0A9C6XD96	0.916	2.28	true	G283	0.50	lost	H612	0.59	retained	E449	0.15	retained	L162	3.55	lost	lost	Ser200 G not in expected {S}
A0A9C8RKF6	0.749	2.65	true	S249	0.86	retained	H413	1.02	retained	E370	2.72	retained	M128	1.67	lost	retained	Ser200 S249 retained
A0A9D1NVB8	0.692	3.26	true	S183	0.64	retained	H399	0.81	retained	E304	1.60	retained	H64	3.62	lost	retained	Ser200 S183 retained
A0A9D2REX2	0.772	3.86	true	S200	0.79	retained	H420	0.59	retained	E323	1.11	retained	L79	7.79	unresolved	retained	Ser200 S200 retained
A0A9D2YW43	0.749	2.86	true	G280	0.68	lost	H515	0.18	retained	E401	0.38	retained	-	NA	unresolved	lost	Ser200 G not in expected {S}
A0A9D3YGE2	0.823	2.71	true	S216	0.38	retained	H473	0.57	retained	E351	0.85	retained	-	NA	unresolved	retained	Ser200 S216 retained
A0A9D4B5T5	0.905	2.74	true	S257	0.59	retained	H504	0.49	retained	E391	0.77	retained	R141	11.80	unresolved	retained	Ser200 S257 retained
A0A9D4CF78	0.900	2.27	true	S231	0.41	retained	R483	0.56	lost	E360	0.77	retained	F117	1.74	altered	retained	Ser200 S231 retained
A0A9D4CGT1	0.892	2.42	true	S203	0.64	retained	H452	0.40	retained	D323	0.96	altered	L88	7.11	unresolved	retained	Ser200 S203 retained
A0A9D4CZL4	0.340	3.12	false	-	NA	unresolved	-	NA	unresolved	-	NA	unresolved	-	NA	unresolved	unresolved	fold below TM gate (TM 0.34 < 0.50)
A0A9D4JHR4	0.854	2.95	true	S222	0.57	retained	H468	0.31	retained	D346	0.60	altered	-	NA	unresolved	retained	Ser200 S222 retained
A0A9D4P8W9	0.571	3.52	true	S214	0.27	retained	-	NA	unresolved	-	NA	unresolved	-	NA	unresolved	retained	Ser200 S214 retained
A0A9D4PDB1	0.842	3.05	true	D791	0.92	lost	H1008	1.23	retained	E909	1.06	retained	V667	4.46	unresolved	lost	Ser200 D not in expected {S}
A0A9D4PVS2	0.700	3.00	true	G265	0.97	lost	-	NA	unresolved	D388	2.02	altered	-	NA	unresolved	lost	Ser200 G not in expected {S}
A0A9D4QEY8	0.708	3.75	true	G374	1.30	lost	T565	7.84	unresolved	E474	2.71	retained	-	NA	unresolved	lost	Ser200 G not in expected {S}
A0A9D4SV08	0.806	2.89	true	S231	0.33	retained	H476	0.78	retained	E359	1.41	retained	I110	5.28	unresolved	retained	Ser200 S231 retained
A0A9D4SWU0	0.801	2.89	true	S228	0.60	retained	H471	1.03	retained	E356	1.38	retained	L106	6.44	unresolved	retained	Ser200 S228 retained
A0A9D5MDE4	0.347	4.48	false	-	NA	unresolved	-	NA	unresolved	-	NA	unresolved	-	NA	unresolved	unresolved	fold below TM gate (TM 0.35 < 0.50)
A0A9D5SXA0	0.623	3.69	true	S200	0.66	retained	-	NA	unresolved	E322	0.97	retained	A80	5.54	unresolved	retained	Ser200 S200 retained
A0A9D7QMS5	0.825	3.35	true	S226	0.81	retained	H443	0.69	retained	E349	1.29	retained	F105	2.73	altered	retained	Ser200 S226 retained
A0A9D9D014	0.408	2.82	false	-	NA	unresolved	-	NA	unresolved	-	NA	unresolved	-	NA	unresolved	unresolved	fold below TM gate (TM 0.41 < 0.50)
A0A9E1GJS8	0.726	3.01	true	S221	0.71	retained	H408	1.11	retained	E339	2.04	retained	-	NA	unresolved	retained	Ser200 S221 retained
A0A9E2DEH0	0.825	3.09	true	S218	0.66	retained	H426	0.32	retained	E337	0.58	retained	V105	11.53	unresolved	retained	Ser200 S218 retained
A0A9E5S2F9	0.781	3.67	true	S200	0.59	retained	H419	0.55	retained	E313	1.20	retained	Y79	4.64	unresolved	retained	Ser200 S200 retained
A0A9E6UJJ5	0.561	2.47	true	S227	0.68	retained	-	NA	unresolved	E347	1.20	retained	F107	0.96	altered	retained	Ser200 S227 retained
A0A9J6CA16	0.868	2.69	true	S201	0.51	retained	H440	0.92	retained	E328	0.81	retained	-	NA	unresolved	retained	Ser200 S201 retained
A0A9J6E9Y2	0.953	1.67	true	S419	0.28	retained	H657	0.31	retained	E544	0.49	retained	W300	0.21	retained	retained	Ser200 S419 retained
A0A9J6ELG3	0.573	2.73	true	D432	0.33	lost	-	NA	unresolved	E558	1.23	retained	V308	4.72	unresolved	lost	Ser200 D not in expected {S}
A0A9J6FQQ0	0.451	2.55	false	-	NA	unresolved	-	NA	unresolved	-	NA	unresolved	-	NA	unresolved	unresolved	fold below TM gate (TM 0.45 < 0.50)
A0A9J6FYI3	0.815	2.24	true	S200	0.40	retained	H444	1.07	retained	E330	1.53	retained	V85	2.71	lost	retained	Ser200 S200 retained
A0A9J6FZL6	0.564	2.34	true	S48	0.16	retained	H292	0.99	retained	E178	1.44	retained	-	NA	unresolved	retained	Ser200 S48 retained
A0A9J6G7C0	0.681	2.34	true	S233	0.33	retained	-	NA	unresolved	E358	0.51	retained	W116	0.46	retained	retained	Ser200 S233 retained
A0A9J6G8X8	0.726	1.73	true	S224	0.28	retained	-	NA	unresolved	E349	0.30	retained	Y107	2.43	altered	retained	Ser200 S224 retained
A0A9J6H004	0.839	2.56	true	-	NA	unresolved	H430	1.04	retained	E311	1.20	retained	-	NA	unresolved	unresolved	Ser200: reference position aligned to a gap
A0A9J6H4E4	0.733	3.46	true	E264	0.13	lost	A439	9.47	unresolved	-	NA	unresolved	-	NA	unresolved	lost	Ser200 E not in expected {S}
A0A9J7KAM7	0.935	2.09	true	S217	0.45	retained	H451	0.03	retained	E338	0.20	retained	W101	0.18	retained	retained	Ser200 S217 retained
A0A9J7M1A4	0.969	1.47	true	S225	0.34	retained	H489	0.42	retained	E350	0.47	retained	W110	0.32	retained	retained	Ser200 S225 retained
A0A9J7N766	0.738	1.58	true	-	NA	unresolved	H393	0.17	retained	E280	0.25	retained	W101	0.44	retained	unresolved	Ser200: reference position aligned to a gap
A0A9N7CSP2	0.581	2.84	true	S184	1.18	retained	-	NA	unresolved	E314	0.26	retained	A72	1.89	lost	retained	Ser200 S184 retained
A0A9N9N1I3	0.639	3.13	true	G296	0.67	lost	-	NA	unresolved	E456	4.68	unresolved	L174	4.09	unresolved	lost	Ser200 G not in expected {S}
A0A9N9N2F0	0.891	1.44	true	S327	0.40	retained	H567	0.39	retained	E453	0.45	retained	W212	0.28	retained	retained	Ser200 S327 retained
A0A9N9QFS2	0.855	2.74	true	S200	0.71	retained	H438	0.40	retained	E326	0.85	retained	-	NA	unresolved	retained	Ser200 S200 retained
A0A9N9TAG5	0.515	2.13	true	S223	0.39	retained	-	NA	unresolved	-	NA	unresolved	Y106	2.68	altered	retained	Ser200 S223 retained
A0A9N9VLD8	0.838	2.91	true	S221	0.57	retained	H464	1.38	retained	E350	1.29	retained	-	NA	unresolved	retained	Ser200 S221 retained
A0A9N9WUU0	0.858	3.03	true	S199	0.73	retained	H443	0.60	retained	E326	0.80	retained	-	NA	unresolved	retained	Ser200 S199 retained
A0A9P0AJZ4	0.859	3.03	true	S210	0.36	retained	H455	1.01	retained	E336	1.41	retained	-	NA	unresolved	retained	Ser200 S210 retained
A0A9P0C9F9	0.664	2.55	true	S118	0.40	retained	H365	0.46	retained	E252	0.72	retained	-	NA	unresolved	retained	Ser200 S118 retained
A0A9P0CDW9	0.728	3.00	true	S212	0.56	retained	A455	4.37	unresolved	E337	1.47	retained	-	NA	unresolved	retained	Ser200 S212 retained
A0A9P0CE28	0.860	2.87	true	S202	0.68	retained	H452	1.60	retained	E331	1.64	retained	-	NA	unresolved	retained	Ser200 S202 retained
A0A9P0CRZ8	0.851	2.82	true	S216	0.40	retained	H471	0.50	retained	E340	0.59	retained	-	NA	unresolved	retained	Ser200 S216 retained
A0A9P0D4G8	0.845	3.12	true	G221	0.54	lost	H518	0.30	retained	E363	0.84	retained	-	NA	unresolved	lost	Ser200 G not in expected {S}
A0A9P0DSG5	0.859	3.04	true	S287	0.98	retained	H536	0.97	retained	E425	1.23	retained	-	NA	unresolved	retained	Ser200 S287 retained
A0A9P0DTP8	0.864	2.85	true	S213	0.38	retained	H458	0.63	retained	E346	1.13	retained	-	NA	unresolved	retained	Ser200 S213 retained
A0A9P0E8M7	0.844	3.02	true	S242	0.35	retained	H477	0.87	retained	E364	1.44	retained	-	NA	unresolved	retained	Ser200 S242 retained
A0A9P0FIG8	0.903	2.55	true	G249	0.56	lost	N498	1.21	lost	E372	0.54	retained	L130	3.54	lost	lost	Ser200 G not in expected {S}
A0A9P0GXS4	0.974	1.19	true	S269	0.40	retained	H509	0.54	retained	E395	0.42	retained	W154	0.24	retained	retained	Ser200 S269 retained
A0A9P0H263	0.604	2.95	true	S212	0.46	retained	-	NA	unresolved	E342	1.83	retained	K96	10.07	unresolved	retained	Ser200 S212 retained
A0A9P0HSM7	0.844	3.13	true	S202	0.52	retained	H434	0.83	retained	D325	0.78	altered	-	NA	unresolved	retained	Ser200 S202 retained
A0A9P0ILW6	0.609	3.74	true	G237	0.47	lost	-	NA	unresolved	E379	1.28	retained	-	NA	unresolved	lost	Ser200 G not in expected {S}
A0A9P0JQF5	0.776	3.19	true	S156	0.65	retained	H408	0.50	retained	E287	0.57	retained	-	NA	unresolved	retained	Ser200 S156 retained
A0A9P0KI30	0.770	3.01	true	S204	0.35	retained	H453	0.64	retained	E337	0.95	retained	-	NA	unresolved	retained	Ser200 S204 retained
A0A9P0KN36	0.711	3.10	true	S87	0.16	retained	H353	0.96	retained	E222	1.00	retained	-	NA	unresolved	retained	Ser200 S87 retained
A0A9P0NMD9	0.973	1.25	true	S404	0.32	retained	H644	0.50	retained	E530	0.47	retained	W289	0.18	retained	retained	Ser200 S404 retained
A0A9P1C2F7	0.824	2.61	true	S199	0.54	retained	H421	0.09	retained	D326	0.80	altered	-	NA	unresolved	retained	Ser200 S199 retained
A0A9P1HJD3	0.869	2.95	true	S203	0.75	retained	H457	0.50	retained	D326	1.11	altered	-	NA	unresolved	retained	Ser200 S203 retained
A0A9P1M955	0.805	3.03	true	S781	0.21	retained	H971	0.69	retained	E906	0.37	retained	L657	2.23	lost	retained	Ser200 S781 retained
A0A9P2M3D5	0.360	1.95	false	-	NA	unresolved	-	NA	unresolved	-	NA	unresolved	-	NA	unresolved	unresolved	fold below TM gate (TM 0.36 < 0.50)
A0A9P3E6W3	0.864	3.01	true	S240	0.94	retained	H479	0.96	retained	E366	1.08	retained	V118	2.16	lost	retained	Ser200 S240 retained
A0A9P3UKA2	0.756	3.47	true	S327	0.68	retained	H520	1.06	retained	E447	1.00	retained	S207	9.89	unresolved	retained	Ser200 S327 retained
A0A9P4HUS7	0.802	3.26	true	S199	0.93	retained	H411	1.25	retained	E327	1.46	retained	-	NA	unresolved	retained	Ser200 S199 retained
A0A9P4I592	0.835	3.21	true	S220	0.66	retained	H443	0.61	retained	E342	0.54	retained	N104	3.21	lost	retained	Ser200 S220 retained
A0A9P4LXD2	0.821	2.68	true	S187	0.36	retained	H400	0.45	retained	E307	0.28	retained	-	NA	unresolved	retained	Ser200 S187 retained
A0A9P4M5C6	0.817	3.31	true	S228	0.95	retained	H478	0.87	retained	E363	0.49	retained	-	NA	unresolved	retained	Ser200 S228 retained
A0A9P4PRQ0	0.803	3.20	true	S337	0.64	retained	H577	0.45	retained	E451	0.64	retained	-	NA	unresolved	retained	Ser200 S337 retained
A0A9P4TSP1	0.828	2.71	true	S222	0.48	retained	H427	0.71	retained	E360	0.74	retained	L107	3.30	lost	retained	Ser200 S222 retained
A0A9P4YLM5	0.845	3.14	true	S281	0.74	retained	H510	1.23	retained	E406	1.00	retained	-	NA	unresolved	retained	Ser200 S281 retained
A0A9P5D0I2	0.781	3.14	true	S231	0.32	retained	H409	0.57	retained	E353	0.80	retained	L116	2.94	lost	retained	Ser200 S231 retained
A0A9P5DUP1	0.847	3.22	true	S206	0.62	retained	H437	1.33	retained	G333	1.20	lost	-	NA	unresolved	retained	Ser200 S206 retained
A0A9P5E8V9	0.612	3.40	true	S196	0.51	retained	H419	0.29	retained	D327	0.84	altered	-	NA	unresolved	retained	Ser200 S196 retained
A0A9P5HJ96	0.729	3.94	true	S226	0.79	retained	-	NA	unresolved	E354	1.29	retained	E101	9.85	unresolved	retained	Ser200 S226 retained
A0A9P5IDZ7	0.595	2.81	true	S229	0.42	retained	-	NA	unresolved	D360	1.90	altered	F103	0.54	altered	retained	Ser200 S229 retained
A0A9P5JH62	0.831	3.03	true	S204	0.53	retained	H441	0.38	retained	E327	0.65	retained	-	NA	unresolved	retained	Ser200 S204 retained
A0A9P5K6A1	0.792	3.57	true	S247	1.18	retained	H462	0.46	retained	E370	0.43	retained	-	NA	unresolved	retained	Ser200 S247 retained
A0A9P5R7U3	0.705	2.82	true	S229	0.17	retained	H464	0.97	retained	E358	0.94	retained	N81	9.03	unresolved	retained	Ser200 S229 retained
A0A9P5S825	0.550	2.14	true	S371	0.41	retained	-	NA	unresolved	-	NA	unresolved	Y248	8.07	unresolved	retained	Ser200 S371 retained
A0A9P5Z7U3	0.818	3.16	true	S279	0.59	retained	H491	1.14	retained	E405	1.48	retained	-	NA	unresolved	retained	Ser200 S279 retained
A0A9P6B2P2	0.857	2.92	true	S236	0.44	retained	H494	0.64	retained	E367	0.93	retained	-	NA	unresolved	retained	Ser200 S236 retained
A0A9P6J4Y0	0.707	2.53	true	S92	0.61	retained	H333	0.44	retained	E223	0.84	retained	-	NA	unresolved	retained	Ser200 S92 retained
A0A9P6JB80	0.799	3.74	true	S230	0.72	retained	H439	0.73	retained	E337	1.16	retained	G88	7.19	unresolved	retained	Ser200 S230 retained
A0A9P6JS04	0.665	3.17	true	S112	0.79	retained	H343	0.49	retained	E238	0.67	retained	-	NA	unresolved	retained	Ser200 S112 retained
A0A9P6KP51	0.804	2.78	true	S232	0.31	retained	H426	0.56	retained	E359	0.43	retained	F112	3.28	altered	retained	Ser200 S232 retained
A0A9P6QBD0	0.692	3.17	true	S122	0.33	retained	H348	0.97	retained	E247	1.30	retained	-	NA	unresolved	retained	Ser200 S122 retained
A0A9P6QDM2	0.852	3.23	true	S234	0.46	retained	H471	1.19	retained	E359	1.47	retained	D86	8.64	unresolved	retained	Ser200 S234 retained
A0A9P6S1D6	0.871	3.07	true	S252	0.61	retained	H492	0.60	retained	E382	0.99	retained	F130	4.47	unresolved	retained	Ser200 S252 retained
A0A9P6S1P6	0.263	2.55	false	-	NA	unresolved	-	NA	unresolved	-	NA	unresolved	-	NA	unresolved	unresolved	fold below TM gate (TM 0.26 < 0.50)
A0A9P6S372	0.712	2.53	true	S369	0.81	retained	-	NA	unresolved	E495	0.86	retained	L247	8.11	unresolved	retained	Ser200 S369 retained
A0A9P7KR60	0.782	2.54	true	S210	0.48	retained	H397	0.57	retained	E331	0.94	retained	G97	4.20	unresolved	retained	Ser200 S210 retained
A0A9P7XS33	0.883	2.67	true	S371	0.53	retained	H605	0.77	retained	E497	1.08	retained	L249	6.24	unresolved	retained	Ser200 S371 retained
A0A9P8AM20	0.583	2.76	true	N120	3.28	lost	-	NA	unresolved	E248	1.39	retained	-	NA	unresolved	lost	Ser200 N not in expected {S}
A0A9P8G017	0.804	2.91	true	S224	0.29	retained	H414	0.60	retained	D349	1.38	altered	Y103	2.09	altered	retained	Ser200 S224 retained
A0A9P9PMN7	0.829	2.89	true	S328	0.44	retained	H572	0.21	retained	E448	0.27	retained	-	NA	unresolved	retained	Ser200 S328 retained
A0A9P9Q039	0.775	3.19	true	S194	0.28	retained	H410	0.34	retained	E313	0.70	retained	N82	2.48	lost	retained	Ser200 S194 retained
A0A9P9RRC8	0.839	2.88	true	G203	0.65	lost	Q442	1.31	lost	E334	1.19	retained	G76	5.63	unresolved	lost	Ser200 G not in expected {S}
A0A9P9S1J0	0.813	3.38	true	S207	0.31	retained	H434	0.44	retained	D333	1.18	altered	P77	11.42	unresolved	retained	Ser200 S207 retained
A0A9P9YI83	0.752	3.04	true	S219	0.86	retained	-	NA	unresolved	E331	0.30	retained	-	NA	unresolved	retained	Ser200 S219 retained
A0A9P9YWB5	0.465	2.22	false	-	NA	unresolved	-	NA	unresolved	-	NA	unresolved	-	NA	unresolved	unresolved	fold below TM gate (TM 0.46 < 0.50)
A0A9Q0AIQ3	0.741	2.80	true	S225	0.20	retained	H408	1.03	retained	E342	1.28	retained	Y110	0.63	altered	retained	Ser200 S225 retained
A0A9Q0MAL1	0.885	2.41	true	S504	0.22	retained	H740	0.68	retained	E622	0.98	retained	-	NA	unresolved	retained	Ser200 S504 retained
A0A9Q0N0L0	0.835	3.07	true	S211	0.54	retained	H434	1.01	retained	E337	1.39	retained	-	NA	unresolved	retained	Ser200 S211 retained
A0A9Q0S5C1	0.869	3.02	true	S214	0.56	retained	H474	0.50	retained	E345	1.25	retained	F96	1.79	altered	retained	Ser200 S214 retained
A0A9Q1BRT1	0.906	2.39	true	G216	0.42	lost	H453	0.74	retained	V346	1.41	lost	L101	3.51	lost	lost	Ser200 G not in expected {S}
A0A9Q1CK02	0.252	1.73	false	-	NA	unresolved	-	NA	unresolved	-	NA	unresolved	-	NA	unresolved	unresolved	fold below TM gate (TM 0.25 < 0.50)
A0A9Q1CLD5	0.594	2.71	true	S31	0.54	retained	H262	0.29	retained	E158	0.56	retained	-	NA	unresolved	retained	Ser200 S31 retained
A0A9Q5HVE7	0.807	3.40	true	S328	0.96	retained	H567	0.56	retained	E454	0.61	retained	-	NA	unresolved	retained	Ser200 S328 retained
A0A9Q8SIX7	0.823	3.12	true	S218	0.40	retained	H449	0.53	retained	E349	0.37	retained	M100	1.50	lost	retained	Ser200 S218 retained
A0A9Q8SU07	0.834	3.14	true	S308	0.94	retained	H550	0.48	retained	E435	0.90	retained	W184	7.38	unresolved	retained	Ser200 S308 retained
A0A9R1SVG0	0.884	3.16	true	S212	0.81	retained	H466	0.95	retained	E343	1.27	retained	-	NA	unresolved	retained	Ser200 S212 retained
A0A9W6AES5	0.794	3.65	true	S246	0.77	retained	H466	0.85	retained	E369	0.97	retained	P127	11.69	unresolved	retained	Ser200 S246 retained
A0A9W6MFE3	0.827	2.70	true	S214	0.57	retained	H448	0.85	retained	E345	1.34	retained	-	NA	unresolved	retained	Ser200 S214 retained
A0A9W6SEY1	0.842	2.57	true	S226	0.51	retained	H443	0.70	retained	E337	0.68	retained	F109	2.25	altered	retained	Ser200 S226 retained
A0A9W6V6F6	0.749	3.11	true	S132	0.45	retained	H365	1.15	retained	E251	1.33	retained	-	NA	unresolved	retained	Ser200 S132 retained
A0A9W7AFI2	0.811	2.94	true	S176	0.61	retained	H406	0.23	retained	E304	0.11	retained	-	NA	unresolved	retained	Ser200 S176 retained
A0A9W7TT46	0.859	2.48	true	S341	0.38	retained	H572	0.42	retained	E468	0.47	retained	-	NA	unresolved	retained	Ser200 S341 retained
A0A9W7VXS8	0.822	3.11	true	S219	0.43	retained	H434	1.05	retained	E336	1.22	retained	-	NA	unresolved	retained	Ser200 S219 retained
A0A9W8JAN9	0.775	3.20	true	S207	0.67	retained	H454	0.45	retained	E337	0.71	retained	-	NA	unresolved	retained	Ser200 S207 retained
A0A9W9FVR6	0.809	2.96	true	S226	0.41	retained	H417	0.67	retained	E351	0.79	retained	L106	3.19	lost	retained	Ser200 S226 retained
A0A9W9G3W0	0.842	3.15	true	S214	0.86	retained	H451	0.82	retained	E337	1.07	retained	D90	2.61	lost	retained	Ser200 S214 retained
A0A9W9RKE9	0.726	3.22	true	S189	0.23	retained	H379	0.59	retained	E306	0.73	retained	-	NA	unresolved	retained	Ser200 S189 retained
A0A9W9Y3S2	0.806	3.33	true	S230	0.32	retained	H428	0.85	retained	E357	0.98	retained	I115	1.69	lost	retained	Ser200 S230 retained
A0A9W9ZLY9	0.324	2.66	false	-	NA	unresolved	-	NA	unresolved	-	NA	unresolved	-	NA	unresolved	unresolved	fold below TM gate (TM 0.32 < 0.50)
A0A9X0A4A1	0.927	2.00	true	S209	0.65	retained	H447	0.76	retained	E335	0.81	retained	-	NA	unresolved	retained	Ser200 S209 retained
A0A9X1ZJB8	0.788	3.47	true	G245	0.59	lost	N600	1.10	lost	E437	0.87	retained	-	NA	unresolved	lost	Ser200 G not in expected {S}
A0A9X2AFG1	0.850	2.31	true	S195	0.21	retained	H403	0.51	retained	E307	0.79	retained	A73	2.11	lost	retained	Ser200 S195 retained
A0A9X3JYK8	0.635	2.97	true	S89	0.54	retained	H293	0.33	retained	E205	0.77	retained	-	NA	unresolved	retained	Ser200 S89 retained
A0A9X4E7W6	0.674	2.79	true	S96	1.02	retained	H318	0.69	retained	E218	1.01	retained	-	NA	unresolved	retained	Ser200 S96 retained
A0A9X4FIB4	0.527	3.28	true	G264	0.25	lost	D450	1.71	lost	-	NA	unresolved	-	NA	unresolved	lost	Ser200 G not in expected {S}
A0A9X4KR84	0.478	2.70	false	-	NA	unresolved	-	NA	unresolved	-	NA	unresolved	-	NA	unresolved	unresolved	fold below TM gate (TM 0.48 < 0.50)
A0A9X9MF67	0.838	3.00	true	S210	0.95	retained	H444	1.18	retained	E337	1.02	retained	F95	5.97	unresolved	retained	Ser200 S210 retained
A0AA35KSC6	0.407	3.46	false	-	NA	unresolved	-	NA	unresolved	-	NA	unresolved	-	NA	unresolved	unresolved	fold below TM gate (TM 0.41 < 0.50)
A0AA35QXG0	0.683	2.76	true	S141	0.24	retained	H373	0.47	retained	E268	0.61	retained	-	NA	unresolved	retained	Ser200 S141 retained
A0AA36C8C9	0.718	3.72	true	S214	0.77	retained	-	NA	unresolved	E355	1.04	retained	-	NA	unresolved	retained	Ser200 S214 retained
A0AA36D3J2	0.821	3.37	true	S221	0.75	retained	H466	0.72	retained	E362	0.98	retained	T98	7.55	unresolved	retained	Ser200 S221 retained
A0AA36D3U5	0.859	2.87	true	S199	0.59	retained	H437	0.99	retained	E322	0.72	retained	-	NA	unresolved	retained	Ser200 S199 retained
A0AA36DV17	0.785	3.27	true	S207	0.55	retained	H419	0.74	retained	E339	1.27	retained	-	NA	unresolved	retained	Ser200 S207 retained
A0AA36GPX6	0.944	1.92	true	S258	0.33	retained	H518	0.39	retained	E390	0.61	retained	W144	0.43	retained	retained	Ser200 S258 retained
A0AA37US97	0.799	2.76	true	S185	0.65	retained	H402	0.29	retained	E311	0.42	retained	Y74	1.39	altered	retained	Ser200 S185 retained
A0AA38MBB7	0.825	2.99	true	S191	0.60	retained	H439	0.74	retained	E322	0.89	retained	-	NA	unresolved	retained	Ser200 S191 retained
A0AA39G8S5	0.818	3.51	true	S253	0.98	retained	H470	1.40	retained	E377	1.51	retained	L125	7.92	unresolved	retained	Ser200 S253 retained
A0AA39HLC1	0.872	3.00	true	S229	0.68	retained	H482	0.70	retained	E365	0.64	retained	V111	10.75	unresolved	retained	Ser200 S229 retained
A0AA39LS48	0.841	3.07	true	S228	0.65	retained	H470	0.75	retained	E360	0.80	retained	-	NA	unresolved	retained	Ser200 S228 retained
A0AA39LYC0	0.295	2.89	false	-	NA	unresolved	-	NA	unresolved	-	NA	unresolved	-	NA	unresolved	unresolved	fold below TM gate (TM 0.29 < 0.50)
A0AA39Q5X9	0.809	3.31	true	S284	1.26	retained	H496	1.14	retained	E411	1.06	retained	-	NA	unresolved	retained	Ser200 S284 retained
A0AA40E5F6	0.713	3.07	true	S196	0.23	retained	H386	0.57	retained	E320	0.99	retained	L127	3.70	lost	retained	Ser200 S196 retained
A0AA40FFY5	0.638	3.24	true	S246	0.20	retained	-	NA	unresolved	E375	0.58	retained	W112	0.67	retained	retained	Ser200 S246 retained
A0AA40KF56	0.582	2.46	true	G83	0.79	lost	-	NA	unresolved	E207	0.83	retained	-	NA	unresolved	lost	Ser200 G not in expected {S}
A0AA40LV24	0.837	1.03	true	S119	0.17	retained	H363	0.20	retained	E250	0.66	retained	W2	0.76	retained	retained	Ser200 S119 retained
A0AA40ZVR7	0.796	3.39	true	S211	0.75	retained	H448	0.73	retained	E345	1.34	retained	M90	4.21	unresolved	retained	Ser200 S211 retained
A0AA48GQT0	0.855	2.68	true	S411	0.56	retained	H627	0.33	retained	E532	0.91	retained	G287	12.11	unresolved	retained	Ser200 S411 retained
A0AA49JFL8	0.420	3.54	false	-	NA	unresolved	-	NA	unresolved	-	NA	unresolved	-	NA	unresolved	unresolved	fold below TM gate (TM 0.42 < 0.50)
A0AA88XTI2	0.690	3.76	true	S180	0.41	retained	H352	0.38	retained	E309	0.54	retained	K82	5.91	unresolved	retained	Ser200 S180 retained
A0AA88YC64	0.438	2.02	false	-	NA	unresolved	-	NA	unresolved	-	NA	unresolved	-	NA	unresolved	unresolved	fold below TM gate (TM 0.44 < 0.50)
A0AAB0ACJ4	0.619	3.26	true	-	NA	unresolved	H332	0.59	retained	D207	1.15	altered	-	NA	unresolved	unresolved	Ser200: reference position aligned to a gap
A0AAD2H0E2	0.532	3.32	true	S22	1.28	retained	H233	1.14	retained	E149	0.99	retained	-	NA	unresolved	retained	Ser200 S22 retained
A0AAD2H4I9	0.822	3.02	true	S300	0.65	retained	H539	0.69	retained	E422	0.96	retained	D176	11.13	unresolved	retained	Ser200 S300 retained
A0AAD4KK47	0.801	2.83	true	A220	0.40	lost	H415	0.67	retained	E349	0.87	retained	Y102	2.60	altered	lost	Ser200 A not in expected {S}
A0AAD4MZJ4	0.752	2.64	true	S197	0.71	retained	H452	0.89	retained	E320	0.74	retained	-	NA	unresolved	retained	Ser200 S197 retained
A0AAD4R131	0.711	4.38	true	E319	0.57	lost	P545	6.20	unresolved	E447	1.26	retained	K149	12.18	unresolved	lost	Ser200 E not in expected {S}
A0AAD5KH24	0.693	2.74	true	S85	0.27	retained	H348	0.55	retained	E220	0.80	retained	-	NA	unresolved	retained	Ser200 S85 retained
A0AAD5KWY1	0.847	2.71	true	S218	0.88	retained	H512	0.70	retained	E385	1.06	retained	-	NA	unresolved	retained	Ser200 S218 retained
A0AAD5QBR4	0.306	2.20	false	-	NA	unresolved	-	NA	unresolved	-	NA	unresolved	-	NA	unresolved	unresolved	fold below TM gate (TM 0.31 < 0.50)
A0AAD5QSQ4	0.565	2.75	true	S89	0.60	retained	S337	2.43	lost	E223	0.14	retained	-	NA	unresolved	retained	Ser200 S89 retained
A0AAD5VTH3	0.827	3.21	true	S233	1.03	retained	H445	1.27	retained	E357	1.14	retained	-	NA	unresolved	retained	Ser200 S233 retained
A0AAD6STJ8	0.851	2.59	true	S216	0.68	retained	H459	0.95	retained	E344	0.74	retained	-	NA	unresolved	retained	Ser200 S216 retained
A0AAD6VAW5	0.833	3.07	true	S207	0.41	retained	H449	1.18	retained	E325	1.35	retained	-	NA	unresolved	retained	Ser200 S207 retained
A0AAD6ZZT4	0.841	3.34	true	S246	1.07	retained	H482	0.76	retained	E372	0.71	retained	L116	2.44	lost	retained	Ser200 S246 retained
A0AAD7F278	0.827	3.13	true	S213	0.83	retained	H450	0.63	retained	E339	0.58	retained	-	NA	unresolved	retained	Ser200 S213 retained
A0AAD7FAK5	0.830	3.33	true	S240	1.47	retained	H455	1.04	retained	E367	0.97	retained	P120	10.80	unresolved	retained	Ser200 S240 retained
A0AAD7HEY4	0.840	2.93	true	S198	0.90	retained	H446	0.72	retained	E327	0.73	retained	-	NA	unresolved	retained	Ser200 S198 retained
A0AAD7RKP6	0.869	2.37	true	S281	0.38	retained	H513	0.69	retained	E409	0.67	retained	Q158	3.88	lost	retained	Ser200 S281 retained
A0AAD8AAR7	0.555	1.96	true	S182	0.49	retained	-	NA	unresolved	E311	1.52	retained	-	NA	unresolved	retained	Ser200 S182 retained
A0AAD8C593	0.899	1.30	true	S161	0.31	retained	H408	0.32	retained	E287	0.26	retained	W44	0.13	retained	retained	Ser200 S161 retained
A0AAD8CCG2	0.887	2.29	true	S206	0.48	retained	H445	0.33	retained	E337	0.44	retained	-	NA	unresolved	retained	Ser200 S206 retained
A0AAD8YR94	0.825	2.97	true	S487	0.91	retained	H716	0.53	retained	E605	0.76	retained	N372	9.59	unresolved	retained	Ser200 S487 retained
A0AAD9AWN3	0.792	3.42	true	S505	1.03	retained	H717	0.65	retained	E627	1.23	retained	-	NA	unresolved	retained	Ser200 S505 retained
A0AAD9F106	0.770	2.80	true	S188	0.99	retained	N396	0.49	lost	D313	0.86	altered	-	NA	unresolved	retained	Ser200 S188 retained
A0AAD9JHM6	0.866	2.34	true	S412	0.44	retained	H631	0.40	retained	E539	0.54	retained	K297	7.46	unresolved	retained	Ser200 S412 retained
A0AAD9L2W2	0.869	2.35	true	S225	0.53	retained	H442	0.52	retained	E352	1.09	retained	-	NA	unresolved	retained	Ser200 S225 retained
A0AAE0BMQ4	0.824	3.39	true	S269	1.35	retained	H511	1.25	retained	E402	1.43	retained	-	NA	unresolved	retained	Ser200 S269 retained
A0AAE0C3N9	0.847	3.07	true	S196	0.44	retained	H434	0.20	retained	E324	0.28	retained	S81	8.98	unresolved	retained	Ser200 S196 retained
A0AAE0L572	0.844	3.08	true	S222	1.34	retained	H465	0.65	retained	D344	0.67	altered	H105	13.05	unresolved	retained	Ser200 S222 retained
A0AAE0TSV3	0.672	2.85	true	S88	0.53	retained	H337	0.38	retained	E204	0.57	retained	-	NA	unresolved	retained	Ser200 S88 retained
A0AAE0XZZ1	0.730	3.05	true	S110	0.61	retained	H373	0.43	retained	E256	0.45	retained	-	NA	unresolved	retained	Ser200 S110 retained
A0AAE1BBN1	0.845	2.53	true	S177	0.52	retained	H434	0.59	retained	E319	0.85	retained	-	NA	unresolved	retained	Ser200 S177 retained
A0AAE1DK08	0.866	2.87	true	S261	0.49	retained	H514	0.31	retained	E394	0.92	retained	-	NA	unresolved	retained	Ser200 S261 retained
A0AAE1EQU7	0.286	2.58	false	-	NA	unresolved	-	NA	unresolved	-	NA	unresolved	-	NA	unresolved	unresolved	fold below TM gate (TM 0.29 < 0.50)
A0AAE1FJJ4	0.879	2.86	true	S208	0.37	retained	H454	1.06	retained	E333	1.13	retained	-	NA	unresolved	retained	Ser200 S208 retained
A0AAE1HU60	0.860	3.14	true	G206	0.26	lost	G507	2.44	lost	E393	1.79	retained	-	NA	unresolved	lost	Ser200 G not in expected {S}
A0AAE1HZN2	0.627	3.49	true	S57	1.03	retained	H325	0.78	retained	E195	1.19	retained	-	NA	unresolved	retained	Ser200 S57 retained
A0AAE1LGP7	0.874	2.93	true	S238	0.63	retained	H493	1.07	retained	E376	1.27	retained	-	NA	unresolved	retained	Ser200 S238 retained
A0AAE1M4I3	0.849	2.62	true	S533	0.65	retained	H774	0.48	retained	E658	0.66	retained	F418	3.28	altered	retained	Ser200 S533 retained
A0AAE1TMY9	0.861	2.63	true	S212	0.45	retained	H449	0.43	retained	D334	1.32	altered	-	NA	unresolved	retained	Ser200 S212 retained
A0AAE3ECR4	0.851	3.01	true	S203	0.84	retained	H422	0.99	retained	E326	0.83	retained	F81	4.39	unresolved	retained	Ser200 S203 retained
A0AAE8MN99	0.352	2.28	false	-	NA	unresolved	-	NA	unresolved	-	NA	unresolved	-	NA	unresolved	unresolved	fold below TM gate (TM 0.35 < 0.50)
A0AAE9A609	0.827	2.84	true	S209	0.59	retained	H448	0.84	retained	E332	1.02	retained	L88	2.69	lost	retained	Ser200 S209 retained
A0AAF3EXP9	0.647	2.82	true	S141	0.62	retained	H376	0.61	retained	E264	0.44	retained	-	NA	unresolved	retained	Ser200 S141 retained
A0AAF3FED9	0.794	3.40	true	S197	0.62	retained	H432	0.63	retained	E320	0.54	retained	-	NA	unresolved	retained	Ser200 S197 retained
A0AAF5D296	0.911	2.38	true	S214	0.35	retained	H468	0.53	retained	E343	0.69	retained	T100	0.24	lost	retained	Ser200 S214 retained
A0AAF5DKN4	0.885	2.93	true	G213	0.45	lost	H467	0.50	retained	E344	0.88	retained	W96	0.38	retained	lost	Ser200 G not in expected {S}
A0AAF5DR94	0.871	2.47	true	S228	0.66	retained	H521	0.42	retained	E396	0.70	retained	S113	1.36	lost	retained	Ser200 S228 retained
A0AAI8VUT1	0.851	3.01	true	S369	0.61	retained	H618	0.33	retained	E507	0.64	retained	-	NA	unresolved	retained	Ser200 S369 retained
A0AAJ0CQS2	0.723	3.23	true	S128	1.01	retained	H361	0.74	retained	E255	0.97	retained	-	NA	unresolved	retained	Ser200 S128 retained
A0AAJ6QQN6	0.880	2.70	true	S202	0.45	retained	H447	1.54	retained	E329	1.16	retained	L87	1.26	lost	retained	Ser200 S202 retained
A0AAJ7BHY0	0.728	2.83	true	S118	0.39	retained	H356	1.03	retained	E249	0.78	retained	-	NA	unresolved	retained	Ser200 S118 retained
A0AAJ7SGM2	0.907	2.73	true	G266	0.67	lost	I519	8.20	unresolved	E393	0.92	retained	A147	7.34	unresolved	lost	Ser200 G not in expected {S}
A0AAN5CRG2	0.878	2.86	true	S191	1.02	retained	H439	0.76	retained	E316	0.59	retained	-	NA	unresolved	retained	Ser200 S191 retained
A0AAN6P5Y5	0.837	3.08	true	S271	0.78	retained	H519	0.54	retained	E403	0.76	retained	-	NA	unresolved	retained	Ser200 S271 retained
A0AAN6VC75	0.841	3.14	true	S212	0.41	retained	H445	0.69	retained	E336	0.86	retained	-	NA	unresolved	retained	Ser200 S212 retained
A0AAN6XFI2	0.849	3.06	true	S324	1.16	retained	H566	1.61	retained	E455	1.26	retained	-	NA	unresolved	retained	Ser200 S324 retained
A0AAN7P9N1	0.885	3.21	true	S522	0.35	retained	H785	1.35	retained	E657	1.16	retained	-	NA	unresolved	retained	Ser200 S522 retained
A0AAN7SP87	0.511	2.60	true	S210	0.37	retained	-	NA	unresolved	-	NA	unresolved	-	NA	unresolved	retained	Ser200 S210 retained
A0AAN7VCW9	0.544	3.00	true	S220	0.52	retained	-	NA	unresolved	-	NA	unresolved	-	NA	unresolved	retained	Ser200 S220 retained
A0AAN7VGQ2	0.578	2.53	true	S188	0.49	retained	-	NA	unresolved	E316	0.54	retained	-	NA	unresolved	retained	Ser200 S188 retained
A0AAN7VKR6	0.889	3.05	true	S663	0.42	retained	H913	0.91	retained	D794	1.16	altered	-	NA	unresolved	retained	Ser200 S663 retained
A0AAN7ZAW9	0.478	2.93	false	-	NA	unresolved	-	NA	unresolved	-	NA	unresolved	-	NA	unresolved	unresolved	fold below TM gate (TM 0.48 < 0.50)
A0AAN8JPQ7	0.835	2.72	true	E214	1.03	lost	T435	3.06	lost	M335	1.62	lost	F99	10.14	unresolved	lost	Ser200 E not in expected {S}
A0AAN8RE17	0.836	2.94	true	S338	0.60	retained	H585	0.47	retained	E462	0.49	retained	-	NA	unresolved	retained	Ser200 S338 retained
A0AAN8WIK1	0.972	1.19	true	S221	0.34	retained	H460	0.41	retained	E346	0.39	retained	W106	0.30	retained	retained	Ser200 S221 retained
A0AAN8WWX3	0.784	2.59	true	G137	0.61	lost	H392	0.60	retained	E279	0.25	retained	L14	3.63	lost	lost	Ser200 G not in expected {S}
A0AAN9AH44	0.876	3.11	true	S235	0.26	retained	H485	1.01	retained	E363	1.50	retained	-	NA	unresolved	retained	Ser200 S235 retained
A0AAN9B6Z0	0.886	2.12	true	S197	0.48	retained	H443	0.24	retained	E331	0.33	retained	-	NA	unresolved	retained	Ser200 S197 retained
A0AAN9BK82	0.891	2.19	true	S255	0.75	retained	H513	0.46	retained	E391	0.28	retained	-	NA	unresolved	retained	Ser200 S255 retained
A0AAN9TUD3	0.863	2.77	true	S234	0.13	retained	H486	0.75	retained	E365	0.77	retained	-	NA	unresolved	retained	Ser200 S234 retained
A0AAN9VN27	0.963	1.53	true	S257	0.37	retained	H500	0.31	retained	E386	0.23	retained	W126	0.56	retained	retained	Ser200 S257 retained
A0AAN9Y3T9	0.707	3.67	true	S156	0.53	retained	-	NA	unresolved	E289	2.46	retained	-	NA	unresolved	retained	Ser200 S156 retained
A0AAN9Z0Z2	0.878	2.97	true	S207	0.05	retained	H457	0.75	retained	E340	1.19	retained	-	NA	unresolved	retained	Ser200 S207 retained
A0AAQ4DXC2	0.646	2.20	true	S54	0.51	retained	H296	0.55	retained	E185	1.44	retained	-	NA	unresolved	retained	Ser200 S54 retained
A0AAQ4DXR4	0.907	2.54	true	S410	0.26	retained	H654	0.79	retained	E540	1.44	retained	I288	3.98	lost	retained	Ser200 S410 retained
A0AAQ4DXR6	0.893	2.36	true	S185	0.41	retained	H428	1.05	retained	E314	1.26	retained	I65	3.67	lost	retained	Ser200 S185 retained
A0AAQ4DXR7	0.662	2.68	true	Q121	0.62	lost	H350	1.39	retained	E241	1.60	retained	-	NA	unresolved	lost	Ser200 Q not in expected {S}
A0AAQ4ELG0	0.743	2.76	true	E277	0.61	lost	Q428	0.76	lost	E331	0.89	retained	L162	5.53	unresolved	lost	Ser200 E not in expected {S}
A0AAQ4ENQ1	0.825	2.05	true	S243	0.41	retained	H487	1.44	retained	E373	1.77	retained	F128	1.86	altered	retained	Ser200 S243 retained
A0AAQ4EXR1	0.862	2.54	true	G232	0.64	lost	Y484	0.88	lost	A355	0.81	lost	-	NA	unresolved	lost	Ser200 G not in expected {S}
A0AAQ4EYA0	0.881	3.14	true	S218	0.40	retained	H461	0.73	retained	E346	1.17	retained	-	NA	unresolved	retained	Ser200 S218 retained
A0AAQ4FI14	0.717	2.29	true	S131	0.37	retained	H373	1.16	retained	E259	1.38	retained	I15	5.37	unresolved	retained	Ser200 S131 retained
A0AAR5P6B5	0.852	2.94	true	S204	0.71	retained	H446	0.57	retained	E332	0.67	retained	-	NA	unresolved	retained	Ser200 S204 retained
A0AAU1JV38	0.828	2.74	true	S214	0.52	retained	H435	0.47	retained	E331	0.93	retained	-	NA	unresolved	retained	Ser200 S214 retained
A0AAU3UPN1	0.784	2.54	true	S189	0.71	retained	H402	0.11	retained	E309	0.49	retained	Y77	3.22	altered	retained	Ser200 S189 retained
A0AAU5I522	0.816	3.16	true	S200	0.99	retained	H423	0.38	retained	E330	1.27	retained	-	NA	unresolved	retained	Ser200 S200 retained
A0AAU5TLL5	0.839	2.64	true	S236	0.31	retained	H461	0.83	retained	E348	1.20	retained	G118	7.34	unresolved	retained	Ser200 S236 retained
A0AAU6C6C4	0.824	3.05	true	S196	0.88	retained	H425	0.27	retained	E328	0.56	retained	F81	2.06	altered	retained	Ser200 S196 retained
A0AAU6G162	0.793	2.52	true	S242	0.34	retained	H445	0.92	retained	E350	1.13	retained	G127	4.06	unresolved	retained	Ser200 S242 retained
A0AAU7WGZ2	0.810	2.74	true	S190	0.49	retained	H401	0.68	retained	E309	0.63	retained	-	NA	unresolved	retained	Ser200 S190 retained
A0AAU8PLJ3	0.694	3.25	true	S174	0.49	retained	H359	1.04	retained	E276	0.50	retained	-	NA	unresolved	retained	Ser200 S174 retained
A0AAU9VXC2	0.911	2.29	true	G405	0.74	lost	R646	1.46	lost	E533	1.13	retained	-	NA	unresolved	lost	Ser200 G not in expected {S}
A0AAU9WYP8	0.410	2.08	false	-	NA	unresolved	-	NA	unresolved	-	NA	unresolved	-	NA	unresolved	unresolved	fold below TM gate (TM 0.41 < 0.50)
A0AAV1GCP7	0.676	2.77	true	S211	1.61	retained	-	NA	unresolved	D336	0.97	altered	-	NA	unresolved	retained	Ser200 S211 retained
A0AAV1PGG2	0.911	2.39	true	G322	0.76	lost	H556	0.18	retained	E443	0.58	retained	A186	4.30	unresolved	lost	Ser200 G not in expected {S}
A0AAV1YTJ0	0.753	2.61	true	S216	0.44	retained	H396	0.43	retained	-	NA	unresolved	-	NA	unresolved	retained	Ser200 S216 retained
A0AAV2A652	0.504	2.47	true	D323	0.38	lost	-	NA	unresolved	-	NA	unresolved	-	NA	unresolved	lost	Ser200 D not in expected {S}
A0AAV2BAU2	0.623	2.37	true	S134	1.09	retained	H377	0.71	retained	E263	0.57	retained	L129	1.92	lost	retained	Ser200 S134 retained
A0AAV2H8Q4	0.882	2.86	true	S218	0.61	retained	H458	0.28	retained	E349	0.61	retained	-	NA	unresolved	retained	Ser200 S218 retained
A0AAV2HB32	0.877	2.62	true	S209	0.65	retained	H449	0.65	retained	E340	0.88	retained	-	NA	unresolved	retained	Ser200 S209 retained
A0AAV2IG48	0.422	4.48	false	-	NA	unresolved	-	NA	unresolved	-	NA	unresolved	-	NA	unresolved	unresolved	fold below TM gate (TM 0.42 < 0.50)
A0AAV2IKH0	0.861	2.50	true	S211	0.34	retained	H442	1.14	retained	E335	0.93	retained	-	NA	unresolved	retained	Ser200 S211 retained
A0AAV2KRN8	0.993	0.81	true	S228	0.26	retained	H488	0.28	retained	E355	0.16	retained	W111	0.14	retained	retained	Ser200 S228 retained
A0AAV2PR41	0.396	2.70	false	-	NA	unresolved	-	NA	unresolved	-	NA	unresolved	-	NA	unresolved	unresolved	fold below TM gate (TM 0.40 < 0.50)
A0AAV3ZSE7	0.545	3.16	true	S214	0.82	retained	H275	0.98	retained	-	NA	unresolved	-	NA	unresolved	retained	Ser200 S214 retained
A0AAV4DI47	0.938	2.07	true	S284	0.40	retained	H525	0.25	retained	E418	0.25	retained	W155	0.42	retained	retained	Ser200 S284 retained
A0AAV4WM61	0.571	1.92	true	S251	0.23	retained	-	NA	unresolved	E380	0.73	retained	Y135	0.91	altered	retained	Ser200 S251 retained
A0AAV5AD74	0.837	3.38	true	S219	0.84	retained	H454	1.40	retained	D353	0.99	altered	-	NA	unresolved	retained	Ser200 S219 retained
A0AAV5S764	0.607	3.31	true	S111	0.45	retained	H330	0.77	retained	E238	0.69	retained	-	NA	unresolved	retained	Ser200 S111 retained
A0AAV5S780	0.643	3.20	true	S110	0.96	retained	H314	0.29	retained	E237	0.60	retained	-	NA	unresolved	retained	Ser200 S110 retained
A0AAV5UA68	0.241	2.27	false	-	NA	unresolved	-	NA	unresolved	-	NA	unresolved	-	NA	unresolved	unresolved	fold below TM gate (TM 0.24 < 0.50)
A0AAV5UML9	0.692	2.52	true	S207	0.95	retained	-	NA	unresolved	E332	0.70	retained	-	NA	unresolved	retained	Ser200 S207 retained
A0AAV6C2G6	0.831	2.88	true	S196	1.07	retained	H410	0.60	retained	E315	0.84	retained	G75	13.10	unresolved	retained	Ser200 S196 retained
A0AAV6HED8	0.911	2.39	true	G296	0.73	lost	H530	0.21	retained	E417	0.57	retained	A160	4.33	unresolved	lost	Ser200 G not in expected {S}
A0AAV6V629	0.741	2.00	true	G121	0.47	lost	T372	1.17	lost	E244	0.69	retained	-	NA	unresolved	lost	Ser200 G not in expected {S}
A0AAV7B2C9	0.816	3.36	true	S274	0.76	retained	H520	0.92	retained	E406	0.68	retained	-	NA	unresolved	retained	Ser200 S274 retained
A0AAV7XBW4	0.596	2.58	true	S275	0.41	retained	-	NA	unresolved	E413	1.20	retained	A150	11.53	unresolved	retained	Ser200 S275 retained
A0AAV7XDJ5	0.598	3.67	true	S170	0.84	retained	-	NA	unresolved	E304	1.16	retained	-	NA	unresolved	retained	Ser200 S170 retained
A0AAV7XKA4	0.884	3.02	true	Q259	0.69	lost	L522	1.38	lost	D402	1.25	altered	-	NA	unresolved	lost	Ser200 Q not in expected {S}
A0AAV7XYP0	0.656	3.17	true	G140	0.27	lost	-	NA	unresolved	D287	1.32	altered	-	NA	unresolved	lost	Ser200 G not in expected {S}
A0AAV8XL68	0.668	2.67	true	S110	0.28	retained	H309	0.97	retained	E216	0.87	retained	-	NA	unresolved	retained	Ser200 S110 retained
A0AAV8YJT5	0.812	3.40	true	S206	0.29	retained	H435	0.90	retained	E323	1.18	retained	-	NA	unresolved	retained	Ser200 S206 retained
A0AAV8ZJD2	0.866	2.80	true	S194	0.58	retained	H435	0.36	retained	E324	0.84	retained	-	NA	unresolved	retained	Ser200 S194 retained
A0AAV8ZJE0	0.869	3.19	true	S568	0.27	retained	H813	0.43	retained	E694	0.48	retained	-	NA	unresolved	retained	Ser200 S568 retained
A0AAV8ZNV8	0.599	2.83	true	S259	0.35	retained	-	NA	unresolved	E388	1.05	retained	-	NA	unresolved	retained	Ser200 S259 retained
A0AAV8ZV45	0.567	2.40	true	S299	0.33	retained	-	NA	unresolved	E435	1.12	retained	-	NA	unresolved	retained	Ser200 S299 retained
A0AAV9HT04	0.823	2.88	true	S310	0.25	retained	H506	0.53	retained	E438	1.40	retained	F192	2.37	altered	retained	Ser200 S310 retained
A0AAV9JU71	0.797	3.33	true	S655	0.99	retained	H873	0.67	retained	E777	0.68	retained	-	NA	unresolved	retained	Ser200 S655 retained
A0AAV9RJN6	0.626	0.98	true	S185	0.13	retained	-	NA	unresolved	E312	0.28	retained	W68	0.24	retained	retained	Ser200 S185 retained
A0AAW0C6S8	0.835	3.18	true	S545	1.01	retained	H773	1.01	retained	D668	1.12	altered	-	NA	unresolved	retained	Ser200 S545 retained
A0AAW0E9U2	0.747	3.22	true	S200	0.45	retained	H447	0.76	retained	E326	0.76	retained	I99	13.35	unresolved	retained	Ser200 S200 retained
A0AAW0HFK1	0.902	2.31	true	S252	0.74	retained	H502	0.63	retained	E369	0.63	retained	-	NA	unresolved	retained	Ser200 S252 retained
A0AAW0NZ24	0.943	1.45	true	S378	0.43	retained	H617	0.72	retained	E504	0.82	retained	W275	0.58	retained	retained	Ser200 S378 retained
A0AAW0R712	0.852	2.93	true	S345	0.38	retained	H594	0.40	retained	E483	0.49	retained	-	NA	unresolved	retained	Ser200 S345 retained
A0AAW0VR09	0.606	3.09	true	S133	0.20	retained	-	NA	unresolved	E258	1.35	retained	-	NA	unresolved	retained	Ser200 S133 retained
A0AAW0VU66	0.711	2.96	true	S211	0.23	retained	-	NA	unresolved	E336	1.38	retained	-	NA	unresolved	retained	Ser200 S211 retained
A0AAW0XJX0	0.828	3.13	true	S239	0.35	retained	H486	0.97	retained	E363	1.31	retained	-	NA	unresolved	retained	Ser200 S239 retained
A0AAW0XZK0	0.771	3.08	true	S134	0.35	retained	H383	1.17	retained	E259	1.50	retained	-	NA	unresolved	retained	Ser200 S134 retained
A0AAW0YMP0	0.785	3.46	true	Q423	1.42	lost	G697	2.04	lost	A529	2.29	lost	-	NA	unresolved	lost	Ser200 Q not in expected {S}
A0AAW1BX33	0.660	2.26	true	S53	0.26	retained	H279	0.74	retained	D169	1.50	altered	-	NA	unresolved	retained	Ser200 S53 retained
A0AAW1CXF8	0.540	2.09	true	S173	0.36	retained	-	NA	unresolved	E300	1.13	retained	-	NA	unresolved	retained	Ser200 S173 retained
A0AAW1D0U8	0.831	3.39	true	G239	0.59	lost	H522	0.35	retained	E382	0.86	retained	-	NA	unresolved	lost	Ser200 G not in expected {S}
A0AAW1DPP3	0.974	1.18	true	S220	0.39	retained	H460	0.51	retained	E346	0.46	retained	W105	0.28	retained	retained	Ser200 S220 retained
A0AAW1IFE1	0.857	2.67	true	S208	0.52	retained	H443	0.44	retained	E334	1.40	retained	-	NA	unresolved	retained	Ser200 S208 retained
A0AAW1IFY6	0.851	2.90	true	S210	0.76	retained	H442	0.77	retained	E331	1.46	retained	-	NA	unresolved	retained	Ser200 S210 retained
A0AAW1L989	0.860	2.94	true	S211	0.34	retained	H451	0.96	retained	E345	1.23	retained	-	NA	unresolved	retained	Ser200 S211 retained
A0AAW1UYY0	0.812	3.26	true	S163	0.47	retained	H418	0.61	retained	E298	0.90	retained	-	NA	unresolved	retained	Ser200 S163 retained
A0AAW2ZK23	0.823	2.54	true	S200	0.58	retained	H411	0.93	retained	E313	0.50	retained	-	NA	unresolved	retained	Ser200 S200 retained
A0AAW3U8K4	0.849	2.79	true	S219	0.82	retained	H445	1.48	retained	E342	1.83	retained	-	NA	unresolved	retained	Ser200 S219 retained
A0AAW5QMH8	0.428	3.30	false	-	NA	unresolved	-	NA	unresolved	-	NA	unresolved	-	NA	unresolved	unresolved	fold below TM gate (TM 0.43 < 0.50)
A0AAX6MD01	0.815	2.82	true	S688	0.63	retained	H924	0.54	retained	D808	1.20	altered	-	NA	unresolved	retained	Ser200 S688 retained
A0AAY4C7M1	0.880	2.94	true	S212	1.23	retained	H452	0.81	retained	D337	0.74	altered	-	NA	unresolved	retained	Ser200 S212 retained
A0AB34FJY1	0.722	2.49	true	S108	0.90	retained	H373	0.72	retained	D261	1.16	altered	-	NA	unresolved	retained	Ser200 S108 retained
A0AB34G0L9	0.785	3.09	true	-	NA	unresolved	H705	0.59	retained	E613	0.47	retained	P397	6.34	unresolved	unresolved	Ser200: reference position aligned to a gap
A0AB34JFI7	0.840	3.26	true	S215	0.71	retained	H447	0.08	retained	D330	0.71	altered	D92	10.28	unresolved	retained	Ser200 S215 retained
A0AB37WHZ9	0.819	3.10	true	S268	0.35	retained	H483	1.04	retained	E385	1.29	retained	-	NA	unresolved	retained	Ser200 S268 retained
A0ABC9XEQ8	0.692	2.35	true	S255	0.55	retained	H453	0.30	retained	E338	0.54	retained	-	NA	unresolved	retained	Ser200 S255 retained
A0ABD0K4D9	0.902	2.43	true	S384	0.80	retained	H639	0.45	retained	E520	1.15	retained	-	NA	unresolved	retained	Ser200 S384 retained
A0ABD0KFD8	0.887	2.51	true	S233	0.48	retained	H495	0.56	retained	E366	0.99	retained	-	NA	unresolved	retained	Ser200 S233 retained
A0ABD0KUE8	0.523	2.17	true	G204	0.48	lost	-	NA	unresolved	-	NA	unresolved	Y93	1.75	altered	lost	Ser200 G not in expected {S}
A0ABD1DND4	0.868	2.99	true	S278	0.71	retained	H528	0.87	retained	E411	1.14	retained	-	NA	unresolved	retained	Ser200 S278 retained
A0ABD1DPC5	0.602	4.30	true	S192	0.86	retained	-	NA	unresolved	F331	7.56	unresolved	-	NA	unresolved	retained	Ser200 S192 retained
A0ABD1DXB0	0.605	3.01	true	S180	0.67	retained	-	NA	unresolved	E314	1.53	retained	-	NA	unresolved	retained	Ser200 S180 retained
A0ABD1E8A3	0.701	3.19	true	S93	0.22	retained	H345	0.74	retained	E226	0.83	retained	-	NA	unresolved	retained	Ser200 S93 retained
A0ABD1EET7	0.778	2.01	true	G111	0.17	lost	H367	0.80	retained	E252	0.56	retained	-	NA	unresolved	lost	Ser200 G not in expected {S}
A0ABD1JSD8	0.699	2.95	true	G164	0.62	lost	H399	0.33	retained	E285	0.53	retained	-	NA	unresolved	lost	Ser200 G not in expected {S}
A0ABD2AQ97	0.606	1.34	true	S254	0.21	retained	-	NA	unresolved	E383	0.36	retained	W119	0.62	retained	retained	Ser200 S254 retained
A0ABD2M478	0.879	3.15	true	S233	0.59	retained	H549	0.97	retained	E400	1.18	retained	A111	8.29	unresolved	retained	Ser200 S233 retained
A0ABD2NUI1	0.337	2.84	false	-	NA	unresolved	-	NA	unresolved	-	NA	unresolved	-	NA	unresolved	unresolved	fold below TM gate (TM 0.34 < 0.50)
A0ABD3SCX8	0.499	2.23	false	-	NA	unresolved	-	NA	unresolved	-	NA	unresolved	-	NA	unresolved	unresolved	fold below TM gate (TM 0.50 < 0.50)
A0ABD3U314	0.917	2.36	true	S215	0.30	retained	H467	0.33	retained	D341	1.13	altered	L99	3.48	lost	retained	Ser200 S215 retained
A0ABD5AX73	0.714	3.37	true	S188	0.82	retained	H376	0.18	retained	E304	0.48	retained	E74	8.21	unresolved	retained	Ser200 S188 retained
A0FLP5	0.838	3.15	true	S217	0.81	retained	H463	0.48	retained	E354	0.30	retained	A95	3.20	lost	retained	Ser200 S217 retained
A1DMZ7	0.682	3.43	true	S128	0.88	retained	H343	0.31	retained	E259	0.47	retained	L7	5.79	unresolved	retained	Ser200 S128 retained
A6R3C7	0.657	2.78	true	S89	0.25	retained	H307	0.27	retained	E210	0.85	retained	-	NA	unresolved	retained	Ser200 S89 retained
A7SIV4	0.914	2.12	true	S193	0.62	retained	H431	0.95	retained	E319	1.33	retained	-	NA	unresolved	retained	Ser200 S193 retained
A9V9I9	0.861	2.73	true	S221	0.61	retained	H443	0.37	retained	E344	0.68	retained	-	NA	unresolved	retained	Ser200 S221 retained
B0XAZ4	0.756	2.91	true	S211	0.28	retained	H456	1.04	retained	E341	1.57	retained	-	NA	unresolved	retained	Ser200 S211 retained
B3MF48	0.872	2.96	true	S207	0.83	retained	H467	1.14	retained	E343	1.30	retained	-	NA	unresolved	retained	Ser200 S207 retained
B3SA27	0.911	2.36	true	S196	0.22	retained	H435	0.67	retained	D328	1.51	altered	-	NA	unresolved	retained	Ser200 S196 retained
B3SF12	0.692	2.12	true	S106	0.37	retained	H348	0.70	retained	D238	1.40	altered	-	NA	unresolved	retained	Ser200 S106 retained
B4MQF4	0.782	2.96	true	S197	0.79	retained	H451	1.24	retained	E332	0.89	retained	-	NA	unresolved	retained	Ser200 S197 retained
B4QZP3	0.866	3.00	true	S194	0.47	retained	H444	0.45	retained	E322	1.10	retained	-	NA	unresolved	retained	Ser200 S194 retained
B5T1Y3	0.557	2.65	true	S158	0.39	retained	-	NA	unresolved	E288	1.23	retained	-	NA	unresolved	retained	Ser200 S158 retained
B5THM5	0.943	1.72	true	S222	0.48	retained	H463	0.31	retained	E349	0.29	retained	W107	1.02	retained	retained	Ser200 S222 retained
B6HY21	0.789	2.77	true	S155	0.03	retained	H409	0.63	retained	E288	1.13	retained	-	NA	unresolved	retained	Ser200 S155 retained
B7P3Z1	0.828	2.32	true	S221	0.45	retained	H464	1.10	retained	E350	1.22	retained	I101	3.74	lost	retained	Ser200 S221 retained
B7P808	0.666	2.36	true	G108	0.22	lost	N372	0.62	lost	E245	0.83	retained	-	NA	unresolved	lost	Ser200 G not in expected {S}
B7PI66	0.918	2.34	true	S220	0.55	retained	H465	0.73	retained	E351	0.96	retained	A100	2.92	lost	retained	Ser200 S220 retained
B7PJL9	0.827	3.16	true	D273	0.59	lost	H523	1.38	retained	E407	1.28	retained	-	NA	unresolved	lost	Ser200 D not in expected {S}
B7PWE5	0.883	3.04	true	S236	0.44	retained	H479	0.86	retained	E364	1.08	retained	-	NA	unresolved	retained	Ser200 S236 retained
B7Q1U9	0.900	2.51	true	S221	0.15	retained	H462	0.47	retained	E347	0.93	retained	E104	7.28	unresolved	retained	Ser200 S221 retained
B7ZF08	0.354	1.93	false	-	NA	unresolved	-	NA	unresolved	-	NA	unresolved	-	NA	unresolved	unresolved	fold below TM gate (TM 0.35 < 0.50)
B7ZF10	0.726	3.23	true	S248	1.10	retained	H489	0.35	retained	E379	0.37	retained	-	NA	unresolved	retained	Ser200 S248 retained
C3Y7S1	0.800	2.07	true	S199	0.42	retained	H409	0.75	retained	E321	1.25	retained	K85	8.66	unresolved	retained	Ser200 S199 retained
C3YBW7	0.914	2.39	true	S216	0.62	retained	H463	0.66	retained	E350	0.35	retained	-	NA	unresolved	retained	Ser200 S216 retained
C3YV27	0.818	2.35	true	S169	0.47	retained	H383	0.40	retained	E287	0.35	retained	F58	8.44	unresolved	retained	Ser200 S169 retained
C3YX18	0.396	1.70	false	-	NA	unresolved	-	NA	unresolved	-	NA	unresolved	-	NA	unresolved	unresolved	fold below TM gate (TM 0.40 < 0.50)
C5BY90	0.800	3.29	true	S190	1.02	retained	H415	0.61	retained	E322	0.85	retained	I76	3.53	lost	retained	Ser200 S190 retained
C5FXJ1	0.844	3.16	true	S211	0.68	retained	H441	1.18	retained	E337	0.99	retained	-	NA	unresolved	retained	Ser200 S211 retained
C7ZKH4	0.841	2.96	true	S202	0.97	retained	H430	0.51	retained	E333	1.09	retained	L88	2.71	lost	retained	Ser200 S202 retained
C9YXN5	0.720	3.19	true	S143	0.72	retained	H372	0.11	retained	E266	0.53	retained	G24	3.23	lost	retained	Ser200 S143 retained
D1BDQ0	0.780	3.02	true	S184	0.67	retained	H409	0.32	retained	E312	0.24	retained	-	NA	unresolved	retained	Ser200 S184 retained
D1BEC0	0.853	2.88	true	S216	0.97	retained	H439	0.37	retained	E339	0.39	retained	R94	7.82	unresolved	retained	Ser200 S216 retained
D2U6X2	0.791	1.22	true	S99	0.37	retained	H339	0.53	retained	E225	0.52	retained	-	NA	unresolved	retained	Ser200 S99 retained
D2VJJ7	0.851	2.78	true	S221	0.23	retained	H437	0.65	retained	E334	0.76	retained	N96	3.70	lost	retained	Ser200 S221 retained
D3B5Y9	0.486	2.04	false	-	NA	unresolved	-	NA	unresolved	-	NA	unresolved	-	NA	unresolved	unresolved	fold below TM gate (TM 0.49 < 0.50)
D5G3G4	0.470	2.03	false	-	NA	unresolved	-	NA	unresolved	-	NA	unresolved	-	NA	unresolved	unresolved	fold below TM gate (TM 0.47 < 0.50)
E0VCD0	0.778	3.65	true	R506	1.35	lost	I730	1.96	lost	S634	1.88	lost	-	NA	unresolved	lost	Ser200 R not in expected {S}
E0W5V2	0.469	1.50	false	-	NA	unresolved	-	NA	unresolved	-	NA	unresolved	-	NA	unresolved	unresolved	fold below TM gate (TM 0.47 < 0.50)
E2C2N5	0.732	2.26	true	G94	0.44	lost	H351	0.68	retained	E239	0.61	retained	-	NA	unresolved	lost	Ser200 G not in expected {S}
E2J7H2	0.517	1.51	true	-	NA	unresolved	H193	0.61	retained	E79	0.63	retained	-	NA	unresolved	unresolved	Ser200: reference position aligned to a gap
E3LP45	0.882	2.79	true	S229	0.78	retained	H470	0.70	retained	E352	0.93	retained	A108	7.80	unresolved	retained	Ser200 S229 retained
E3S8R6	0.820	3.41	true	S213	0.84	retained	H443	1.05	retained	E331	0.95	retained	A91	11.33	unresolved	retained	Ser200 S213 retained
E4WUG8	0.611	3.29	true	S231	0.84	retained	-	NA	unresolved	E368	1.80	retained	-	NA	unresolved	retained	Ser200 S231 retained
E4XQM3	0.623	3.62	true	S59	1.48	retained	H319	1.03	retained	D186	1.81	altered	-	NA	unresolved	retained	Ser200 S59 retained
E4XRS5	0.443	2.33	false	-	NA	unresolved	-	NA	unresolved	-	NA	unresolved	-	NA	unresolved	unresolved	fold below TM gate (TM 0.44 < 0.50)
E4YVU0	0.766	3.05	true	S177	0.92	retained	H428	0.98	retained	E305	0.77	retained	-	NA	unresolved	retained	Ser200 S177 retained
E9H9Z4	0.530	2.18	true	G189	0.87	lost	-	NA	unresolved	E329	1.67	retained	M64	3.77	lost	lost	Ser200 G not in expected {S}
E9HH56	0.917	2.29	true	G221	0.58	lost	H463	0.97	retained	E351	0.29	retained	L95	3.82	lost	lost	Ser200 G not in expected {S}
F1L947	0.666	2.39	true	S214	0.12	retained	-	NA	unresolved	E338	1.36	retained	-	NA	unresolved	retained	Ser200 S214 retained
F3L0S2	0.779	3.02	true	S185	0.46	retained	H402	0.83	retained	E313	0.66	retained	L74	3.42	lost	retained	Ser200 S185 retained
F4P1M2	0.867	2.68	true	S240	0.57	retained	H463	0.81	retained	E359	1.29	retained	-	NA	unresolved	retained	Ser200 S240 retained
F7ANP5	0.415	2.33	false	-	NA	unresolved	-	NA	unresolved	-	NA	unresolved	-	NA	unresolved	unresolved	fold below TM gate (TM 0.41 < 0.50)
F9XHR4	0.806	3.36	true	S225	0.73	retained	H444	1.09	retained	E331	1.24	retained	-	NA	unresolved	retained	Ser200 S225 retained
G0HA48	0.847	2.57	true	S197	0.49	retained	H427	0.62	retained	E331	0.48	retained	V79	2.99	lost	retained	Ser200 S197 retained
G0RZB1	0.852	2.95	true	S210	0.31	retained	H468	0.35	retained	E360	0.49	retained	-	NA	unresolved	retained	Ser200 S210 retained
G3I5K9	0.563	3.37	true	S136	0.53	retained	-	NA	unresolved	E233	0.28	retained	R19	11.33	unresolved	retained	Ser200 S136 retained
G3Q2T3	0.768	2.62	true	G247	1.06	lost	I487	2.04	lost	E368	0.59	retained	V129	4.98	unresolved	lost	Ser200 G not in expected {S}
G3XVT7	0.386	2.13	false	-	NA	unresolved	-	NA	unresolved	-	NA	unresolved	-	NA	unresolved	unresolved	fold below TM gate (TM 0.39 < 0.50)
G4V357	0.479	1.50	false	-	NA	unresolved	-	NA	unresolved	-	NA	unresolved	-	NA	unresolved	unresolved	fold below TM gate (TM 0.48 < 0.50)
G5IFJ5	0.803	3.61	true	S200	0.74	retained	H429	0.89	retained	E317	0.87	retained	-	NA	unresolved	retained	Ser200 S200 retained
G6EG77	0.818	3.19	true	S212	0.70	retained	H423	0.47	retained	E324	1.30	retained	Y92	3.06	altered	retained	Ser200 S212 retained
G8A515	0.699	3.05	true	S128	0.86	retained	H354	1.04	retained	E245	1.20	retained	L9	4.79	unresolved	retained	Ser200 S128 retained
G8XGG0	0.797	3.09	true	S278	0.46	retained	H496	0.20	retained	E402	0.36	retained	-	NA	unresolved	retained	Ser200 S278 retained
H1UV97	0.864	2.84	true	S250	0.23	retained	H496	0.54	retained	E383	0.59	retained	L126	8.30	unresolved	retained	Ser200 S250 retained
H2NR56	0.590	2.38	true	S217	0.40	retained	-	NA	unresolved	E335	0.81	retained	Q103	5.97	unresolved	retained	Ser200 S217 retained
H2XK96	0.868	2.52	true	S232	0.92	retained	H465	0.62	retained	E348	0.50	retained	V114	6.44	unresolved	retained	Ser200 S232 retained
H2Y0W3	0.871	2.50	true	S204	0.04	retained	H424	0.74	retained	E319	0.80	retained	I89	5.45	unresolved	retained	Ser200 S204 retained
H3KC83	0.777	2.64	true	S214	0.58	retained	H411	0.53	retained	E343	0.67	retained	-	NA	unresolved	retained	Ser200 S214 retained
I4DND7	0.409	1.97	false	-	NA	unresolved	-	NA	unresolved	-	NA	unresolved	-	NA	unresolved	unresolved	fold below TM gate (TM 0.41 < 0.50)
I4W9J1	0.768	3.27	true	S193	1.24	retained	H409	1.04	retained	E318	0.79	retained	S75	8.06	unresolved	retained	Ser200 S193 retained
I6YEM7	0.456	3.06	false	-	NA	unresolved	-	NA	unresolved	-	NA	unresolved	-	NA	unresolved	unresolved	fold below TM gate (TM 0.46 < 0.50)
I8U1W4	0.895	2.50	true	S358	0.57	retained	H600	0.55	retained	E486	0.83	retained	D235	7.34	unresolved	retained	Ser200 S358 retained
J2B5V7	0.824	3.06	true	S232	0.73	retained	H454	0.70	retained	E350	1.36	retained	F119	2.22	altered	retained	Ser200 S232 retained
J3NXF4	0.846	3.05	true	S310	0.94	retained	H551	0.79	retained	E444	0.71	retained	-	NA	unresolved	retained	Ser200 S310 retained
J5JDE3	0.809	3.46	true	S228	0.93	retained	H472	0.69	retained	E362	0.72	retained	-	NA	unresolved	retained	Ser200 S228 retained
J6EZ91	0.762	3.39	true	S199	0.46	retained	H449	0.47	retained	E332	0.92	retained	F84	3.10	altered	retained	Ser200 S199 retained
K1QS99	0.906	2.54	true	S612	0.24	retained	H849	0.46	retained	E740	0.54	retained	V498	6.98	unresolved	retained	Ser200 S612 retained
K1QWL6	0.887	2.63	true	S213	0.56	retained	H471	0.37	retained	E346	0.69	retained	-	NA	unresolved	retained	Ser200 S213 retained
K1WB95	0.843	2.80	true	S352	0.37	retained	H583	0.42	retained	E468	0.82	retained	A230	2.81	lost	retained	Ser200 S352 retained
K1WNK8	0.782	3.61	true	S194	0.29	retained	H415	1.02	retained	D317	1.39	altered	P68	11.16	unresolved	retained	Ser200 S194 retained
K2RBT3	0.558	3.16	true	S222	0.97	retained	-	NA	unresolved	E350	1.39	retained	-	NA	unresolved	retained	Ser200 S222 retained
K5CEZ0	0.412	3.82	false	-	NA	unresolved	-	NA	unresolved	-	NA	unresolved	-	NA	unresolved	unresolved	fold below TM gate (TM 0.41 < 0.50)
K7AZB2	0.905	2.20	true	S292	0.46	retained	H521	0.68	retained	E409	0.72	retained	-	NA	unresolved	retained	Ser200 S292 retained
L0IE41	0.407	3.39	false	-	NA	unresolved	-	NA	unresolved	-	NA	unresolved	-	NA	unresolved	unresolved	fold below TM gate (TM 0.41 < 0.50)
L0PE18	0.547	3.77	true	S326	0.44	retained	-	NA	unresolved	E452	1.28	retained	S226	4.25	unresolved	retained	Ser200 S326 retained
L1MEB5	0.568	3.35	true	S129	0.76	retained	H323	0.88	retained	E243	0.73	retained	-	NA	unresolved	retained	Ser200 S129 retained
L7M3J0	0.970	1.33	true	S230	0.44	retained	H470	0.37	retained	E356	0.22	retained	W112	0.40	retained	retained	Ser200 S230 retained
M2QND7	0.459	4.13	false	-	NA	unresolved	-	NA	unresolved	-	NA	unresolved	-	NA	unresolved	unresolved	fold below TM gate (TM 0.46 < 0.50)
M2R8G9	0.804	3.28	true	G226	0.84	lost	H483	0.90	retained	E385	0.62	retained	P95	11.79	unresolved	lost	Ser200 G not in expected {S}
M7BD44	0.697	2.74	true	S218	0.49	retained	-	NA	unresolved	E345	0.25	retained	W103	0.89	retained	retained	Ser200 S218 retained
M7T092	0.785	3.41	true	S223	0.77	retained	H439	1.07	retained	E304	1.29	retained	D99	7.90	unresolved	retained	Ser200 S223 retained
M7T6Y0	0.501	2.34	true	S690	0.96	retained	-	NA	unresolved	-	NA	unresolved	-	NA	unresolved	retained	Ser200 S690 retained
N6U8D5	0.777	2.72	true	S204	0.53	retained	H448	0.73	retained	E333	0.91	retained	-	NA	unresolved	retained	Ser200 S204 retained
N6UQ41	0.326	2.10	false	-	NA	unresolved	-	NA	unresolved	-	NA	unresolved	-	NA	unresolved	unresolved	fold below TM gate (TM 0.33 < 0.50)
Q0C8P0	0.826	3.34	true	S233	1.04	retained	H495	0.69	retained	E382	0.78	retained	-	NA	unresolved	retained	Ser200 S233 retained
Q2GQ48	0.655	3.18	true	S140	0.45	retained	H338	0.44	retained	D270	0.89	altered	-	NA	unresolved	retained	Ser200 S140 retained
Q2HAB3	0.537	2.43	true	S205	0.88	retained	-	NA	unresolved	G335	1.94	lost	-	NA	unresolved	retained	Ser200 S205 retained
Q2V083	0.884	2.42	true	S186	0.22	retained	H434	0.68	retained	E313	0.77	retained	-	NA	unresolved	retained	Ser200 S186 retained
Q68GX1	0.446	1.87	false	-	NA	unresolved	-	NA	unresolved	-	NA	unresolved	-	NA	unresolved	unresolved	fold below TM gate (TM 0.45 < 0.50)
Q6NG05	0.673	2.88	true	S158	0.55	retained	H335	0.57	retained	E258	0.91	retained	-	NA	unresolved	retained	Ser200 S158 retained
Q73QC2	0.805	3.25	true	C200	0.54	altered	H405	0.40	retained	E307	1.10	retained	F86	2.34	altered	altered	Ser200 C in altered set
Q7S844	0.809	3.06	true	S384	0.13	retained	H579	0.38	retained	D515	1.05	altered	Y260	2.40	altered	retained	Ser200 S384 retained
Q8FQC4	0.834	3.02	true	S299	0.98	retained	H516	0.68	retained	E423	1.02	retained	-	NA	unresolved	retained	Ser200 S299 retained
Q8MTF8	0.572	3.07	true	G166	0.65	lost	-	NA	unresolved	N297	2.15	lost	-	NA	unresolved	lost	Ser200 G not in expected {S}
Q9NFK4	0.897	2.57	true	S230	0.38	retained	H476	0.84	retained	E356	1.27	retained	L115	2.03	lost	retained	Ser200 S230 retained
Q9NI53	0.562	3.11	true	S149	0.47	retained	-	NA	unresolved	E283	1.27	retained	-	NA	unresolved	retained	Ser200 S149 retained
Q9XZ70	0.860	3.05	true	S218	0.33	retained	H471	0.71	retained	E351	1.33	retained	-	NA	unresolved	retained	Ser200 S218 retained
R1C7N2	0.855	3.17	true	S257	0.75	retained	H504	0.26	retained	E388	0.97	retained	K139	11.86	unresolved	retained	Ser200 S257 retained
R7UE07	0.414	3.97	false	-	NA	unresolved	-	NA	unresolved	-	NA	unresolved	-	NA	unresolved	unresolved	fold below TM gate (TM 0.41 < 0.50)
R7VCC3	0.863	2.92	true	S183	0.81	retained	H428	1.00	retained	D308	1.66	altered	A60	8.18	unresolved	retained	Ser200 S183 retained
R7VEI7	0.891	2.59	true	S188	0.50	retained	H435	0.89	retained	E310	0.84	retained	L73	7.43	unresolved	retained	Ser200 S188 retained
R7Z468	0.614	3.09	true	S245	0.26	retained	-	NA	unresolved	D371	1.86	altered	G114	0.84	lost	retained	Ser200 S245 retained
S3DBE1	0.831	3.08	true	S244	1.20	retained	H494	0.61	retained	E374	0.44	retained	-	NA	unresolved	retained	Ser200 S244 retained
S4VFV6	0.691	1.17	true	S234	0.43	retained	-	NA	unresolved	E360	0.35	retained	W119	0.46	retained	retained	Ser200 S234 retained
S8A324	0.849	3.17	true	S221	0.55	retained	H463	0.99	retained	E344	1.01	retained	-	NA	unresolved	retained	Ser200 S221 retained
T1GJI9	0.663	3.16	true	S151	0.27	retained	H313	0.87	retained	E276	1.56	retained	-	NA	unresolved	retained	Ser200 S151 retained
T1HC30	0.862	2.94	true	S201	0.61	retained	H445	0.86	retained	E328	1.07	retained	-	NA	unresolved	retained	Ser200 S201 retained
T1HFJ2	0.828	3.22	true	G222	0.50	lost	H497	0.22	retained	E365	0.48	retained	-	NA	unresolved	lost	Ser200 G not in expected {S}
T1IS79	0.913	2.33	true	S235	0.47	retained	H506	0.35	retained	E360	1.21	retained	M121	9.04	unresolved	retained	Ser200 S235 retained
T1J3T4	0.726	3.20	true	G286	0.86	lost	P456	1.77	lost	V352	1.66	lost	-	NA	unresolved	lost	Ser200 G not in expected {S}
T1JEJ8	0.878	2.64	true	S208	0.36	retained	H444	1.32	retained	E329	1.82	retained	-	NA	unresolved	retained	Ser200 S208 retained
T1JGH5	0.861	2.68	true	D200	0.26	lost	H471	0.46	retained	E333	0.72	retained	-	NA	unresolved	lost	Ser200 D not in expected {S}
T1JW43	0.776	3.79	true	D225	0.34	lost	L470	8.96	unresolved	E344	0.86	retained	S109	10.44	unresolved	lost	Ser200 D not in expected {S}
T1KY80	0.740	2.02	true	G96	0.57	lost	H334	0.74	retained	E221	0.30	retained	-	NA	unresolved	lost	Ser200 G not in expected {S}
U1HMU1	0.791	3.64	true	S429	1.21	retained	H643	0.71	retained	E551	0.51	retained	P294	13.33	unresolved	retained	Ser200 S429 retained
U2SMB7	0.432	1.78	false	-	NA	unresolved	-	NA	unresolved	-	NA	unresolved	-	NA	unresolved	unresolved	fold below TM gate (TM 0.43 < 0.50)
U3AA66	0.415	3.72	false	-	NA	unresolved	-	NA	unresolved	-	NA	unresolved	-	NA	unresolved	unresolved	fold below TM gate (TM 0.41 < 0.50)
U4LHV4	0.774	2.73	true	S219	0.31	retained	H390	0.58	retained	E337	0.97	retained	T100	5.09	unresolved	retained	Ser200 S219 retained
U5EVS7	0.878	2.95	true	S249	0.50	retained	H507	1.18	retained	E382	1.22	retained	-	NA	unresolved	retained	Ser200 S249 retained
U5KK45	0.559	3.13	true	S58	0.54	retained	H308	0.60	retained	E190	0.52	retained	-	NA	unresolved	retained	Ser200 S58 retained
V3ZWI4	0.424	1.35	false	-	NA	unresolved	-	NA	unresolved	-	NA	unresolved	-	NA	unresolved	unresolved	fold below TM gate (TM 0.42 < 0.50)
W0GJ62	0.327	0.76	false	-	NA	unresolved	-	NA	unresolved	-	NA	unresolved	-	NA	unresolved	unresolved	fold below TM gate (TM 0.33 < 0.50)
W3WTU5	0.835	3.07	true	S224	0.32	retained	H441	0.47	retained	E346	0.80	retained	V102	2.16	lost	retained	Ser200 S224 retained
W3XNC4	0.792	2.99	true	S237	0.38	retained	H416	0.63	retained	E349	0.86	retained	Y124	3.38	altered	retained	Ser200 S237 retained
W6NB80	0.764	2.86	true	S179	0.53	retained	H390	0.87	retained	E313	0.70	retained	S60	4.05	unresolved	retained	Ser200 S179 retained
W9N9M8	0.317	4.14	false	-	NA	unresolved	-	NA	unresolved	-	NA	unresolved	-	NA	unresolved	unresolved	fold below TM gate (TM 0.32 < 0.50)
X1B9J0	0.458	1.76	false	-	NA	unresolved	-	NA	unresolved	-	NA	unresolved	-	NA	unresolved	unresolved	fold below TM gate (TM 0.46 < 0.50)
