candidate_id	rank	foldseek_prob	foldseek_evalue	foldseek_bits	foldseek_fident	foldseek_qcov	foldseek_alntmscore	tmalign_tm_norm_ref	tmalign_rmsd	fold_ok	Ser25_obs	Ser25_offsetA	Ser25_state	verdict	state_reason
1ppy-assembly1.cif.gz_A	1	1	1.747e-24	1059	1	1	NA	NA	NA	NA	NA	NA	NA	unresolved	structure_not_found
1pqf-assembly1.cif.gz_A-2	2	1	3.315e-21	876	0.991	0.9915	NA	NA	NA	NA	NA	NA	NA	unresolved	structure_not_found
1pt0-assembly1.cif.gz_A	3	1	3.315e-21	848	0.991	0.9831	NA	NA	NA	NA	NA	NA	NA	unresolved	structure_not_found
1pt1-assembly1.cif.gz_A	4	1	8.275e-21	848	0.991	0.9746	NA	NA	NA	NA	NA	NA	NA	unresolved	structure_not_found
1pyq-assembly1.cif.gz_A	5	1	9.278e-21	848	0.982	0.9831	NA	NA	NA	NA	NA	NA	NA	unresolved	structure_not_found
Q0TLK2	6	1	1.612e-20	839	0.991	1	NA	0.9333	1.832	true	S25	0.3441	retained	retained	Ser25 S25 retained
1pqe-assembly1.cif.gz_A	7	1	8.275e-21	838	0.991	0.9915	NA	NA	NA	NA	NA	NA	NA	unresolved	structure_not_found
B7NI91	8	1	1.914e-20	833	1	1	NA	0.9306	1.864	true	S25	0.3894	retained	retained	Ser25 S25 retained
A0A376ZNN1	9	1	1.046e-19	831	1	1	NA	0.9322	1.598	true	S25	0.5681	retained	retained	Ser25 S25 retained
B4SUA6	10	1	2.856e-20	830	0.957	1	NA	0.9321	1.626	true	S25	0.4372	retained	retained	Ser25 S25 retained
B1IQK9	11	1	2.027e-20	830	1	1	NA	0.9283	1.676	true	S25	0.6901	retained	retained	Ser25 S25 retained
B1XCA6	12	1	2.548e-20	828	1	1	NA	0.9305	1.862	true	S25	0.3223	retained	retained	Ser25 S25 retained
B5YZG7	13	1	2.406e-20	828	1	1	NA	0.9286	1.671	true	S25	0.4841	retained	retained	Ser25 S25 retained
B1LGT2	14	1	2.406e-20	827	1	1	NA	0.9282	1.676	true	S25	0.6315	retained	retained	Ser25 S25 retained
Q3Z5M9	15	1	2.698e-20	826	1	1	NA	0.9283	1.674	true	S25	0.6213	retained	retained	Ser25 S25 retained
P65663	16	1	3.391e-20	826	0.957	1	NA	0.9329	1.831	true	S25	0.3952	retained	retained	Ser25 S25 retained
A7ZHM0	17	1	2.698e-20	826	1	1	NA	0.9283	1.674	true	S25	0.6504	retained	retained	Ser25 S25 retained
A7ZW80	18	1	3.203e-20	825	1	1	NA	0.9306	1.864	true	S25	0.358	retained	retained	Ser25 S25 retained
P0A792	19	1	3.391e-20	824	1	1	NA	0.9307	1.865	true	S25	0.3715	retained	retained	Ser25 S25 retained
B7LGJ3	20	1	2.856e-20	824	1	1	NA	0.9279	1.678	true	S25	0.6683	retained	retained	Ser25 S25 retained
B7UIH9	21	1	3.203e-20	824	1	1	NA	0.9289	1.666	true	S25	0.3482	retained	retained	Ser25 S25 retained
A1A7H7	22	1	3.203e-20	823	1	1	NA	0.9284	1.672	true	S25	0.6676	retained	retained	Ser25 S25 retained
Q326A6	23	1	3.203e-20	823	1	1	NA	0.9282	1.675	true	S25	0.6419	retained	retained	Ser25 S25 retained
C0Q5P2	24	1	4.263e-20	823	0.957	1	NA	0.9331	1.83	true	S25	0.39	retained	retained	Ser25 S25 retained
Q0T870	25	1	3.391e-20	822	1	1	NA	0.9283	1.674	true	S25	0.5996	retained	retained	Ser25 S25 retained
B5FIX6	26	1	4.513e-20	822	0.949	1	NA	0.9332	1.826	true	S25	0.4063	retained	retained	Ser25 S25 retained
A9MZS9	27	1	4.263e-20	822	0.957	1	NA	0.9328	1.831	true	S25	0.3866	retained	retained	Ser25 S25 retained
B4TXN2	28	1	4.263e-20	822	0.957	1	NA	0.9331	1.828	true	S25	0.3749	retained	retained	Ser25 S25 retained
4azd-assembly1.cif.gz_A	29	1	1.843e-20	822	0.991	0.9915	NA	NA	NA	NA	NA	NA	NA	unresolved	structure_not_found
B5F831	30	1	4.779e-20	821	0.957	1	NA	0.933	1.828	true	S25	0.3599	retained	retained	Ser25 S25 retained
P0C7I4	31	1	3.802e-20	820	1	1	NA	0.9283	1.673	true	S25	0.6485	retained	retained	Ser25 S25 retained
P0A790	32	1	3.802e-20	820	1	1	NA	0.9279	1.681	true	S25	0.6627	retained	retained	Ser25 S25 retained
P0A791	33	1	4.263e-20	820	1	1	NA	0.9306	1.864	true	S25	0.3066	retained	retained	Ser25 S25 retained
B6HZA6	34	1	4.026e-20	820	1	1	NA	0.9283	1.674	true	S25	0.6641	retained	retained	Ser25 S25 retained
B7M172	35	1	3.802e-20	820	1	1	NA	0.9281	1.675	true	S25	0.6803	retained	retained	Ser25 S25 retained
1pqh-assembly1.cif.gz_A	36	1	1.466e-20	820	0.991	0.9831	NA	NA	NA	NA	NA	NA	NA	unresolved	structure_not_found
B7MNZ3	37	1	4.513e-20	819	1	1	NA	0.9304	1.863	true	S25	0.3073	retained	retained	Ser25 S25 retained
Q5PDB9	38	1	5.358e-20	819	0.957	1	NA	0.9333	1.829	true	S25	0.4289	retained	retained	Ser25 S25 retained
A8ALF1	39	1	5.673e-20	818	0.957	1	NA	0.9326	1.838	true	S25	0.3943	retained	retained	Ser25 S25 retained
B5RHB9	40	1	5.673e-20	818	0.957	1	NA	0.9332	1.831	true	S25	0.4253	retained	retained	Ser25 S25 retained
Q32K78	41	1	4.263e-20	818	1	1	NA	0.9283	1.674	true	S25	0.6664	retained	retained	Ser25 S25 retained
B7LW38	42	1	4.779e-20	818	1	1	NA	0.9307	1.863	true	S25	0.347	retained	retained	Ser25 S25 retained
B5BL63	43	1	5.358e-20	818	0.957	1	NA	0.9329	1.831	true	S25	0.3774	retained	retained	Ser25 S25 retained
Q1RG60	44	1	4.779e-20	816	1	1	NA	0.9281	1.677	true	S25	0.6911	retained	retained	Ser25 S25 retained
B5R3E4	45	1	6.007e-20	816	0.957	1	NA	0.9327	1.832	true	S25	0.3427	retained	retained	Ser25 S25 retained
P0A793	46	1	4.779e-20	816	1	1	NA	0.9282	1.676	true	S25	0.6691	retained	retained	Ser25 S25 retained
B4TK03	47	1	6.361e-20	816	0.957	1	NA	0.9329	1.833	true	S25	0.3666	retained	retained	Ser25 S25 retained
B2U2X8	48	1	4.779e-20	816	1	1	NA	0.9283	1.675	true	S25	0.6748	retained	retained	Ser25 S25 retained
G5S6F5	49	1	2.766e-19	816	0.957	1	NA	0.933	1.827	true	S50	0.4464	retained	retained	Ser25 S50 retained
B7N801	50	1	5.358e-20	815	1	1	NA	0.9281	1.678	true	S25	0.6602	retained	retained	Ser25 S25 retained
Q57T75	51	1	6.735e-20	815	0.957	1	NA	0.933	1.83	true	S25	0.3676	retained	retained	Ser25 S25 retained
C4ZRM4	52	1	5.673e-20	814	1	1	NA	0.9281	1.677	true	S25	0.6443	retained	retained	Ser25 S25 retained
1pqf-assembly1.cif.gz_B-2	53	1	5.783e-20	814	0.991	0.9831	NA	NA	NA	NA	NA	NA	NA	unresolved	structure_not_found
4cs0-assembly1.cif.gz_A	54	1	4.104e-20	813	0.991	1	NA	NA	NA	NA	NA	NA	NA	unresolved	structure_not_found
P65662	55	1	8.466e-20	812	0.957	1	NA	0.9321	1.623	true	S25	0.3388	retained	retained	Ser25 S25 retained
B7MBB4	56	1	6.361e-20	812	1	1	NA	0.9282	1.674	true	S25	0.659	retained	retained	Ser25 S25 retained
LevyLab_P0A792_V1_3_relaxed_B	57	1	2.556e-20	811	1	1	NA	NA	NA	NA	NA	NA	NA	unresolved	structure_not_found
A9MPM3	58	1	1.193e-19	806	0.957	1	NA	0.9323	1.622	true	S25	0.3456	retained	retained	Ser25 S25 retained
1pqhA00	59	1	2.889e-20	802	0.982	0.9831	NA	NA	NA	NA	NA	NA	NA	unresolved	structure_not_found
4crz-assembly1.cif.gz_A	60	1	1.444e-19	794	0.991	1	NA	NA	NA	NA	NA	NA	NA	unresolved	structure_not_found
A4W6N6	61	1	3.744e-19	786	0.915	1	NA	0.9309	1.641	true	S25	0.4399	retained	retained	Ser25 S25 retained
A0A2S9UED0	62	1	1.826e-18	784	0.872	1	NA	0.9329	1.811	true	S25	0.4368	retained	retained	Ser25 S25 retained
A7MGP8	63	1	6.634e-19	777	0.872	1	NA	0.933	1.82	true	S25	0.4226	retained	retained	Ser25 S25 retained
A0A0H3GRW9	64	1	1.172e-18	763	0.896	0.9831	NA	0.9228	1.632	true	S24	0.4536	retained	retained	Ser25 S24 retained
A0A5U3NPZ0	65	1	7.202e-18	757	0.954	0.9237	NA	0.8715	1.347	true	S25	0.2994	retained	retained	Ser25 S25 retained
A0A366I841	66	1	1.075e-17	754	0.813	1	NA	0.9311	1.628	true	S25	0.3938	retained	retained	Ser25 S25 retained
B2VD17	67	1	5.503e-18	738	0.779	1	NA	0.9249	1.697	true	S25	0.3866	retained	retained	Ser25 S25 retained
B4EUD1	68	1	7.756e-18	736	0.796	1	NA	0.931	1.619	true	S25	0.3599	retained	retained	Ser25 S25 retained
C6DC49	69	1	6.533e-18	734	0.788	1	NA	0.9271	1.855	true	S25	0.249	retained	retained	Ser25 S25 retained
Q7N871	70	1	1.298e-17	728	0.762	1	NA	0.9312	1.624	true	S25	0.3718	retained	retained	Ser25 S25 retained
Q1C3V6	71	1	1.727e-17	723	0.779	1	NA	0.9305	1.627	true	S25	0.3503	retained	retained	Ser25 S25 retained
Q6D1X4	72	1	8.696e-18	718	0.752	1.025	NA	0.9307	1.625	true	S25	0.3627	retained	retained	Ser25 S25 retained
A4TPV3	73	1	2.577e-17	717	0.779	1	NA	0.9306	1.624	true	S25	0.4471	retained	retained	Ser25 S25 retained
A7FM24	74	1	2.729e-17	716	0.788	1	NA	0.9307	1.625	true	S25	0.3263	retained	retained	Ser25 S25 retained
A0A380QNF7	75	1	1.331e-16	714	0.788	1	NA	0.9305	1.627	true	S53	0.4383	retained	retained	Ser25 S53 retained
B2K532	76	1	2.729e-17	712	0.788	1	NA	0.9264	1.859	true	S25	0.3192	retained	retained	Ser25 S25 retained
A8GIZ8	77	1	2.89e-17	712	0.796	1	NA	0.9279	1.85	true	S25	0.3153	retained	retained	Ser25 S25 retained
B1JK37	78	1	2.729e-17	711	0.788	1	NA	0.9239	1.676	true	S25	0.3128	retained	retained	Ser25 S25 retained
A1JJN6	79	1	3.632e-17	707	0.788	1	NA	0.9251	1.666	true	S25	0.3331	retained	retained	Ser25 S25 retained
Q66EG5	80	1	3.846e-17	706	0.788	1	NA	0.9242	1.672	true	S25	0.2407	retained	retained	Ser25 S25 retained
Q8ZBK6	81	1	4.072e-17	705	0.779	1	NA	0.9249	1.662	true	S25	0.3205	retained	retained	Ser25 S25 retained
Q1CLW2	82	1	4.312e-17	704	0.779	1	NA	0.925	1.667	true	S25	0.3391	retained	retained	Ser25 S25 retained
E9CLG3	83	1	2.643e-16	701	0.762	1	NA	0.9299	1.625	true	S41	0.4004	retained	retained	Ser25 S41 retained
C5B9K4	84	1	4.566e-17	698	0.762	1	NA	0.9201	1.718	true	S25	0.9747	retained	retained	Ser25 S25 retained
Q2NVR4	85	1	1.017e-16	687	0.771	1	NA	0.9239	1.863	true	S25	0.2425	retained	retained	Ser25 S25 retained
A9R1G4	86	1	1.017e-16	685	0.779	1	NA	0.9205	1.923	true	S25	0.8887	retained	retained	Ser25 S25 retained
A0AAV3M5X5	87	1	8.294e-16	658	0.669	1.025	NA	0.9259	1.648	true	S44	0.5431	retained	retained	Ser25 S44 retained
MGYP000663418353.pdb.gz	88	1	1.309e-15	657	0.618	1	NA	NA	NA	NA	NA	NA	NA	unresolved	structure_not_found
A0A939NK16	89	1	1.647e-15	653	0.767	0.9831	NA	0.9211	1.407	true	V24	2.282	lost	lost	Ser25 V not in expected {S}
A0A7R9LA66	90	1	5.17e-15	641	0.547	0.9915	NA	0.9172	1.622	true	S25	0.3155	retained	retained	Ser25 S25 retained
A0A4R0FK03	91	1	9.159e-15	629	0.559	1	NA	0.9182	1.86	true	S25	0.4128	retained	retained	Ser25 S25 retained
B8GNA7	92	1	2.968e-15	627	0.576	1	NA	0.9199	1.889	true	S25	0.2781	retained	retained	Ser25 S25 retained
A0A9D7MZZ1	93	1	1.622e-14	627	0.578	0.9661	NA	0.9206	1.84	true	S25	0.1651	retained	retained	Ser25 S25 retained
MGYP002624301405.pdb.gz	94	1	7.279e-15	626	0.591	0.9746	NA	NA	NA	NA	NA	NA	NA	unresolved	structure_not_found
A0A2Z6IJ20	95	1	1.219e-14	625	0.521	0.9746	NA	0.9227	1.672	true	S26	0.4695	retained	retained	Ser25 S26 retained
A0A385ESN2	96	1	1.219e-14	624	0.567	1	NA	0.918	1.863	true	S25	0.4342	retained	retained	Ser25 S25 retained
MGYP003558629309.pdb.gz	97	1	1.15e-14	622	0.577	0.9831	NA	NA	NA	NA	NA	NA	NA	unresolved	structure_not_found
A0A970S7P9	98	1	1.447e-14	622	0.567	1	NA	0.9183	1.847	true	S25	0.4697	retained	retained	Ser25 S25 retained
A5WHA7	99	1	3.524e-15	621	0.635	1	NA	0.9147	1.881	true	S25	0.6881	retained	retained	Ser25 S25 retained
A0AAN4MF58	100	1	1.532e-14	620	0.559	1	NA	0.9174	1.867	true	S25	0.3988	retained	retained	Ser25 S25 retained
B7I7B4	101	1	3.951e-15	617	0.567	1	NA	0.9145	1.888	true	S25	0.4809	retained	retained	Ser25 S25 retained
A1VKS5	102	1	5.895e-15	614	0.582	0.9746	NA	0.9153	1.893	true	S25	0.2968	retained	retained	Ser25 S25 retained
C4L931	103	1	1.878e-15	613	0.561	1.025	NA	0.9174	1.868	true	S25	0.3039	retained	retained	Ser25 S25 retained
N8WBL4	104	1	2.421e-14	613	0.567	1	NA	0.9179	1.863	true	S25	0.39	retained	retained	Ser25 S25 retained
B0VTX3	105	1	5.258e-15	611	0.567	1	NA	0.9133	1.898	true	S25	0.5673	retained	retained	Ser25 S25 retained
MGYP002153357048.pdb.gz	106	1	1.817e-14	610	0.551	0.9831	NA	NA	NA	NA	NA	NA	NA	unresolved	structure_not_found
A0AAE6WUI5	107	1	2.564e-14	610	0.559	1	NA	0.9151	1.888	true	S25	0.3498	retained	retained	Ser25 S25 retained
Q4FVB6	108	1	5.258e-15	608	0.618	1	NA	0.9116	1.738	true	S25	0.8354	retained	retained	Ser25 S25 retained
A0A9X1WYV8	109	1	3.412e-14	608	0.567	1	NA	0.9178	1.849	true	S25	0.3916	retained	retained	Ser25 S25 retained
B7GYR1	110	1	7.41e-15	607	0.567	1	NA	0.9148	1.887	true	S25	0.4502	retained	retained	Ser25 S25 retained
A0A3E1D919	111	1	1.087e-14	607	0.578	1.025	NA	0.9063	1.913	true	S48	0.4706	retained	retained	Ser25 S48 retained
MGYP000712290244.pdb.gz	112	1	1.924e-14	606	0.581	0.9915	NA	NA	NA	NA	NA	NA	NA	unresolved	structure_not_found
MGYP003379816952.pdb.gz	113	1	1.817e-14	605	0.612	0.9831	NA	NA	NA	NA	NA	NA	NA	unresolved	structure_not_found
Q87EV8	114	1	9.863e-15	605	0.539	0.9746	NA	0.9127	1.9	true	S25	0.3829	retained	retained	Ser25 S25 retained
A0A145X5I0	115	1	3.826e-14	605	0.559	1	NA	0.9162	1.878	true	S25	0.3505	retained	retained	Ser25 S25 retained
A0A9D7KDB0	116	1	1.151e-14	605	0.57	1.025	NA	0.9058	1.92	true	S25	0.4982	retained	retained	Ser25 S25 retained
MGYP000318103955.pdb.gz	117	1	4.047e-14	604	0.53	0.9746	NA	NA	NA	NA	NA	NA	NA	unresolved	structure_not_found
B8GYS2	118	1	1.044e-14	604	0.55	1	NA	0.9153	1.547	true	S25	0.198	retained	retained	Ser25 S25 retained
B0T725	119	1	1.313e-14	603	0.559	1	NA	0.918	1.535	true	S25	0.2012	retained	retained	Ser25 S25 retained
Q1QED7	120	1	7.846e-15	603	0.618	1	NA	0.9122	1.88	true	S25	0.7141	retained	retained	Ser25 S25 retained
MGYP000684059130.pdb.gz	121	1	4.804e-14	602	0.535	0.9661	NA	NA	NA	NA	NA	NA	NA	unresolved	structure_not_found
A0A520S9G7	122	1	8.046e-14	601	0.539	0.9746	NA	0.9256	1.7	true	S25	0.1626	retained	retained	Ser25 S25 retained
MGYP000920840783.pdb.gz	123	1	5.386e-14	600	0.573	0.9746	NA	NA	NA	NA	NA	NA	NA	unresolved	structure_not_found
A0A537E5G1	124	1	7.598e-14	600	0.504	0.9746	NA	0.9165	1.701	true	S25	0.3489	retained	retained	Ser25 S25 retained
MGYP001056050630.pdb.gz	125	1	1.15e-14	599	0.533	1.017	NA	NA	NA	NA	NA	NA	NA	unresolved	structure_not_found
A1AUV5	126	1	1.24e-14	598	0.491	1	NA	0.9104	1.712	true	S25	0.4148	retained	retained	Ser25 S25 retained
A0A2V5NXA9	127	1	8.046e-14	598	0.513	0.9746	NA	0.9142	1.768	true	S25	0.4088	retained	retained	Ser25 S25 retained
A0A537H0G7	128	1	8.046e-14	598	0.504	0.9746	NA	0.9183	1.603	true	S25	0.3908	retained	retained	Ser25 S25 retained
A0A537FB65	129	1	8.046e-14	598	0.495	0.9746	NA	0.9148	1.641	true	S25	0.3794	retained	retained	Ser25 S25 retained
A0A1Q7SQP4	130	1	7.598e-14	598	0.504	0.9746	NA	0.9165	1.629	true	S25	0.3396	retained	retained	Ser25 S25 retained
Q02FU1	131	1	5.258e-15	597	0.52	1.025	NA	0.9078	1.873	true	S25	0.2513	retained	retained	Ser25 S25 retained
A0A537H879	132	1	8.046e-14	597	0.513	0.9746	NA	0.9153	1.72	true	S25	0.2893	retained	retained	Ser25 S25 retained
A0A062UCB9	133	1	4.809e-14	597	0.559	1	NA	0.9123	1.683	true	S42	0.1573	retained	retained	Ser25 S42 retained
Q7NXI9	134	1	1.044e-14	596	0.582	0.9746	NA	0.9042	1.952	true	S25	0.4808	retained	retained	Ser25 S25 retained
A0A377WCL7	135	1	3.043e-14	596	0.85	0.8475	NA	0.8055	1.656	true	S25	0.2711	retained	retained	Ser25 S25 retained
A0A1Q7IDQ2	136	1	9.02e-14	596	0.513	0.9746	NA	0.9131	1.708	true	S25	0.4005	retained	retained	Ser25 S25 retained
A0A537FS56	137	1	8.046e-14	596	0.513	0.9746	NA	0.915	1.709	true	S25	0.3765	retained	retained	Ser25 S25 retained
MGYP000713488576.pdb.gz	138	1	5.087e-14	595	0.504	0.9746	NA	NA	NA	NA	NA	NA	NA	unresolved	structure_not_found
A0A537FXW5	139	1	1.071e-13	595	0.504	0.9746	NA	0.9178	1.698	true	S25	0.3252	retained	retained	Ser25 S25 retained
A0A060GY28	140	1	7.598e-14	595	0.539	0.9746	NA	0.9139	1.882	true	S41	0.3069	retained	retained	Ser25 S41 retained
MGYP003749573623.pdb.gz	141	1	3.409e-14	594	0.53	0.9746	NA	NA	NA	NA	NA	NA	NA	unresolved	structure_not_found
MGYP002656006116.pdb.gz	142	1	3.822e-14	594	0.593	1	NA	NA	NA	NA	NA	NA	NA	unresolved	structure_not_found
Q31FF9	143	1	6.61e-15	594	0.528	1.025	NA	0.9129	1.869	true	S25	0.9209	retained	retained	Ser25 S25 retained
A0A2G2LX95	144	1	1.926e-14	594	0.528	1.025	NA	0.9145	1.879	true	S25	0.3177	retained	retained	Ser25 S25 retained
A0A7Y4UKY9	145	1	1.622e-14	594	0.553	1.025	NA	0.9101	1.893	true	S25	0.433	retained	retained	Ser25 S25 retained
MGYP003327014575.pdb.gz	146	1	7.169e-14	593	0.539	0.9746	NA	NA	NA	NA	NA	NA	NA	unresolved	structure_not_found
Q6F8I6	147	1	1.747e-14	593	0.567	1	NA	0.9132	1.894	true	S25	0.4785	retained	retained	Ser25 S25 retained
B0V8G1	148	1	1.747e-14	593	0.567	1	NA	0.9134	1.895	true	S25	0.5227	retained	retained	Ser25 S25 retained
A0A537GAP5	149	1	1.011e-13	593	0.486	0.9746	NA	0.9145	1.653	true	S25	0.3955	retained	retained	Ser25 S25 retained
A0A537DUH3	150	1	1.134e-13	593	0.478	0.9746	NA	0.9162	1.596	true	S25	0.3766	retained	retained	Ser25 S25 retained
A0A7W2GG94	151	1	8.046e-14	592	0.482	0.9661	NA	0.9206	1.694	true	S25	0.3384	retained	retained	Ser25 S25 retained
A0A537DHD8	152	1	1.134e-13	592	0.504	0.9746	NA	0.9158	1.621	true	S25	0.3734	retained	retained	Ser25 S25 retained
Q9RWF1	153	1	2.196e-14	591	0.525	1	NA	0.9182	1.848	true	S25	0.1528	retained	retained	Ser25 S25 retained
Q21LV5	154	1	1.171e-14	591	0.52	1.025	NA	0.9201	1.826	true	S25	0.2942	retained	retained	Ser25 S25 retained
A0A2N7VCF4	155	1	5.709e-14	591	0.586	0.9831	NA	0.9067	1.917	true	S25	0.3416	retained	retained	Ser25 S25 retained
A0A318SFA4	156	1	8.519e-14	591	0.539	0.9746	NA	0.9136	1.877	true	S25	0.3319	retained	retained	Ser25 S25 retained
A0A537HBK2	157	1	1.201e-13	591	0.504	0.9746	NA	0.9156	1.633	true	S25	0.33	retained	retained	Ser25 S25 retained
Q1IYG7	158	1	2.761e-14	590	0.53	0.9746	NA	0.9174	1.731	true	S25	0.09418	retained	retained	Ser25 S25 retained
Q1H3S3	159	1	1.472e-14	590	0.573	0.9746	NA	0.9013	1.938	true	S25	0.595	retained	retained	Ser25 S25 retained
A3M2W9	160	1	2.074e-14	590	0.567	1	NA	0.9143	1.875	true	S25	0.3187	retained	retained	Ser25 S25 retained
A0A1Q7BBI6	161	1	1.346e-13	590	0.504	0.9746	NA	0.9179	1.701	true	S25	0.3119	retained	retained	Ser25 S25 retained
A0A1Q7QV33	162	1	1.425e-13	590	0.504	0.9746	NA	0.9185	1.694	true	S25	0.3308	retained	retained	Ser25 S25 retained
Q7WHJ6	163	1	1.558e-14	589	0.565	0.9746	NA	0.9026	1.781	true	S25	0.8729	retained	retained	Ser25 S25 retained
Q605G8	164	1	1.39e-14	589	0.567	1	NA	0.9068	1.925	true	S25	0.2943	retained	retained	Ser25 S25 retained
A0A1F3C3U0	165	1	9.551e-14	589	0.526	0.9661	NA	0.912	1.639	true	S25	0.2734	retained	retained	Ser25 S25 retained
A0A1Q6Z855	166	1	9.551e-14	589	0.5	1	NA	0.9131	1.711	true	S25	0.3878	retained	retained	Ser25 S25 retained
Q9A602	167	1	2.923e-14	588	0.55	1	NA	0.9153	1.546	true	S25	0.2017	retained	retained	Ser25 S25 retained
Q7VXF8	168	1	1.959e-14	588	0.556	0.9746	NA	0.9059	1.724	true	S25	0.627	retained	retained	Ser25 S25 retained
B4SRY6	169	1	6.998e-15	588	0.495	1.025	NA	0.9078	1.92	true	S25	0.4399	retained	retained	Ser25 S25 retained
Q1QSZ7	170	1	1.106e-14	588	0.52	1.025	NA	0.9152	1.854	true	S25	0.318	retained	retained	Ser25 S25 retained
B0RTT9	171	1	6.61e-15	588	0.495	1.025	NA	0.9089	1.906	true	S25	0.3699	retained	retained	Ser25 S25 retained
A0A537CBD2	172	1	1.425e-13	588	0.495	0.9746	NA	0.9152	1.624	true	S25	0.3744	retained	retained	Ser25 S25 retained
A0A537FFL9	173	1	1.509e-13	588	0.495	0.9746	NA	0.916	1.633	true	S25	0.3578	retained	retained	Ser25 S25 retained
A0A2E0TA27	174	1	2.009e-13	588	0.57	0.9661	NA	0.9199	1.915	true	S25	0.2192	retained	retained	Ser25 S25 retained
MGYP000591817579.pdb.gz	175	1	8.511e-14	587	0.577	0.9831	NA	NA	NA	NA	NA	NA	NA	unresolved	structure_not_found
A5G3A2	176	1	2.074e-14	587	0.516	1	NA	0.9081	1.721	true	S25	0.335	retained	retained	Ser25 S25 retained
C6E3N6	177	1	2.923e-14	587	0.508	1	NA	0.9157	1.676	true	S25	0.2675	retained	retained	Ser25 S25 retained
A0A1Q7ZRG3	178	1	1.692e-13	587	0.504	0.9746	NA	0.9184	1.694	true	S25	0.3252	retained	retained	Ser25 S25 retained
MGYP001348245762.pdb.gz	179	1	9.542e-14	586	0.589	0.9915	NA	NA	NA	NA	NA	NA	NA	unresolved	structure_not_found
C1D7F0	180	1	3.095e-14	586	0.556	0.9746	NA	0.9118	1.827	true	S25	0.459	retained	retained	Ser25 S25 retained
A0A4Y6PTL4	181	1	1.011e-13	586	0.516	1	NA	0.91	1.774	true	S25	0.1608	retained	retained	Ser25 S25 retained
A0AA39CK22	182	1	3.043e-14	586	0.495	1.025	NA	0.9064	1.9	true	S25	0.4399	retained	retained	Ser25 S25 retained
MGYP000712222559.pdb.gz	183	1	3.822e-14	585	0.55	1	NA	NA	NA	NA	NA	NA	NA	unresolved	structure_not_found
MGYP002793663010.pdb.gz	184	1	8.511e-14	585	0.547	0.9746	NA	NA	NA	NA	NA	NA	NA	unresolved	structure_not_found
B4RH30	185	1	3.278e-14	585	0.525	1	NA	0.9149	1.549	true	S25	0.2921	retained	retained	Ser25 S25 retained
A1SSG7	186	1	9.863e-15	585	0.537	1.025	NA	0.9119	1.892	true	S25	0.3326	retained	retained	Ser25 S25 retained
Q3BUL4	187	1	8.797e-15	585	0.487	1.025	NA	0.9098	1.914	true	S25	0.3471	retained	retained	Ser25 S25 retained
A6VCI7	188	1	1.106e-14	585	0.52	1.025	NA	0.9071	1.878	true	S25	0.2111	retained	retained	Ser25 S25 retained
B5E844	189	1	2.607e-14	585	0.516	1	NA	0.909	1.718	true	S25	0.3001	retained	retained	Ser25 S25 retained
A0PV49	190	1	3.675e-14	585	0.508	0.9661	NA	0.9207	1.537	true	S25	0.03645	retained	retained	Ser25 S25 retained
MGYP001103618473.pdb.gz	191	1	5.703e-14	584	0.495	0.9746	NA	NA	NA	NA	NA	NA	NA	unresolved	structure_not_found
MGYP001308197836.pdb.gz	192	1	1.199e-13	584	0.513	0.9746	NA	NA	NA	NA	NA	NA	NA	unresolved	structure_not_found
A0A1Q7P511	193	1	1.897e-13	584	0.478	0.9746	NA	0.9156	1.599	true	S25	0.3452	retained	retained	Ser25 S25 retained
MGYP000719230548.pdb.gz	194	1	7.169e-14	583	0.561	0.9661	NA	NA	NA	NA	NA	NA	NA	unresolved	structure_not_found
MGYP000645068468.pdb.gz	195	1	6.039e-14	583	0.526	0.9661	NA	NA	NA	NA	NA	NA	NA	unresolved	structure_not_found
Q0VSR5	196	1	1.106e-14	583	0.52	1.025	NA	0.907	1.901	true	S25	0.1495	retained	retained	Ser25 S25 retained
A4VPM8	197	1	1.044e-14	583	0.52	1.025	NA	0.9017	1.913	true	S25	0.2054	retained	retained	Ser25 S25 retained
A0A972J6F3	198	1	1.346e-13	583	0.508	1	NA	0.9143	1.68	true	S25	0.219	retained	retained	Ser25 S25 retained
Q2KY48	199	1	2.462e-14	582	0.573	0.9746	NA	0.9032	1.776	true	S25	0.8433	retained	retained	Ser25 S25 retained
Q2P379	200	1	9.863e-15	582	0.495	1.025	NA	0.9098	1.91	true	S25	0.3232	retained	retained	Ser25 S25 retained
Q8P9S8	201	1	1.044e-14	582	0.487	1.025	NA	0.9107	1.898	true	S25	0.3133	retained	retained	Ser25 S25 retained
B2T171	202	1	1.959e-14	582	0.568	0.9831	NA	0.8992	1.96	true	S25	0.4829	retained	retained	Ser25 S25 retained
A0A1B4PUF7	203	1	1.134e-13	582	0.577	0.9831	NA	0.9098	1.882	true	S25	0.3253	retained	retained	Ser25 S25 retained
A0A929HJY0	204	1	1.509e-13	582	0.504	0.9746	NA	0.9114	1.828	true	S25	0.3079	retained	retained	Ser25 S25 retained
A0A1L3MJD6	205	1	1.792e-13	582	0.53	0.9746	NA	0.9196	1.548	true	S25	0.3381	retained	retained	Ser25 S25 retained
A0A3M3EW83	206	1	4.809e-14	582	0.52	1.025	NA	0.9052	1.883	true	S49	0.3218	retained	retained	Ser25 S49 retained
Q7W972	207	1	3.675e-14	581	0.565	0.9746	NA	0.9106	1.696	true	S25	0.5356	retained	retained	Ser25 S25 retained
MGYP003575466384.pdb.gz	208	1	1.895e-13	580	0.539	0.9746	NA	NA	NA	NA	NA	NA	NA	unresolved	structure_not_found
MGYP001422121323.pdb.gz	209	1	2.157e-14	580	0.512	1.025	NA	NA	NA	NA	NA	NA	NA	unresolved	structure_not_found
B2HUM1	210	1	3.278e-14	580	0.567	1	NA	0.9104	1.778	true	S25	0.9335	retained	retained	Ser25 S25 retained
Q9HV68	211	1	1.558e-14	580	0.512	1.025	NA	0.9078	1.868	true	S25	0.2299	retained	retained	Ser25 S25 retained
Q12F35	212	1	7.846e-15	580	0.561	1.025	NA	0.9068	1.95	true	S25	0.6548	retained	retained	Ser25 S25 retained
Q47B64	213	1	3.095e-14	580	0.603	0.9831	NA	0.9013	1.945	true	S25	0.3863	retained	retained	Ser25 S25 retained
A0A7C1XEQ1	214	1	4.051e-14	580	0.52	1.025	NA	0.9073	1.895	true	S25	0.2079	retained	retained	Ser25 S25 retained
A0A4P2QHI4	215	1	1.425e-13	580	0.533	1	NA	0.9147	1.64	true	S25	0.4471	retained	retained	Ser25 S25 retained
Q5H0A6	216	1	1.171e-14	579	0.495	1.025	NA	0.9086	1.919	true	S25	0.361	retained	retained	Ser25 S25 retained
Q9PGR7	217	1	1.39e-14	579	0.495	1.025	NA	0.9123	1.904	true	S25	0.3891	retained	retained	Ser25 S25 retained
A0A2E9SLD8	218	1	4.542e-14	579	0.487	1.025	NA	0.906	1.888	true	S25	0.2842	retained	retained	Ser25 S25 retained
A0A5Q2Q6U2	219	1	1.425e-13	579	0.547	0.9746	NA	0.9112	1.806	true	S26	0.3488	retained	retained	Ser25 S26 retained
A0A1Q7MNQ7	220	1	2.674e-13	579	0.478	0.9746	NA	0.9177	1.571	true	S25	0.3297	retained	retained	Ser25 S25 retained
MGYP003322920064.pdb.gz	221	1	3.219e-14	578	0.479	1.025	NA	NA	NA	NA	NA	NA	NA	unresolved	structure_not_found
B2FL70	222	1	1.39e-14	578	0.495	1.025	NA	0.9078	1.917	true	S25	0.3931	retained	retained	Ser25 S25 retained
A0A0J5ZEC8	223	1	1.425e-13	578	0.551	0.9831	NA	0.9085	1.887	true	S25	0.2964	retained	retained	Ser25 S25 retained
A0A537EAJ2	224	1	2.674e-13	578	0.486	0.9746	NA	0.9144	1.623	true	S25	0.3758	retained	retained	Ser25 S25 retained
A0A7V4UVV9	225	1	1.509e-13	578	0.5	1	NA	0.9116	1.695	true	S25	0.3778	retained	retained	Ser25 S25 retained
A0A537EST4	226	1	2.385e-13	578	0.504	0.9746	NA	0.912	1.706	true	S434	0.5245	retained	retained	Ser25 S434 retained
MGYP002572355671.pdb.gz	227	1	1.895e-13	577	0.539	0.9746	NA	NA	NA	NA	NA	NA	NA	unresolved	structure_not_found
MGYP001817225142.pdb.gz	228	1	1.345e-13	577	0.504	0.9746	NA	NA	NA	NA	NA	NA	NA	unresolved	structure_not_found
MGYP000375818775.pdb.gz	229	1	3.041e-14	577	0.528	1.025	NA	NA	NA	NA	NA	NA	NA	unresolved	structure_not_found
A3Q6Y4	230	1	5.806e-14	577	0.491	0.9661	NA	0.9199	1.539	true	S25	0.1012	retained	retained	Ser25 S25 retained
A0A3N6NI46	231	1	1.792e-13	577	0.568	0.9831	NA	0.9091	1.888	true	S25	0.3559	retained	retained	Ser25 S25 retained
A0A937CGR1	232	1	1.792e-13	577	0.47	1.008	NA	0.9201	1.907	true	S48	0.3755	retained	retained	Ser25 S48 retained
MGYP001151108538.pdb.gz	233	1	1.508e-13	576	0.486	0.9746	NA	NA	NA	NA	NA	NA	NA	unresolved	structure_not_found
MGYP001092925704.pdb.gz	234	1	1.01e-13	576	0.53	0.9746	NA	NA	NA	NA	NA	NA	NA	unresolved	structure_not_found
MGYP000981740537.pdb.gz	235	1	5.087e-14	576	0.52	1.025	NA	NA	NA	NA	NA	NA	NA	unresolved	structure_not_found
Q4UTV7	236	1	1.558e-14	576	0.487	1.025	NA	0.911	1.895	true	S25	0.3414	retained	retained	Ser25 S25 retained
A0A537DMS7	237	1	3.174e-13	576	0.469	0.9746	NA	0.9158	1.602	true	S25	0.4189	retained	retained	Ser25 S25 retained
A0A2H9SED5	238	1	2.252e-13	576	0.466	1	NA	0.9197	1.769	true	S25	0.3164	retained	retained	Ser25 S25 retained
MGYP000627243117.pdb.gz	239	1	6.394e-14	575	0.525	1	NA	NA	NA	NA	NA	NA	NA	unresolved	structure_not_found
C5C713	240	1	6.51e-14	575	0.526	0.9661	NA	0.9199	1.548	true	S25	0.1921	retained	retained	Ser25 S25 retained
A0A1E3RTK4	241	1	2.831e-13	575	0.508	0.9661	NA	0.9212	1.741	true	S25	0.1371	retained	retained	Ser25 S25 retained
MGYP000158446366.pdb.gz	242	1	1.69e-13	574	0.525	0.9831	NA	NA	NA	NA	NA	NA	NA	unresolved	structure_not_found
MGYP000922309069.pdb.gz	243	1	1.69e-13	574	0.457	1	NA	NA	NA	NA	NA	NA	NA	unresolved	structure_not_found
MGYP001425965118.pdb.gz	244	1	1.79e-13	574	0.543	0.9831	NA	NA	NA	NA	NA	NA	NA	unresolved	structure_not_found
A0A2E5YLE5	245	1	2.674e-13	574	0.483	1	NA	0.9199	1.743	true	S25	0.2779	retained	retained	Ser25 S25 retained
A0A1J5IN43	246	1	3.361e-13	574	0.535	0.9661	NA	0.9112	1.821	true	S25	0.3039	retained	retained	Ser25 S25 retained
Q5SKN7	247	1	7.299e-14	573	0.5	0.9661	NA	0.9133	1.925	true	S25	0.07901	retained	retained	Ser25 S25 retained
Q3SH81	248	1	9.863e-15	573	0.545	1.025	NA	0.8955	1.868	true	S25	0.8839	retained	retained	Ser25 S25 retained
B8JAL2	249	1	4.362e-14	573	0.535	0.9661	NA	0.9082	1.86	true	S25	0.3652	retained	retained	Ser25 S25 retained
A0A2G3K0C0	250	1	6.401e-14	573	0.545	1.025	NA	0.909	1.893	true	S25	0.3901	retained	retained	Ser25 S25 retained
MGYP003983860531.pdb.gz	251	1	1.69e-13	572	0.508	0.9831	NA	NA	NA	NA	NA	NA	NA	unresolved	structure_not_found
A0A951AUW2	252	1	3.174e-13	572	0.482	0.9661	NA	0.9164	1.845	true	S25	0.06907	retained	retained	Ser25 S25 retained
MGYP001328647784.pdb.gz	253	1	2.382e-13	571	0.513	0.9746	NA	NA	NA	NA	NA	NA	NA	unresolved	structure_not_found
Q72L22	254	1	8.183e-14	571	0.5	0.9661	NA	0.9136	1.921	true	S25	0.1011	retained	retained	Ser25 S25 retained
B0U1Q4	255	1	2.326e-14	571	0.504	1.025	NA	0.9129	1.902	true	S25	0.3421	retained	retained	Ser25 S25 retained
A0A7G9L2X8	256	1	3.361e-13	571	0.526	0.9661	NA	0.9195	1.577	true	S25	0.2589	retained	retained	Ser25 S25 retained
Q0C2E7	257	1	7.728e-14	570	0.586	0.9831	NA	0.904	1.628	true	S25	0.1816	retained	retained	Ser25 S25 retained
Q848I5	258	1	2.462e-14	570	0.52	1.025	NA	0.904	1.906	true	S25	0.2406	retained	retained	Ser25 S25 retained
A3MLN3	259	1	4.362e-14	570	0.577	0.9831	NA	0.902	1.931	true	S25	0.5782	retained	retained	Ser25 S25 retained
Q63W98	260	1	4.362e-14	570	0.577	0.9831	NA	0.9011	1.937	true	S25	0.5623	retained	retained	Ser25 S25 retained
A4T5N4	261	1	9.174e-14	570	0.491	0.9661	NA	0.9214	1.528	true	S25	0.1105	retained	retained	Ser25 S25 retained
A0A0H5BBM8	262	1	3.558e-13	570	0.517	0.9661	NA	0.9104	1.746	true	S25	0.2103	retained	retained	Ser25 S25 retained
A0A956GPI9	263	1	3.558e-13	570	0.526	0.9661	NA	0.9169	1.796	true	S27	0.149	retained	retained	Ser25 S27 retained
A0AAU3FUI2	264	1	3.558e-13	570	0.526	0.9661	NA	0.9174	1.558	true	S25	0.09284	retained	retained	Ser25 S25 retained
X7ZVG2	265	1	3.174e-13	570	0.5	0.9661	NA	0.9197	1.758	true	S25	0.0575	retained	retained	Ser25 S25 retained
MGYP003573567219.pdb.gz	266	1	2.523e-13	569	0.513	0.9746	NA	NA	NA	NA	NA	NA	NA	unresolved	structure_not_found
C5BN52	267	1	4.362e-14	569	0.504	1.025	NA	0.9203	1.834	true	S25	0.4023	retained	retained	Ser25 S25 retained
Q8PLK9	268	1	2.326e-14	569	0.487	1.025	NA	0.9099	1.904	true	S25	0.2984	retained	retained	Ser25 S25 retained
Q143J3	269	1	3.675e-14	569	0.568	0.9831	NA	0.8946	2.006	true	S25	0.7203	retained	retained	Ser25 S25 retained
A0A1Y5Q0Y3	270	1	8.519e-14	569	0.528	1.025	NA	0.9097	1.711	true	S49	0.3033	retained	retained	Ser25 S49 retained
A0A562DMF6	271	1	1.271e-13	569	0.508	1.017	NA	0.9191	1.555	true	S25	0.2088	retained	retained	Ser25 S25 retained
MGYP001329481488.pdb.gz	272	1	2.25e-13	568	0.539	0.9576	NA	NA	NA	NA	NA	NA	NA	unresolved	structure_not_found
Q2LSQ4	273	1	6.893e-14	568	0.486	0.9746	NA	0.892	1.822	true	S25	0.4854	retained	retained	Ser25 S25 retained
A6VUR3	274	1	4.362e-14	568	0.504	1.025	NA	0.9181	1.843	true	S25	0.3021	retained	retained	Ser25 S25 retained
A1TG34	275	1	9.174e-14	568	0.5	0.9661	NA	0.9194	1.559	true	S25	0.0732	retained	retained	Ser25 S25 retained
A1RAZ4	276	1	1.089e-13	568	0.543	0.9661	NA	0.9194	1.577	true	S25	0.5722	retained	retained	Ser25 S25 retained
A6SUW8	277	1	2.252e-13	568	0.535	0.9661	NA	0.9053	1.682	true	S25	0.5284	retained	retained	Ser25 S25 retained
A0A9W3JZ81	278	1	2.674e-13	568	0.56	0.9831	NA	0.9071	1.889	true	S25	0.3215	retained	retained	Ser25 S25 retained
A0A1F1TTG7	279	1	3.768e-13	568	0.517	0.9661	NA	0.92	1.776	true	S25	0.2945	retained	retained	Ser25 S25 retained
A0A0E4H235	280	1	3.768e-13	568	0.508	0.9661	NA	0.9196	1.745	true	S25	0.1776	retained	retained	Ser25 S25 retained
MGYP001390797120.pdb.gz	281	1	2.523e-13	567	0.443	0.9746	NA	NA	NA	NA	NA	NA	NA	unresolved	structure_not_found
MGYP001571684861.pdb.gz	282	1	3.171e-13	567	0.443	0.9746	NA	NA	NA	NA	NA	NA	NA	unresolved	structure_not_found
MGYP000453956768.pdb.gz	283	1	1.508e-13	567	0.5	0.9831	NA	NA	NA	NA	NA	NA	NA	unresolved	structure_not_found
MGYP001825260310.pdb.gz	284	1	2.125e-13	567	0.486	0.9746	NA	NA	NA	NA	NA	NA	NA	unresolved	structure_not_found
MGYP000342714147.pdb.gz	285	1	2.523e-13	567	0.443	0.9746	NA	NA	NA	NA	NA	NA	NA	unresolved	structure_not_found
MGYP003391257552.pdb.gz	286	1	2.25e-13	567	0.521	0.9746	NA	NA	NA	NA	NA	NA	NA	unresolved	structure_not_found
MGYP002661734308.pdb.gz	287	1	5.703e-14	567	0.537	1.025	NA	NA	NA	NA	NA	NA	NA	unresolved	structure_not_found
C1D1G6	288	1	1.153e-13	567	0.53	0.9746	NA	0.9139	1.891	true	S25	0.1594	retained	retained	Ser25 S25 retained
A3NSK7	289	1	4.891e-14	567	0.577	0.9831	NA	0.9011	1.938	true	S25	0.5692	retained	retained	Ser25 S25 retained
P65661	290	1	4.362e-14	567	0.483	1.017	NA	0.922	1.516	true	S25	0.09236	retained	retained	Ser25 S25 retained
A0A7Y8GW29	291	1	8.046e-14	567	0.495	1.025	NA	0.9057	1.922	true	S25	0.2264	retained	retained	Ser25 S25 retained
A0A518CPW6	292	1	2.525e-13	567	0.47	0.9915	NA	0.9039	1.932	true	S45	0.2698	retained	retained	Ser25 S45 retained
A0A2W2EYS6	293	1	4.224e-13	567	0.513	0.9746	NA	0.9158	1.571	true	S25	0.07784	retained	retained	Ser25 S25 retained
MGYP000400674313.pdb.gz	294	1	2.995e-13	566	0.486	0.9746	NA	NA	NA	NA	NA	NA	NA	unresolved	structure_not_found
B7V1E3	295	1	3.47e-14	566	0.52	1.025	NA	0.9068	1.89	true	S25	0.114	retained	retained	Ser25 S25 retained
A9EUF9	296	1	9.174e-14	566	0.542	1	NA	0.9151	1.644	true	S25	0.1738	retained	retained	Ser25 S25 retained
A0A537HXX3	297	1	4.736e-13	566	0.47	0.9915	NA	0.914	1.713	true	S25	0.2967	retained	retained	Ser25 S25 retained
A0A2D9XUH0	298	1	3.174e-13	566	0.469	0.9746	NA	0.9104	1.765	true	S25	0.3361	retained	retained	Ser25 S25 retained
A0A7Y9E157	299	1	3.99e-13	566	0.482	0.9661	NA	0.9173	1.758	true	S25	0.1724	retained	retained	Ser25 S25 retained
MGYP003228010955.pdb.gz	300	1	3.555e-13	565	0.474	0.9831	NA	NA	NA	NA	NA	NA	NA	unresolved	structure_not_found
A4G215	301	1	4.619e-14	565	0.543	0.9661	NA	0.897	1.936	true	S25	0.7018	retained	retained	Ser25 S25 retained
Q3A3I8	302	1	9.714e-14	565	0.478	0.9915	NA	0.9062	1.704	true	S25	0.398	retained	retained	Ser25 S25 retained
E8UZY0	303	1	5.015e-13	565	0.47	0.9915	NA	0.9224	1.675	true	S25	0.2623	retained	retained	Ser25 S25 retained
A0A845FYT2	304	1	1.897e-13	565	0.584	1	NA	0.897	1.807	true	A25	0.5302	lost	lost	Ser25 A not in expected {S}
MGYP003586476575.pdb.gz	305	1	7.169e-14	564	0.537	1.025	NA	NA	NA	NA	NA	NA	NA	unresolved	structure_not_found
Q6ALV4	306	1	8.664e-14	564	0.469	0.9746	NA	0.9085	1.874	true	S25	0.3582	retained	retained	Ser25 S25 retained
Q2T096	307	1	6.148e-14	564	0.568	0.9831	NA	0.9012	1.93	true	S25	0.5832	retained	retained	Ser25 S25 retained
Q1CXC6	308	1	8.183e-14	564	0.469	0.9746	NA	0.909	1.682	true	S25	0.2181	retained	retained	Ser25 S25 retained
B1Y852	309	1	3.278e-14	564	0.512	1.025	NA	0.9162	1.883	true	S25	0.2874	retained	retained	Ser25 S25 retained
A0A6H1W2X4	310	1	4.473e-13	564	0.5	0.9661	NA	0.919	1.756	true	S25	0.4378	retained	retained	Ser25 S25 retained
A0A3B0WVW7	311	1	1.509e-13	564	0.52	1.025	NA	0.9125	1.717	true	S34	0.3957	retained	retained	Ser25 S34 retained
U2PT98	312	1	5.623e-13	564	0.543	0.9661	NA	0.9128	1.889	true	S51	0.2099	retained	retained	Ser25 S51 retained
B0K363	313	1	1.153e-13	563	0.461	0.9915	NA	0.9114	1.746	true	S25	0.2181	retained	retained	Ser25 S25 retained
B0KC92	314	1	1.153e-13	563	0.461	0.9915	NA	0.912	1.74	true	S25	0.1891	retained	retained	Ser25 S25 retained
Q8XVU6	315	1	6.893e-14	563	0.521	0.9746	NA	0.9011	1.804	true	S25	1.038	retained	retained	Ser25 S25 retained
A5U8S6	316	1	5.179e-14	563	0.483	1.017	NA	0.9214	1.523	true	S25	0.06612	retained	retained	Ser25 S25 retained
7a8y-assembly1.cif.gz_BBB	317	1	2.51e-14	563	1	0.7966	NA	NA	NA	NA	NA	NA	NA	unresolved	structure_not_found
A0A5C1ANS6	318	1	5.015e-13	563	0.469	0.9746	NA	0.9144	1.761	true	S25	0.4384	retained	retained	Ser25 S25 retained
MGYP001604883903.pdb.gz	319	1	4.732e-13	562	0.478	0.9746	NA	NA	NA	NA	NA	NA	NA	unresolved	structure_not_found
MGYP001821858063.pdb.gz	320	1	2.382e-13	562	0.532	0.9237	NA	NA	NA	NA	NA	NA	NA	unresolved	structure_not_found
MGYP001012170205.pdb.gz	321	1	6.771e-14	562	0.504	1.025	NA	NA	NA	NA	NA	NA	NA	unresolved	structure_not_found
MGYP000075344152.pdb.gz	322	1	6.394e-14	562	0.545	1.025	NA	NA	NA	NA	NA	NA	NA	unresolved	structure_not_found
A2SAE9	323	1	6.893e-14	562	0.577	0.9831	NA	0.9009	1.932	true	S25	0.5487	retained	retained	Ser25 S25 retained
B1JWS9	324	1	6.893e-14	562	0.56	0.9831	NA	0.9002	1.931	true	S25	0.465	retained	retained	Ser25 S25 retained
A7H796	325	1	7.728e-14	562	0.526	0.9661	NA	0.9054	1.885	true	S25	0.2987	retained	retained	Ser25 S25 retained
P9WIL3	326	1	5.806e-14	562	0.483	1.017	NA	0.9219	1.518	true	S25	0.1124	retained	retained	Ser25 S25 retained
B2GGA2	327	1	1.721e-13	562	0.508	0.9661	NA	0.9193	1.583	true	S25	0.3694	retained	retained	Ser25 S25 retained
A0A9P6PBL1	328	1	1.425e-13	562	0.508	1.034	NA	0.9138	1.867	true	S48	0.2585	retained	retained	Ser25 S48 retained
MGYP003576472188.pdb.gz	329	1	4.22e-13	561	0.457	1	NA	NA	NA	NA	NA	NA	NA	unresolved	structure_not_found
MGYP000223272754.pdb.gz	330	1	2.995e-13	561	0.5	1	NA	NA	NA	NA	NA	NA	NA	unresolved	structure_not_found
MGYP001402378845.pdb.gz	331	1	1.69e-13	561	0.452	0.9915	NA	NA	NA	NA	NA	NA	NA	unresolved	structure_not_found
A3N6X1	332	1	8.183e-14	561	0.568	0.9831	NA	0.902	1.928	true	S25	0.4989	retained	retained	Ser25 S25 retained
Q47NS4	333	1	1.293e-13	561	0.491	0.9661	NA	0.9105	1.797	true	S25	0.1519	retained	retained	Ser25 S25 retained
P9WIL2	334	1	6.148e-14	561	0.483	1.017	NA	0.9221	1.51	true	S25	0.08318	retained	retained	Ser25 S25 retained
A1SDW8	335	1	1.45e-13	561	0.473	0.9661	NA	0.9166	1.603	true	S25	0.3263	retained	retained	Ser25 S25 retained
A0A1W1DU36	336	1	2.998e-13	561	0.5	1	NA	0.8994	1.975	true	S25	0.2726	retained	retained	Ser25 S25 retained
A0A2U1C6Y1	337	1	1.271e-13	561	0.52	1.025	NA	0.9127	1.895	true	S38	0.29	retained	retained	Ser25 S38 retained
MGYP000269686265.pdb.gz	338	1	3.986e-13	560	0.456	0.9831	NA	NA	NA	NA	NA	NA	NA	unresolved	structure_not_found
MGYP004003979281.pdb.gz	339	1	2.995e-13	560	0.504	0.9746	NA	NA	NA	NA	NA	NA	NA	unresolved	structure_not_found
A2SLT3	340	1	1.153e-13	560	0.521	0.9746	NA	0.9046	1.773	true	S25	0.6569	retained	retained	Ser25 S25 retained
Q62LE8	341	1	8.183e-14	560	0.577	0.9831	NA	0.9008	1.933	true	S25	0.5289	retained	retained	Ser25 S25 retained
B4UHC8	342	1	1.221e-13	560	0.535	0.9661	NA	0.9093	1.855	true	S25	0.1927	retained	retained	Ser25 S25 retained
C1AI59	343	1	6.148e-14	560	0.483	1.017	NA	0.9205	1.518	true	S25	0.1388	retained	retained	Ser25 S25 retained
C0ZPL4	344	1	1.029e-13	560	0.469	0.9746	NA	0.905	1.629	true	S25	0.0826	retained	retained	Ser25 S25 retained
A0A354R7E5	345	1	5.623e-13	560	0.49	0.9153	NA	0.8554	1.607	true	S25	0.2222	retained	retained	Ser25 S25 retained
A0A380WAE4	346	1	7.924e-13	560	0.452	0.9915	NA	0.9199	1.581	true	S25	0.3816	retained	retained	Ser25 S25 retained
A0A7C4STN4	347	1	3.361e-13	560	0.504	1.025	NA	0.9202	1.85	true	S25	0.2408	retained	retained	Ser25 S25 retained
C3XBD9	348	1	4.736e-13	560	0.535	0.9661	NA	0.9105	1.907	true	S42	0.5636	retained	retained	Ser25 S42 retained
J6IZ40	349	1	6.304e-13	560	0.491	0.9661	NA	0.9126	1.955	true	S72	0.2333	retained	retained	Ser25 S72 retained
A0A1H3GIF9	350	1	5.623e-13	560	0.5	0.9661	NA	0.9151	1.589	true	S25	0.103	retained	retained	Ser25 S25 retained
MGYP001403706410.pdb.gz	351	1	5.617e-13	559	0.504	0.9746	NA	NA	NA	NA	NA	NA	NA	unresolved	structure_not_found
A1V5W9	352	1	8.183e-14	559	0.577	0.9831	NA	0.9006	1.936	true	S25	0.4739	retained	retained	Ser25 S25 retained
B2JEQ8	353	1	8.664e-14	559	0.56	0.9831	NA	0.8993	1.981	true	S25	0.8181	retained	retained	Ser25 S25 retained
Q2IGV9	354	1	1.029e-13	559	0.526	0.9661	NA	0.9069	1.869	true	S25	0.2385	retained	retained	Ser25 S25 retained
A0A917JY36	355	1	6.304e-13	559	0.478	0.9746	NA	0.9095	1.881	true	S26	0.2362	retained	retained	Ser25 S26 retained
D4XAJ7	356	1	5.31e-13	559	0.556	0.9746	NA	0.909	1.715	true	S45	0.5009	retained	retained	Ser25 S45 retained
E0N8L5	357	1	6.675e-13	559	0.521	0.9746	NA	0.9127	1.832	true	S70	0.1824	retained	retained	Ser25 S70 retained
MGYP001294902899.pdb.gz	358	1	3.555e-13	558	0.532	0.9237	NA	NA	NA	NA	NA	NA	NA	unresolved	structure_not_found
MGYP000022163062.pdb.gz	359	1	9.542e-14	558	0.495	1.025	NA	NA	NA	NA	NA	NA	NA	unresolved	structure_not_found
Q3JUY9	360	1	9.714e-14	558	0.577	0.9831	NA	0.9009	1.939	true	S25	0.5176	retained	retained	Ser25 S25 retained
A1KPT6	361	1	7.299e-14	558	0.483	1.017	NA	0.9214	1.521	true	S25	0.06594	retained	retained	Ser25 S25 retained
A0A2D5Y189	362	1	9.407e-13	558	0.504	0.9746	NA	0.9159	1.717	true	S25	0.2335	retained	retained	Ser25 S25 retained
A0A495HZN3	363	1	1.598e-13	558	0.52	1.025	NA	0.9133	1.888	true	S25	0.2631	retained	retained	Ser25 S25 retained
A0A4Q5NR85	364	1	7.484e-13	558	0.469	0.9576	NA	0.9197	1.763	true	S25	0.2399	retained	retained	Ser25 S25 retained
A0A4R5TWA7	365	1	6.304e-13	558	0.517	0.9661	NA	0.9142	1.615	true	S25	0.4804	retained	retained	Ser25 S25 retained
A0A1Y0BY55	366	1	7.484e-13	558	0.486	0.9746	NA	0.9204	1.738	true	S25	0.1656	retained	retained	Ser25 S25 retained
A0A7K3LIM3	367	1	5.015e-13	558	0.517	0.9661	NA	0.9053	1.829	true	S25	0.1036	retained	retained	Ser25 S25 retained
MGYP001825459011.pdb.gz	368	1	4.732e-13	557	0.427	0.9915	NA	NA	NA	NA	NA	NA	NA	unresolved	structure_not_found
MGYP000415487411.pdb.gz	369	1	5.305e-13	557	0.5	0.9661	NA	NA	NA	NA	NA	NA	NA	unresolved	structure_not_found
MGYP001041294181.pdb.gz	370	1	3.555e-13	557	0.5	1.017	NA	NA	NA	NA	NA	NA	NA	unresolved	structure_not_found
Q743Y4	371	1	7.299e-14	557	0.475	1.017	NA	0.9203	1.533	true	S25	0.04944	retained	retained	Ser25 S25 retained
A0A0A0BMQ5	372	1	9.961e-13	557	0.5	0.9661	NA	0.9208	1.764	true	S30	0.3744	retained	retained	Ser25 S30 retained
A0A450ZE47	373	1	1.598e-13	557	0.495	1.025	NA	0.9073	1.904	true	S74	0.4175	retained	retained	Ser25 S74 retained
MGYP002054898465.pdb.gz	374	1	5.305e-13	556	0.521	0.9746	NA	NA	NA	NA	NA	NA	NA	unresolved	structure_not_found
MGYP000457085850.pdb.gz	375	1	4.22e-13	556	0.508	1	NA	NA	NA	NA	NA	NA	NA	unresolved	structure_not_found
MGYP003316564074.pdb.gz	376	1	4.732e-13	556	0.513	0.9746	NA	NA	NA	NA	NA	NA	NA	unresolved	structure_not_found
Q0AMS2	377	1	3.049e-13	556	0.508	0.9661	NA	0.9142	1.98	true	S25	0.1085	retained	retained	Ser25 S25 retained
Q1B2L9	378	1	2.163e-13	556	0.491	0.9661	NA	0.9197	1.524	true	S25	0.09532	retained	retained	Ser25 S25 retained
B8H729	379	1	2.043e-13	556	0.491	0.9661	NA	0.9185	1.581	true	S25	0.2536	retained	retained	Ser25 S25 retained
C1BA76	380	1	4.891e-14	556	0.458	1.017	NA	0.9052	1.623	true	S25	0.09232	retained	retained	Ser25 S25 retained
Q0S8D4	381	1	4.891e-14	556	0.466	1.017	NA	0.9059	1.618	true	S25	0.1149	retained	retained	Ser25 S25 retained
A0A286EHZ7	382	1	8.884e-13	556	0.486	0.9746	NA	0.9179	1.549	true	S25	0.08296	retained	retained	Ser25 S25 retained
A0A2E3NF17	383	1	5.623e-13	556	0.478	0.9746	NA	0.9112	1.812	true	S25	0.23	retained	retained	Ser25 S25 retained
A0A6P2CDE7	384	1	5.954e-13	556	0.486	0.9746	NA	0.9072	1.613	true	S25	0.2071	retained	retained	Ser25 S25 retained
G0AAT4	385	1	1.692e-13	556	0.52	1.025	NA	0.9096	1.716	true	S62	0.6292	retained	retained	Ser25 S62 retained
MGYP003570978910.pdb.gz	386	1	3.555e-13	555	0.5	1	NA	NA	NA	NA	NA	NA	NA	unresolved	structure_not_found
Q9ZHI5	387	1	8.183e-14	555	0.556	0.9746	NA	0.8963	1.831	true	S25	1.129	retained	retained	Ser25 S25 retained
B2UC88	388	1	4.619e-14	555	0.516	1.017	NA	0.9027	1.848	true	S25	1.001	retained	retained	Ser25 S25 retained
C1DFK0	389	1	3.675e-14	555	0.512	1.025	NA	0.9086	1.871	true	S25	0.1658	retained	retained	Ser25 S25 retained
A1WBI2	390	1	4.12e-14	555	0.512	1.025	NA	0.9089	1.907	true	S25	0.3415	retained	retained	Ser25 S25 retained
A1KUB3	391	1	2.163e-13	555	0.504	0.9746	NA	0.9138	1.806	true	S25	0.249	retained	retained	Ser25 S25 retained
P58286	392	1	2.291e-13	555	0.517	0.9661	NA	0.9165	1.556	true	S25	0.1708	retained	retained	Ser25 S25 retained
A4F6T1	393	1	2.043e-13	555	0.517	0.9661	NA	0.9172	1.573	true	S25	0.1629	retained	retained	Ser25 S25 retained
A0A3A8JLZ9	394	1	5.31e-13	555	0.457	1	NA	0.9109	1.693	true	S25	0.202	retained	retained	Ser25 S25 retained
MGYP000972457010.pdb.gz	395	1	4.22e-13	554	0.473	0.9661	NA	NA	NA	NA	NA	NA	NA	unresolved	structure_not_found
MGYP001287226198.pdb.gz	396	1	6.298e-13	554	0.453	1.008	NA	NA	NA	NA	NA	NA	NA	unresolved	structure_not_found
MGYP002725781318.pdb.gz	397	1	7.061e-13	554	0.466	1	NA	NA	NA	NA	NA	NA	NA	unresolved	structure_not_found
MGYP001292661535.pdb.gz	398	1	6.298e-13	554	0.452	0.9746	NA	NA	NA	NA	NA	NA	NA	unresolved	structure_not_found
B4RMD5	399	1	2.291e-13	554	0.504	0.9746	NA	0.9124	1.831	true	S25	0.1254	retained	retained	Ser25 S25 retained
A0A7C7QZS8	400	1	7.924e-13	554	0.432	1	NA	0.9128	1.782	true	S25	0.2941	retained	retained	Ser25 S25 retained
A0A895YBB4	401	1	9.961e-13	554	0.473	0.9661	NA	0.9197	1.757	true	S25	0.07777	retained	retained	Ser25 S25 retained
A0A7K0BXZ1	402	1	7.068e-13	554	0.508	0.9661	NA	0.9117	1.635	true	S25	0.4366	retained	retained	Ser25 S25 retained
MGYP001475344962.pdb.gz	403	1	4.469e-13	553	0.486	0.9237	NA	NA	NA	NA	NA	NA	NA	unresolved	structure_not_found
MGYP000002897401.pdb.gz	404	1	1.181e-12	553	0.508	0.9661	NA	NA	NA	NA	NA	NA	NA	unresolved	structure_not_found
MGYP000404276504.pdb.gz	405	1	5.01e-13	553	0.457	1	NA	NA	NA	NA	NA	NA	NA	unresolved	structure_not_found
MGYP001563532470.pdb.gz	406	1	6.298e-13	553	0.443	0.9746	NA	NA	NA	NA	NA	NA	NA	unresolved	structure_not_found
Q5WSM2	407	1	1.822e-13	553	0.495	0.9746	NA	0.905	1.932	true	S26	0.2655	retained	retained	Ser25 S26 retained
A0A2E3SMX6	408	1	7.484e-13	553	0.469	0.9746	NA	0.8935	1.774	true	S25	0.1418	retained	retained	Ser25 S25 retained
A0A357BTC8	409	1	1.182e-12	553	0.469	0.9746	NA	0.9159	1.867	true	S25	0.1806	retained	retained	Ser25 S25 retained
A0A7W0HR21	410	1	2.831e-13	553	0.495	1.008	NA	0.9072	1.818	true	S25	0.1606	retained	retained	Ser25 S25 retained
A0A316ASK6	411	1	7.484e-13	553	0.478	0.9746	NA	0.8927	1.787	true	S71	0.1689	retained	retained	Ser25 S71 retained
A0A7Z0K9A5	412	1	4.224e-13	553	0.495	1.025	NA	0.9191	1.759	true	S25	0.1785	retained	retained	Ser25 S25 retained
MGYP003321794768.pdb.gz	413	1	5.617e-13	552	0.509	0.9153	NA	NA	NA	NA	NA	NA	NA	unresolved	structure_not_found
MGYP001598439181.pdb.gz	414	1	6.298e-13	552	0.408	0.9746	NA	NA	NA	NA	NA	NA	NA	unresolved	structure_not_found
MGYP001601605517.pdb.gz	415	1	5.305e-13	552	0.426	0.9746	NA	NA	NA	NA	NA	NA	NA	unresolved	structure_not_found
MGYP000356753217.pdb.gz	416	1	3.764e-13	552	0.483	1	NA	NA	NA	NA	NA	NA	NA	unresolved	structure_not_found
MGYP000430457134.pdb.gz	417	1	2.007e-13	552	0.618	0.9322	NA	NA	NA	NA	NA	NA	NA	unresolved	structure_not_found
B8I2Z2	418	1	2.568e-13	552	0.5	0.9831	NA	0.9131	1.818	true	S25	0.22	retained	retained	Ser25 S25 retained
A0A961FD44	419	1	9.407e-13	552	0.5	0.9661	NA	0.911	1.889	true	S25	0.2037	retained	retained	Ser25 S25 retained
A0A8T7KAF8	420	1	5.954e-13	552	0.474	0.9831	NA	0.9058	1.812	true	S24	0.1991	retained	retained	Ser25 S24 retained
MGYP001606821868.pdb.gz	421	1	7.917e-13	551	0.478	0.9746	NA	NA	NA	NA	NA	NA	NA	unresolved	structure_not_found
MGYP000638610917.pdb.gz	422	1	1.79e-13	551	0.518	1.161	NA	NA	NA	NA	NA	NA	NA	unresolved	structure_not_found
Q3JCP7	423	1	5.806e-14	551	0.487	1.025	NA	0.9102	1.85	true	S25	0.3592	retained	retained	Ser25 S25 retained
A9BV13	424	1	4.619e-14	551	0.52	1.025	NA	0.9078	1.915	true	S25	0.2959	retained	retained	Ser25 S25 retained
Q9JU49	425	1	2.719e-13	551	0.513	0.9746	NA	0.9134	1.804	true	S25	0.2221	retained	retained	Ser25 S25 retained
A0K9L6	426	1	1.369e-13	551	0.56	0.9831	NA	0.8992	1.932	true	S25	0.4815	retained	retained	Ser25 S25 retained
A0A139D473	427	1	8.884e-13	551	0.482	0.9661	NA	0.9095	1.887	true	S25	0.3193	retained	retained	Ser25 S25 retained
A0A9E4MP87	428	1	1.055e-12	551	0.5	0.9661	NA	0.915	1.603	true	S25	0.2512	retained	retained	Ser25 S25 retained
A0A940QIR5	429	1	1.055e-12	551	0.474	1	NA	0.9163	1.772	true	S25	0.303	retained	retained	Ser25 S25 retained
A0A6L4YBF8	430	1	1.117e-12	551	0.457	1	NA	0.9154	1.765	true	S45	0.3177	retained	retained	Ser25 S45 retained
A0A0W0VG54	431	1	8.391e-13	551	0.521	0.9746	NA	0.903	1.743	true	S49	0.2669	retained	retained	Ser25 S49 retained
A0A1B1BEP8	432	1	9.961e-13	551	0.517	0.9661	NA	0.9147	1.619	true	S55	0.3752	retained	retained	Ser25 S55 retained
MGYP000694238484.pdb.gz	433	1	5.948e-13	550	0.452	0.9746	NA	NA	NA	NA	NA	NA	NA	unresolved	structure_not_found
MGYP000103159175.pdb.gz	434	1	7.917e-13	550	0.444	0.9915	NA	NA	NA	NA	NA	NA	NA	unresolved	structure_not_found
MGYP001376066264.pdb.gz	435	1	1.054e-12	550	0.533	1	NA	NA	NA	NA	NA	NA	NA	unresolved	structure_not_found
MGYP001060208049.pdb.gz	436	1	7.061e-13	550	0.483	1	NA	NA	NA	NA	NA	NA	NA	unresolved	structure_not_found
MGYP001787631810.pdb.gz	437	1	5.617e-13	550	0.516	1	NA	NA	NA	NA	NA	NA	NA	unresolved	structure_not_found
MGYP000853111839.pdb.gz	438	1	2.007e-13	550	0.479	1.025	NA	NA	NA	NA	NA	NA	NA	unresolved	structure_not_found
MGYP000164375132.pdb.gz	439	1	9.951e-13	550	0.53	0.9746	NA	NA	NA	NA	NA	NA	NA	unresolved	structure_not_found
A0A1V5QXN3	440	1	6.675e-13	550	0.5	0.9831	NA	0.8941	2	true	S25	0.282	retained	retained	Ser25 S25 retained
A0A2D4SRC0	441	1	1.574e-12	550	0.486	0.9746	NA	0.917	1.902	true	S25	0.1009	retained	retained	Ser25 S25 retained
MGYP002724429324.pdb.gz	442	1	6.298e-13	549	0.4	0.9746	NA	NA	NA	NA	NA	NA	NA	unresolved	structure_not_found
MGYP001614325963.pdb.gz	443	1	8.383e-13	549	0.393	0.9915	NA	NA	NA	NA	NA	NA	NA	unresolved	structure_not_found
MGYP000697627011.pdb.gz	444	1	1.69e-13	549	0.495	1.042	NA	NA	NA	NA	NA	NA	NA	unresolved	structure_not_found
MGYP000615536075.pdb.gz	445	1	1.895e-13	549	0.487	1.025	NA	NA	NA	NA	NA	NA	NA	unresolved	structure_not_found
MGYP000585587891.pdb.gz	446	1	5.305e-13	549	0.509	0.9322	NA	NA	NA	NA	NA	NA	NA	unresolved	structure_not_found
Q9AMS6	447	1	2.719e-13	549	0.435	0.9915	NA	0.9084	1.809	true	S25	0.7758	retained	retained	Ser25 S25 retained
A0LF66	448	1	2.291e-13	549	0.46	0.9746	NA	0.904	1.918	true	S25	0.5085	retained	retained	Ser25 S25 retained
Q5ZRF3	449	1	2.425e-13	549	0.486	0.9746	NA	0.9073	1.905	true	S26	0.2189	retained	retained	Ser25 S26 retained
A0A960PLB6	450	1	8.391e-13	549	0.469	0.9746	NA	0.9045	1.846	true	S25	0.1158	retained	retained	Ser25 S25 retained
MGYP000100161621.pdb.gz	451	1	1.054e-12	548	0.46	0.9576	NA	NA	NA	NA	NA	NA	NA	unresolved	structure_not_found
MGYP000436253957.pdb.gz	452	1	1.116e-12	548	0.478	0.9746	NA	NA	NA	NA	NA	NA	NA	unresolved	structure_not_found
MGYP002356366584.pdb.gz	453	1	4.22e-13	548	0.57	0.9661	NA	NA	NA	NA	NA	NA	NA	unresolved	structure_not_found
MGYP002651831525.pdb.gz	454	1	2.523e-13	548	0.483	1.017	NA	NA	NA	NA	NA	NA	NA	unresolved	structure_not_found
A1WUU3	455	1	6.893e-14	548	0.495	1.025	NA	0.9072	1.906	true	S25	1.073	retained	retained	Ser25 S25 retained
A0AAW8EPG2	456	1	2.831e-13	548	0.495	1.025	NA	0.9076	1.917	true	S25	0.3261	retained	retained	Ser25 S25 retained
A0A1F9API6	457	1	1.404e-12	548	0.432	1	NA	0.92	1.752	true	S25	0.3336	retained	retained	Ser25 S25 retained
A0A1Q7A8P0	458	1	1.404e-12	548	0.434	0.9746	NA	0.9092	1.698	true	S25	0.3986	retained	retained	Ser25 S25 retained
C6M2F7	459	1	1.117e-12	548	0.521	0.9746	NA	0.9082	1.849	true	S47	0.2367	retained	retained	Ser25 S47 retained
A0A4R6VI13	460	1	1.326e-12	548	0.482	0.9661	NA	0.9173	1.556	true	S25	0.1574	retained	retained	Ser25 S25 retained
A0A1C4VEB4	461	1	4.473e-13	548	0.491	1.017	NA	0.9155	1.763	true	S320	0.2216	retained	retained	Ser25 S320 retained
MGYP001579751948.pdb.gz	462	1	8.876e-13	547	0.417	0.9746	NA	NA	NA	NA	NA	NA	NA	unresolved	structure_not_found
MGYP003377599039.pdb.gz	463	1	1.424e-13	547	0.512	1.008	NA	NA	NA	NA	NA	NA	NA	unresolved	structure_not_found
A5CNC0	464	1	3.832e-13	547	0.513	0.9746	NA	0.9172	1.577	true	S25	0.1394	retained	retained	Ser25 S25 retained
A0A1M7XY14	465	1	1.574e-12	547	0.491	0.9661	NA	0.9127	1.91	true	S25	0.1533	retained	retained	Ser25 S25 retained
A0AB37U538	466	1	1.404e-12	547	0.526	0.9661	NA	0.9156	1.583	true	S25	0.3602	retained	retained	Ser25 S25 retained
A0A0W0XH37	467	1	1.326e-12	547	0.495	0.9746	NA	0.91	1.874	true	S39	0.1736	retained	retained	Ser25 S39 retained
A0A923TNC7	468	1	1.404e-12	547	0.473	0.9661	NA	0.9164	1.578	true	S25	0.2871	retained	retained	Ser25 S25 retained
A0A2H5B0T4	469	1	1.574e-12	547	0.5	0.9661	NA	0.92	1.547	true	S25	0.1568	retained	retained	Ser25 S25 retained
F8A4S3	470	1	1.868e-12	547	0.491	0.9661	NA	0.9201	1.773	true	S28	0.5325	retained	retained	Ser25 S28 retained
A0A510V087	471	1	1.978e-12	547	0.508	0.9661	NA	0.9208	1.766	true	S28	0.1136	retained	retained	Ser25 S28 retained
MGYP001598327328.pdb.gz	472	1	1.181e-12	546	0.525	0.9831	NA	NA	NA	NA	NA	NA	NA	unresolved	structure_not_found
MGYP000527034641.pdb.gz	473	1	1.69e-13	546	0.487	1.025	NA	NA	NA	NA	NA	NA	NA	unresolved	structure_not_found
MGYP001182013980.pdb.gz	474	1	9.951e-13	546	0.46	0.9746	NA	NA	NA	NA	NA	NA	NA	unresolved	structure_not_found
A9WT19	475	1	1.029e-13	546	0.462	1.008	NA	0.9095	1.684	true	S25	0.6194	retained	retained	Ser25 S25 retained
A0A960QEB0	476	1	1.182e-12	546	0.491	0.9661	NA	0.9018	1.952	true	S25	0.2948	retained	retained	Ser25 S25 retained
A0AA37UKQ7	477	1	3.768e-13	546	0.52	1.025	NA	0.9092	1.634	true	S25	0.3333	retained	retained	Ser25 S25 retained
A0A6L9S2L1	478	1	1.252e-12	546	0.447	0.9661	NA	0.9128	1.786	true	S25	0.2401	retained	retained	Ser25 S25 retained
A0A960AEZ3	479	1	1.667e-12	546	0.491	0.9661	NA	0.918	1.574	true	S25	0.465	retained	retained	Ser25 S25 retained
A0A1G9TMH6	480	1	1.326e-12	546	0.491	0.9661	NA	0.9152	1.571	true	S25	0.1555	retained	retained	Ser25 S25 retained
MGYP001146782831.pdb.gz	481	1	8.876e-13	545	0.434	0.9746	NA	NA	NA	NA	NA	NA	NA	unresolved	structure_not_found
MGYP000545342881.pdb.gz	482	1	8.383e-13	545	0.417	0.9746	NA	NA	NA	NA	NA	NA	NA	unresolved	structure_not_found
MGYP000458403935.pdb.gz	483	1	8.876e-13	545	0.41	0.9915	NA	NA	NA	NA	NA	NA	NA	unresolved	structure_not_found
MGYP003382742344.pdb.gz	484	1	7.917e-13	545	0.415	1	NA	NA	NA	NA	NA	NA	NA	unresolved	structure_not_found
MGYP000423840645.pdb.gz	485	1	1.402e-12	545	0.495	0.9746	NA	NA	NA	NA	NA	NA	NA	unresolved	structure_not_found
A0A9D9E0L1	486	1	1.117e-12	545	0.456	0.9831	NA	0.8939	1.916	true	S25	0.2541	retained	retained	Ser25 S25 retained
A0A4Q2TAS9	487	1	1.978e-12	545	0.482	0.9661	NA	0.9194	1.561	true	S25	0.1832	retained	retained	Ser25 S25 retained
A0A4R2JLQ8	488	1	1.404e-12	545	0.464	0.9661	NA	0.917	1.547	true	S25	0.1948	retained	retained	Ser25 S25 retained
A0A0H5CSH0	489	1	1.182e-12	545	0.482	0.9661	NA	0.9116	1.651	true	S26	0.4537	retained	retained	Ser25 S26 retained
MGYP001415677350.pdb.gz	490	1	2.382e-13	544	0.504	1.025	NA	NA	NA	NA	NA	NA	NA	unresolved	structure_not_found
MGYP002887363840.pdb.gz	491	1	8.876e-13	544	0.521	0.9746	NA	NA	NA	NA	NA	NA	NA	unresolved	structure_not_found
B9MEY1	492	1	8.183e-14	544	0.512	1.025	NA	0.9085	1.911	true	S25	0.3716	retained	retained	Ser25 S25 retained
1pyu-assembly1.cif.gz_B	493	1	4.447e-14	544	1	0.7712	NA	NA	NA	NA	NA	NA	NA	unresolved	structure_not_found
3tm7-assembly1.cif.gz_B	494	1	7.878e-14	544	0.989	0.7966	NA	NA	NA	NA	NA	NA	NA	unresolved	structure_not_found
T0ZHU4	495	1	8.391e-13	544	0.544	0.9492	NA	0.8723	2.107	true	S25	0.2009	retained	retained	Ser25 S25 retained
A0A1F9BPQ1	496	1	8.884e-13	544	0.432	1	NA	0.9064	1.858	true	S25	0.4903	retained	retained	Ser25 S25 retained
A0A1X7CAT6	497	1	2.095e-12	544	0.5	0.9661	NA	0.9204	1.548	true	S25	0.4546	retained	retained	Ser25 S25 retained
A0A975MIG1	498	1	5.954e-13	544	0.471	1.025	NA	0.9175	1.588	true	S25	0.2381	retained	retained	Ser25 S25 retained
A0A402DR51	499	1	2.218e-12	544	0.482	0.9661	NA	0.9205	1.752	true	S28	0.2867	retained	retained	Ser25 S28 retained
MGYP000917350809.pdb.gz	500	1	5.948e-13	543	0.449	1	NA	NA	NA	NA	NA	NA	NA	unresolved	structure_not_found
MGYP000856686651.pdb.gz	501	1	1.181e-12	543	0.504	0.9746	NA	NA	NA	NA	NA	NA	NA	unresolved	structure_not_found
B3R6Q3	502	1	7.299e-14	543	0.55	1.017	NA	0.8993	1.954	true	S25	0.7006	retained	retained	Ser25 S25 retained
B3PCR4	503	1	2.425e-13	543	0.5	1	NA	0.9049	1.882	true	S25	0.8828	retained	retained	Ser25 S25 retained
Q9JZ56	504	1	1.089e-13	543	0.495	1.025	NA	0.9105	1.843	true	S25	0.2364	retained	retained	Ser25 S25 retained
B1YUU0	505	1	2.425e-13	543	0.551	0.9831	NA	0.9004	1.924	true	S25	0.468	retained	retained	Ser25 S25 retained
A0A1Q8BJ07	506	1	1.574e-12	543	0.513	0.9407	NA	0.8847	1.697	true	S21	0.3114	retained	retained	Ser25 S21 retained
A0A2V8T945	507	1	1.574e-12	543	0.486	0.9746	NA	0.9077	1.967	true	S25	0.2477	retained	retained	Ser25 S25 retained
A0A538N4S7	508	1	1.868e-12	543	0.482	0.9661	NA	0.9184	1.549	true	S25	0.2532	retained	retained	Ser25 S25 retained
MGYP000609115953.pdb.gz	509	1	1.325e-12	542	0.443	0.9746	NA	NA	NA	NA	NA	NA	NA	unresolved	structure_not_found
MGYP000480172304.pdb.gz	510	1	1.251e-12	542	0.421	0.9661	NA	NA	NA	NA	NA	NA	NA	unresolved	structure_not_found
MGYP000093056791.pdb.gz	511	1	1.508e-13	542	0.544	1.042	NA	NA	NA	NA	NA	NA	NA	unresolved	structure_not_found
MGYP003946117303.pdb.gz	512	1	1.116e-12	542	0.473	0.9661	NA	NA	NA	NA	NA	NA	NA	unresolved	structure_not_found
MGYP001025664304.pdb.gz	513	1	5.305e-13	542	0.474	1	NA	NA	NA	NA	NA	NA	NA	unresolved	structure_not_found
MGYP003440045299.pdb.gz	514	1	7.477e-13	542	0.539	0.9746	NA	NA	NA	NA	NA	NA	NA	unresolved	structure_not_found
Q39DU8	515	1	4.619e-14	542	0.52	1.042	NA	0.904	1.915	true	S25	0.4459	retained	retained	Ser25 S25 retained
A0QA94	516	1	4.058e-13	542	0.5	0.9661	NA	0.9172	1.785	true	S25	0.08691	retained	retained	Ser25 S25 retained
2c45C00	517	1	9.278e-14	542	0.504	0.9576	NA	NA	NA	NA	NA	NA	NA	unresolved	structure_not_found
2c45-assembly1.cif.gz_C	518	1	1.176e-13	542	0.504	0.9576	NA	NA	NA	NA	NA	NA	NA	unresolved	structure_not_found
A0A1G6R1R9	519	1	2.218e-12	542	0.5	0.9661	NA	0.9098	1.737	true	S25	0.1674	retained	retained	Ser25 S25 retained
A0A1M3EMY0	520	1	2.487e-12	542	0.444	0.9915	NA	0.9188	1.813	true	S28	0.1327	retained	retained	Ser25 S28 retained
A0A1G0ZRM3	521	1	2.788e-12	542	0.417	0.9746	NA	0.9167	1.879	true	S25	0.1227	retained	retained	Ser25 S25 retained
A0A7V9DVE6	522	1	2.095e-12	542	0.469	0.9746	NA	0.9184	1.557	true	S25	0.1685	retained	retained	Ser25 S25 retained
E5AN51	523	1	4.736e-13	542	0.516	1.034	NA	0.9129	1.883	true	S48	0.3332	retained	retained	Ser25 S48 retained
A0AB33VFQ7	524	1	4.224e-13	542	0.508	1.017	NA	0.9077	1.907	true	S84	0.6465	retained	retained	Ser25 S84 retained
MGYP000883072472.pdb.gz	525	1	1.251e-12	541	0.426	0.9746	NA	NA	NA	NA	NA	NA	NA	unresolved	structure_not_found
MGYP001490600771.pdb.gz	526	1	1.181e-12	541	0.423	1	NA	NA	NA	NA	NA	NA	NA	unresolved	structure_not_found
MGYP000699270788.pdb.gz	527	1	3.986e-13	541	0.471	1.025	NA	NA	NA	NA	NA	NA	NA	unresolved	structure_not_found
B1VHK2	528	1	3.049e-13	541	0.508	0.9661	NA	0.9035	1.845	true	S25	0.2579	retained	retained	Ser25 S25 retained
A0A6G3DCG1	529	1	1.978e-12	541	0.508	0.9661	NA	0.9149	1.593	true	S25	0.2399	retained	retained	Ser25 S25 retained
A0A850DK61	530	1	3.99e-13	541	0.441	1.017	NA	0.9024	1.642	true	S25	0.1531	retained	retained	Ser25 S25 retained
A0A511JCK4	531	1	2.788e-12	541	0.5	0.9661	NA	0.9207	1.773	true	S28	0.3068	retained	retained	Ser25 S28 retained
MGYP002782525138.pdb.gz	532	1	1.116e-12	540	0.417	0.9746	NA	NA	NA	NA	NA	NA	NA	unresolved	structure_not_found
MGYP003295157574.pdb.gz	533	1	1.116e-12	540	0.452	0.9746	NA	NA	NA	NA	NA	NA	NA	unresolved	structure_not_found
MGYP002813486152.pdb.gz	534	1	5.617e-13	540	0.495	1.008	NA	NA	NA	NA	NA	NA	NA	unresolved	structure_not_found
MGYP000440973743.pdb.gz	535	1	2.671e-13	540	0.512	1.025	NA	NA	NA	NA	NA	NA	NA	unresolved	structure_not_found
A6LWN4	536	1	2.719e-13	540	0.454	1.025	NA	0.919	1.84	true	S25	0.3177	retained	retained	Ser25 S25 retained
Q12D75	537	1	1.029e-13	540	0.52	1.025	NA	0.9079	1.928	true	S25	0.3084	retained	retained	Ser25 S25 retained
Q0BCS7	538	1	7.299e-14	540	0.516	1.034	NA	0.9007	1.932	true	S25	0.4781	retained	retained	Ser25 S25 retained
A1UMH9	539	1	4.549e-13	540	0.491	0.9661	NA	0.9172	1.776	true	S25	0.1871	retained	retained	Ser25 S25 retained
Q9CD57	540	1	4.549e-13	540	0.491	0.9661	NA	0.9156	1.783	true	S25	0.03234	retained	retained	Ser25 S25 retained
A0A3M1Z6A1	541	1	2.487e-12	540	0.5	0.9661	NA	0.9139	1.897	true	S25	0.2216	retained	retained	Ser25 S25 retained
A0A3D4WVD5	542	1	2.095e-12	540	0.469	0.9746	NA	0.9136	1.687	true	S25	0.1636	retained	retained	Ser25 S25 retained
A0A1D3DYD7	543	1	1.868e-12	540	0.517	0.9661	NA	0.9119	1.596	true	S25	0.1674	retained	retained	Ser25 S25 retained
A0A833M6G0	544	1	1.486e-12	540	0.474	1	NA	0.9113	1.824	true	S25	0.02789	retained	retained	Ser25 S25 retained
A0A9D6ZM43	545	1	1.182e-12	540	0.482	0.9661	NA	0.8962	1.754	true	S25	0.2983	retained	retained	Ser25 S25 retained
H8KXH0	546	1	1.404e-12	540	0.495	0.9746	NA	0.885	1.777	true	S57	0.1572	retained	retained	Ser25 S57 retained
A0A7W7G7Z9	547	1	2.349e-12	540	0.491	0.9661	NA	0.9208	1.734	true	S34	0.3038	retained	retained	Ser25 S34 retained
A0A062X005	548	1	1.978e-12	540	0.491	0.9661	NA	0.9124	1.601	true	S25	0.3007	retained	retained	Ser25 S25 retained
A0A653T900	549	1	1.326e-12	540	0.464	0.9661	NA	0.9051	1.848	true	S25	0.2822	retained	retained	Ser25 S25 retained
MGYP000376677603.pdb.gz	550	1	4.732e-13	539	0.466	1.017	NA	NA	NA	NA	NA	NA	NA	unresolved	structure_not_found
MGYP001809676018.pdb.gz	551	1	1.325e-12	539	0.434	0.9746	NA	NA	NA	NA	NA	NA	NA	unresolved	structure_not_found
MGYP002738942707.pdb.gz	552	1	1.867e-12	539	0.443	0.9746	NA	NA	NA	NA	NA	NA	NA	unresolved	structure_not_found
MGYP002619717580.pdb.gz	553	1	1.485e-12	539	0.526	0.9661	NA	NA	NA	NA	NA	NA	NA	unresolved	structure_not_found
MGYP000678053849.pdb.gz	554	1	4.732e-13	539	0.528	1.025	NA	NA	NA	NA	NA	NA	NA	unresolved	structure_not_found
A0PXQ5	555	1	2.291e-13	539	0.433	1.017	NA	0.9127	1.677	true	S25	0.384	retained	retained	Ser25 S25 retained
A8M8F2	556	1	5.101e-13	539	0.482	0.9661	NA	0.9175	1.59	true	S25	0.5285	retained	retained	Ser25 S25 retained
Q2JE00	557	1	5.401e-13	539	0.474	0.9831	NA	0.9136	1.602	true	S26	0.2965	retained	retained	Ser25 S26 retained
A0A2V6CE69	558	1	2.487e-12	539	0.408	0.9746	NA	0.9156	1.858	true	S25	0.2645	retained	retained	Ser25 S25 retained
A0A4V1BDW7	559	1	2.487e-12	539	0.5	0.9661	NA	0.9161	1.6	true	S25	0.2839	retained	retained	Ser25 S25 retained
MGYP001568335654.pdb.gz	560	1	1.977e-12	538	0.443	0.9746	NA	NA	NA	NA	NA	NA	NA	unresolved	structure_not_found
MGYP001082696806.pdb.gz	561	1	1.054e-12	538	0.447	0.9661	NA	NA	NA	NA	NA	NA	NA	unresolved	structure_not_found
MGYP001048775435.pdb.gz	562	1	4.22e-13	538	0.462	1.025	NA	NA	NA	NA	NA	NA	NA	unresolved	structure_not_found
A4SWK6	563	1	3.228e-13	538	0.53	0.9746	NA	0.9024	1.801	true	S25	1.012	retained	retained	Ser25 S25 retained
A5CW02	564	1	3.418e-13	538	0.469	0.9746	NA	0.8991	1.958	true	S25	0.4496	retained	retained	Ser25 S25 retained
Q3A9L2	565	1	2.163e-13	538	0.454	1.025	NA	0.9143	1.627	true	S25	0.2483	retained	retained	Ser25 S25 retained
A0A3D1CW71	566	1	1.868e-12	538	0.47	0.9915	NA	0.896	1.83	true	S25	0.1457	retained	retained	Ser25 S25 retained
A0A395M3M6	567	1	1.868e-12	538	0.469	0.9746	NA	0.9068	1.891	true	S25	0.5726	retained	retained	Ser25 S25 retained
A0A7Y2PA35	568	1	7.068e-13	538	0.471	1.025	NA	0.9011	1.94	true	S25	0.2321	retained	retained	Ser25 S25 retained
A0A1I1I7N6	569	1	1.117e-12	538	0.495	0.9915	NA	0.8917	2.032	true	S43	0.2373	retained	retained	Ser25 S43 retained
A0A5E4Y3Y2	570	1	4.473e-13	538	0.508	1.034	NA	0.9105	1.883	true	S25	0.2638	retained	retained	Ser25 S25 retained
A0A918R5Y9	571	1	2.349e-12	538	0.5	0.9661	NA	0.9118	1.62	true	S41	0.2219	retained	retained	Ser25 S41 retained
A0A4Q5T8L7	572	1	2.487e-12	538	0.473	0.9661	NA	0.9147	1.651	true	S25	0.3747	retained	retained	Ser25 S25 retained
A0A2T6L7F2	573	1	2.487e-12	538	0.473	0.9661	NA	0.9186	1.764	true	S39	0.22	retained	retained	Ser25 S39 retained
MGYP000984397545.pdb.gz	574	1	1.181e-12	537	0.523	0.9068	NA	NA	NA	NA	NA	NA	NA	unresolved	structure_not_found
MGYP001119428792.pdb.gz	575	1	1.181e-12	537	0.53	0.9576	NA	NA	NA	NA	NA	NA	NA	unresolved	structure_not_found
MGYP001497146253.pdb.gz	576	1	1.977e-12	537	0.426	0.9746	NA	NA	NA	NA	NA	NA	NA	unresolved	structure_not_found
MGYP001796485178.pdb.gz	577	1	1.763e-12	537	0.512	1.008	NA	NA	NA	NA	NA	NA	NA	unresolved	structure_not_found
A9AHJ2	578	1	9.714e-14	537	0.524	1.034	NA	0.9018	1.927	true	S25	0.501	retained	retained	Ser25 S25 retained
Q88Z02	579	1	6.412e-13	537	0.482	0.9661	NA	0.9117	1.88	true	S25	0.3469	retained	retained	Ser25 S25 retained
A0A948G1R4	580	1	2.952e-12	537	0.4	0.9746	NA	0.9132	1.912	true	S25	0.3158	retained	retained	Ser25 S25 retained
A0A0Q1B199	581	1	1.978e-12	537	0.469	0.9746	NA	0.9064	1.969	true	S25	0.3555	retained	retained	Ser25 S25 retained
A0A929D4T2	582	1	2.487e-12	537	0.464	0.9661	NA	0.9115	1.642	true	S25	0.1778	retained	retained	Ser25 S25 retained
L8P0Z5	583	1	2.095e-12	537	0.473	0.9661	NA	0.906	1.802	true	S26	0.313	retained	retained	Ser25 S26 retained
A0A1V5KP05	584	1	1.404e-12	537	0.435	0.9915	NA	0.9063	1.801	true	S25	0.3006	retained	retained	Ser25 S25 retained
F8AZB5	585	1	2.349e-12	537	0.473	0.9661	NA	0.9152	1.597	true	S25	0.1456	retained	retained	Ser25 S25 retained
A0A1G7CB15	586	1	2.349e-12	537	0.491	0.9661	NA	0.9125	1.657	true	S90	0.4824	retained	retained	Ser25 S90 retained
A0A1G9PPG5	587	1	1.765e-12	537	0.486	0.9746	NA	0.8928	1.895	true	S142	0.1577	retained	retained	Ser25 S142 retained
MGYP003343117141.pdb.gz	588	1	1.867e-12	536	0.385	0.9661	NA	NA	NA	NA	NA	NA	NA	unresolved	structure_not_found
MGYP001490889004.pdb.gz	589	1	1.867e-12	536	0.443	0.9746	NA	NA	NA	NA	NA	NA	NA	unresolved	structure_not_found
MGYP000414163556.pdb.gz	590	1	4.469e-13	536	0.491	1.017	NA	NA	NA	NA	NA	NA	NA	unresolved	structure_not_found
MGYP001287121213.pdb.gz	591	1	2.828e-13	536	0.409	1.034	NA	NA	NA	NA	NA	NA	NA	unresolved	structure_not_found
Q65I58	592	1	1.721e-13	536	0.479	1.025	NA	0.9114	1.657	true	S25	0.17	retained	retained	Ser25 S25 retained
Q2RM59	593	1	9.568e-13	536	0.456	0.9661	NA	0.9174	1.609	true	S25	0.2128	retained	retained	Ser25 S25 retained
A0LRC6	594	1	6.055e-13	536	0.482	0.9661	NA	0.9161	1.575	true	S25	0.7157	retained	retained	Ser25 S25 retained
B8ZU50	595	1	2.719e-13	536	0.466	1.017	NA	0.9215	1.738	true	S25	0.2991	retained	retained	Ser25 S25 retained
Q0RB93	596	1	6.412e-13	536	0.482	0.9661	NA	0.9133	1.628	true	S25	0.06112	retained	retained	Ser25 S25 retained
A0A8T3KMG0	597	1	2.349e-12	536	0.443	0.9746	NA	0.9003	1.768	true	S25	0.1303	retained	retained	Ser25 S25 retained
A0A7C6KZ59	598	1	2.487e-12	536	0.444	0.9915	NA	0.9102	1.799	true	S25	0.2943	retained	retained	Ser25 S25 retained
A0A3M0ZIH5	599	1	2.788e-12	536	0.482	0.9831	NA	0.9136	1.901	true	S27	0.3053	retained	retained	Ser25 S27 retained
A0A6C1SX81	600	1	2.349e-12	536	0.443	0.9746	NA	0.9036	1.791	true	S25	0.2004	retained	retained	Ser25 S25 retained
A0A968TUE1	601	1	7.068e-13	536	0.446	1.025	NA	0.9097	1.896	true	S25	0.2498	retained	retained	Ser25 S25 retained
A0A961S9W9	602	1	3.929e-12	536	0.46	0.9746	NA	0.922	1.747	true	S25	0.4051	retained	retained	Ser25 S25 retained
A0A1H6YRE2	603	1	2.952e-12	536	0.464	0.9661	NA	0.9182	1.555	true	S28	0.2318	retained	retained	Ser25 S28 retained
MGYP001139996924.pdb.gz	604	1	1.251e-12	535	0.443	0.9746	NA	NA	NA	NA	NA	NA	NA	unresolved	structure_not_found
MGYP001201087438.pdb.gz	605	1	2.216e-12	535	0.46	0.9746	NA	NA	NA	NA	NA	NA	NA	unresolved	structure_not_found
MGYP001320448728.pdb.gz	606	1	1.867e-12	535	0.469	0.9746	NA	NA	NA	NA	NA	NA	NA	unresolved	structure_not_found
MGYP000564559727.pdb.gz	607	1	1.665e-12	535	0.469	0.9746	NA	NA	NA	NA	NA	NA	NA	unresolved	structure_not_found
MGYP000228404206.pdb.gz	608	1	1.977e-12	535	0.486	0.9746	NA	NA	NA	NA	NA	NA	NA	unresolved	structure_not_found
MGYP000290376861.pdb.gz	609	1	4.22e-13	535	0.479	1.025	NA	NA	NA	NA	NA	NA	NA	unresolved	structure_not_found
A0A1Q7ASG4	610	1	1.978e-12	535	0.426	0.9746	NA	0.8978	1.739	true	S25	0.2822	retained	retained	Ser25 S25 retained
A0A8J6LTK2	611	1	2.952e-12	535	0.478	0.9746	NA	0.9144	1.602	true	S25	0.1189	retained	retained	Ser25 S25 retained
A0A7C2EQ04	612	1	3.126e-12	535	0.491	0.9831	NA	0.9149	1.898	true	S45	0.1475	retained	retained	Ser25 S45 retained
A0A3T0Y984	613	1	9.961e-13	535	0.495	1.008	NA	0.9138	1.615	true	S40	0.4695	retained	retained	Ser25 S40 retained
A0A365ZGK0	614	1	2.952e-12	535	0.447	0.9661	NA	0.9171	1.561	true	S25	0.4236	retained	retained	Ser25 S25 retained
MGYP001559879655.pdb.gz	615	1	1.867e-12	534	0.443	0.9746	NA	NA	NA	NA	NA	NA	NA	unresolved	structure_not_found
MGYP000561645559.pdb.gz	616	1	2.216e-12	534	0.46	0.9746	NA	NA	NA	NA	NA	NA	NA	unresolved	structure_not_found
MGYP000498166249.pdb.gz	617	1	2.485e-12	534	0.408	0.9746	NA	NA	NA	NA	NA	NA	NA	unresolved	structure_not_found
Q5X0V0	618	1	6.412e-13	534	0.486	0.9746	NA	0.906	1.91	true	S26	0.1894	retained	retained	Ser25 S26 retained
A8LCM7	619	1	8.059e-13	534	0.482	0.9661	NA	0.9174	1.557	true	S25	0.1282	retained	retained	Ser25 S25 retained
A0A7X7F9N7	620	1	2.633e-12	534	0.411	1.008	NA	0.9138	1.846	true	S25	0.1704	retained	retained	Ser25 S25 retained
E6W3Q9	621	1	3.126e-12	534	0.443	0.9746	NA	0.9138	1.624	true	S25	0.216	retained	retained	Ser25 S25 retained
A0A543AWS3	622	1	3.711e-12	534	0.482	0.9661	NA	0.9219	1.542	true	S25	0.1865	retained	retained	Ser25 S25 retained
A0A2A9F0U0	623	1	3.505e-12	534	0.5	0.9661	NA	0.9183	1.566	true	S49	0.1961	retained	retained	Ser25 S49 retained
MGYP000300015266.pdb.gz	624	1	8.876e-13	533	0.418	0.9915	NA	NA	NA	NA	NA	NA	NA	unresolved	structure_not_found
MGYP002683649790.pdb.gz	625	1	1.665e-12	533	0.408	0.9746	NA	NA	NA	NA	NA	NA	NA	unresolved	structure_not_found
MGYP001771016542.pdb.gz	626	1	2.346e-12	533	0.438	0.9661	NA	NA	NA	NA	NA	NA	NA	unresolved	structure_not_found
MGYP000963490511.pdb.gz	627	1	1.402e-12	533	0.469	0.9576	NA	NA	NA	NA	NA	NA	NA	unresolved	structure_not_found
MGYP000282913720.pdb.gz	628	1	2.093e-12	533	0.4	0.9746	NA	NA	NA	NA	NA	NA	NA	unresolved	structure_not_found
MGYP001548782846.pdb.gz	629	1	6.669e-13	533	0.504	1.025	NA	NA	NA	NA	NA	NA	NA	unresolved	structure_not_found
MGYP003576238486.pdb.gz	630	1	1.402e-12	533	0.504	0.9746	NA	NA	NA	NA	NA	NA	NA	unresolved	structure_not_found
MGYP001060991336.pdb.gz	631	1	7.061e-13	533	0.413	1.025	NA	NA	NA	NA	NA	NA	NA	unresolved	structure_not_found
MGYP000014694787.pdb.gz	632	1	1.402e-12	533	0.5	0.9661	NA	NA	NA	NA	NA	NA	NA	unresolved	structure_not_found
MGYP001494345531.pdb.gz	633	1	2.828e-13	533	0.459	1.034	NA	NA	NA	NA	NA	NA	NA	unresolved	structure_not_found
A1AXA6	634	1	5.401e-13	533	0.46	0.9746	NA	0.901	1.946	true	S25	0.7024	retained	retained	Ser25 S25 retained
A4JGX2	635	1	1.153e-13	533	0.524	1.034	NA	0.9003	1.935	true	S25	0.4759	retained	retained	Ser25 S25 retained
Q3AQL9	636	1	9.036e-13	533	0.452	0.9746	NA	0.9118	1.879	true	S25	0.1747	retained	retained	Ser25 S25 retained
A0A939XGU5	637	1	2.095e-12	533	0.521	0.9746	NA	0.8763	1.839	true	S25	0.2096	retained	retained	Ser25 S25 retained
A0A948C8U0	638	1	3.126e-12	533	0.377	0.9661	NA	0.9131	1.906	true	S25	0.04234	retained	retained	Ser25 S25 retained
A0A937LHY9	639	1	2.487e-12	533	0.426	0.9746	NA	0.9136	1.704	true	S25	0.2743	retained	retained	Ser25 S25 retained
A0A5C6E1X9	640	1	2.633e-12	533	0.438	0.9661	NA	0.9076	1.936	true	S28	0.1857	retained	retained	Ser25 S28 retained
A0A2E5IBU2	641	1	1.182e-12	533	0.479	1.025	NA	0.9181	1.805	true	S41	0.1767	retained	retained	Ser25 S41 retained
A0A5J4KD92	642	1	2.788e-12	533	0.5	0.9661	NA	0.9057	1.934	true	S25	0.1396	retained	retained	Ser25 S25 retained
A0A1Y2K3Z0	643	1	7.924e-13	533	0.479	1.042	NA	0.9106	1.948	true	S40	0.4575	retained	retained	Ser25 S40 retained
A0A518GJL3	644	1	2.633e-12	533	0.415	1	NA	0.9051	1.753	true	S56	0.2992	retained	retained	Ser25 S56 retained
A0A1X1MH73	645	1	3.126e-12	533	0.491	0.9831	NA	0.9182	1.769	true	S25	0.2578	retained	retained	Ser25 S25 retained
A0A345SYU4	646	1	3.505e-12	533	0.5	0.9661	NA	0.9181	1.574	true	S25	0.3309	retained	retained	Ser25 S25 retained
A0A455U071	647	1	9.407e-13	533	0.504	1.025	NA	0.9076	1.87	true	S325	0.2941	retained	retained	Ser25 S325 retained
MGYP000262096574.pdb.gz	648	1	2.216e-12	532	0.426	0.9746	NA	NA	NA	NA	NA	NA	NA	unresolved	structure_not_found
MGYP002628003601.pdb.gz	649	1	1.763e-12	532	0.465	0.9831	NA	NA	NA	NA	NA	NA	NA	unresolved	structure_not_found
MGYP000215212816.pdb.gz	650	1	1.977e-12	532	0.525	0.9831	NA	NA	NA	NA	NA	NA	NA	unresolved	structure_not_found
MGYP000299510621.pdb.gz	651	1	8.383e-13	532	0.462	1.025	NA	NA	NA	NA	NA	NA	NA	unresolved	structure_not_found
MGYP001014743219.pdb.gz	652	1	2.093e-12	532	0.478	0.9746	NA	NA	NA	NA	NA	NA	NA	unresolved	structure_not_found
B9ML76	653	1	8.534e-13	532	0.413	0.9831	NA	0.9117	1.88	true	S25	0.2028	retained	retained	Ser25 S25 retained
A0K1U2	654	1	9.036e-13	532	0.508	0.9661	NA	0.9162	1.597	true	S25	0.5169	retained	retained	Ser25 S25 retained
A4XCQ3	655	1	6.789e-13	532	0.473	0.9661	NA	0.9127	1.633	true	S25	0.3857	retained	retained	Ser25 S25 retained
A0A1G1PQ70	656	1	3.126e-12	532	0.452	0.9915	NA	0.904	1.626	true	S25	0.3629	retained	retained	Ser25 S25 retained
A0A960WDI9	657	1	3.126e-12	532	0.449	1	NA	0.9102	1.924	true	S25	0.3469	retained	retained	Ser25 S25 retained
A0A7X7A0W9	658	1	3.126e-12	532	0.469	0.9746	NA	0.9127	1.899	true	S25	0.3366	retained	retained	Ser25 S25 retained
A0A9Q4CU88	659	1	4.665e-12	532	0.486	0.9746	NA	0.9183	1.589	true	S25	0.2475	retained	retained	Ser25 S25 retained
MGYP001274810269.pdb.gz	660	1	1.867e-12	531	0.4	0.9746	NA	NA	NA	NA	NA	NA	NA	unresolved	structure_not_found
MGYP000494623141.pdb.gz	661	1	1.977e-12	531	0.394	0.9661	NA	NA	NA	NA	NA	NA	NA	unresolved	structure_not_found
MGYP000653862430.pdb.gz	662	1	2.216e-12	531	0.382	0.9746	NA	NA	NA	NA	NA	NA	NA	unresolved	structure_not_found
MGYP000655916503.pdb.gz	663	1	2.786e-12	531	0.417	0.9746	NA	NA	NA	NA	NA	NA	NA	unresolved	structure_not_found
MGYP000027919866.pdb.gz	664	1	2.346e-12	531	0.486	0.9746	NA	NA	NA	NA	NA	NA	NA	unresolved	structure_not_found
MGYP001064211614.pdb.gz	665	1	2.216e-12	531	0.469	0.9746	NA	NA	NA	NA	NA	NA	NA	unresolved	structure_not_found
MGYP001443613308.pdb.gz	666	1	2.093e-12	531	0.384	0.9915	NA	NA	NA	NA	NA	NA	NA	unresolved	structure_not_found
MGYP002522875018.pdb.gz	667	1	1.054e-12	531	0.486	0.9576	NA	NA	NA	NA	NA	NA	NA	unresolved	structure_not_found
MGYP003606556641.pdb.gz	668	1	4.469e-13	531	0.479	1.025	NA	NA	NA	NA	NA	NA	NA	unresolved	structure_not_found
MGYP000847814768.pdb.gz	669	1	2.786e-12	531	0.421	0.9661	NA	NA	NA	NA	NA	NA	NA	unresolved	structure_not_found
B4SCF6	670	1	1.013e-12	531	0.434	0.9746	NA	0.9146	1.842	true	S25	0.2538	retained	retained	Ser25 S25 retained
Q826E8	671	1	4.817e-13	531	0.487	1.008	NA	0.9149	1.596	true	S25	0.1807	retained	retained	Ser25 S25 retained
A0A7Y8MLW9	672	1	1.326e-12	531	0.582	0.8729	NA	0.7997	1.786	true	S25	0.3947	retained	retained	Ser25 S25 retained
A0A944UGC7	673	1	2.952e-12	531	0.436	1.008	NA	0.9117	1.761	true	S25	0.2529	retained	retained	Ser25 S25 retained
A0AA48KFW1	674	1	3.126e-12	531	0.508	0.9661	NA	0.9034	1.783	true	S25	0.319	retained	retained	Ser25 S25 retained
A0A944EAL2	675	1	3.505e-12	531	0.456	0.9661	NA	0.9138	1.604	true	S25	0.341	retained	retained	Ser25 S25 retained
A0A8J7HKL6	676	1	2.349e-12	531	0.412	0.9661	NA	0.9015	1.926	true	S25	0.2139	retained	retained	Ser25 S25 retained
A0A7J5UNL4	677	1	4.406e-12	531	0.447	0.9661	NA	0.9213	1.757	true	S33	0.2316	retained	retained	Ser25 S33 retained
A0A7J9V2R9	678	1	4.161e-12	531	0.447	0.9661	NA	0.9198	1.546	true	S33	0.4955	retained	retained	Ser25 S33 retained
A0A1C6RBZ0	679	1	4.161e-12	531	0.491	0.9661	NA	0.9193	1.546	true	S25	0.1064	retained	retained	Ser25 S25 retained
MGYP003621543984.pdb.gz	680	1	1.181e-12	530	0.517	0.9492	NA	NA	NA	NA	NA	NA	NA	unresolved	structure_not_found
MGYP001260111501.pdb.gz	681	1	2.346e-12	530	0.426	0.9746	NA	NA	NA	NA	NA	NA	NA	unresolved	structure_not_found
MGYP000443650856.pdb.gz	682	1	1.665e-12	530	0.482	0.9831	NA	NA	NA	NA	NA	NA	NA	unresolved	structure_not_found
MGYP001769778750.pdb.gz	683	1	2.631e-12	530	0.464	0.9661	NA	NA	NA	NA	NA	NA	NA	unresolved	structure_not_found
MGYP000586211701.pdb.gz	684	1	2.093e-12	530	0.456	0.9831	NA	NA	NA	NA	NA	NA	NA	unresolved	structure_not_found
MGYP001305244204.pdb.gz	685	1	2.093e-12	530	0.486	0.9746	NA	NA	NA	NA	NA	NA	NA	unresolved	structure_not_found
MGYP001545175995.pdb.gz	686	1	7.477e-13	530	0.512	1.025	NA	NA	NA	NA	NA	NA	NA	unresolved	structure_not_found
B4E8E6	687	1	1.369e-13	530	0.524	1.034	NA	0.899	1.94	true	S25	0.3888	retained	retained	Ser25 S25 retained
Q1BUH0	688	1	1.45e-13	530	0.524	1.034	NA	0.8996	1.935	true	S25	0.4839	retained	retained	Ser25 S25 retained
Q21U10	689	1	1.221e-13	530	0.512	1.025	NA	0.8962	1.997	true	S25	0.8379	retained	retained	Ser25 S25 retained
A0A971QLZ6	690	1	4.406e-12	530	0.443	0.9746	NA	0.9129	1.705	true	S25	0.1724	retained	retained	Ser25 S25 retained
A0A948BXP4	691	1	2.788e-12	530	0.417	0.9746	NA	0.9014	1.901	true	S25	0.4644	retained	retained	Ser25 S25 retained
A0A7C5JNI3	692	1	3.126e-12	530	0.41	0.9915	NA	0.9048	1.979	true	S25	0.2252	retained	retained	Ser25 S25 retained
A0A9D7A2I1	693	1	2.633e-12	530	0.432	1	NA	0.9109	1.777	true	S25	0.3068	retained	retained	Ser25 S25 retained
A0A6G3CV13	694	1	3.505e-12	530	0.464	0.9661	NA	0.9108	1.626	true	S25	0.3	retained	retained	Ser25 S25 retained
A0A838S2L1	695	1	1.486e-12	530	0.466	1.017	NA	0.9175	1.566	true	S25	0.2201	retained	retained	Ser25 S25 retained
A0A0P7CHA1	696	1	3.505e-12	530	0.464	0.9661	NA	0.9147	1.773	true	S25	0.1368	retained	retained	Ser25 S25 retained
MGYP001602490221.pdb.gz	697	1	1.665e-12	529	0.426	0.9746	NA	NA	NA	NA	NA	NA	NA	unresolved	structure_not_found
MGYP001550464211.pdb.gz	698	1	3.501e-12	529	0.456	0.9661	NA	NA	NA	NA	NA	NA	NA	unresolved	structure_not_found
MGYP000069166787.pdb.gz	699	1	2.346e-12	529	0.452	0.9746	NA	NA	NA	NA	NA	NA	NA	unresolved	structure_not_found
MGYP001148207864.pdb.gz	700	1	7.061e-13	529	0.441	1.017	NA	NA	NA	NA	NA	NA	NA	unresolved	structure_not_found
MGYP000680325329.pdb.gz	701	1	2.786e-12	529	0.437	0.9492	NA	NA	NA	NA	NA	NA	NA	unresolved	structure_not_found
MGYP000865983547.pdb.gz	702	1	1.116e-12	529	0.466	1.017	NA	NA	NA	NA	NA	NA	NA	unresolved	structure_not_found
A7Z5Z2	703	1	3.418e-13	529	0.479	1.025	NA	0.9143	1.649	true	S25	0.2208	retained	retained	Ser25 S25 retained
P52999	704	1	3.228e-13	529	0.471	1.025	NA	0.9135	1.634	true	S25	0.2792	retained	retained	Ser25 S25 retained
Q8FU86	705	1	3.619e-13	529	0.438	1.025	NA	0.9166	1.577	true	S25	0.2118	retained	retained	Ser25 S25 retained
A0A970Z6J5	706	1	3.711e-12	529	0.456	0.9661	NA	0.9124	1.867	true	S25	0.1103	retained	retained	Ser25 S25 retained
A0A2W5PQ05	707	1	1.404e-12	529	0.462	1.025	NA	0.9073	1.811	true	S25	0.1544	retained	retained	Ser25 S25 retained
J7LG94	708	1	1.486e-12	529	0.416	1.017	NA	0.9089	1.821	true	S25	0.1827	retained	retained	Ser25 S25 retained
A0A4R4SHF9	709	1	1.765e-12	529	0.458	1.017	NA	0.9146	1.61	true	S25	0.2936	retained	retained	Ser25 S25 retained
A0A656Y0M7	710	1	4.939e-12	529	0.464	0.9661	NA	0.9184	1.791	true	S28	0.5821	retained	retained	Ser25 S28 retained
A0A328HJX5	711	1	3.929e-12	529	0.46	0.9746	NA	0.9159	1.773	true	S25	0.2091	retained	retained	Ser25 S25 retained
MGYP003326807103.pdb.gz	712	1	1.763e-12	528	0.495	0.8898	NA	NA	NA	NA	NA	NA	NA	unresolved	structure_not_found
MGYP002870487096.pdb.gz	713	1	2.093e-12	528	0.504	0.9068	NA	NA	NA	NA	NA	NA	NA	unresolved	structure_not_found
MGYP000020467249.pdb.gz	714	1	2.346e-12	528	0.427	0.9322	NA	NA	NA	NA	NA	NA	NA	unresolved	structure_not_found
MGYP001226942860.pdb.gz	715	1	2.786e-12	528	0.382	0.9746	NA	NA	NA	NA	NA	NA	NA	unresolved	structure_not_found
MGYP000309573967.pdb.gz	716	1	3.123e-12	528	0.421	0.9661	NA	NA	NA	NA	NA	NA	NA	unresolved	structure_not_found
Q0B0P4	717	1	1.203e-12	528	0.478	0.9746	NA	0.9096	1.937	true	S25	0.4456	retained	retained	Ser25 S25 retained
B2V1M0	718	1	3.619e-13	528	0.454	1.025	NA	0.9092	1.895	true	S25	0.3633	retained	retained	Ser25 S25 retained
Q0AB67	719	1	1.929e-13	528	0.471	1.025	NA	0.904	1.934	true	S25	0.9915	retained	retained	Ser25 S25 retained
Q5F8Y9	720	1	3.228e-13	528	0.479	1.025	NA	0.9113	1.832	true	S25	0.2454	retained	retained	Ser25 S25 retained
A1BDG1	721	1	1.273e-12	528	0.452	0.9746	NA	0.912	1.875	true	S25	0.1242	retained	retained	Ser25 S25 retained
A0A7C3YYK8	722	1	4.665e-12	528	0.365	0.9746	NA	0.9017	1.751	true	S25	0.3175	retained	retained	Ser25 S25 retained
A0A7W1YKF9	723	1	3.505e-12	528	0.473	0.9661	NA	0.9006	1.915	true	S25	0.1536	retained	retained	Ser25 S25 retained
A0A9D7T448	724	1	3.505e-12	528	0.4	1.017	NA	0.9164	1.886	true	S25	0.1487	retained	retained	Ser25 S25 retained
A0A952R5E7	725	1	4.406e-12	528	0.487	0.9915	NA	0.9109	1.671	true	S25	0.1103	retained	retained	Ser25 S25 retained
A0A2E2UYM1	726	1	2.218e-12	528	0.481	0.9322	NA	0.8867	2.188	true	S25	0.2248	retained	retained	Ser25 S25 retained
B0B512	727	1	3.505e-12	528	0.434	0.9746	NA	0.9105	1.625	true	S25	0.5508	retained	retained	Ser25 S25 retained
A0A2S6SAJ2	728	1	8.391e-13	528	0.426	1.034	NA	0.9099	1.807	true	S32	0.4436	retained	retained	Ser25 S32 retained
A0A7C6CG65	729	1	5.23e-12	528	0.526	0.9661	NA	0.9187	1.771	true	S25	0.3076	retained	retained	Ser25 S25 retained
A0A2E3QYM1	730	1	4.161e-12	528	0.434	0.9746	NA	0.9055	1.889	true	S25	0.4976	retained	retained	Ser25 S25 retained
MGYP001398888243.pdb.gz	731	1	4.157e-12	527	0.448	0.9831	NA	NA	NA	NA	NA	NA	NA	unresolved	structure_not_found
MGYP001269066419.pdb.gz	732	1	1.977e-12	527	0.482	0.9492	NA	NA	NA	NA	NA	NA	NA	unresolved	structure_not_found
MGYP001610705966.pdb.gz	733	1	1.763e-12	527	0.444	0.9915	NA	NA	NA	NA	NA	NA	NA	unresolved	structure_not_found
MGYP000218041369.pdb.gz	734	1	2.216e-12	527	0.431	0.9831	NA	NA	NA	NA	NA	NA	NA	unresolved	structure_not_found
MGYP001218819113.pdb.gz	735	1	1.325e-12	527	0.423	1	NA	NA	NA	NA	NA	NA	NA	unresolved	structure_not_found
MGYP000689247603.pdb.gz	736	1	2.216e-12	527	0.495	0.9746	NA	NA	NA	NA	NA	NA	NA	unresolved	structure_not_found
MGYP002626547222.pdb.gz	737	1	1.116e-12	527	0.462	1.025	NA	NA	NA	NA	NA	NA	NA	unresolved	structure_not_found
K0ENC8	738	1	2.712e-13	527	0.466	1.017	NA	0.9032	1.848	true	S25	0.06135	retained	retained	Ser25 S25 retained
A0A538TM87	739	1	4.406e-12	527	0.469	0.9746	NA	0.913	1.837	true	S25	0.3137	retained	retained	Ser25 S25 retained
A0A2E6DTN8	740	1	3.711e-12	527	0.434	0.9746	NA	0.9055	1.959	true	S25	0.2683	retained	retained	Ser25 S25 retained
A0A564WG02	741	1	3.126e-12	527	0.406	1	NA	0.9003	1.711	true	S32	0.2839	retained	retained	Ser25 S32 retained
A0A7W6SS67	742	1	5.538e-12	527	0.396	0.9831	NA	0.9101	1.837	true	A27	0.3508	lost	lost	Ser25 A not in expected {S}
A0A941QWL2	743	1	2.998e-13	527	0.537	1.025	NA	0.9103	1.923	true	S25	0.3723	retained	retained	Ser25 S25 retained
A0A021VLT3	744	1	1.765e-12	527	0.491	1	NA	0.9128	1.764	true	S24	0.2717	retained	retained	Ser25 S24 retained
MGYP000627327929.pdb.gz	745	1	3.708e-12	526	0.408	0.9746	NA	NA	NA	NA	NA	NA	NA	unresolved	structure_not_found
MGYP001072827299.pdb.gz	746	1	5.305e-13	526	0.504	1.008	NA	NA	NA	NA	NA	NA	NA	unresolved	structure_not_found
MGYP002628314050.pdb.gz	747	1	3.123e-12	526	0.438	0.9661	NA	NA	NA	NA	NA	NA	NA	unresolved	structure_not_found
Q833S7	748	1	2.719e-13	526	0.442	1.034	NA	0.9124	1.846	true	S25	0.2811	retained	retained	Ser25 S25 retained
Q4JXL3	749	1	8.534e-13	526	0.482	0.9661	NA	0.9051	1.831	true	S25	0.2902	retained	retained	Ser25 S25 retained
B1VSQ0	750	1	1.428e-12	526	0.447	0.9661	NA	0.9174	1.568	true	S25	0.1869	retained	retained	Ser25 S25 retained
4aonE00	751	1	1.552e-13	526	1	0.7712	NA	NA	NA	NA	NA	NA	NA	unresolved	structure_not_found
3tm7-assembly1.cif.gz_D	752	1	9.902e-14	526	0.989	0.7966	NA	NA	NA	NA	NA	NA	NA	unresolved	structure_not_found
A0A2H0FX64	753	1	1.868e-12	526	0.469	0.9746	NA	0.8773	1.803	true	S25	0.57	retained	retained	Ser25 S25 retained
A0A1F5BMC4	754	1	1.574e-12	526	0.432	1	NA	0.9045	1.759	true	S25	0.4488	retained	retained	Ser25 S25 retained
A0A078BMB1	755	1	2.218e-12	526	0.512	0.9915	NA	0.9096	1.738	true	S35	0.3184	retained	retained	Ser25 S35 retained
A0A0D0NU10	756	1	4.939e-12	526	0.464	0.9661	NA	0.9173	1.57	true	S25	0.403	retained	retained	Ser25 S25 retained
B0RCH0	757	1	4.939e-12	526	0.495	0.9746	NA	0.9129	1.61	true	S48	0.4138	retained	retained	Ser25 S48 retained
A0A1R4F1N7	758	1	5.23e-12	526	0.482	0.9661	NA	0.9178	1.794	true	S32	0.4795	retained	retained	Ser25 S32 retained
MGYP001349302570.pdb.gz	759	1	2.786e-12	525	0.365	0.9746	NA	NA	NA	NA	NA	NA	NA	unresolved	structure_not_found
MGYP003312473590.pdb.gz	760	1	2.949e-12	525	0.452	0.9746	NA	NA	NA	NA	NA	NA	NA	unresolved	structure_not_found
MGYP001456331953.pdb.gz	761	1	3.708e-12	525	0.382	0.9746	NA	NA	NA	NA	NA	NA	NA	unresolved	structure_not_found
MGYP001276469093.pdb.gz	762	1	2.949e-12	525	0.452	0.9746	NA	NA	NA	NA	NA	NA	NA	unresolved	structure_not_found
MGYP000875649671.pdb.gz	763	1	1.251e-12	525	0.449	1	NA	NA	NA	NA	NA	NA	NA	unresolved	structure_not_found
MGYP000942397479.pdb.gz	764	1	2.485e-12	525	0.434	0.9746	NA	NA	NA	NA	NA	NA	NA	unresolved	structure_not_found
MGYP000546947762.pdb.gz	765	1	1.977e-12	525	0.417	0.9746	NA	NA	NA	NA	NA	NA	NA	unresolved	structure_not_found
MGYP001220249754.pdb.gz	766	1	3.926e-12	525	0.474	1	NA	NA	NA	NA	NA	NA	NA	unresolved	structure_not_found
MGYP003606133493.pdb.gz	767	1	5.225e-12	525	0.452	0.9746	NA	NA	NA	NA	NA	NA	NA	unresolved	structure_not_found
A0A925HXC6	768	1	4.406e-12	525	0.408	0.9746	NA	0.8955	1.722	true	S25	0.1275	retained	retained	Ser25 S25 retained
A0A9E5WK72	769	1	1.326e-12	525	0.479	1.025	NA	0.9102	1.878	true	S25	0.1685	retained	retained	Ser25 S25 retained
A0A2E1N0A2	770	1	4.406e-12	525	0.385	0.9661	NA	0.9072	1.879	true	S25	0.04869	retained	retained	Ser25 S25 retained
A0A9E2D5S4	771	1	4.406e-12	525	0.434	0.9746	NA	0.9071	1.836	true	S25	0.3012	retained	retained	Ser25 S25 retained
A0A7C3RGY0	772	1	7.371e-12	525	0.417	0.9746	NA	0.9205	1.752	true	S25	0.2877	retained	retained	Ser25 S25 retained
A0A3E1HM39	773	1	1.868e-12	525	0.446	1.025	NA	0.9211	1.725	true	S25	0.1093	retained	retained	Ser25 S25 retained
A0A6G1SYE2	774	1	5.538e-12	525	0.41	0.9915	NA	0.9138	1.798	true	S45	0.371	retained	retained	Ser25 S45 retained
A0A7Z1AIU2	775	1	4.406e-12	525	0.456	0.9661	NA	0.9168	1.746	true	S36	0.2809	retained	retained	Ser25 S36 retained
A0A1J5NMR1	776	1	4.939e-12	525	0.483	1	NA	0.9106	1.75	true	S153	0.2738	retained	retained	Ser25 S153 retained
MGYP000266679734.pdb.gz	777	1	3.123e-12	524	0.379	0.9831	NA	NA	NA	NA	NA	NA	NA	unresolved	structure_not_found
MGYP000079144601.pdb.gz	778	1	1.572e-12	524	0.389	1	NA	NA	NA	NA	NA	NA	NA	unresolved	structure_not_found
MGYP001598237993.pdb.gz	779	1	3.123e-12	524	0.391	0.9746	NA	NA	NA	NA	NA	NA	NA	unresolved	structure_not_found
MGYP000875773938.pdb.gz	780	1	5.225e-12	524	0.447	0.9661	NA	NA	NA	NA	NA	NA	NA	unresolved	structure_not_found
MGYP000188546001.pdb.gz	781	1	4.935e-12	524	0.391	0.9746	NA	NA	NA	NA	NA	NA	NA	unresolved	structure_not_found
Q5Z2U2	782	1	3.049e-13	524	0.466	1.017	NA	0.902	1.854	true	S25	0.07791	retained	retained	Ser25 S25 retained
Q2J4S0	783	1	1.512e-12	524	0.491	0.9661	NA	0.9148	1.576	true	S25	0.2011	retained	retained	Ser25 S25 retained
A0AAU2GW02	784	1	2.218e-12	524	0.453	1.008	NA	0.9144	1.597	true	S25	0.3098	retained	retained	Ser25 S25 retained
A0A2W2MK05	785	1	4.665e-12	524	0.46	0.9746	NA	0.9117	1.635	true	S25	0.3909	retained	retained	Ser25 S25 retained
MGYP001442225790.pdb.gz	786	1	3.307e-12	523	0.408	0.9746	NA	NA	NA	NA	NA	NA	NA	unresolved	structure_not_found
MGYP000512322367.pdb.gz	787	1	1.485e-12	523	0.432	1	NA	NA	NA	NA	NA	NA	NA	unresolved	structure_not_found
MGYP003490518991.pdb.gz	788	1	2.346e-12	523	0.406	1	NA	NA	NA	NA	NA	NA	NA	unresolved	structure_not_found
MGYP000089896478.pdb.gz	789	1	2.485e-12	523	0.46	0.9746	NA	NA	NA	NA	NA	NA	NA	unresolved	structure_not_found
MGYP000772175948.pdb.gz	790	1	3.501e-12	523	0.448	0.9831	NA	NA	NA	NA	NA	NA	NA	unresolved	structure_not_found
A5D5T6	791	1	1.695e-12	523	0.473	0.9661	NA	0.9146	1.681	true	S25	0.2472	retained	retained	Ser25 S25 retained
E0QMG7	792	1	8.264e-12	523	0.426	0.9746	NA	0.9052	1.662	true	S26	0.3197	retained	retained	Ser25 S26 retained
A0A260RE55	793	1	4.665e-12	523	0.482	0.9661	NA	0.9104	1.799	true	S25	0.2715	retained	retained	Ser25 S25 retained
A0A3N4Z4J4	794	1	5.864e-12	523	0.456	0.9661	NA	0.915	1.808	true	S37	0.2429	retained	retained	Ser25 S37 retained
MGYP001353797232.pdb.gz	795	1	3.708e-12	522	0.452	0.9746	NA	NA	NA	NA	NA	NA	NA	unresolved	structure_not_found
MGYP001029575686.pdb.gz	796	1	3.501e-12	522	0.504	0.9576	NA	NA	NA	NA	NA	NA	NA	unresolved	structure_not_found
MGYP001164180966.pdb.gz	797	1	3.501e-12	522	0.417	0.9746	NA	NA	NA	NA	NA	NA	NA	unresolved	structure_not_found
MGYP001380318693.pdb.gz	798	1	4.66e-12	522	0.373	0.9746	NA	NA	NA	NA	NA	NA	NA	unresolved	structure_not_found
MGYP000651629740.pdb.gz	799	1	2.631e-12	522	0.426	0.9746	NA	NA	NA	NA	NA	NA	NA	unresolved	structure_not_found
MGYP000896495815.pdb.gz	800	1	3.307e-12	522	0.426	0.9746	NA	NA	NA	NA	NA	NA	NA	unresolved	structure_not_found
MGYP001611017670.pdb.gz	801	1	3.501e-12	522	0.449	1	NA	NA	NA	NA	NA	NA	NA	unresolved	structure_not_found
MGYP000680410403.pdb.gz	802	1	1.402e-12	522	0.487	1.025	NA	NA	NA	NA	NA	NA	NA	unresolved	structure_not_found
MGYP000884420137.pdb.gz	803	1	1.251e-12	522	0.462	1.025	NA	NA	NA	NA	NA	NA	NA	unresolved	structure_not_found
A1RDH3	804	1	5.101e-13	522	0.483	1.017	NA	0.913	1.642	true	S25	0.4288	retained	retained	Ser25 S25 retained
A0A1G1JD21	805	1	7.371e-12	522	0.426	0.9746	NA	0.8981	1.797	true	S25	0.1941	retained	retained	Ser25 S25 retained
A0A558AYC4	806	1	5.538e-12	522	0.473	0.9661	NA	0.9064	1.875	true	S25	0.3494	retained	retained	Ser25 S25 retained
A0A1V1WWC0	807	1	4.406e-12	522	0.421	0.9661	NA	0.9039	1.906	true	S25	0.7125	retained	retained	Ser25 S25 retained
A0A3M1VCU8	808	1	3.711e-12	522	0.401	0.9915	NA	0.9072	1.837	true	S25	0.2084	retained	retained	Ser25 S25 retained
A0A3M2IV38	809	1	7.805e-12	522	0.473	0.9661	NA	0.9189	1.772	true	S28	0.3229	retained	retained	Ser25 S28 retained
MGYP001546369516.pdb.gz	810	1	4.157e-12	521	0.504	0.9576	NA	NA	NA	NA	NA	NA	NA	unresolved	structure_not_found
MGYP001280703036.pdb.gz	811	1	3.123e-12	521	0.429	0.9661	NA	NA	NA	NA	NA	NA	NA	unresolved	structure_not_found
MGYP000274201082.pdb.gz	812	1	6.203e-12	521	0.453	1.008	NA	NA	NA	NA	NA	NA	NA	unresolved	structure_not_found
MGYP001675862957.pdb.gz	813	1	4.66e-12	521	0.422	0.9831	NA	NA	NA	NA	NA	NA	NA	unresolved	structure_not_found
MGYP003303862188.pdb.gz	814	1	8.876e-13	521	0.421	1.025	NA	NA	NA	NA	NA	NA	NA	unresolved	structure_not_found
A3DDV5	815	1	6.055e-13	521	0.421	1.025	NA	0.9149	1.828	true	S25	0.3425	retained	retained	Ser25 S25 retained
C4ZG24	816	1	6.055e-13	521	0.454	1.025	NA	0.9116	1.871	true	S25	0.3101	retained	retained	Ser25 S25 retained
A0A150XU73	817	1	4.161e-12	521	0.434	0.9746	NA	0.8824	1.676	true	S25	0.2397	retained	retained	Ser25 S25 retained
A0A651GSF1	818	1	2.349e-12	521	0.421	1.025	NA	0.9133	1.684	true	S25	0.1622	retained	retained	Ser25 S25 retained
A0A9Q5C8E1	819	1	5.015e-13	521	0.503	1.161	NA	0.9033	1.963	true	S53	0.3108	retained	retained	Ser25 S53 retained
MGYP000383167570.pdb.gz	820	1	3.501e-12	520	0.379	0.9831	NA	NA	NA	NA	NA	NA	NA	unresolved	structure_not_found
MGYP001816053925.pdb.gz	821	1	3.307e-12	520	0.4	0.9746	NA	NA	NA	NA	NA	NA	NA	unresolved	structure_not_found
MGYP000741756842.pdb.gz	822	1	1.572e-12	520	0.396	0.9831	NA	NA	NA	NA	NA	NA	NA	unresolved	structure_not_found
A7HZW6	823	1	8.059e-13	520	0.426	0.9746	NA	0.877	1.826	true	S25	0.3169	retained	retained	Ser25 S25 retained
A0A7V4E529	824	1	6.209e-12	520	0.445	0.9322	NA	0.8633	1.705	true	S25	0.2566	retained	retained	Ser25 S25 retained
A0A1Y5DT59	825	1	5.538e-12	520	0.394	0.9661	NA	0.9019	1.884	true	S25	0.1622	retained	retained	Ser25 S25 retained
A0A7C2EIX1	826	1	7.805e-12	520	0.456	0.9661	NA	0.9138	1.852	true	S25	0.2613	retained	retained	Ser25 S25 retained
A0A285R3N2	827	1	4.939e-12	520	0.456	0.9661	NA	0.9104	1.642	true	S25	0.4337	retained	retained	Ser25 S25 retained
A0A2D9FVX4	828	1	7.805e-12	520	0.478	0.9746	NA	0.9098	1.851	true	S25	0.3105	retained	retained	Ser25 S25 retained
A0A225E4I2	829	1	1.667e-12	520	0.446	1.025	NA	0.9028	1.991	true	S25	0.2692	retained	retained	Ser25 S25 retained
MGYP001474698406.pdb.gz	830	1	3.926e-12	519	0.422	0.9237	NA	NA	NA	NA	NA	NA	NA	unresolved	structure_not_found
MGYP001767362115.pdb.gz	831	1	4.401e-12	519	0.408	0.9746	NA	NA	NA	NA	NA	NA	NA	unresolved	structure_not_found
MGYP001598238803.pdb.gz	832	1	4.157e-12	519	0.417	0.9746	NA	NA	NA	NA	NA	NA	NA	unresolved	structure_not_found
MGYP000897644622.pdb.gz	833	1	4.157e-12	519	0.401	0.9915	NA	NA	NA	NA	NA	NA	NA	unresolved	structure_not_found
MGYP000382988337.pdb.gz	834	1	3.926e-12	519	0.401	0.9915	NA	NA	NA	NA	NA	NA	NA	unresolved	structure_not_found
MGYP001186058317.pdb.gz	835	1	3.708e-12	519	0.456	0.9661	NA	NA	NA	NA	NA	NA	NA	unresolved	structure_not_found
MGYP000076622914.pdb.gz	836	1	4.157e-12	519	0.426	0.9746	NA	NA	NA	NA	NA	NA	NA	unresolved	structure_not_found
MGYP002019890309.pdb.gz	837	1	3.926e-12	519	0.478	0.9746	NA	NA	NA	NA	NA	NA	NA	unresolved	structure_not_found
MGYP001805964078.pdb.gz	838	1	5.533e-12	519	0.448	0.9831	NA	NA	NA	NA	NA	NA	NA	unresolved	structure_not_found
MGYP002630657976.pdb.gz	839	1	5.533e-12	519	0.443	0.9746	NA	NA	NA	NA	NA	NA	NA	unresolved	structure_not_found
Q7MVF1	840	1	1.273e-12	519	0.428	0.9492	NA	0.896	1.985	true	S25	0.2262	retained	retained	Ser25 S25 retained
B2RK28	841	1	1.273e-12	519	0.428	0.9492	NA	0.8957	1.999	true	S25	0.2209	retained	retained	Ser25 S25 retained
B9L6T1	842	1	1.601e-12	519	0.421	0.9661	NA	0.908	1.895	true	S25	0.212	retained	retained	Ser25 S25 retained
A5N8N4	843	1	6.412e-13	519	0.388	1.025	NA	0.9142	1.848	true	S25	0.334	retained	retained	Ser25 S25 retained
Q4LA33	844	1	4.817e-13	519	0.471	1.025	NA	0.9002	1.891	true	S25	0.2277	retained	retained	Ser25 S25 retained
Q8KFS0	845	1	2.389e-12	519	0.46	0.9746	NA	0.9118	1.911	true	S25	0.2017	retained	retained	Ser25 S25 retained
A0A098SAP8	846	1	5.538e-12	519	0.443	0.9746	NA	0.8902	1.963	true	S25	0.3282	retained	retained	Ser25 S25 retained
A0A1G6K3C1	847	1	7.805e-12	519	0.482	0.9661	NA	0.9149	1.784	true	S25	0.3722	retained	retained	Ser25 S25 retained
A0A549SXJ8	848	1	5.23e-12	519	0.443	0.9746	NA	0.9083	1.617	true	S25	0.2333	retained	retained	Ser25 S25 retained
N2BLS0	849	1	8.264e-12	519	0.417	0.9746	NA	0.9081	1.995	true	S49	0.1746	retained	retained	Ser25 S49 retained
A0A7X9P9Q1	850	1	5.538e-12	519	0.469	0.9746	NA	0.8994	1.742	true	S25	0.2828	retained	retained	Ser25 S25 retained
M5RNP5	851	1	5.538e-12	519	0.412	0.9661	NA	0.906	1.746	true	S28	0.3041	retained	retained	Ser25 S28 retained
MGYP001202547180.pdb.gz	852	1	5.533e-12	518	0.424	0.9576	NA	NA	NA	NA	NA	NA	NA	unresolved	structure_not_found
MGYP001340466081.pdb.gz	853	1	6.568e-12	518	0.417	0.9746	NA	NA	NA	NA	NA	NA	NA	unresolved	structure_not_found
MGYP003872500347.pdb.gz	854	1	4.401e-12	518	0.4	0.9746	NA	NA	NA	NA	NA	NA	NA	unresolved	structure_not_found
MGYP001097428391.pdb.gz	855	1	7.797e-12	518	0.438	0.9661	NA	NA	NA	NA	NA	NA	NA	unresolved	structure_not_found
MGYP000921637139.pdb.gz	856	1	6.203e-12	518	0.431	0.9831	NA	NA	NA	NA	NA	NA	NA	unresolved	structure_not_found
MGYP001407797391.pdb.gz	857	1	6.203e-12	518	0.4	0.9746	NA	NA	NA	NA	NA	NA	NA	unresolved	structure_not_found
MGYP000185712045.pdb.gz	858	1	1.572e-12	518	0.487	1.025	NA	NA	NA	NA	NA	NA	NA	unresolved	structure_not_found
MGYP001084215061.pdb.gz	859	1	3.307e-12	518	0.435	0.9915	NA	NA	NA	NA	NA	NA	NA	unresolved	structure_not_found
MGYP001766342376.pdb.gz	860	1	8.256e-12	518	0.429	0.9661	NA	NA	NA	NA	NA	NA	NA	unresolved	structure_not_found
MGYP001985532219.pdb.gz	861	1	3.708e-12	518	0.486	0.9746	NA	NA	NA	NA	NA	NA	NA	unresolved	structure_not_found
A4QAD0	862	1	6.789e-13	518	0.425	1.017	NA	0.9092	1.654	true	S25	0.3321	retained	retained	Ser25 S25 retained
A0A949F4W0	863	1	6.574e-12	518	0.381	1	NA	0.9035	1.678	true	S25	0.5849	retained	retained	Ser25 S25 retained
A0A6H1U350	864	1	7.371e-12	518	0.46	0.9746	NA	0.9107	1.859	true	S25	0.2176	retained	retained	Ser25 S25 retained
A0A1Q7WYQ2	865	1	5.23e-12	518	0.422	0.9831	NA	0.9061	1.846	true	S25	0.6198	retained	retained	Ser25 S25 retained
A0A2V5SZB7	866	1	8.75e-12	518	0.403	0.9661	NA	0.9108	1.806	true	S25	0.1575	retained	retained	Ser25 S25 retained
MGYP001420839302.pdb.gz	867	1	4.157e-12	517	0.462	0.9153	NA	NA	NA	NA	NA	NA	NA	unresolved	structure_not_found
MGYP001610238554.pdb.gz	868	1	1.763e-12	517	0.466	1	NA	NA	NA	NA	NA	NA	NA	unresolved	structure_not_found
MGYP001180495305.pdb.gz	869	1	5.533e-12	517	0.447	0.9661	NA	NA	NA	NA	NA	NA	NA	unresolved	structure_not_found
MGYP001819725518.pdb.gz	870	1	5.225e-12	517	0.482	0.9661	NA	NA	NA	NA	NA	NA	NA	unresolved	structure_not_found
MGYP002726388131.pdb.gz	871	1	1.867e-12	517	0.466	1.017	NA	NA	NA	NA	NA	NA	NA	unresolved	structure_not_found
Q9X4N0	872	1	9.036e-13	517	0.425	1.017	NA	0.9149	1.598	true	S25	0.2051	retained	retained	Ser25 S25 retained
A0A0M2TYX0	873	1	6.961e-12	517	0.379	0.9831	NA	0.9008	1.716	true	S25	0.2472	retained	retained	Ser25 S25 retained
A0A6I4MGS0	874	1	8.264e-12	517	0.447	0.9661	NA	0.9103	1.8	true	S25	0.2477	retained	retained	Ser25 S25 retained
A0A3D8IPM7	875	1	9.811e-12	517	0.405	0.9831	NA	0.9153	1.896	true	S56	0.2214	retained	retained	Ser25 S56 retained
K9EXG1	876	1	4.161e-12	517	0.504	1.008	NA	0.9164	1.609	true	S37	0.6133	retained	retained	Ser25 S37 retained
A0A1H9IPB2	877	1	1.055e-12	517	0.478	1.169	NA	0.909	1.884	true	S46	0.4232	retained	retained	Ser25 S46 retained
MGYP000685457000.pdb.gz	878	1	3.501e-12	516	0.398	1	NA	NA	NA	NA	NA	NA	NA	unresolved	structure_not_found
MGYP000853340001.pdb.gz	879	1	7.797e-12	516	0.431	0.9831	NA	NA	NA	NA	NA	NA	NA	unresolved	structure_not_found
MGYP003580025381.pdb.gz	880	1	6.955e-12	516	0.478	0.9746	NA	NA	NA	NA	NA	NA	NA	unresolved	structure_not_found
MGYP001101226063.pdb.gz	881	1	4.157e-12	516	0.491	0.9661	NA	NA	NA	NA	NA	NA	NA	unresolved	structure_not_found
MGYP003335887121.pdb.gz	882	1	5.533e-12	516	0.456	0.9661	NA	NA	NA	NA	NA	NA	NA	unresolved	structure_not_found
MGYP001553405540.pdb.gz	883	1	6.203e-12	516	0.465	0.9831	NA	NA	NA	NA	NA	NA	NA	unresolved	structure_not_found
MGYP001235774590.pdb.gz	884	1	7.364e-12	516	0.417	0.9746	NA	NA	NA	NA	NA	NA	NA	unresolved	structure_not_found
C3J8F4	885	1	7.805e-12	516	0.467	0.9237	NA	0.8943	1.784	true	S25	0.3304	retained	retained	Ser25 S25 retained
A0A0R2XIQ5	886	1	9.811e-12	516	0.469	0.9576	NA	0.9167	1.75	true	S25	0.355	retained	retained	Ser25 S25 retained
A0A2V5PTA0	887	1	9.265e-12	516	0.405	0.9831	NA	0.914	1.885	true	S25	0.2459	retained	retained	Ser25 S25 retained
A0A1Q5N6A2	888	1	8.75e-12	516	0.477	0.9576	NA	0.9166	1.572	true	S25	0.3446	retained	retained	Ser25 S25 retained
A0A0M8VFU3	889	1	8.264e-12	516	0.5	0.9661	NA	0.9107	1.623	true	S39	0.3351	retained	retained	Ser25 S39 retained
MGYP001086989404.pdb.gz	890	1	6.955e-12	515	0.382	0.9746	NA	NA	NA	NA	NA	NA	NA	unresolved	structure_not_found
MGYP001287835726.pdb.gz	891	1	6.955e-12	515	0.426	0.9746	NA	NA	NA	NA	NA	NA	NA	unresolved	structure_not_found
MGYP000227013019.pdb.gz	892	1	6.568e-12	515	0.44	1	NA	NA	NA	NA	NA	NA	NA	unresolved	structure_not_found
MGYP000877426410.pdb.gz	893	1	1.164e-11	515	0.443	0.9746	NA	NA	NA	NA	NA	NA	NA	unresolved	structure_not_found
MGYP001243351924.pdb.gz	894	1	3.501e-12	515	0.491	1	NA	NA	NA	NA	NA	NA	NA	unresolved	structure_not_found
MGYP001229786595.pdb.gz	895	1	5.533e-12	515	0.426	0.9746	NA	NA	NA	NA	NA	NA	NA	unresolved	structure_not_found
MGYP002766428097.pdb.gz	896	1	5.858e-12	515	0.473	0.9661	NA	NA	NA	NA	NA	NA	NA	unresolved	structure_not_found
MGYP000212155109.pdb.gz	897	1	3.123e-12	515	0.457	1	NA	NA	NA	NA	NA	NA	NA	unresolved	structure_not_found
MGYP000617673704.pdb.gz	898	1	3.926e-12	515	0.438	0.9661	NA	NA	NA	NA	NA	NA	NA	unresolved	structure_not_found
MGYP000482083840.pdb.gz	899	1	8.742e-12	515	0.405	0.9831	NA	NA	NA	NA	NA	NA	NA	unresolved	structure_not_found
A0A7X6QBE4	900	1	6.961e-12	515	0.504	0.9068	NA	0.8444	1.538	true	S25	0.4702	retained	retained	Ser25 S25 retained
A0A2S8FIZ3	901	1	5.864e-12	515	0.464	0.9661	NA	0.8933	1.993	true	S25	0.1847	retained	retained	Ser25 S25 retained
A0A419V2R9	902	1	3.126e-12	515	0.429	1.025	NA	0.9132	1.662	true	S25	0.2364	retained	retained	Ser25 S25 retained
A0A523DTG8	903	1	5.864e-12	515	0.4	0.9746	NA	0.9047	1.829	true	S25	0.4319	retained	retained	Ser25 S25 retained
F6FTX9	904	1	1.165e-11	515	0.473	0.9661	NA	0.9186	1.569	true	S50	0.5371	retained	retained	Ser25 S50 retained
MGYP001186184905.pdb.gz	905	1	4.66e-12	514	0.44	0.9237	NA	NA	NA	NA	NA	NA	NA	unresolved	structure_not_found
MGYP001475081285.pdb.gz	906	1	5.533e-12	514	0.37	0.9831	NA	NA	NA	NA	NA	NA	NA	unresolved	structure_not_found
MGYP000291096110.pdb.gz	907	1	4.66e-12	514	0.449	1	NA	NA	NA	NA	NA	NA	NA	unresolved	structure_not_found
MGYP001350449274.pdb.gz	908	1	6.568e-12	514	0.426	0.9746	NA	NA	NA	NA	NA	NA	NA	unresolved	structure_not_found
MGYP000974757279.pdb.gz	909	1	3.926e-12	514	0.438	0.9661	NA	NA	NA	NA	NA	NA	NA	unresolved	structure_not_found
MGYP001202875467.pdb.gz	910	1	7.364e-12	514	0.447	0.9661	NA	NA	NA	NA	NA	NA	NA	unresolved	structure_not_found
MGYP001025025837.pdb.gz	911	1	4.935e-12	514	0.5	0.9661	NA	NA	NA	NA	NA	NA	NA	unresolved	structure_not_found
P58285	912	1	9.036e-13	514	0.462	1.025	NA	0.9141	1.608	true	S25	0.3846	retained	retained	Ser25 S25 retained
B3EFC1	913	1	2.389e-12	514	0.426	0.9746	NA	0.9054	1.92	true	S25	0.1043	retained	retained	Ser25 S25 retained
B4S4T8	914	1	2.529e-12	514	0.417	0.9746	NA	0.9105	1.91	true	S25	0.1299	retained	retained	Ser25 S25 retained
A0A934EA90	915	1	1.039e-11	514	0.482	0.9661	NA	0.8882	1.79	true	S21	0.114	retained	retained	Ser25 S21 retained
A0A7C6I1A2	916	1	9.265e-12	514	0.448	0.9831	NA	0.912	1.847	true	S25	0.2732	retained	retained	Ser25 S25 retained
A0A3M0I607	917	1	3.505e-12	514	0.45	1.017	NA	0.903	1.824	true	S25	0.394	retained	retained	Ser25 S25 retained
MGYP000968867285.pdb.gz	918	1	7.797e-12	513	0.339	0.9746	NA	NA	NA	NA	NA	NA	NA	unresolved	structure_not_found
MGYP000353809618.pdb.gz	919	1	6.955e-12	513	0.422	0.9831	NA	NA	NA	NA	NA	NA	NA	unresolved	structure_not_found
MGYP001165211278.pdb.gz	920	1	3.123e-12	513	0.406	1	NA	NA	NA	NA	NA	NA	NA	unresolved	structure_not_found
MGYP001578355871.pdb.gz	921	1	1.251e-12	513	0.483	1.034	NA	NA	NA	NA	NA	NA	NA	unresolved	structure_not_found
MGYP000875875048.pdb.gz	922	1	7.797e-12	513	0.452	0.9746	NA	NA	NA	NA	NA	NA	NA	unresolved	structure_not_found
MGYP001101504502.pdb.gz	923	1	7.797e-12	513	0.44	1	NA	NA	NA	NA	NA	NA	NA	unresolved	structure_not_found
MGYP001408983552.pdb.gz	924	1	4.935e-12	513	0.444	0.9153	NA	NA	NA	NA	NA	NA	NA	unresolved	structure_not_found
Q7NCY1	925	1	2.389e-12	513	0.412	0.9661	NA	0.9062	1.947	true	S25	0.09664	retained	retained	Ser25 S25 retained
C4L6Q2	926	1	6.789e-13	513	0.495	1.025	NA	0.9062	1.723	true	S25	0.3177	retained	retained	Ser25 S25 retained
Q5KXX4	927	1	6.412e-13	513	0.421	1.025	NA	0.9086	1.893	true	S25	0.165	retained	retained	Ser25 S25 retained
Q92AA8	928	1	1.073e-12	513	0.429	1.025	NA	0.9124	1.669	true	S25	0.1837	retained	retained	Ser25 S25 retained
Q8Y603	929	1	1.203e-12	513	0.438	1.025	NA	0.9153	1.656	true	S25	0.1937	retained	retained	Ser25 S25 retained
A0A3C0MWW1	930	1	1.1e-11	513	0.443	0.9746	NA	0.898	1.615	true	S25	0.2766	retained	retained	Ser25 S25 retained
A0A6J4L8K6	931	1	5.864e-12	513	0.418	0.9915	NA	0.8981	1.763	true	S25	0.3626	retained	retained	Ser25 S25 retained
A0A7V9F784	932	1	4.665e-12	513	0.475	1.017	NA	0.9133	1.593	true	S25	0.1418	retained	retained	Ser25 S25 retained
A0A1I5XEG1	933	1	4.939e-12	513	0.429	1.025	NA	0.9119	1.681	true	S25	0.1717	retained	retained	Ser25 S25 retained
MGYP000657108309.pdb.gz	934	1	4.157e-12	512	0.401	0.9915	NA	NA	NA	NA	NA	NA	NA	unresolved	structure_not_found
MGYP000461346548.pdb.gz	935	1	6.568e-12	512	0.365	0.9746	NA	NA	NA	NA	NA	NA	NA	unresolved	structure_not_found
MGYP002642115962.pdb.gz	936	1	5.858e-12	512	0.44	1	NA	NA	NA	NA	NA	NA	NA	unresolved	structure_not_found
MGYP001323105997.pdb.gz	937	1	7.797e-12	512	0.448	0.9831	NA	NA	NA	NA	NA	NA	NA	unresolved	structure_not_found
MGYP000213594335.pdb.gz	938	1	3.123e-12	512	0.422	0.9831	NA	NA	NA	NA	NA	NA	NA	unresolved	structure_not_found
MGYP001172530349.pdb.gz	939	1	6.568e-12	512	0.382	0.9746	NA	NA	NA	NA	NA	NA	NA	unresolved	structure_not_found
A0A2W4M4Q8	940	1	1.326e-12	512	0.504	1.042	NA	0.8939	2.009	true	S25	0.3255	retained	retained	Ser25 S25 retained
A0A849EWF6	941	1	1.233e-11	512	0.426	0.9746	NA	0.9134	1.594	true	S25	0.3455	retained	retained	Ser25 S25 retained
A0A1X4G7W3	942	1	8.75e-12	512	0.408	0.9746	NA	0.902	1.887	true	S25	0.225	retained	retained	Ser25 S25 retained
A0A255R2I3	943	1	7.805e-12	512	0.477	0.9576	NA	0.9065	1.929	true	S28	0.2613	retained	retained	Ser25 S28 retained
A0A3M2LT85	944	1	5.538e-12	512	0.436	1.008	NA	0.914	1.592	true	S25	0.2802	retained	retained	Ser25 S25 retained
A0A0M9UKZ0	945	1	4.406e-12	512	0.425	1.017	NA	0.9115	1.8	true	S434	0.3581	retained	retained	Ser25 S434 retained
MGYP000303556505.pdb.gz	946	1	5.533e-12	511	0.408	0.9746	NA	NA	NA	NA	NA	NA	NA	unresolved	structure_not_found
MGYP003395550006.pdb.gz	947	1	8.742e-12	511	0.408	0.9746	NA	NA	NA	NA	NA	NA	NA	unresolved	structure_not_found
MGYP001814583098.pdb.gz	948	1	4.66e-12	511	0.417	0.9746	NA	NA	NA	NA	NA	NA	NA	unresolved	structure_not_found
MGYP002389712691.pdb.gz	949	1	6.203e-12	511	0.456	0.9831	NA	NA	NA	NA	NA	NA	NA	unresolved	structure_not_found
MGYP000397481219.pdb.gz	950	1	8.256e-12	511	0.456	0.9831	NA	NA	NA	NA	NA	NA	NA	unresolved	structure_not_found
A4XMZ2	951	1	8.534e-13	511	0.421	1.025	NA	0.9089	1.9	true	S25	0.108	retained	retained	Ser25 S25 retained
A0QNF3	952	1	2.256e-12	511	0.456	0.9661	NA	0.9081	1.772	true	S25	0.2075	retained	retained	Ser25 S25 retained
A0A3D5VB91	953	1	6.961e-12	511	0.4	1.017	NA	0.9045	1.958	true	S25	0.2374	retained	retained	Ser25 S25 retained
A0A9D5MXF9	954	1	1.233e-11	511	0.405	0.9831	NA	0.9125	1.839	true	S25	0.2465	retained	retained	Ser25 S25 retained
A0A318CLZ0	955	1	8.264e-12	511	0.408	0.9746	NA	0.9019	1.864	true	S25	0.2253	retained	retained	Ser25 S25 retained
MGYP001584311867.pdb.gz	956	1	8.256e-12	510	0.391	0.9746	NA	NA	NA	NA	NA	NA	NA	unresolved	structure_not_found
MGYP001335312764.pdb.gz	957	1	3.926e-12	510	0.504	0.8898	NA	NA	NA	NA	NA	NA	NA	unresolved	structure_not_found
MGYP000182057038.pdb.gz	958	1	7.364e-12	510	0.426	0.9746	NA	NA	NA	NA	NA	NA	NA	unresolved	structure_not_found
MGYP000677752922.pdb.gz	959	1	2.485e-12	510	0.404	1.025	NA	NA	NA	NA	NA	NA	NA	unresolved	structure_not_found
MGYP001021160676.pdb.gz	960	1	1.763e-12	510	0.495	1.025	NA	NA	NA	NA	NA	NA	NA	unresolved	structure_not_found
P65664	961	1	7.188e-13	510	0.471	1.025	NA	0.9053	1.876	true	S25	0.1558	retained	retained	Ser25 S25 retained
Q3B208	962	1	3.179e-12	510	0.434	0.9746	NA	0.9081	1.906	true	S25	0.1597	retained	retained	Ser25 S25 retained
B1I1N9	963	1	2.389e-12	510	0.456	0.9661	NA	0.9048	1.94	true	S25	0.2346	retained	retained	Ser25 S25 retained
R7LDU8	964	1	1.039e-11	510	0.482	0.9661	NA	0.8871	1.746	true	S25	0.2844	retained	retained	Ser25 S25 retained
A0A942M6E3	965	1	1.1e-11	510	0.391	0.9746	NA	0.9074	1.82	true	S25	0.177	retained	retained	Ser25 S25 retained
A0A428ZD98	966	1	1.039e-11	510	0.4	0.9746	NA	0.913	1.611	true	S25	0.5371	retained	retained	Ser25 S25 retained
A0A842HEX0	967	1	6.961e-12	510	0.416	1.017	NA	0.9093	1.925	true	S25	0.3077	retained	retained	Ser25 S25 retained
A0AAU3S8P6	968	1	9.811e-12	510	0.456	0.9661	NA	0.9079	1.632	true	S25	0.2968	retained	retained	Ser25 S25 retained
A0A533BAN5	969	1	9.811e-12	510	0.456	0.9661	NA	0.9022	1.984	true	S54	0.5115	retained	retained	Ser25 S54 retained
A0A1Q5PLE0	970	1	1.383e-11	510	0.5	0.9661	NA	0.913	1.624	true	S36	0.29	retained	retained	Ser25 S36 retained
MGYP000660353284.pdb.gz	971	1	5.858e-12	509	0.472	0.9153	NA	NA	NA	NA	NA	NA	NA	unresolved	structure_not_found
MGYP003321099535.pdb.gz	972	1	1.038e-11	509	0.347	0.9746	NA	NA	NA	NA	NA	NA	NA	unresolved	structure_not_found
MGYP000571792137.pdb.gz	973	1	4.66e-12	509	0.424	0.9576	NA	NA	NA	NA	NA	NA	NA	unresolved	structure_not_found
MGYP001480295448.pdb.gz	974	1	6.955e-12	509	0.449	1	NA	NA	NA	NA	NA	NA	NA	unresolved	structure_not_found
MGYP001581832147.pdb.gz	975	1	9.256e-12	509	0.408	0.9746	NA	NA	NA	NA	NA	NA	NA	unresolved	structure_not_found
MGYP003997199435.pdb.gz	976	1	4.935e-12	509	0.371	1.025	NA	NA	NA	NA	NA	NA	NA	unresolved	structure_not_found
MGYP000872484347.pdb.gz	977	1	6.203e-12	509	0.434	0.9746	NA	NA	NA	NA	NA	NA	NA	unresolved	structure_not_found
MGYP000865382436.pdb.gz	978	1	9.256e-12	509	0.467	0.9237	NA	NA	NA	NA	NA	NA	NA	unresolved	structure_not_found
MGYP003302195218.pdb.gz	979	1	1.099e-11	509	0.421	0.9661	NA	NA	NA	NA	NA	NA	NA	unresolved	structure_not_found
MGYP000437436386.pdb.gz	980	1	8.256e-12	509	0.467	0.9237	NA	NA	NA	NA	NA	NA	NA	unresolved	structure_not_found
C1KWK0	981	1	1.601e-12	509	0.429	1.025	NA	0.9148	1.669	true	S25	0.2223	retained	retained	Ser25 S25 retained
B3ELP8	982	1	3.565e-12	509	0.417	0.9746	NA	0.9089	1.896	true	S25	0.1834	retained	retained	Ser25 S25 retained
A8FEH5	983	1	9.568e-13	509	0.438	1.025	NA	0.9111	1.848	true	S25	0.2156	retained	retained	Ser25 S25 retained
A0A418QRS3	984	1	9.265e-12	509	0.486	0.9746	NA	0.8815	1.664	true	S25	0.2437	retained	retained	Ser25 S25 retained
A0A7C5JN15	985	1	7.805e-12	509	0.418	0.9915	NA	0.8998	1.614	true	S25	0.3977	retained	retained	Ser25 S25 retained
A0A2T2RFF5	986	1	1.233e-11	509	0.4	0.9746	NA	0.9144	1.755	true	S25	0.296	retained	retained	Ser25 S25 retained
A0A938MSP0	987	1	4.406e-12	509	0.429	1.025	NA	0.912	1.904	true	S25	0.2506	retained	retained	Ser25 S25 retained
A0A0U3WJ99	988	1	1.039e-11	509	0.482	0.9661	NA	0.8955	1.983	true	S25	0.4293	retained	retained	Ser25 S25 retained
A0A0C5BI73	989	1	1.641e-11	509	0.456	0.9661	NA	0.9169	1.578	true	S25	0.2272	retained	retained	Ser25 S25 retained
A0A4P6JX98	990	1	4.665e-12	509	0.483	1.017	NA	0.9013	1.994	true	S25	0.2116	retained	retained	Ser25 S25 retained
A0A0P0EHW8	991	1	1.1e-11	509	0.438	0.9661	NA	0.9071	1.831	true	S25	0.3091	retained	retained	Ser25 S25 retained
A0A3N4ZIP1	992	1	1.306e-11	509	0.447	0.9661	NA	0.9143	1.595	true	S55	0.3612	retained	retained	Ser25 S55 retained
A0A662QSS7	993	1	1.165e-11	509	0.373	0.9746	NA	0.9023	1.726	true	S282	0.3024	retained	retained	Ser25 S282 retained
MGYP001386325023.pdb.gz	994	1	6.568e-12	508	0.453	0.9153	NA	NA	NA	NA	NA	NA	NA	unresolved	structure_not_found
MGYP001273761646.pdb.gz	995	1	9.256e-12	508	0.359	0.9661	NA	NA	NA	NA	NA	NA	NA	unresolved	structure_not_found
MGYP000523302935.pdb.gz	996	1	3.708e-12	508	0.406	1	NA	NA	NA	NA	NA	NA	NA	unresolved	structure_not_found
MGYP001166132646.pdb.gz	997	1	9.801e-12	508	0.423	1	NA	NA	NA	NA	NA	NA	NA	unresolved	structure_not_found
MGYP001430897623.pdb.gz	998	1	7.364e-12	508	0.403	0.9661	NA	NA	NA	NA	NA	NA	NA	unresolved	structure_not_found
Q251P1	999	1	1.428e-12	508	0.421	1.025	NA	0.9172	1.786	true	S25	0.2069	retained	retained	Ser25 S25 retained
A6QK84	1000	1	8.534e-13	508	0.471	1.025	NA	0.906	1.859	true	S25	0.1552	retained	retained	Ser25 S25 retained
B9E234	1001	1	1.428e-12	508	0.388	1.025	NA	0.9147	1.637	true	S25	0.3629	retained	retained	Ser25 S25 retained
A0A315ZA47	1002	1	1.039e-11	508	0.473	0.9492	NA	0.8798	1.604	true	S25	0.4708	retained	retained	Ser25 S25 retained
A0A6N6PKH6	1003	1	1.464e-11	508	0.422	0.9831	NA	0.9134	1.845	true	S25	0.1382	retained	retained	Ser25 S25 retained
A0A1H2URW2	1004	1	1.738e-11	508	0.4	0.9746	NA	0.9147	1.836	true	S25	0.197	retained	retained	Ser25 S25 retained
A0A2M9CVY8	1005	1	1.306e-11	508	0.464	0.9492	NA	0.8836	1.575	true	S57	0.2709	retained	retained	Ser25 S57 retained
MGYP001173202776.pdb.gz	1006	1	1.099e-11	507	0.417	0.9746	NA	NA	NA	NA	NA	NA	NA	unresolved	structure_not_found
MGYP001571961028.pdb.gz	1007	1	9.256e-12	507	0.408	0.9746	NA	NA	NA	NA	NA	NA	NA	unresolved	structure_not_found
MGYP000719450396.pdb.gz	1008	1	4.66e-12	507	0.465	0.9831	NA	NA	NA	NA	NA	NA	NA	unresolved	structure_not_found
MGYP001000636406.pdb.gz	1009	1	5.225e-12	507	0.4	1.017	NA	NA	NA	NA	NA	NA	NA	unresolved	structure_not_found
MGYP002395210238.pdb.gz	1010	1	1.038e-11	507	0.35	0.9915	NA	NA	NA	NA	NA	NA	NA	unresolved	structure_not_found
MGYP000938870253.pdb.gz	1011	1	6.568e-12	507	0.439	0.9831	NA	NA	NA	NA	NA	NA	NA	unresolved	structure_not_found
MGYP001460319155.pdb.gz	1012	1	9.801e-12	507	0.426	0.9746	NA	NA	NA	NA	NA	NA	NA	unresolved	structure_not_found
B1YHQ7	1013	1	7.188e-13	507	0.462	1.025	NA	0.8965	1.754	true	S25	0.4383	retained	retained	Ser25 S25 retained
Q2FDR2	1014	1	8.534e-13	507	0.471	1.025	NA	0.905	1.883	true	S25	0.1544	retained	retained	Ser25 S25 retained
A0A2W4QF61	1015	1	2.349e-12	507	0.495	0.9746	NA	0.8441	2.059	true	S25	0.358	retained	retained	Ser25 S25 retained
G1VAF6	1016	1	1.1e-11	507	0.469	0.9576	NA	0.8806	1.805	true	S25	0.315	retained	retained	Ser25 S25 retained
A0A2G9XZG5	1017	1	1.738e-11	507	0.365	0.9746	NA	0.9146	1.87	true	S25	0.519	retained	retained	Ser25 S25 retained
A0A2E9KL34	1018	1	1.1e-11	507	0.389	1	NA	0.9137	1.732	true	S27	0.2235	retained	retained	Ser25 S27 retained
A0A1G3BFU1	1019	1	1.039e-11	507	0.384	0.9915	NA	0.9026	1.966	true	S25	0.2311	retained	retained	Ser25 S25 retained
A0A1J5D0Y8	1020	1	1.306e-11	507	0.477	0.9576	NA	0.9017	1.977	true	S24	0.2644	retained	retained	Ser25 S24 retained
A0A5M6CXU7	1021	1	1.306e-11	507	0.398	0.9576	NA	0.9069	1.731	true	S28	0.3118	retained	retained	Ser25 S28 retained
A0A2N2UYE0	1022	1	1.039e-11	507	0.429	0.9661	NA	0.899	1.81	true	S26	1.224	retained	retained	Ser25 S26 retained
MGYP001349614630.pdb.gz	1023	1	1.232e-11	506	0.356	0.9746	NA	NA	NA	NA	NA	NA	NA	unresolved	structure_not_found
MGYP001338597014.pdb.gz	1024	1	7.364e-12	506	0.4	0.9746	NA	NA	NA	NA	NA	NA	NA	unresolved	structure_not_found
MGYP002859360575.pdb.gz	1025	1	8.256e-12	506	0.391	0.9746	NA	NA	NA	NA	NA	NA	NA	unresolved	structure_not_found
MGYP001465291709.pdb.gz	1026	1	4.66e-12	506	0.405	0.9831	NA	NA	NA	NA	NA	NA	NA	unresolved	structure_not_found
MGYP002639876983.pdb.gz	1027	1	1.038e-11	506	0.405	0.9831	NA	NA	NA	NA	NA	NA	NA	unresolved	structure_not_found
MGYP003586044381.pdb.gz	1028	1	8.256e-12	506	0.469	0.9746	NA	NA	NA	NA	NA	NA	NA	unresolved	structure_not_found
MGYP000933127970.pdb.gz	1029	1	3.501e-12	506	0.441	1.017	NA	NA	NA	NA	NA	NA	NA	unresolved	structure_not_found
MGYP000973808190.pdb.gz	1030	1	6.203e-12	506	0.469	0.9746	NA	NA	NA	NA	NA	NA	NA	unresolved	structure_not_found
B8DC26	1031	1	1.601e-12	506	0.429	1.025	NA	0.9121	1.675	true	S25	0.1818	retained	retained	Ser25 S25 retained
Q2YWG1	1032	1	9.568e-13	506	0.471	1.025	NA	0.9057	1.867	true	S25	0.1457	retained	retained	Ser25 S25 retained
A7GN78	1033	1	1.013e-12	506	0.438	1.025	NA	0.9078	1.884	true	S25	0.2523	retained	retained	Ser25 S25 retained
B0TBP6	1034	1	5.632e-12	506	0.464	0.9661	NA	0.9191	1.574	true	S25	0.3005	retained	retained	Ser25 S25 retained
af_Q2FV23_1_126_2.40.40.20	1035	1	5.158e-13	506	0.471	1.025	NA	NA	NA	NA	NA	NA	NA	unresolved	structure_not_found
A0A258QK37	1036	1	6.961e-12	506	0.561	0.8898	NA	0.8338	1.545	true	S25	0.6048	retained	retained	Ser25 S25 retained
I9IB76	1037	1	1.039e-11	506	0.431	0.9831	NA	0.8883	1.885	true	S25	0.2056	retained	retained	Ser25 S25 retained
A0A7X8VQB3	1038	1	2.063e-11	506	0.432	1	NA	0.9099	1.726	true	S25	0.2599	retained	retained	Ser25 S25 retained
A0A3E0Q5P5	1039	1	1.55e-11	506	0.403	0.9661	NA	0.9001	1.977	true	S25	0.3103	retained	retained	Ser25 S25 retained
A0A3N9NQ12	1040	1	1.383e-11	506	0.426	0.9746	NA	0.9058	1.921	true	S25	0.3773	retained	retained	Ser25 S25 retained
A0A960SBA0	1041	1	1.039e-11	506	0.495	0.9746	NA	0.8947	1.953	true	S25	0.2767	retained	retained	Ser25 S25 retained
A0A0D6KLJ1	1042	1	1.039e-11	506	0.394	0.9661	NA	0.8979	1.956	true	S40	0.1742	retained	retained	Ser25 S40 retained
S3Z4T0	1043	1	6.574e-12	506	0.441	1.017	NA	0.9085	1.673	true	S35	0.172	retained	retained	Ser25 S35 retained
MGYP003507244195.pdb.gz	1044	1	8.742e-12	505	0.417	0.9746	NA	NA	NA	NA	NA	NA	NA	unresolved	structure_not_found
MGYP001608012623.pdb.gz	1045	1	1.099e-11	505	0.385	0.9661	NA	NA	NA	NA	NA	NA	NA	unresolved	structure_not_found
MGYP003340501516.pdb.gz	1046	1	1.305e-11	505	0.469	0.9746	NA	NA	NA	NA	NA	NA	NA	unresolved	structure_not_found
MGYP002627738841.pdb.gz	1047	1	8.742e-12	505	0.495	0.9407	NA	NA	NA	NA	NA	NA	NA	unresolved	structure_not_found
B0SBX0	1048	1	2.012e-12	505	0.432	1	NA	0.8938	1.897	true	S25	0.3447	retained	retained	Ser25 S25 retained
Q2FV23	1049	1	9.036e-13	505	0.471	1.025	NA	0.9017	1.909	true	S25	0.2037	retained	retained	Ser25 S25 retained
A6U4X7	1050	1	9.036e-13	505	0.471	1.025	NA	0.9037	1.884	true	S25	0.1624	retained	retained	Ser25 S25 retained
B8FZE1	1051	1	1.795e-12	505	0.421	1.025	NA	0.9186	1.791	true	S25	0.2224	retained	retained	Ser25 S25 retained
A0A9W6GF18	1052	1	1.55e-11	505	0.429	0.9661	NA	0.9082	1.915	true	S25	0.3491	retained	retained	Ser25 S25 retained
A0A1B1T9L2	1053	1	1.464e-11	505	0.431	0.9831	NA	0.9055	1.801	true	S40	0.2526	retained	retained	Ser25 S40 retained
A0A1Q8L1V2	1054	1	6.961e-12	505	0.416	1.017	NA	0.9158	1.753	true	S35	0.3049	retained	retained	Ser25 S35 retained
C6HUX1	1055	1	1.1e-11	505	0.426	0.9746	NA	0.9002	1.971	true	S25	0.2383	retained	retained	Ser25 S25 retained
MGYP001573973281.pdb.gz	1056	1	9.801e-12	504	0.476	0.9068	NA	NA	NA	NA	NA	NA	NA	unresolved	structure_not_found
MGYP001066646873.pdb.gz	1057	1	9.256e-12	504	0.38	0.9576	NA	NA	NA	NA	NA	NA	NA	unresolved	structure_not_found
MGYP001771177599.pdb.gz	1058	1	5.533e-12	504	0.469	0.9746	NA	NA	NA	NA	NA	NA	NA	unresolved	structure_not_found
MGYP001579762616.pdb.gz	1059	1	9.256e-12	504	0.356	0.9746	NA	NA	NA	NA	NA	NA	NA	unresolved	structure_not_found
MGYP001340786191.pdb.gz	1060	1	1.839e-11	504	0.382	0.9746	NA	NA	NA	NA	NA	NA	NA	unresolved	structure_not_found
MGYP000339306820.pdb.gz	1061	1	6.568e-12	504	0.436	1.008	NA	NA	NA	NA	NA	NA	NA	unresolved	structure_not_found
Q11NE7	1062	1	2.836e-12	504	0.434	0.9746	NA	0.878	1.681	true	S25	0.2048	retained	retained	Ser25 S25 retained
B1IEL4	1063	1	1.428e-12	504	0.404	1.025	NA	0.9118	1.851	true	S25	0.4177	retained	retained	Ser25 S25 retained
A0AK05	1064	1	1.695e-12	504	0.421	1.025	NA	0.9088	1.69	true	S25	0.3633	retained	retained	Ser25 S25 retained
A0A8J2UC05	1065	1	1.55e-11	504	0.433	0.9576	NA	0.8809	1.586	true	S25	0.3808	retained	retained	Ser25 S25 retained
A0A4Q3RNP5	1066	1	1.738e-11	504	0.415	0.9576	NA	0.8811	1.596	true	S25	0.2206	retained	retained	Ser25 S25 retained
A0A496DU89	1067	1	1.1e-11	504	0.464	0.9492	NA	0.8832	1.64	true	S25	0.2279	retained	retained	Ser25 S25 retained
A0A353ZNX8	1068	1	1.306e-11	504	0.504	0.9407	NA	0.8802	1.678	true	S21	0.2718	retained	retained	Ser25 S21 retained
A0A928H5D3	1069	1	1.949e-11	504	0.386	1.008	NA	0.9144	1.852	true	S25	0.4719	retained	retained	Ser25 S25 retained
A0A2E7SRQ1	1070	1	1.84e-11	504	0.391	0.9746	NA	0.9093	1.923	true	S25	0.7461	retained	retained	Ser25 S25 retained
A0A2A2R618	1071	1	2.063e-11	504	0.377	0.9661	NA	0.9118	1.929	true	S26	0.1864	retained	retained	Ser25 S26 retained
MGYP000223343036.pdb.gz	1072	1	7.797e-12	503	0.486	0.9576	NA	NA	NA	NA	NA	NA	NA	unresolved	structure_not_found
MGYP001488741010.pdb.gz	1073	1	8.742e-12	503	0.384	0.9915	NA	NA	NA	NA	NA	NA	NA	unresolved	structure_not_found
MGYP000296995114.pdb.gz	1074	1	6.955e-12	503	0.382	0.9746	NA	NA	NA	NA	NA	NA	NA	unresolved	structure_not_found
MGYP001419389407.pdb.gz	1075	1	9.801e-12	503	0.482	0.9831	NA	NA	NA	NA	NA	NA	NA	unresolved	structure_not_found
MGYP001409522923.pdb.gz	1076	1	1.164e-11	503	0.449	0.9237	NA	NA	NA	NA	NA	NA	NA	unresolved	structure_not_found
MGYP001037260065.pdb.gz	1077	1	1.099e-11	503	0.365	0.9746	NA	NA	NA	NA	NA	NA	NA	unresolved	structure_not_found
MGYP000995984915.pdb.gz	1078	1	7.364e-12	503	0.431	0.9831	NA	NA	NA	NA	NA	NA	NA	unresolved	structure_not_found
MGYP001610824981.pdb.gz	1079	1	4.157e-12	503	0.47	1.008	NA	NA	NA	NA	NA	NA	NA	unresolved	structure_not_found
C5CEQ3	1080	1	2.836e-12	503	0.418	0.9915	NA	0.8892	1.773	true	S25	0.2549	retained	retained	Ser25 S25 retained
A6L4C4	1081	1	3.003e-12	503	0.464	0.9492	NA	0.8877	1.608	true	S25	0.1765	retained	retained	Ser25 S25 retained
B0STF1	1082	1	1.695e-12	503	0.432	1	NA	0.886	1.949	true	S25	0.7311	retained	retained	Ser25 S25 retained
A4SGF2	1083	1	3.774e-12	503	0.417	0.9746	NA	0.9034	1.952	true	S25	0.5444	retained	retained	Ser25 S25 retained
A0A1I1VYI3	1084	1	9.811e-12	503	0.464	0.9661	NA	0.8785	2.103	true	S25	0.5433	retained	retained	Ser25 S25 retained
A0A9E8LW15	1085	1	5.538e-12	503	0.433	1.017	NA	0.9065	1.925	true	S25	0.1956	retained	retained	Ser25 S25 retained
A0A0W1ADM3	1086	1	6.574e-12	503	0.38	1.025	NA	0.9074	1.718	true	S47	0.2741	retained	retained	Ser25 S47 retained
A0A2M9CE83	1087	1	2.185e-11	503	0.464	0.9661	NA	0.9153	1.613	true	S36	0.3405	retained	retained	Ser25 S36 retained
C4RE22	1088	1	1.464e-11	503	0.523	0.9068	NA	0.8698	2.149	true	S25	0.205	retained	retained	Ser25 S25 retained
MGYP001184373521.pdb.gz	1089	1	1.099e-11	502	0.382	0.9746	NA	NA	NA	NA	NA	NA	NA	unresolved	structure_not_found
MGYP000979042187.pdb.gz	1090	1	1.164e-11	502	0.408	0.9746	NA	NA	NA	NA	NA	NA	NA	unresolved	structure_not_found
MGYP000950553893.pdb.gz	1091	1	9.256e-12	502	0.417	0.9746	NA	NA	NA	NA	NA	NA	NA	unresolved	structure_not_found
MGYP001219245319.pdb.gz	1092	1	5.533e-12	502	0.389	1	NA	NA	NA	NA	NA	NA	NA	unresolved	structure_not_found
MGYP000042699283.pdb.gz	1093	1	1.736e-11	502	0.408	0.9746	NA	NA	NA	NA	NA	NA	NA	unresolved	structure_not_found
MGYP002152850940.pdb.gz	1094	1	1.64e-11	502	0.439	0.9831	NA	NA	NA	NA	NA	NA	NA	unresolved	structure_not_found
A7H0Y2	1095	1	3.003e-12	502	0.401	0.9915	NA	0.8895	1.803	true	S25	0.06171	retained	retained	Ser25 S25 retained
O66773	1096	1	1.273e-12	502	0.416	1.017	NA	0.9033	1.954	true	S25	0.383	retained	retained	Ser25 S25 retained
B9IVR3	1097	1	1.428e-12	502	0.438	1.025	NA	0.908	1.738	true	S25	0.3052	retained	retained	Ser25 S25 retained
A7FR58	1098	1	1.795e-12	502	0.404	1.025	NA	0.9137	1.831	true	S25	0.3485	retained	retained	Ser25 S25 retained
P65665	1099	1	1.073e-12	502	0.471	1.025	NA	0.903	1.896	true	S25	0.2035	retained	retained	Ser25 S25 retained
A0A1X9SU23	1100	1	1.55e-11	502	0.391	0.9746	NA	0.8835	1.837	true	S25	0.131	retained	retained	Ser25 S25 retained
A0A2T0Y4M6	1101	1	2.594e-11	502	0.447	0.9661	NA	0.9204	1.771	true	S50	0.4227	retained	retained	Ser25 S50 retained
A0A928H133	1102	1	2.908e-11	502	0.438	0.9661	NA	0.9095	1.83	true	S82	0.158	retained	retained	Ser25 S82 retained
MGYP001575441502.pdb.gz	1103	1	9.256e-12	501	0.453	0.9153	NA	NA	NA	NA	NA	NA	NA	unresolved	structure_not_found
MGYP000368318944.pdb.gz	1104	1	6.955e-12	501	0.457	0.9068	NA	NA	NA	NA	NA	NA	NA	unresolved	structure_not_found
MGYP001432868305.pdb.gz	1105	1	1.038e-11	501	0.417	0.9746	NA	NA	NA	NA	NA	NA	NA	unresolved	structure_not_found
MGYP001617848874.pdb.gz	1106	1	5.858e-12	501	0.396	0.9831	NA	NA	NA	NA	NA	NA	NA	unresolved	structure_not_found
MGYP002852510152.pdb.gz	1107	1	6.568e-12	501	0.478	0.9746	NA	NA	NA	NA	NA	NA	NA	unresolved	structure_not_found
MGYP003117226488.pdb.gz	1108	1	5.858e-12	501	0.44	1	NA	NA	NA	NA	NA	NA	NA	unresolved	structure_not_found
MGYP000876612547.pdb.gz	1109	1	8.256e-12	501	0.455	0.9492	NA	NA	NA	NA	NA	NA	NA	unresolved	structure_not_found
Q71YB5	1110	1	2.256e-12	501	0.429	1.025	NA	0.9105	1.685	true	S25	0.3544	retained	retained	Ser25 S25 retained
Q6GDK6	1111	1	1.203e-12	501	0.471	1.025	NA	0.9019	1.909	true	S25	0.1743	retained	retained	Ser25 S25 retained
Q6HL14	1112	1	1.428e-12	501	0.438	1.025	NA	0.9069	1.748	true	S25	0.2603	retained	retained	Ser25 S25 retained
Q5HL37	1113	1	1.136e-12	501	0.429	1.025	NA	0.9049	1.842	true	S25	0.1131	retained	retained	Ser25 S25 retained
A0A365XPG3	1114	1	1.738e-11	501	0.451	0.9576	NA	0.8807	1.6	true	S25	0.1697	retained	retained	Ser25 S25 retained
A0A9D7TX72	1115	1	1.738e-11	501	0.451	0.9576	NA	0.8804	1.598	true	S25	0.2266	retained	retained	Ser25 S25 retained
A0A1F3IW72	1116	1	2.063e-11	501	0.371	0.9576	NA	0.891	1.739	true	S25	0.2152	retained	retained	Ser25 S25 retained
A0A842X7V7	1117	1	1.641e-11	501	0.384	0.9915	NA	0.8942	1.786	true	S25	0.2191	retained	retained	Ser25 S25 retained
A0A6N2D468	1118	1	1.55e-11	501	0.443	0.9746	NA	0.888	1.963	true	S25	0.4149	retained	retained	Ser25 S25 retained
A0A2T0WXI5	1119	1	1.383e-11	501	0.428	0.9492	NA	0.8833	1.64	true	S25	0.3149	retained	retained	Ser25 S25 retained
A0A3R6PA64	1120	1	1.464e-11	501	0.482	0.9492	NA	0.8853	1.836	true	S25	0.2137	retained	retained	Ser25 S25 retained
A0A7Y5H849	1121	1	3.079e-11	501	0.447	0.9661	NA	0.9137	1.852	true	S25	0.2374	retained	retained	Ser25 S25 retained
A0A9X7JV14	1122	1	2.185e-11	501	0.447	0.9661	NA	0.9081	1.75	true	S25	0.1998	retained	retained	Ser25 S25 retained
X0V6G8	1123	1	2.185e-11	501	0.473	0.9661	NA	0.9057	1.887	true	S24	0.3775	retained	retained	Ser25 S24 retained
A0A497XMZ5	1124	1	4.939e-12	501	0.421	1.025	NA	0.902	1.919	true	S25	0.3832	retained	retained	Ser25 S25 retained
MGYP000524842755.pdb.gz	1125	1	5.858e-12	500	0.408	0.9746	NA	NA	NA	NA	NA	NA	NA	unresolved	structure_not_found
MGYP001626137518.pdb.gz	1126	1	1.164e-11	500	0.417	0.9746	NA	NA	NA	NA	NA	NA	NA	unresolved	structure_not_found
MGYP001381830253.pdb.gz	1127	1	1.463e-11	500	0.391	0.9746	NA	NA	NA	NA	NA	NA	NA	unresolved	structure_not_found
MGYP001003032119.pdb.gz	1128	1	1.099e-11	500	0.417	0.9746	NA	NA	NA	NA	NA	NA	NA	unresolved	structure_not_found
MGYP001317621764.pdb.gz	1129	1	1.232e-11	500	0.382	0.9746	NA	NA	NA	NA	NA	NA	NA	unresolved	structure_not_found
MGYP001397468208.pdb.gz	1130	1	1.463e-11	500	0.413	0.9831	NA	NA	NA	NA	NA	NA	NA	unresolved	structure_not_found
MGYP002392918749.pdb.gz	1131	1	1.232e-11	500	0.437	0.9492	NA	NA	NA	NA	NA	NA	NA	unresolved	structure_not_found
Q7NDK7	1132	1	2.256e-12	500	0.416	1.017	NA	0.9062	1.927	true	S25	0.2375	retained	retained	Ser25 S25 retained
Q8NUN3	1133	1	1.601e-12	500	0.475	1.017	NA	0.907	1.843	true	S25	0.159	retained	retained	Ser25 S25 retained
A7GAI4	1134	1	1.9e-12	500	0.404	1.025	NA	0.9111	1.859	true	S25	0.3965	retained	retained	Ser25 S25 retained
4cry-assembly1.cif.gz_G	1135	1	6.172e-13	500	0.989	0.7966	NA	NA	NA	NA	NA	NA	NA	unresolved	structure_not_found
A0A4Q5UMG3	1136	1	2.185e-11	500	0.433	0.9576	NA	0.8817	1.798	true	S25	0.2782	retained	retained	Ser25 S25 retained
A0A918UVB6	1137	1	1.949e-11	500	0.477	0.9576	NA	0.8861	1.778	true	S25	0.3515	retained	retained	Ser25 S25 retained
A0A977Q0Q4	1138	1	1.641e-11	500	0.434	0.9746	NA	0.8823	1.867	true	S25	0.4305	retained	retained	Ser25 S25 retained
A0A1Z9QCS8	1139	1	5.538e-12	500	0.433	1.017	NA	0.8985	1.784	true	S25	0.2108	retained	retained	Ser25 S25 retained
A0A7X8BY49	1140	1	5.864e-12	500	0.404	1.025	NA	0.9026	1.909	true	S25	0.5633	retained	retained	Ser25 S25 retained
A0A2E8G983	1141	1	2.185e-11	500	0.394	0.9661	NA	0.9108	1.901	true	S25	0.5865	retained	retained	Ser25 S25 retained
A0A7W5E034	1142	1	1.738e-11	500	0.415	1	NA	0.9082	1.706	true	S30	0.2856	retained	retained	Ser25 S30 retained
A0A919G326	1143	1	2.594e-11	500	0.447	0.9661	NA	0.9178	1.771	true	S40	0.4162	retained	retained	Ser25 S40 retained
MGYP001131309830.pdb.gz	1144	1	4.66e-12	499	0.617	0.7966	NA	NA	NA	NA	NA	NA	NA	unresolved	structure_not_found
MGYP001804880835.pdb.gz	1145	1	9.801e-12	499	0.423	0.9407	NA	NA	NA	NA	NA	NA	NA	unresolved	structure_not_found
MGYP000124274924.pdb.gz	1146	1	7.797e-12	499	0.367	0.9915	NA	NA	NA	NA	NA	NA	NA	unresolved	structure_not_found
MGYP002654447493.pdb.gz	1147	1	1.164e-11	499	0.417	0.9746	NA	NA	NA	NA	NA	NA	NA	unresolved	structure_not_found
MGYP001497658774.pdb.gz	1148	1	1.381e-11	499	0.403	0.9661	NA	NA	NA	NA	NA	NA	NA	unresolved	structure_not_found
MGYP000656317812.pdb.gz	1149	1	1.463e-11	499	0.385	0.9661	NA	NA	NA	NA	NA	NA	NA	unresolved	structure_not_found
Q8CVE9	1150	1	1.9e-12	499	0.422	0.9831	NA	0.8746	1.904	true	S25	0.7428	retained	retained	Ser25 S25 retained
C3L033	1151	1	2.012e-12	499	0.404	1.025	NA	0.9103	1.645	true	S25	0.3929	retained	retained	Ser25 S25 retained
B3QQH1	1152	1	6.315e-12	499	0.452	0.9746	NA	0.9059	1.935	true	S25	0.1089	retained	retained	Ser25 S25 retained
A0A932VS50	1153	1	2.449e-11	499	0.417	0.9746	NA	0.9082	1.731	true	S25	0.2003	retained	retained	Ser25 S25 retained
A0A9E5EV37	1154	1	3.31e-12	499	0.462	1.025	NA	0.8767	2.13	true	S26	0.2426	retained	retained	Ser25 S26 retained
A0A849X2D0	1155	1	1.1e-11	499	0.482	0.9661	NA	0.8823	1.851	true	S25	0.3173	retained	retained	Ser25 S25 retained
A0A935NHF0	1156	1	9.265e-12	499	0.422	0.9831	NA	0.8892	1.773	true	S25	0.3066	retained	retained	Ser25 S25 retained
A0A5B9WDG0	1157	1	1.383e-11	499	0.423	1	NA	0.8973	1.742	true	S25	0.2643	retained	retained	Ser25 S25 retained
MGYP000658913528.pdb.gz	1158	1	7.797e-12	498	0.434	0.9746	NA	NA	NA	NA	NA	NA	NA	unresolved	structure_not_found
MGYP001026178552.pdb.gz	1159	1	1.305e-11	498	0.376	0.9915	NA	NA	NA	NA	NA	NA	NA	unresolved	structure_not_found
MGYP000905596061.pdb.gz	1160	1	1.839e-11	498	0.417	0.9746	NA	NA	NA	NA	NA	NA	NA	unresolved	structure_not_found
MGYP001046100432.pdb.gz	1161	1	2.183e-11	498	0.394	0.9661	NA	NA	NA	NA	NA	NA	NA	unresolved	structure_not_found
MGYP002858708423.pdb.gz	1162	1	6.568e-12	498	0.44	1	NA	NA	NA	NA	NA	NA	NA	unresolved	structure_not_found
MGYP000900406026.pdb.gz	1163	1	4.401e-12	498	0.445	1.008	NA	NA	NA	NA	NA	NA	NA	unresolved	structure_not_found
Q6G679	1164	1	1.428e-12	498	0.471	1.025	NA	0.9015	1.931	true	S25	0.1221	retained	retained	Ser25 S25 retained
Q81ST1	1165	1	1.695e-12	498	0.438	1.025	NA	0.9082	1.705	true	S25	0.2428	retained	retained	Ser25 S25 retained
Q8CMZ4	1166	1	1.512e-12	498	0.433	1.017	NA	0.9038	1.842	true	S25	0.1392	retained	retained	Ser25 S25 retained
A0A124F944	1167	1	1.383e-11	498	0.422	0.9831	NA	0.8883	1.955	true	S25	0.1257	retained	retained	Ser25 S25 retained
A0A9D7HAW3	1168	1	1.306e-11	498	0.455	0.9492	NA	0.8777	1.856	true	S25	0.2548	retained	retained	Ser25 S25 retained
A0A061NWM3	1169	1	7.371e-12	498	0.413	1.025	NA	0.9105	1.673	true	S52	0.3232	retained	retained	Ser25 S52 retained
A0A2N3G2G7	1170	1	3.26e-11	498	0.412	0.9661	NA	0.9204	1.742	true	S30	0.2565	retained	retained	Ser25 S30 retained
MGYP001810702241.pdb.gz	1171	1	9.256e-12	497	0.443	0.9746	NA	NA	NA	NA	NA	NA	NA	unresolved	structure_not_found
MGYP000483420198.pdb.gz	1172	1	2.744e-11	497	0.4	0.9746	NA	NA	NA	NA	NA	NA	NA	unresolved	structure_not_found
MGYP000508566967.pdb.gz	1173	1	2.183e-11	497	0.413	0.9831	NA	NA	NA	NA	NA	NA	NA	unresolved	structure_not_found
MGYP001626209861.pdb.gz	1174	1	3.708e-12	497	0.413	1.025	NA	NA	NA	NA	NA	NA	NA	unresolved	structure_not_found
MGYP001193447214.pdb.gz	1175	1	5.225e-12	497	0.358	1.017	NA	NA	NA	NA	NA	NA	NA	unresolved	structure_not_found
MGYP000014693907.pdb.gz	1176	1	1.947e-11	497	0.391	0.9746	NA	NA	NA	NA	NA	NA	NA	unresolved	structure_not_found
MGYP001217825443.pdb.gz	1177	1	4.66e-12	497	0.438	1.025	NA	NA	NA	NA	NA	NA	NA	unresolved	structure_not_found
MGYP002758381536.pdb.gz	1178	1	6.203e-12	497	0.444	0.9915	NA	NA	NA	NA	NA	NA	NA	unresolved	structure_not_found
MGYP002750986630.pdb.gz	1179	1	1.839e-11	497	0.442	0.9576	NA	NA	NA	NA	NA	NA	NA	unresolved	structure_not_found
MGYP003832994049.pdb.gz	1180	1	1.947e-11	497	0.458	0.9237	NA	NA	NA	NA	NA	NA	NA	unresolved	structure_not_found
Q81FN5	1181	1	1.601e-12	497	0.446	1.025	NA	0.9065	1.728	true	S25	0.313	retained	retained	Ser25 S25 retained
B7HHU5	1182	1	1.695e-12	497	0.446	1.025	NA	0.9074	1.713	true	S25	0.2716	retained	retained	Ser25 S25 retained
B7GHT2	1183	1	1.9e-12	497	0.429	1.025	NA	0.9076	1.721	true	S25	0.177	retained	retained	Ser25 S25 retained
A0A1U7CTG5	1184	1	2.185e-11	497	0.377	0.9661	NA	0.9037	1.724	true	S25	0.184	retained	retained	Ser25 S25 retained
C4FQU1	1185	1	9.811e-12	497	0.438	1.025	NA	0.9109	1.877	true	S43	0.2323	retained	retained	Ser25 S43 retained
A0A951LHV7	1186	1	1.233e-11	497	0.416	1.017	NA	0.9158	1.777	true	S25	0.2199	retained	retained	Ser25 S25 retained
A0A1M5SPQ3	1187	1	2.313e-11	497	0.456	0.9661	NA	0.8959	2.001	true	S41	0.2933	retained	retained	Ser25 S41 retained
A0A2W4LL78	1188	1	3.079e-11	497	0.447	0.9661	NA	0.9183	1.773	true	S30	0.2385	retained	retained	Ser25 S30 retained
MGYP000070269979.pdb.gz	1189	1	6.955e-12	496	0.558	0.8644	NA	NA	NA	NA	NA	NA	NA	unresolved	structure_not_found
MGYP000117096403.pdb.gz	1190	1	1.736e-11	496	0.495	0.9068	NA	NA	NA	NA	NA	NA	NA	unresolved	structure_not_found
MGYP000390653798.pdb.gz	1191	1	2.311e-11	496	0.382	0.9746	NA	NA	NA	NA	NA	NA	NA	unresolved	structure_not_found
MGYP000371397829.pdb.gz	1192	1	1.305e-11	496	0.401	0.9492	NA	NA	NA	NA	NA	NA	NA	unresolved	structure_not_found
MGYP000914513253.pdb.gz	1193	1	1.164e-11	496	0.419	0.9492	NA	NA	NA	NA	NA	NA	NA	unresolved	structure_not_found
MGYP001365463482.pdb.gz	1194	1	2.311e-11	496	0.4	0.9746	NA	NA	NA	NA	NA	NA	NA	unresolved	structure_not_found
MGYP003758534799.pdb.gz	1195	1	1.64e-11	496	0.4	0.9746	NA	NA	NA	NA	NA	NA	NA	unresolved	structure_not_found
MGYP001328633511.pdb.gz	1196	1	1.736e-11	496	0.417	0.9746	NA	NA	NA	NA	NA	NA	NA	unresolved	structure_not_found
MGYP000250468801.pdb.gz	1197	1	1.305e-11	496	0.373	0.9746	NA	NA	NA	NA	NA	NA	NA	unresolved	structure_not_found
MGYP003307827633.pdb.gz	1198	1	1.164e-11	496	0.391	0.9746	NA	NA	NA	NA	NA	NA	NA	unresolved	structure_not_found
MGYP000644509457.pdb.gz	1199	1	3.501e-12	496	0.408	1.017	NA	NA	NA	NA	NA	NA	NA	unresolved	structure_not_found
A8ERX9	1200	1	6.315e-12	496	0.365	0.9746	NA	0.907	1.812	true	S25	0.2938	retained	retained	Ser25 S25 retained
B7IPB9	1201	1	1.9e-12	496	0.438	1.025	NA	0.9078	1.723	true	S25	0.2799	retained	retained	Ser25 S25 retained
4d7z-assembly1.cif.gz_B	1202	1	8.216e-13	496	0.989	0.7881	NA	NA	NA	NA	NA	NA	NA	unresolved	structure_not_found
A0A970MZ88	1203	1	1.383e-11	496	0.438	0.9661	NA	0.8736	1.96	true	S28	0.1742	retained	retained	Ser25 S28 retained
A0A961H681	1204	1	2.313e-11	496	0.464	0.9661	NA	0.9048	1.934	true	S25	0.09004	retained	retained	Ser25 S25 retained
A0A0W0ZMK7	1205	1	8.75e-12	496	0.388	1.025	NA	0.9084	1.717	true	S25	0.2468	retained	retained	Ser25 S25 retained
A0A7Y9LDU8	1206	1	2.185e-11	496	0.481	0.9322	NA	0.8867	1.743	true	S21	0.1472	retained	retained	Ser25 S21 retained
A0A1Z4GM18	1207	1	2.449e-11	496	0.408	0.9746	NA	0.904	1.918	true	S66	0.206	retained	retained	Ser25 S66 retained
MGYP003394197791.pdb.gz	1208	1	1.736e-11	495	0.373	0.9746	NA	NA	NA	NA	NA	NA	NA	unresolved	structure_not_found
MGYP003328079396.pdb.gz	1209	1	2.183e-11	495	0.373	0.9746	NA	NA	NA	NA	NA	NA	NA	unresolved	structure_not_found
MGYP001242602155.pdb.gz	1210	1	1.64e-11	495	0.391	0.9746	NA	NA	NA	NA	NA	NA	NA	unresolved	structure_not_found
MGYP001401661767.pdb.gz	1211	1	8.742e-12	495	0.375	1.017	NA	NA	NA	NA	NA	NA	NA	unresolved	structure_not_found
MGYP000674431579.pdb.gz	1212	1	2.061e-11	495	0.379	0.9831	NA	NA	NA	NA	NA	NA	NA	unresolved	structure_not_found
MGYP003473903230.pdb.gz	1213	1	2.591e-11	495	0.35	0.9661	NA	NA	NA	NA	NA	NA	NA	unresolved	structure_not_found
MGYP003363120453.pdb.gz	1214	1	1.947e-11	495	0.481	0.9322	NA	NA	NA	NA	NA	NA	NA	unresolved	structure_not_found
Q5WGA5	1215	1	2.012e-12	495	0.459	1.034	NA	0.9147	1.627	true	S25	0.3454	retained	retained	Ser25 S25 retained
B7JHQ8	1216	1	2.012e-12	495	0.438	1.025	NA	0.9077	1.708	true	S25	0.2341	retained	retained	Ser25 S25 retained
Q63DJ1	1217	1	2.012e-12	495	0.438	1.025	NA	0.9073	1.719	true	S25	0.2822	retained	retained	Ser25 S25 retained
B1KUY5	1218	1	2.529e-12	495	0.396	1.025	NA	0.9107	1.855	true	S25	0.3891	retained	retained	Ser25 S25 retained
A0A959LKS3	1219	1	2.449e-11	495	0.451	0.9576	NA	0.8797	1.814	true	S25	0.408	retained	retained	Ser25 S25 retained
A0A916HDU2	1220	1	2.313e-11	495	0.428	0.9492	NA	0.8883	1.61	true	S25	0.4096	retained	retained	Ser25 S25 retained
A0A0L6HV58	1221	1	2.449e-11	495	0.431	0.9831	NA	0.9041	1.859	true	S25	0.2484	retained	retained	Ser25 S25 retained
A0A1V4TMN0	1222	1	1.383e-11	495	0.422	0.9831	NA	0.8722	1.747	true	S40	0.2307	retained	retained	Ser25 S40 retained
A0A259TW89	1223	1	3.655e-11	495	0.447	0.9661	NA	0.91	1.644	true	S25	0.4818	retained	retained	Ser25 S25 retained
MGYP000456893841.pdb.gz	1224	1	2.183e-11	494	0.391	0.9746	NA	NA	NA	NA	NA	NA	NA	unresolved	structure_not_found
MGYP001125600904.pdb.gz	1225	1	7.797e-12	494	0.383	1.017	NA	NA	NA	NA	NA	NA	NA	unresolved	structure_not_found
MGYP000116386945.pdb.gz	1226	1	2.061e-11	494	0.431	0.9831	NA	NA	NA	NA	NA	NA	NA	unresolved	structure_not_found
MGYP001005533699.pdb.gz	1227	1	1.947e-11	494	0.403	0.9661	NA	NA	NA	NA	NA	NA	NA	unresolved	structure_not_found
A0RM41	1228	1	6.686e-12	494	0.391	0.9746	NA	0.8836	1.838	true	S25	0.2974	retained	retained	Ser25 S25 retained
A6L8I7	1229	1	5.632e-12	494	0.464	0.9492	NA	0.886	1.617	true	S25	0.1833	retained	retained	Ser25 S25 retained
A9VMF1	1230	1	2.131e-12	494	0.438	1.025	NA	0.9077	1.714	true	S25	0.2293	retained	retained	Ser25 S25 retained
A4IQ59	1231	1	2.012e-12	494	0.429	1.025	NA	0.9035	1.749	true	S25	0.08769	retained	retained	Ser25 S25 retained
A0RBZ4	1232	1	2.012e-12	494	0.438	1.025	NA	0.9069	1.73	true	S25	0.284	retained	retained	Ser25 S25 retained
A0A965R6I9	1233	1	2.746e-11	494	0.437	0.9492	NA	0.8832	1.755	true	S25	0.09323	retained	retained	Ser25 S25 retained
A0A940F783	1234	1	2.449e-11	494	0.46	0.9746	NA	0.9059	1.835	true	S25	0.217	retained	retained	Ser25 S25 retained
A0A3M1Q2L7	1235	1	2.063e-11	494	0.449	1	NA	0.8992	1.814	true	S25	0.3051	retained	retained	Ser25 S25 retained
L1MGV7	1236	1	2.063e-11	494	0.417	0.9746	NA	0.8863	1.839	true	S43	0.1823	retained	retained	Ser25 S43 retained
MGYP000607290887.pdb.gz	1237	1	8.742e-12	493	0.391	0.9746	NA	NA	NA	NA	NA	NA	NA	unresolved	structure_not_found
MGYP000052997395.pdb.gz	1238	1	1.736e-11	493	0.447	0.9661	NA	NA	NA	NA	NA	NA	NA	unresolved	structure_not_found
MGYP000960761534.pdb.gz	1239	1	9.256e-12	493	0.369	1.008	NA	NA	NA	NA	NA	NA	NA	unresolved	structure_not_found
MGYP000907421861.pdb.gz	1240	1	1.305e-11	493	0.428	1.008	NA	NA	NA	NA	NA	NA	NA	unresolved	structure_not_found
MGYP001358313149.pdb.gz	1241	1	2.744e-11	493	0.429	0.9661	NA	NA	NA	NA	NA	NA	NA	unresolved	structure_not_found
MGYP003542256305.pdb.gz	1242	1	1.251e-12	493	0.487	0.9915	NA	NA	NA	NA	NA	NA	NA	unresolved	structure_not_found
MGYP001416051258.pdb.gz	1243	1	2.061e-11	493	0.4	0.9746	NA	NA	NA	NA	NA	NA	NA	unresolved	structure_not_found
MGYP001591832594.pdb.gz	1244	1	1.64e-11	493	0.452	0.9746	NA	NA	NA	NA	NA	NA	NA	unresolved	structure_not_found
MGYP000995251371.pdb.gz	1245	1	1.549e-11	493	0.443	0.9746	NA	NA	NA	NA	NA	NA	NA	unresolved	structure_not_found
MGYP002674806348.pdb.gz	1246	1	1.164e-11	493	0.449	1	NA	NA	NA	NA	NA	NA	NA	unresolved	structure_not_found
Q64XM2	1247	1	5.964e-12	493	0.44	0.9237	NA	0.8887	1.884	true	S25	0.09557	retained	retained	Ser25 S25 retained
Q8EQD8	1248	1	2.012e-12	493	0.421	1.025	NA	0.8973	1.942	true	S25	0.2909	retained	retained	Ser25 S25 retained
Q5HCV5	1249	1	2.529e-12	493	0.475	1.017	NA	0.9026	1.902	true	S25	0.1895	retained	retained	Ser25 S25 retained
A0A535HQI7	1250	1	1.55e-11	493	0.415	1	NA	0.8841	1.964	true	S25	0.1533	retained	retained	Ser25 S25 retained
A0A0R3KU37	1251	1	2.594e-11	493	0.426	0.9746	NA	0.8928	1.695	true	S25	0.3941	retained	retained	Ser25 S25 retained
W7WN84	1252	1	2.313e-11	493	0.542	0.9068	NA	0.8723	1.809	true	S25	0.5669	retained	retained	Ser25 S25 retained
A0A1Z4NKA2	1253	1	3.26e-11	493	0.412	0.9661	NA	0.9053	1.91	true	S56	0.2137	retained	retained	Ser25 S56 retained
MGYP000393472942.pdb.gz	1254	1	2.447e-11	492	0.4	0.9746	NA	NA	NA	NA	NA	NA	NA	unresolved	structure_not_found
MGYP003799497283.pdb.gz	1255	1	2.311e-11	492	0.393	0.9915	NA	NA	NA	NA	NA	NA	NA	unresolved	structure_not_found
MGYP001605904627.pdb.gz	1256	1	1.736e-11	492	0.373	0.9746	NA	NA	NA	NA	NA	NA	NA	unresolved	structure_not_found
MGYP000272634753.pdb.gz	1257	1	2.311e-11	492	0.356	0.9746	NA	NA	NA	NA	NA	NA	NA	unresolved	structure_not_found
MGYP001251455439.pdb.gz	1258	1	1.736e-11	492	0.373	0.9746	NA	NA	NA	NA	NA	NA	NA	unresolved	structure_not_found
MGYP003344567519.pdb.gz	1259	1	2.447e-11	492	0.391	0.9746	NA	NA	NA	NA	NA	NA	NA	unresolved	structure_not_found
MGYP000667869368.pdb.gz	1260	1	1.64e-11	492	0.434	0.9746	NA	NA	NA	NA	NA	NA	NA	unresolved	structure_not_found
B7HL55	1261	1	2.389e-12	492	0.438	1.025	NA	0.9069	1.725	true	S25	0.2722	retained	retained	Ser25 S25 retained
A0A840H066	1262	1	2.449e-11	492	0.45	0.9407	NA	0.8736	1.769	true	S20	0.4114	retained	retained	Ser25 S20 retained
A0A960TEY8	1263	1	1.464e-11	492	0.372	1	NA	0.8872	1.937	true	S25	0.3899	retained	retained	Ser25 S25 retained
A0A536E0K5	1264	1	2.185e-11	492	0.439	0.9831	NA	0.8909	1.887	true	S24	0.1802	retained	retained	Ser25 S24 retained
MGYP001384161078.pdb.gz	1265	1	1.099e-11	491	0.426	0.9746	NA	NA	NA	NA	NA	NA	NA	unresolved	structure_not_found
MGYP001187930371.pdb.gz	1266	1	2.183e-11	491	0.339	0.9746	NA	NA	NA	NA	NA	NA	NA	unresolved	structure_not_found
MGYP001253499005.pdb.gz	1267	1	3.652e-11	491	0.365	0.9746	NA	NA	NA	NA	NA	NA	NA	unresolved	structure_not_found
MGYP000271121353.pdb.gz	1268	1	2.905e-11	491	0.376	0.9915	NA	NA	NA	NA	NA	NA	NA	unresolved	structure_not_found
MGYP001767308194.pdb.gz	1269	1	7.797e-12	491	0.369	1.008	NA	NA	NA	NA	NA	NA	NA	unresolved	structure_not_found
MGYP001601998745.pdb.gz	1270	1	6.203e-12	491	0.391	1.017	NA	NA	NA	NA	NA	NA	NA	unresolved	structure_not_found
MGYP001382959941.pdb.gz	1271	1	1.839e-11	491	0.373	0.9746	NA	NA	NA	NA	NA	NA	NA	unresolved	structure_not_found
MGYP000002899587.pdb.gz	1272	1	1.232e-11	491	0.434	0.9746	NA	NA	NA	NA	NA	NA	NA	unresolved	structure_not_found
MGYP000328753560.pdb.gz	1273	1	1.549e-11	491	0.405	0.9831	NA	NA	NA	NA	NA	NA	NA	unresolved	structure_not_found
MGYP002759375153.pdb.gz	1274	1	2.485e-12	491	0.454	1.025	NA	NA	NA	NA	NA	NA	NA	unresolved	structure_not_found
A5IW22	1275	1	2.256e-12	491	0.471	1.025	NA	0.9019	1.908	true	S25	0.176	retained	retained	Ser25 S25 retained
C1EN38	1276	1	2.678e-12	491	0.438	1.025	NA	0.9072	1.723	true	S25	0.2281	retained	retained	Ser25 S25 retained
C5D3B1	1277	1	2.678e-12	491	0.421	1.025	NA	0.9053	1.747	true	S25	0.1434	retained	retained	Ser25 S25 retained
B9DKF6	1278	1	2.012e-12	491	0.446	1.025	NA	0.9018	1.899	true	S25	0.1709	retained	retained	Ser25 S25 retained
B3QTQ3	1279	1	7.497e-12	491	0.452	0.9746	NA	0.8994	2.013	true	S25	0.4496	retained	retained	Ser25 S25 retained
A0A0C5W6H2	1280	1	2.313e-11	491	0.41	0.9492	NA	0.8809	1.891	true	S25	0.212	retained	retained	Ser25 S25 retained
A0A1D7YUK6	1281	1	3.452e-11	491	0.391	0.9746	NA	0.909	1.939	true	S25	0.2711	retained	retained	Ser25 S25 retained
A0A9E6W6B2	1282	1	2.594e-11	491	0.344	1.008	NA	0.904	1.971	true	S27	0.2615	retained	retained	Ser25 S27 retained
A0A3M1GEH5	1283	1	2.449e-11	491	0.508	0.9831	NA	0.9012	1.919	true	S25	0.4324	retained	retained	Ser25 S25 retained
A0A7X0GHH8	1284	1	2.746e-11	491	0.509	0.9322	NA	0.8837	1.794	true	S21	0.5462	retained	retained	Ser25 S21 retained
A0A960FLK5	1285	1	1.738e-11	491	0.382	0.9746	NA	0.8859	1.851	true	S25	0.3992	retained	retained	Ser25 S25 retained
A0AAE3KLZ9	1286	1	1.55e-11	491	0.408	1.017	NA	0.9083	1.661	true	S25	0.3843	retained	retained	Ser25 S25 retained
A0A163RG25	1287	1	3.87e-11	491	0.5	0.9661	NA	0.9118	1.856	true	S381	0.7133	retained	retained	Ser25 S381 retained
MGYP003508630099.pdb.gz	1288	1	1.736e-11	490	0.41	0.9492	NA	NA	NA	NA	NA	NA	NA	unresolved	structure_not_found
MGYP000600255393.pdb.gz	1289	1	1.164e-11	490	0.439	0.9831	NA	NA	NA	NA	NA	NA	NA	unresolved	structure_not_found
MGYP001068820270.pdb.gz	1290	1	2.183e-11	490	0.408	0.9746	NA	NA	NA	NA	NA	NA	NA	unresolved	structure_not_found
C3P5R1	1291	1	2.678e-12	490	0.438	1.025	NA	0.907	1.72	true	S25	0.2446	retained	retained	Ser25 S25 retained
5ls7-assembly1.cif.gz_D	1292	1	1.033e-12	490	1	0.7881	NA	NA	NA	NA	NA	NA	NA	unresolved	structure_not_found
A0A2N5ZMM5	1293	1	3.26e-11	490	0.472	0.9322	NA	0.8776	1.739	true	S21	0.5566	retained	retained	Ser25 S21 retained
A0A1G6YAK4	1294	1	3.655e-11	490	0.442	0.9576	NA	0.8812	1.603	true	S25	0.4546	retained	retained	Ser25 S25 retained
A0A9D8BMJ1	1295	1	3.87e-11	490	0.339	0.9746	NA	0.8931	1.644	true	S25	0.1506	retained	retained	Ser25 S25 retained
A0A7Z9WGJ3	1296	1	3.079e-11	490	0.377	0.9661	NA	0.904	1.9	true	S25	0.6606	retained	retained	Ser25 S25 retained
A0A2H5WAN0	1297	1	4.594e-11	490	0.412	0.9661	NA	0.9055	1.961	true	S25	0.3382	retained	retained	Ser25 S25 retained
A0A7C1YBG8	1298	1	1.641e-11	490	0.406	1	NA	0.8999	1.915	true	S25	0.2584	retained	retained	Ser25 S25 retained
A0A0J1BIE2	1299	1	2.908e-11	490	0.401	0.9915	NA	0.9033	1.739	true	S28	0.2636	retained	retained	Ser25 S28 retained
MGYP001398483067.pdb.gz	1300	1	1.099e-11	489	0.445	0.9322	NA	NA	NA	NA	NA	NA	NA	unresolved	structure_not_found
MGYP000174277230.pdb.gz	1301	1	6.568e-12	489	0.423	1	NA	NA	NA	NA	NA	NA	NA	unresolved	structure_not_found
MGYP001492951562.pdb.gz	1302	1	2.311e-11	489	0.418	0.9915	NA	NA	NA	NA	NA	NA	NA	unresolved	structure_not_found
MGYP000854568639.pdb.gz	1303	1	9.801e-12	489	0.364	1	NA	NA	NA	NA	NA	NA	NA	unresolved	structure_not_found
MGYP001501588984.pdb.gz	1304	1	9.801e-12	489	0.381	1	NA	NA	NA	NA	NA	NA	NA	unresolved	structure_not_found
MGYP003694584287.pdb.gz	1305	1	3.652e-11	489	0.412	0.9661	NA	NA	NA	NA	NA	NA	NA	unresolved	structure_not_found
MGYP002481249750.pdb.gz	1306	1	2.905e-11	489	0.355	1	NA	NA	NA	NA	NA	NA	NA	unresolved	structure_not_found
Q052G3	1307	1	3.367e-12	489	0.396	0.9831	NA	0.874	1.913	true	S25	1.157	retained	retained	Ser25 S25 retained
Q89ZR7	1308	1	7.497e-12	489	0.449	0.9237	NA	0.8895	1.88	true	S25	0.1235	retained	retained	Ser25 S25 retained
Q9KC85	1309	1	3.367e-12	489	0.429	1.025	NA	0.9101	1.702	true	S25	0.229	retained	retained	Ser25 S25 retained
A0A519TDA2	1310	1	3.452e-11	489	0.46	0.9746	NA	0.8845	1.648	true	S25	0.3303	retained	retained	Ser25 S25 retained
A0A7Y3EQG1	1311	1	2.746e-11	489	0.455	0.9492	NA	0.8818	1.868	true	S25	0.1938	retained	retained	Ser25 S25 retained
A0A7X7G3F8	1312	1	1.84e-11	489	0.371	1.025	NA	0.9101	1.945	true	S25	0.1672	retained	retained	Ser25 S25 retained
A0A1H7J4K3	1313	1	1.55e-11	489	0.391	1.017	NA	0.8995	1.845	true	S25	0.3833	retained	retained	Ser25 S25 retained
A0A956QNH2	1314	1	4.865e-11	489	0.426	0.9746	NA	0.9096	1.917	true	S25	0.1502	retained	retained	Ser25 S25 retained
A0A2R7QIN7	1315	1	3.26e-11	489	0.5	0.9322	NA	0.8829	1.598	true	S21	0.4081	retained	retained	Ser25 S21 retained
A0A4P5QU08	1316	1	1.55e-11	489	0.413	1.025	NA	0.9122	1.849	true	S37	0.3715	retained	retained	Ser25 S37 retained
A0A5B9QKW6	1317	1	2.908e-11	489	0.364	1	NA	0.9067	1.898	true	S26	0.3464	retained	retained	Ser25 S26 retained
A0A6P0VTE4	1318	1	2.313e-11	489	0.431	0.9237	NA	0.8841	1.995	true	S25	0.2072	retained	retained	Ser25 S25 retained
MGYP001548961032.pdb.gz	1319	1	1.947e-11	488	0.46	0.9576	NA	NA	NA	NA	NA	NA	NA	unresolved	structure_not_found
MGYP001556897565.pdb.gz	1320	1	2.061e-11	488	0.486	0.9237	NA	NA	NA	NA	NA	NA	NA	unresolved	structure_not_found
MGYP001282499902.pdb.gz	1321	1	1.463e-11	488	0.435	0.9915	NA	NA	NA	NA	NA	NA	NA	unresolved	structure_not_found
MGYP001131188416.pdb.gz	1322	1	1.232e-11	488	0.406	1	NA	NA	NA	NA	NA	NA	NA	unresolved	structure_not_found
MGYP001774219432.pdb.gz	1323	1	9.256e-12	488	0.403	0.9661	NA	NA	NA	NA	NA	NA	NA	unresolved	structure_not_found
MGYP003623144165.pdb.gz	1324	1	1.463e-11	488	0.355	1	NA	NA	NA	NA	NA	NA	NA	unresolved	structure_not_found
MGYP003558567074.pdb.gz	1325	1	2.311e-11	488	0.44	0.9237	NA	NA	NA	NA	NA	NA	NA	unresolved	structure_not_found
Q30TR6	1326	1	7.938e-12	488	0.391	0.9746	NA	0.8929	1.998	true	S25	0.3581	retained	retained	Ser25 S25 retained
C3L8P8	1327	1	3.179e-12	488	0.438	1.025	NA	0.9072	1.722	true	S25	0.2435	retained	retained	Ser25 S25 retained
Q73AV2	1328	1	3.179e-12	488	0.429	1.025	NA	0.9072	1.722	true	S25	0.263	retained	retained	Ser25 S25 retained
Q982G0	1329	1	1.057e-11	488	0.398	0.9576	NA	0.895	1.902	true	S24	0.1755	retained	retained	Ser25 S24 retained
A0A7G5XBI5	1330	1	3.87e-11	488	0.442	0.9576	NA	0.8781	1.604	true	S25	0.1924	retained	retained	Ser25 S25 retained
A0A1B9E085	1331	1	3.655e-11	488	0.439	0.9831	NA	0.8808	1.687	true	S25	0.2535	retained	retained	Ser25 S25 retained
A0A937JTD3	1332	1	3.655e-11	488	0.408	0.9746	NA	0.8971	1.994	true	S25	0.3	retained	retained	Ser25 S25 retained
MGYP002589376011.pdb.gz	1333	1	1.64e-11	487	0.392	0.9492	NA	NA	NA	NA	NA	NA	NA	unresolved	structure_not_found
MGYP001092987933.pdb.gz	1334	1	1.038e-11	487	0.404	1.025	NA	NA	NA	NA	NA	NA	NA	unresolved	structure_not_found
MGYP002870146492.pdb.gz	1335	1	1.099e-11	487	0.347	1.025	NA	NA	NA	NA	NA	NA	NA	unresolved	structure_not_found
Q04TD7	1336	1	5.024e-12	487	0.396	0.9831	NA	0.8791	1.86	true	S25	0.2518	retained	retained	Ser25 S25 retained
W7DLT8	1337	1	4.339e-11	487	0.449	0.9237	NA	0.8772	2.002	true	S25	0.3271	retained	retained	Ser25 S25 retained
A0A2A2Y2P2	1338	1	2.908e-11	487	0.403	1.008	NA	0.9108	1.848	true	S25	0.4252	retained	retained	Ser25 S25 retained
A0A9D6PL82	1339	1	4.098e-11	487	0.365	0.9746	NA	0.9053	1.745	true	S25	0.3031	retained	retained	Ser25 S25 retained
MGYP001388121436.pdb.gz	1340	1	1.381e-11	486	0.486	0.9746	NA	NA	NA	NA	NA	NA	NA	unresolved	structure_not_found
MGYP000430367008.pdb.gz	1341	1	3.867e-11	486	0.476	0.9068	NA	NA	NA	NA	NA	NA	NA	unresolved	structure_not_found
MGYP001062147785.pdb.gz	1342	1	3.076e-11	486	0.429	0.9661	NA	NA	NA	NA	NA	NA	NA	unresolved	structure_not_found
A7ZFX6	1343	1	7.497e-12	486	0.367	0.9915	NA	0.8824	1.827	true	S25	0.2328	retained	retained	Ser25 S25 retained
Q72QN9	1344	1	5.319e-12	486	0.422	0.9831	NA	0.8781	1.866	true	S25	0.3207	retained	retained	Ser25 S25 retained
Q5LGS0	1345	1	9.423e-12	486	0.44	0.9237	NA	0.8909	1.863	true	S25	0.1493	retained	retained	Ser25 S25 retained
Q2S2P5	1346	1	9.978e-12	486	0.44	1	NA	0.9	1.933	true	S25	0.3317	retained	retained	Ser25 S25 retained
A0A2D7KNM5	1347	1	4.339e-11	486	0.467	0.9068	NA	0.8546	1.618	true	S25	0.4295	retained	retained	Ser25 S25 retained
A0A3D4CJW0	1348	1	3.079e-11	486	0.446	0.9492	NA	0.8763	1.741	true	S25	0.3384	retained	retained	Ser25 S25 retained
A0A537ZCT5	1349	1	2.746e-11	486	0.35	0.9915	NA	0.8912	1.798	true	S25	0.3193	retained	retained	Ser25 S25 retained
A0A388PWD8	1350	1	1.641e-11	486	0.587	0.822	NA	0.8471	2.316	true	S25	0.7283	retained	retained	Ser25 S25 retained
A0A7V2F6J0	1351	1	5.775e-11	486	0.452	0.9746	NA	0.9023	1.974	true	S25	0.2997	retained	retained	Ser25 S25 retained
A0A521GYG4	1352	1	5.151e-11	486	0.322	1	NA	0.9107	1.725	true	G25	0.1773	lost	lost	Ser25 G not in expected {S}
A0A9X2ZSP7	1353	1	4.339e-11	486	0.44	1	NA	0.8996	1.816	true	S25	0.3982	retained	retained	Ser25 S25 retained
MGYP002783462086.pdb.gz	1354	1	2.744e-11	485	0.533	0.8729	NA	NA	NA	NA	NA	NA	NA	unresolved	structure_not_found
MGYP001591890184.pdb.gz	1355	1	5.77e-11	485	0.417	0.9746	NA	NA	NA	NA	NA	NA	NA	unresolved	structure_not_found
A6GVV2	1356	1	9.978e-12	485	0.431	0.9831	NA	0.8794	1.674	true	S25	0.2892	retained	retained	Ser25 S25 retained
Q9ZN30	1357	1	9.423e-12	485	0.394	0.9661	NA	0.8893	2.005	true	S25	0.2161	retained	retained	Ser25 S25 retained
A0A355ITR4	1358	1	3.452e-11	485	0.437	0.9492	NA	0.8861	1.835	true	S25	0.7224	retained	retained	Ser25 S25 retained
A0A3D9FXC7	1359	1	3.87e-11	485	0.428	0.9492	NA	0.8808	1.675	true	S25	0.2099	retained	retained	Ser25 S25 retained
A0A9D2RIF9	1360	1	3.26e-11	485	0.473	0.9492	NA	0.8821	1.817	true	S27	0.105	retained	retained	Ser25 S27 retained
A0A8I2G8T0	1361	1	4.098e-11	485	0.408	0.9746	NA	0.8922	2.015	true	S25	0.1971	retained	retained	Ser25 S25 retained
A0AA46ADI5	1362	1	4.339e-11	485	0.448	0.9831	NA	0.897	1.963	true	S25	0.1895	retained	retained	Ser25 S25 retained
A0A964KSE9	1363	1	2.449e-11	485	0.404	1.025	NA	0.9169	1.798	true	S25	0.1493	retained	retained	Ser25 S25 retained
A0A7V1RDY6	1364	1	2.746e-11	485	0.391	0.9746	NA	0.8736	1.706	true	S26	0.1499	retained	retained	Ser25 S26 retained
A0A101HTK6	1365	1	5.775e-11	485	0.447	0.9661	NA	0.9071	1.722	true	S25	0.1865	retained	retained	Ser25 S25 retained
A0A974SIW7	1366	1	4.865e-11	485	0.464	0.9492	NA	0.8912	1.972	true	S24	0.2756	retained	retained	Ser25 S24 retained
MGYP001408718334.pdb.gz	1367	1	1.64e-11	484	0.385	0.9661	NA	NA	NA	NA	NA	NA	NA	unresolved	structure_not_found
MGYP000930773256.pdb.gz	1368	1	2.061e-11	484	0.406	1	NA	NA	NA	NA	NA	NA	NA	unresolved	structure_not_found
MGYP000092701379.pdb.gz	1369	1	3.652e-11	484	0.438	0.9661	NA	NA	NA	NA	NA	NA	NA	unresolved	structure_not_found
MGYP000389622905.pdb.gz	1370	1	1.736e-11	484	0.5	0.9831	NA	NA	NA	NA	NA	NA	NA	unresolved	structure_not_found
MGYP001050163669.pdb.gz	1371	1	8.256e-12	484	0.363	1.025	NA	NA	NA	NA	NA	NA	NA	unresolved	structure_not_found
MGYP001823261091.pdb.gz	1372	1	2.905e-11	484	0.382	0.9746	NA	NA	NA	NA	NA	NA	NA	unresolved	structure_not_found
MGYP003575538794.pdb.gz	1373	1	3.449e-11	484	0.464	0.9661	NA	NA	NA	NA	NA	NA	NA	unresolved	structure_not_found
Q3M782	1374	1	5.024e-12	484	0.42	1.008	NA	0.9032	1.896	true	S25	0.1443	retained	retained	Ser25 S25 retained
Q9EYU1	1375	1	1.406e-11	484	0.398	0.9576	NA	0.8948	1.695	true	S24	0.1546	retained	retained	Ser25 S24 retained
A0A2A5FKV0	1376	1	2.594e-11	484	0.446	0.9492	NA	0.8717	1.727	true	S25	0.255	retained	retained	Ser25 S25 retained
W8VUN2	1377	1	3.87e-11	484	0.464	0.9492	NA	0.8833	1.886	true	S25	0.18	retained	retained	Ser25 S25 retained
A0A3C1G2F2	1378	1	4.339e-11	484	0.367	0.9915	NA	0.8997	1.791	true	S25	0.3882	retained	retained	Ser25 S25 retained
A0A660SL37	1379	1	2.594e-11	484	0.316	0.9915	NA	0.8852	1.896	true	S25	0.2356	retained	retained	Ser25 S25 retained
D9PML9	1380	1	5.151e-11	484	0.481	0.9322	NA	0.8821	1.903	true	S21	0.2436	retained	retained	Ser25 S21 retained
A0A9X1S339	1381	1	3.079e-11	484	0.45	1.034	NA	0.8991	1.974	true	S25	0.09198	retained	retained	Ser25 S25 retained
A0A936N915	1382	1	2.594e-11	484	0.383	1.017	NA	0.9069	1.825	true	S25	0.1868	retained	retained	Ser25 S25 retained
A0A6B1GIZ6	1383	1	1.464e-11	484	0.441	1.017	NA	0.8999	1.951	true	S25	0.3233	retained	retained	Ser25 S25 retained
MGYP003179318281.pdb.gz	1384	1	2.183e-11	483	0.481	0.9322	NA	NA	NA	NA	NA	NA	NA	unresolved	structure_not_found
MGYP001076935004.pdb.gz	1385	1	3.449e-11	483	0.278	0.9746	NA	NA	NA	NA	NA	NA	NA	unresolved	structure_not_found
MGYP001627648196.pdb.gz	1386	1	2.591e-11	483	0.379	0.9831	NA	NA	NA	NA	NA	NA	NA	unresolved	structure_not_found
MGYP001465373720.pdb.gz	1387	1	2.744e-11	483	0.347	0.9746	NA	NA	NA	NA	NA	NA	NA	unresolved	structure_not_found
MGYP000294823001.pdb.gz	1388	1	1.463e-11	483	0.408	1.017	NA	NA	NA	NA	NA	NA	NA	unresolved	structure_not_found
O34246	1389	1	3.997e-12	483	0.396	1.025	NA	0.9053	1.946	true	S25	0.1818	retained	retained	Ser25 S25 retained
A0A7C1BBY4	1390	1	2.594e-11	483	0.391	0.9746	NA	0.8756	1.826	true	S25	0.7083	retained	retained	Ser25 S25 retained
A0A0D0IV58	1391	1	3.26e-11	483	0.46	0.9746	NA	0.8728	1.834	true	S25	0.4093	retained	retained	Ser25 S25 retained
A0A2E6IME0	1392	1	3.655e-11	483	0.446	0.9492	NA	0.8791	1.885	true	S25	0.2266	retained	retained	Ser25 S25 retained
A0A1M7MSU4	1393	1	5.151e-11	483	0.449	0.9237	NA	0.8874	1.85	true	S25	0.1999	retained	retained	Ser25 S25 retained
A0A662C8E0	1394	1	4.098e-11	483	0.419	0.9492	NA	0.8837	1.638	true	S25	0.1385	retained	retained	Ser25 S25 retained
A0A661C7T3	1395	1	5.454e-11	483	0.385	0.9661	NA	0.9048	1.943	true	S30	0.4627	retained	retained	Ser25 S30 retained
MGYP001469392223.pdb.gz	1396	1	2.183e-11	482	0.398	1	NA	NA	NA	NA	NA	NA	NA	unresolved	structure_not_found
A0A7H9CHD8	1397	1	3.655e-11	482	0.4	0.9746	NA	0.8778	1.765	true	S25	0.2143	retained	retained	Ser25 S25 retained
A0A255TPX1	1398	1	3.452e-11	482	0.464	0.9492	NA	0.8722	1.672	true	S25	0.3036	retained	retained	Ser25 S25 retained
A0A7C5P1F6	1399	1	2.313e-11	482	0.422	0.9831	NA	0.8832	2.011	true	S25	0.1377	retained	retained	Ser25 S25 retained
A0A3A4PHH0	1400	1	5.151e-11	482	0.366	1.017	NA	0.9107	1.866	true	S25	0.3994	retained	retained	Ser25 S25 retained
A0A2P8FF38	1401	1	5.454e-11	482	0.438	0.9661	NA	0.8756	1.64	true	S65	0.222	retained	retained	Ser25 S65 retained
A0A4R2AVJ6	1402	1	5.454e-11	482	0.398	0.9576	NA	0.8971	1.883	true	S24	0.2276	retained	retained	Ser25 S24 retained
MGYP001412632783.pdb.gz	1403	1	2.183e-11	481	0.415	1	NA	NA	NA	NA	NA	NA	NA	unresolved	structure_not_found
MGYP001451521163.pdb.gz	1404	1	5.146e-11	481	0.408	0.9746	NA	NA	NA	NA	NA	NA	NA	unresolved	structure_not_found
MGYP000530730058.pdb.gz	1405	1	9.801e-12	481	0.462	1.025	NA	NA	NA	NA	NA	NA	NA	unresolved	structure_not_found
MGYP000733731922.pdb.gz	1406	1	9.256e-12	481	0.382	1.042	NA	NA	NA	NA	NA	NA	NA	unresolved	structure_not_found
MGYP000052923898.pdb.gz	1407	1	1.305e-11	481	0.45	1.017	NA	NA	NA	NA	NA	NA	NA	unresolved	structure_not_found
MGYP001318465020.pdb.gz	1408	1	4.935e-12	481	0.411	1.051	NA	NA	NA	NA	NA	NA	NA	unresolved	structure_not_found
MGYP000279342162.pdb.gz	1409	1	5.146e-11	481	0.415	0.9576	NA	NA	NA	NA	NA	NA	NA	unresolved	structure_not_found
MGYP000882926472.pdb.gz	1410	1	3.652e-11	481	0.434	0.9746	NA	NA	NA	NA	NA	NA	NA	unresolved	structure_not_found
A0A4R6TRF5	1411	1	4.865e-11	481	0.431	0.9237	NA	0.8807	1.909	true	S25	0.1407	retained	retained	Ser25 S25 retained
A0A415DSA0	1412	1	4.594e-11	481	0.446	0.9492	NA	0.8795	1.679	true	S25	0.1663	retained	retained	Ser25 S25 retained
A0A1H6LNY9	1413	1	5.151e-11	481	0.437	0.9492	NA	0.882	1.681	true	S25	0.1764	retained	retained	Ser25 S25 retained
A0A520UJJ6	1414	1	4.339e-11	481	0.401	0.9492	NA	0.88	1.902	true	S25	0.3299	retained	retained	Ser25 S25 retained
A0A1H1M1D6	1415	1	4.865e-11	481	0.412	0.9237	NA	0.8819	1.87	true	S25	0.1842	retained	retained	Ser25 S25 retained
A0A521YDX2	1416	1	3.26e-11	481	0.47	1.008	NA	0.9069	1.788	true	S24	0.2373	retained	retained	Ser25 S24 retained
A0A1M4WK73	1417	1	2.185e-11	481	0.438	1.025	NA	0.9033	1.738	true	S25	0.2457	retained	retained	Ser25 S25 retained
A0A7K1TPA7	1418	1	1.84e-11	481	0.404	1.025	NA	0.9059	1.842	true	S25	0.2247	retained	retained	Ser25 S25 retained
A0ABC9PYV4	1419	1	1.949e-11	481	0.462	1.025	NA	0.9052	1.885	true	S30	0.1919	retained	retained	Ser25 S30 retained
MGYP000944347458.pdb.gz	1420	1	2.447e-11	480	0.449	1	NA	NA	NA	NA	NA	NA	NA	unresolved	structure_not_found
MGYP003729673145.pdb.gz	1421	1	3.449e-11	480	0.392	0.9068	NA	NA	NA	NA	NA	NA	NA	unresolved	structure_not_found
A0A2S5QW78	1422	1	2.063e-11	480	0.513	0.9746	NA	0.858	1.586	true	S25	0.3203	retained	retained	Ser25 S25 retained
A0A937XE27	1423	1	6.115e-11	480	0.372	1	NA	0.907	1.955	true	S25	0.2009	retained	retained	Ser25 S25 retained
A0A3D9GS15	1424	1	2.746e-11	480	0.421	1.025	NA	0.904	1.928	true	S25	0.1909	retained	retained	Ser25 S25 retained
A0A949VKG9	1425	1	3.452e-11	480	0.437	0.9492	NA	0.8735	2.037	true	S41	0.2765	retained	retained	Ser25 S41 retained
A0A1N6EMI2	1426	1	1.949e-11	480	0.452	0.9915	NA	0.8856	1.552	true	S21	0.2523	retained	retained	Ser25 S21 retained
A0A6J6ERN4	1427	1	3.87e-11	480	0.339	0.9746	NA	0.8893	1.82	true	S37	0.3777	retained	retained	Ser25 S37 retained
A0A2M8WSP9	1428	1	5.775e-11	480	0.468	0.9407	NA	0.8844	1.784	true	S21	0.1807	retained	retained	Ser25 S21 retained
MGYP001334877676.pdb.gz	1429	1	2.311e-11	479	0.391	0.9746	NA	NA	NA	NA	NA	NA	NA	unresolved	structure_not_found
MGYP001210701625.pdb.gz	1430	1	5.449e-11	479	0.433	0.9576	NA	NA	NA	NA	NA	NA	NA	unresolved	structure_not_found
MGYP000589581645.pdb.gz	1431	1	3.076e-11	479	0.381	1	NA	NA	NA	NA	NA	NA	NA	unresolved	structure_not_found
MGYP000176173014.pdb.gz	1432	1	3.449e-11	479	0.408	0.9746	NA	NA	NA	NA	NA	NA	NA	unresolved	structure_not_found
Q29W39	1433	1	3.997e-12	479	0.429	1.025	NA	0.896	1.922	true	S25	0.2846	retained	retained	Ser25 S25 retained
Q7UQU4	1434	1	1.489e-11	479	0.407	0.9576	NA	0.8992	1.785	true	S29	0.3281	retained	retained	Ser25 S29 retained
A0A7X8JKW8	1435	1	4.339e-11	479	0.434	0.9746	NA	0.871	1.811	true	S25	0.5116	retained	retained	Ser25 S25 retained
A0A829QPH4	1436	1	3.655e-11	479	0.504	0.8898	NA	0.8513	2.012	true	S25	0.2531	retained	retained	Ser25 S25 retained
A0A2D7N8A4	1437	1	4.098e-11	479	0.391	0.9746	NA	0.894	2.001	true	S29	0.1735	retained	retained	Ser25 S29 retained
A0A9J6ZH20	1438	1	4.098e-11	479	0.421	0.9661	NA	0.884	2.011	true	S25	0.4267	retained	retained	Ser25 S25 retained
MGYP001356545753.pdb.gz	1439	1	1.839e-11	478	0.555	0.839	NA	NA	NA	NA	NA	NA	NA	unresolved	structure_not_found
MGYP001183163832.pdb.gz	1440	1	5.77e-11	478	0.451	0.9576	NA	NA	NA	NA	NA	NA	NA	unresolved	structure_not_found
MGYP001772859877.pdb.gz	1441	1	5.449e-11	478	0.373	0.9746	NA	NA	NA	NA	NA	NA	NA	unresolved	structure_not_found
MGYP003313923610.pdb.gz	1442	1	3.257e-11	478	0.427	0.9322	NA	NA	NA	NA	NA	NA	NA	unresolved	structure_not_found
MGYP001307216910.pdb.gz	1443	1	8.132e-11	478	0.37	0.9831	NA	NA	NA	NA	NA	NA	NA	unresolved	structure_not_found
MGYP000101639029.pdb.gz	1444	1	4.335e-11	478	0.4	0.9746	NA	NA	NA	NA	NA	NA	NA	unresolved	structure_not_found
MGYP002152439860.pdb.gz	1445	1	1.736e-11	478	0.413	1.025	NA	NA	NA	NA	NA	NA	NA	unresolved	structure_not_found
MGYP002513071025.pdb.gz	1446	1	3.652e-11	478	0.419	0.9492	NA	NA	NA	NA	NA	NA	NA	unresolved	structure_not_found
MGYP003299305323.pdb.gz	1447	1	4.094e-11	478	0.423	0.9407	NA	NA	NA	NA	NA	NA	NA	unresolved	structure_not_found
MGYP000489057108.pdb.gz	1448	1	5.146e-11	478	0.373	0.9746	NA	NA	NA	NA	NA	NA	NA	unresolved	structure_not_found
B6JPC9	1449	1	1.254e-11	478	0.376	0.9915	NA	0.8855	1.857	true	S25	0.2242	retained	retained	Ser25 S25 retained
A7IHU0	1450	1	1.577e-11	478	0.464	0.9492	NA	0.888	1.981	true	S24	0.2581	retained	retained	Ser25 S24 retained
A0A2T0YQE6	1451	1	2.449e-11	478	0.456	0.9661	NA	0.8638	1.827	true	S20	0.1364	retained	retained	Ser25 S20 retained
MGYP001188477533.pdb.gz	1452	1	1.839e-11	477	0.413	0.9831	NA	NA	NA	NA	NA	NA	NA	unresolved	structure_not_found
MGYP000731124586.pdb.gz	1453	1	2.591e-11	477	0.464	0.9492	NA	NA	NA	NA	NA	NA	NA	unresolved	structure_not_found
MGYP001008404628.pdb.gz	1454	1	6.469e-11	477	0.367	0.9915	NA	NA	NA	NA	NA	NA	NA	unresolved	structure_not_found
MGYP001253331381.pdb.gz	1455	1	3.449e-11	477	0.35	0.9661	NA	NA	NA	NA	NA	NA	NA	unresolved	structure_not_found
MGYP002635964558.pdb.gz	1456	1	2.744e-11	477	0.495	0.9746	NA	NA	NA	NA	NA	NA	NA	unresolved	structure_not_found
MGYP000122578360.pdb.gz	1457	1	1.947e-11	477	0.486	0.9746	NA	NA	NA	NA	NA	NA	NA	unresolved	structure_not_found
MGYP002866512973.pdb.gz	1458	1	5.77e-11	477	0.373	0.9746	NA	NA	NA	NA	NA	NA	NA	unresolved	structure_not_found
MGYP000341259559.pdb.gz	1459	1	2.183e-11	477	0.375	1.017	NA	NA	NA	NA	NA	NA	NA	unresolved	structure_not_found
A0A8H2LHD1	1460	1	6.115e-11	477	0.41	0.9492	NA	0.8806	1.689	true	S25	0.1647	retained	retained	Ser25 S25 retained
S7VB21	1461	1	1.949e-11	477	0.449	1	NA	0.8872	1.935	true	S25	0.1182	retained	retained	Ser25 S25 retained
A0A661BE33	1462	1	8.139e-11	477	0.417	0.9746	NA	0.896	2.003	true	S25	0.06644	retained	retained	Ser25 S25 retained
A0A3N5YZ53	1463	1	6.475e-11	477	0.468	0.9407	NA	0.8749	1.959	true	S21	0.2013	retained	retained	Ser25 S21 retained
A0A3Q9GL83	1464	1	9.126e-11	477	0.472	0.9322	NA	0.8846	1.582	true	S21	0.4245	retained	retained	Ser25 S21 retained
MGYP003598836758.pdb.gz	1465	1	4.935e-12	476	0.491	1.017	NA	NA	NA	NA	NA	NA	NA	unresolved	structure_not_found
MGYP001584054414.pdb.gz	1466	1	5.146e-11	476	0.347	0.9746	NA	NA	NA	NA	NA	NA	NA	unresolved	structure_not_found
Q8YR79	1467	1	5.964e-12	476	0.416	1.017	NA	0.8917	1.994	true	S25	0.2617	retained	retained	Ser25 S25 retained
A0A7W3Z7J9	1468	1	7.26e-11	476	0.473	0.9492	NA	0.8806	1.705	true	S25	0.2462	retained	retained	Ser25 S25 retained
A0A7C8AGW2	1469	1	9.126e-11	476	0.391	0.9746	NA	0.9009	1.837	true	S25	0.5041	retained	retained	Ser25 S25 retained
A0A7C5BSN4	1470	1	5.454e-11	476	0.447	0.9661	NA	0.874	1.97	true	S54	0.2444	retained	retained	Ser25 S54 retained
A0A845M2D8	1471	1	7.26e-11	476	0.451	0.9576	NA	0.8864	1.985	true	S24	0.2802	retained	retained	Ser25 S24 retained
MGYP001202619041.pdb.gz	1472	1	3.867e-11	475	0.417	0.9746	NA	NA	NA	NA	NA	NA	NA	unresolved	structure_not_found
MGYP001811460164.pdb.gz	1473	1	2.311e-11	475	0.428	1.008	NA	NA	NA	NA	NA	NA	NA	unresolved	structure_not_found
MGYP001305837349.pdb.gz	1474	1	5.77e-11	475	0.435	0.9915	NA	NA	NA	NA	NA	NA	NA	unresolved	structure_not_found
MGYP001618432743.pdb.gz	1475	1	2.905e-11	475	0.388	1.025	NA	NA	NA	NA	NA	NA	NA	unresolved	structure_not_found
MGYP001444282675.pdb.gz	1476	1	1.549e-11	475	0.404	1.025	NA	NA	NA	NA	NA	NA	NA	unresolved	structure_not_found
MGYP000307457670.pdb.gz	1477	1	3.257e-11	475	0.452	0.9915	NA	NA	NA	NA	NA	NA	NA	unresolved	structure_not_found
MGYP000750409937.pdb.gz	1478	1	3.257e-11	475	0.394	0.9661	NA	NA	NA	NA	NA	NA	NA	unresolved	structure_not_found
P56065	1479	1	1.669e-11	475	0.385	0.9661	NA	0.8875	2.018	true	S25	0.2343	retained	retained	Ser25 S25 retained
A0A1H6T0Y3	1480	1	6.856e-11	475	0.41	0.9492	NA	0.881	1.691	true	S25	0.2484	retained	retained	Ser25 S25 retained
A0A924B295	1481	1	7.26e-11	475	0.408	0.9746	NA	0.8814	1.968	true	S25	0.2355	retained	retained	Ser25 S25 retained
A0A1F5VNC4	1482	1	5.454e-11	475	0.417	0.9746	NA	0.8867	1.944	true	S25	0.2337	retained	retained	Ser25 S25 retained
A0A1V4QGK1	1483	1	1.147e-10	475	0.318	0.9831	NA	0.9101	1.889	true	S182	1.178	retained	retained	Ser25 S182 retained
MGYP000446641756.pdb.gz	1484	1	4.86e-11	474	0.458	0.9237	NA	NA	NA	NA	NA	NA	NA	unresolved	structure_not_found
MGYP001166920314.pdb.gz	1485	1	5.146e-11	474	0.344	0.9831	NA	NA	NA	NA	NA	NA	NA	unresolved	structure_not_found
MGYP002725692671.pdb.gz	1486	1	7.68e-11	474	0.433	0.9576	NA	NA	NA	NA	NA	NA	NA	unresolved	structure_not_found
MGYP002626199514.pdb.gz	1487	1	2.447e-11	474	0.371	1.025	NA	NA	NA	NA	NA	NA	NA	unresolved	structure_not_found
MGYP001112630534.pdb.gz	1488	1	1.839e-11	474	0.394	1.008	NA	NA	NA	NA	NA	NA	NA	unresolved	structure_not_found
MGYP001469226191.pdb.gz	1489	1	2.905e-11	474	0.417	0.9746	NA	NA	NA	NA	NA	NA	NA	unresolved	structure_not_found
A7H576	1490	1	6.686e-12	474	0.404	1.025	NA	0.8958	1.925	true	S25	0.3794	retained	retained	Ser25 S25 retained
B2J9T1	1491	1	1.982e-11	474	0.382	0.9746	NA	0.9014	1.902	true	S25	0.2104	retained	retained	Ser25 S25 retained
B0C321	1492	1	1.982e-11	474	0.4	0.9746	NA	0.9036	1.833	true	S25	0.2496	retained	retained	Ser25 S25 retained
A0A7W1ILS5	1493	1	8.618e-11	474	0.366	0.9492	NA	0.8859	1.736	true	S25	0.2195	retained	retained	Ser25 S25 retained
A0A3N5FUZ5	1494	1	3.26e-11	474	0.396	0.9831	NA	0.8723	1.943	true	S25	0.432	retained	retained	Ser25 S25 retained
A0A352ED75	1495	1	7.687e-11	474	0.394	0.9237	NA	0.875	1.746	true	S25	0.1747	retained	retained	Ser25 S25 retained
A0A255ZPZ1	1496	1	7.687e-11	474	0.428	0.9492	NA	0.8816	1.656	true	S25	0.1942	retained	retained	Ser25 S25 retained
A0A0S4MYF3	1497	1	5.454e-11	474	0.404	1.025	NA	0.9102	1.939	true	S27	0.2254	retained	retained	Ser25 S27 retained
A0A6J6I0D9	1498	1	8.139e-11	474	0.4	0.9746	NA	0.89	1.834	true	S25	0.3575	retained	retained	Ser25 S25 retained
X0VXQ6	1499	1	6.856e-11	474	0.431	0.9831	NA	0.8977	1.956	true	S39	0.2652	retained	retained	Ser25 S39 retained
A0A970XGR3	1500	1	1.362e-10	474	0.356	0.9746	NA	0.9143	1.813	true	S25	0.1664	retained	retained	Ser25 S25 retained
A0A5N6MV18	1501	1	8.139e-11	474	0.477	0.9407	NA	0.8822	1.799	true	S21	0.3303	retained	retained	Ser25 S21 retained
MGYP001433661534.pdb.gz	1502	1	7.253e-11	473	0.415	0.9576	NA	NA	NA	NA	NA	NA	NA	unresolved	structure_not_found
MGYP000504063898.pdb.gz	1503	1	6.109e-11	473	0.429	0.9661	NA	NA	NA	NA	NA	NA	NA	unresolved	structure_not_found
MGYP003455780035.pdb.gz	1504	1	4.59e-11	473	0.392	0.9492	NA	NA	NA	NA	NA	NA	NA	unresolved	structure_not_found
MGYP001586094056.pdb.gz	1505	1	6.109e-11	473	0.365	0.9746	NA	NA	NA	NA	NA	NA	NA	unresolved	structure_not_found
A8FK85	1506	1	5.632e-12	473	0.429	1.025	NA	0.8953	1.937	true	S25	0.2955	retained	retained	Ser25 S25 retained
C0QRI3	1507	1	8.9e-12	473	0.433	1.017	NA	0.8917	1.995	true	S25	0.3734	retained	retained	Ser25 S25 retained
A0A9D8QZH1	1508	1	6.856e-11	473	0.423	0.9407	NA	0.8712	1.908	true	S25	0.2559	retained	retained	Ser25 S25 retained
A0A1F9WY36	1509	1	1.215e-10	473	0.356	0.9746	NA	0.9004	1.742	true	S38	0.4349	retained	retained	Ser25 S38 retained
MGYP001463920266.pdb.gz	1510	1	4.335e-11	472	0.425	0.9153	NA	NA	NA	NA	NA	NA	NA	unresolved	structure_not_found
MGYP001209279741.pdb.gz	1511	1	4.59e-11	472	0.373	0.9746	NA	NA	NA	NA	NA	NA	NA	unresolved	structure_not_found
MGYP000335272727.pdb.gz	1512	1	4.335e-11	472	0.405	0.9831	NA	NA	NA	NA	NA	NA	NA	unresolved	structure_not_found
MGYP000078110388.pdb.gz	1513	1	1.64e-11	472	0.381	1	NA	NA	NA	NA	NA	NA	NA	unresolved	structure_not_found
MGYP001544911288.pdb.gz	1514	1	6.109e-11	472	0.486	0.9407	NA	NA	NA	NA	NA	NA	NA	unresolved	structure_not_found
MGYP001441720120.pdb.gz	1515	1	4.094e-11	472	0.342	0.9661	NA	NA	NA	NA	NA	NA	NA	unresolved	structure_not_found
MGYP001575972917.pdb.gz	1516	1	5.146e-11	472	0.4	0.9746	NA	NA	NA	NA	NA	NA	NA	unresolved	structure_not_found
Q1CVC3	1517	1	1.872e-11	472	0.376	0.9915	NA	0.8861	1.854	true	S25	0.2557	retained	retained	Ser25 S25 retained
A0AA96J7C2	1518	1	8.139e-11	472	0.401	0.9492	NA	0.8827	1.877	true	S25	0.191	retained	retained	Ser25 S25 retained
A0A9D7UGH3	1519	1	4.594e-11	472	0.363	1.025	NA	0.9044	1.841	true	S25	0.08405	retained	retained	Ser25 S25 retained
A0A315X8K3	1520	1	7.26e-11	472	0.473	0.9661	NA	0.8715	1.939	true	S21	0.3725	retained	retained	Ser25 S21 retained
A0A8K2A172	1521	1	4.339e-11	472	0.425	1.017	NA	0.9031	1.901	true	S25	0.285	retained	retained	Ser25 S25 retained
A0A969GD38	1522	1	3.452e-11	472	0.414	1.042	NA	0.8988	1.741	true	S25	0.3245	retained	retained	Ser25 S25 retained
MGYP000069290436.pdb.gz	1523	1	4.59e-11	471	0.446	0.9492	NA	NA	NA	NA	NA	NA	NA	unresolved	structure_not_found
MGYP002766204656.pdb.gz	1524	1	2.183e-11	471	0.387	0.9831	NA	NA	NA	NA	NA	NA	NA	unresolved	structure_not_found
MGYP001081752533.pdb.gz	1525	1	6.109e-11	471	0.4	0.9746	NA	NA	NA	NA	NA	NA	NA	unresolved	structure_not_found
MGYP001262095600.pdb.gz	1526	1	2.905e-11	471	0.388	1.025	NA	NA	NA	NA	NA	NA	NA	unresolved	structure_not_found
MGYP003351693085.pdb.gz	1527	1	4.094e-11	471	0.372	1	NA	NA	NA	NA	NA	NA	NA	unresolved	structure_not_found
MGYP000854515838.pdb.gz	1528	1	2.447e-11	471	0.413	1.025	NA	NA	NA	NA	NA	NA	NA	unresolved	structure_not_found
Q5HWH5	1529	1	6.686e-12	471	0.429	1.025	NA	0.8963	1.92	true	S25	0.3003	retained	retained	Ser25 S25 retained
A0A9X1R083	1530	1	9.663e-11	471	0.449	0.9237	NA	0.8792	1.676	true	S25	0.07668	retained	retained	Ser25 S25 retained
A0A7C1ZKK4	1531	1	8.139e-11	471	0.401	0.9492	NA	0.8846	1.717	true	S25	0.3727	retained	retained	Ser25 S25 retained
E3D018	1532	1	2.908e-11	471	0.404	1.025	NA	0.8949	1.667	true	S25	0.1988	retained	retained	Ser25 S25 retained
A0A7Y0QQA6	1533	1	3.26e-11	471	0.465	0.9831	NA	0.8798	1.631	true	S21	0.3162	retained	retained	Ser25 S21 retained
A0A7W7W9N6	1534	1	3.87e-11	471	0.491	0.9831	NA	0.8856	1.594	true	S21	0.2671	retained	retained	Ser25 S21 retained
W8X542	1535	1	1.286e-10	471	0.452	0.9746	NA	0.8998	1.985	true	S36	0.2914	retained	retained	Ser25 S36 retained
A0A0H2KKF9	1536	1	1.215e-10	471	0.454	0.9322	NA	0.8871	1.755	true	S21	0.3489	retained	retained	Ser25 S21 retained
A0A7C5FRU5	1537	1	6.856e-11	471	0.408	0.9746	NA	0.8717	1.928	true	S91	0.2965	retained	retained	Ser25 S91 retained
MGYP001608759339.pdb.gz	1538	1	5.77e-11	470	0.405	0.9407	NA	NA	NA	NA	NA	NA	NA	unresolved	structure_not_found
MGYP000235424517.pdb.gz	1539	1	8.61e-11	470	0.362	0.9831	NA	NA	NA	NA	NA	NA	NA	unresolved	structure_not_found
MGYP000179980643.pdb.gz	1540	1	8.132e-11	470	0.394	0.9661	NA	NA	NA	NA	NA	NA	NA	unresolved	structure_not_found
MGYP001484948065.pdb.gz	1541	1	7.68e-11	470	0.33	0.9746	NA	NA	NA	NA	NA	NA	NA	unresolved	structure_not_found
MGYP000571294062.pdb.gz	1542	1	1.36e-10	470	0.359	0.9661	NA	NA	NA	NA	NA	NA	NA	unresolved	structure_not_found
MGYP000035236406.pdb.gz	1543	1	4.094e-11	470	0.46	0.9746	NA	NA	NA	NA	NA	NA	NA	unresolved	structure_not_found
MGYP000914773650.pdb.gz	1544	1	6.469e-11	470	0.41	0.9492	NA	NA	NA	NA	NA	NA	NA	unresolved	structure_not_found
A0A924D7R2	1545	1	1.083e-10	470	0.431	0.9831	NA	0.881	1.67	true	S25	0.1467	retained	retained	Ser25 S25 retained
A0A0S9QMB3	1546	1	3.87e-11	470	0.406	1.042	NA	0.9047	1.777	true	S25	0.174	retained	retained	Ser25 S25 retained
A0A418ML21	1547	1	6.856e-11	470	0.377	0.9661	NA	0.8811	2.083	true	S25	0.2192	retained	retained	Ser25 S25 retained
A0AAV8UJL5	1548	1	6.475e-11	470	0.405	0.9831	NA	0.8901	1.994	true	S31	0.544	retained	retained	Ser25 S31 retained
A0A7X6K7S6	1549	1	4.865e-11	470	0.486	0.9746	NA	0.8834	1.602	true	S21	0.4576	retained	retained	Ser25 S21 retained
A0A371PV02	1550	1	4.865e-11	470	0.413	1.025	NA	0.9036	1.734	true	S67	0.403	retained	retained	Ser25 S67 retained
MGYP001336986639.pdb.gz	1551	1	4.86e-11	469	0.426	0.9746	NA	NA	NA	NA	NA	NA	NA	unresolved	structure_not_found
MGYP000734893898.pdb.gz	1552	1	4.094e-11	469	0.431	0.9831	NA	NA	NA	NA	NA	NA	NA	unresolved	structure_not_found
B2UW36	1553	1	2.222e-11	469	0.384	0.9915	NA	0.8857	1.862	true	S25	0.2047	retained	retained	Ser25 S25 retained
Q9PIK3	1554	1	7.08e-12	469	0.429	1.025	NA	0.8952	1.941	true	S25	0.3439	retained	retained	Ser25 S25 retained
A0A376FKL2	1555	1	6.961e-12	469	0.736	0.8051	NA	0.711	1.933	true	S25	0.3736	retained	retained	Ser25 S25 retained
A0A4V2AUY5	1556	1	1.362e-10	469	0.46	0.9576	NA	0.8781	1.632	true	S25	0.3513	retained	retained	Ser25 S25 retained
A0AAW7D636	1557	1	8.618e-11	469	0.417	0.9746	NA	0.8776	1.727	true	S25	0.2129	retained	retained	Ser25 S25 retained
A0A972XY00	1558	1	9.663e-11	469	0.41	0.9492	NA	0.8803	1.691	true	S25	0.2987	retained	retained	Ser25 S25 retained
A0A9C8NV91	1559	1	5.454e-11	469	0.359	0.9661	NA	0.8855	1.935	true	S25	0.1732	retained	retained	Ser25 S25 retained
A0A965G4N4	1560	1	1.215e-10	469	0.37	0.9831	NA	0.8997	1.924	true	S25	0.3828	retained	retained	Ser25 S25 retained
U5D568	1561	1	1.812e-10	469	0.385	0.9661	NA	0.9077	1.918	true	S26	0.3543	retained	retained	Ser25 S26 retained
A0A7C1KNV9	1562	1	4.865e-11	469	0.381	1	NA	0.8799	1.902	true	S25	0.2121	retained	retained	Ser25 S25 retained
MGYP001381794729.pdb.gz	1563	1	3.652e-11	468	0.434	0.9746	NA	NA	NA	NA	NA	NA	NA	unresolved	structure_not_found
MGYP001101388364.pdb.gz	1564	1	1.736e-11	468	0.389	1	NA	NA	NA	NA	NA	NA	NA	unresolved	structure_not_found
MGYP000474717287.pdb.gz	1565	1	3.076e-11	468	0.423	1	NA	NA	NA	NA	NA	NA	NA	unresolved	structure_not_found
MGYP001494043881.pdb.gz	1566	1	5.77e-11	468	0.339	0.9492	NA	NA	NA	NA	NA	NA	NA	unresolved	structure_not_found
MGYP003395226829.pdb.gz	1567	1	3.257e-11	468	0.418	1.034	NA	NA	NA	NA	NA	NA	NA	unresolved	structure_not_found
MGYP000273225153.pdb.gz	1568	1	6.109e-11	468	0.431	0.9831	NA	NA	NA	NA	NA	NA	NA	unresolved	structure_not_found
MGYP001409795895.pdb.gz	1569	1	7.253e-11	468	0.419	0.9492	NA	NA	NA	NA	NA	NA	NA	unresolved	structure_not_found
Q17ZL6	1570	1	2.491e-11	468	0.367	0.9915	NA	0.8888	1.842	true	S25	0.2408	retained	retained	Ser25 S25 retained
B8IQG9	1571	1	3.316e-11	468	0.433	0.9576	NA	0.8904	1.992	true	S24	0.277	retained	retained	Ser25 S24 retained
A0A1Z9HM47	1572	1	3.452e-11	468	0.454	0.9322	NA	0.8345	1.699	true	S25	0.5759	retained	retained	Ser25 S25 retained
A0A0S7Y3S7	1573	1	8.139e-11	468	0.379	0.9831	NA	0.8884	1.909	true	S25	0.2461	retained	retained	Ser25 S25 retained
M1ZCP6	1574	1	2.908e-11	468	0.413	1.025	NA	0.8992	2.066	true	S25	0.4403	retained	retained	Ser25 S25 retained
A0AA37SXI5	1575	1	1.617e-10	468	0.377	0.9661	NA	0.9082	1.866	true	S25	0.5291	retained	retained	Ser25 S25 retained
A0AAP3SGL9	1576	1	1.215e-10	468	0.415	0.9576	NA	0.8912	1.83	true	S25	0.2467	retained	retained	Ser25 S25 retained
A0A3M0WJ04	1577	1	4.594e-11	468	0.413	1.025	NA	0.8973	1.977	true	S25	0.2173	retained	retained	Ser25 S25 retained
A0A1L5NR41	1578	1	1.023e-10	468	0.424	0.9576	NA	0.8835	2.027	true	S24	0.1706	retained	retained	Ser25 S24 retained
A0A563VWP5	1579	1	7.687e-11	468	0.418	0.9915	NA	0.8825	1.939	true	S70	0.2071	retained	retained	Ser25 S70 retained
MGYP001774171597.pdb.gz	1580	1	5.77e-11	467	0.356	0.9746	NA	NA	NA	NA	NA	NA	NA	unresolved	structure_not_found
MGYP001084004822.pdb.gz	1581	1	2.744e-11	467	0.421	1.025	NA	NA	NA	NA	NA	NA	NA	unresolved	structure_not_found
MGYP001009844288.pdb.gz	1582	1	6.85e-11	467	0.434	0.9746	NA	NA	NA	NA	NA	NA	NA	unresolved	structure_not_found
Q7VJB2	1583	1	2.222e-11	467	0.368	0.9661	NA	0.8833	2.002	true	S25	0.2619	retained	retained	Ser25 S25 retained
R5AUE5	1584	1	9.663e-11	467	0.509	0.9153	NA	0.8616	1.787	true	S21	0.186	retained	retained	Ser25 S21 retained
A0A9Q4C6Q2	1585	1	9.663e-11	467	0.429	0.9661	NA	0.8755	1.962	true	S25	0.3625	retained	retained	Ser25 S25 retained
A0A2E2UG01	1586	1	1.083e-10	467	0.387	0.9831	NA	0.8759	1.823	true	S25	0.2269	retained	retained	Ser25 S25 retained
A0A2S1LLX9	1587	1	1.215e-10	467	0.401	0.9492	NA	0.8775	1.708	true	S25	0.2069	retained	retained	Ser25 S25 retained
A0A7V2QM04	1588	1	5.151e-11	467	0.42	1.008	NA	0.9032	1.845	true	S24	0.3147	retained	retained	Ser25 S24 retained
A0A1V4ZBJ4	1589	1	3.26e-11	467	0.393	1.034	NA	0.8726	1.714	true	S45	0.3291	retained	retained	Ser25 S45 retained
MGYP001413826188.pdb.gz	1590	1	6.469e-11	466	0.39	0.9322	NA	NA	NA	NA	NA	NA	NA	unresolved	structure_not_found
MGYP001599930040.pdb.gz	1591	1	8.132e-11	466	0.434	0.9746	NA	NA	NA	NA	NA	NA	NA	unresolved	structure_not_found
MGYP001576662878.pdb.gz	1592	1	1.441e-10	466	0.391	0.9746	NA	NA	NA	NA	NA	NA	NA	unresolved	structure_not_found
A9AUB8	1593	1	2.836e-12	466	0.451	1.051	NA	0.8769	1.93	true	S25	0.2422	retained	retained	Ser25 S25 retained
A0A6P1DJL9	1594	1	1.215e-10	466	0.41	0.9492	NA	0.8764	1.722	true	S25	0.2083	retained	retained	Ser25 S25 retained
A0A444WCZ5	1595	1	1.286e-10	466	0.401	0.9492	NA	0.8798	1.694	true	S25	0.2984	retained	retained	Ser25 S25 retained
D1CH98	1596	1	9.126e-11	466	0.403	0.9661	NA	0.8877	1.856	true	S25	0.2583	retained	retained	Ser25 S25 retained
A0A7V4AWT1	1597	1	1.442e-10	466	0.359	0.9661	NA	0.8985	1.91	true	S25	0.2752	retained	retained	Ser25 S25 retained
A0A0P8A8J1	1598	1	1.527e-10	466	0.382	0.9746	NA	0.8984	1.892	true	S25	0.4247	retained	retained	Ser25 S25 retained
MGYP000561861551.pdb.gz	1599	1	6.109e-11	465	0.379	0.9831	NA	NA	NA	NA	NA	NA	NA	unresolved	structure_not_found
MGYP001562213553.pdb.gz	1600	1	7.68e-11	465	0.339	0.9746	NA	NA	NA	NA	NA	NA	NA	unresolved	structure_not_found
MGYP001040121223.pdb.gz	1601	1	3.652e-11	465	0.388	1.025	NA	NA	NA	NA	NA	NA	NA	unresolved	structure_not_found
A0A3C0PCR4	1602	1	9.663e-11	465	0.354	0.9322	NA	0.8499	1.879	true	S25	0.2739	retained	retained	Ser25 S25 retained
A0A349BUT9	1603	1	1.215e-10	465	0.375	0.9492	NA	0.8766	1.744	true	S25	0.2046	retained	retained	Ser25 S25 retained
A0A9C9K1R7	1604	1	5.151e-11	465	0.353	0.9831	NA	0.865	2.068	true	S25	0.2041	retained	retained	Ser25 S25 retained
A0A938IH16	1605	1	9.663e-11	465	0.387	0.9831	NA	0.8753	1.87	true	S25	0.103	retained	retained	Ser25 S25 retained
A0A7T5EHG1	1606	1	1.023e-10	465	0.421	0.9661	NA	0.8775	1.931	true	S25	0.4275	retained	retained	Ser25 S25 retained
A0A2T2T171	1607	1	1.812e-10	465	0.423	1	NA	0.9014	1.807	true	S25	0.36	retained	retained	Ser25 S25 retained
MGYP001438970418.pdb.gz	1608	1	7.68e-11	464	0.339	0.9746	NA	NA	NA	NA	NA	NA	NA	unresolved	structure_not_found
MGYP001313550677.pdb.gz	1609	1	6.469e-11	464	0.391	0.9746	NA	NA	NA	NA	NA	NA	NA	unresolved	structure_not_found
MGYP001574398845.pdb.gz	1610	1	1.082e-10	464	0.33	0.9746	NA	NA	NA	NA	NA	NA	NA	unresolved	structure_not_found
MGYP001604472189.pdb.gz	1611	1	9.117e-11	464	0.365	0.9746	NA	NA	NA	NA	NA	NA	NA	unresolved	structure_not_found
MGYP000450850656.pdb.gz	1612	1	7.68e-11	464	0.376	0.9915	NA	NA	NA	NA	NA	NA	NA	unresolved	structure_not_found
A0A661C7R5	1613	1	1.083e-10	464	0.444	0.9153	NA	0.8485	1.81	true	S19	0.2798	retained	retained	Ser25 S19 retained
A0A1F1DT89	1614	1	1.023e-10	464	0.428	0.9492	NA	0.878	1.819	true	S25	0.3178	retained	retained	Ser25 S25 retained
A0A523XLK2	1615	1	1.442e-10	464	0.295	0.9746	NA	0.8973	1.967	true	S25	0.191	retained	retained	Ser25 S25 retained
A0A9D5Q1U2	1616	1	1.617e-10	464	0.339	0.9746	NA	0.8987	1.909	true	S25	0.4638	retained	retained	Ser25 S25 retained
A0A7V5H501	1617	1	1.215e-10	464	0.408	0.9746	NA	0.8921	2.002	true	S25	0.6771	retained	retained	Ser25 S25 retained
A0A1H9HQ76	1618	1	9.663e-11	464	0.412	0.9661	NA	0.8763	2.12	true	S25	0.3752	retained	retained	Ser25 S25 retained
A0A529X4L7	1619	1	1.712e-10	464	0.442	0.9576	NA	0.891	1.976	true	S24	0.1654	retained	retained	Ser25 S24 retained
MGYP001385838703.pdb.gz	1620	1	1.441e-10	463	0.415	0.9576	NA	NA	NA	NA	NA	NA	NA	unresolved	structure_not_found
MGYP001791842162.pdb.gz	1621	1	2.744e-11	463	0.365	1.042	NA	NA	NA	NA	NA	NA	NA	unresolved	structure_not_found
MGYP001436902098.pdb.gz	1622	1	1.146e-10	463	0.373	0.9746	NA	NA	NA	NA	NA	NA	NA	unresolved	structure_not_found
MGYP001577518661.pdb.gz	1623	1	2.905e-11	463	0.394	1.008	NA	NA	NA	NA	NA	NA	NA	unresolved	structure_not_found
A0A174VIF2	1624	1	1.617e-10	463	0.451	0.9576	NA	0.8741	1.652	true	S25	0.4005	retained	retained	Ser25 S25 retained
H7EI54	1625	1	2.313e-11	463	0.446	1.025	NA	0.881	1.974	true	S25	0.6439	retained	retained	Ser25 S25 retained
A0A962CWD8	1626	1	3.452e-11	463	0.413	1.025	NA	0.8889	1.802	true	S25	0.1323	retained	retained	Ser25 S25 retained
A0A6N8HKE3	1627	1	1.023e-10	463	0.421	0.9661	NA	0.8702	2.015	true	S25	0.4498	retained	retained	Ser25 S25 retained
A0A1H2B6I1	1628	1	9.126e-11	463	0.391	0.9746	NA	0.8746	2.141	true	S25	0.3523	retained	retained	Ser25 S25 retained
A0A5C5ZYP3	1629	1	1.527e-10	463	0.436	0.9322	NA	0.8779	1.934	true	S21	0.3547	retained	retained	Ser25 S21 retained
MGYP002028420170.pdb.gz	1630	1	1.146e-10	462	0.385	0.9237	NA	NA	NA	NA	NA	NA	NA	unresolved	structure_not_found
B4U8K0	1631	1	6.315e-12	462	0.458	1.017	NA	0.8778	2.018	true	S25	0.6467	retained	retained	Ser25 S25 retained
A0A3P8JRM0	1632	1	2.908e-11	462	0.855	0.822	NA	0.7744	1.502	true	P4	1.929	lost	lost	Ser25 P not in expected {S}
A0A958FX22	1633	1	1.442e-10	462	0.438	0.9661	NA	0.8759	1.752	true	S21	0.2298	retained	retained	Ser25 S21 retained
A0A5N7Z833	1634	1	1.812e-10	462	0.401	0.9492	NA	0.8857	1.662	true	S25	0.2123	retained	retained	Ser25 S25 retained
A0A8J4A4F5	1635	1	1.617e-10	462	0.389	1	NA	0.8962	1.597	true	S25	0.301	retained	retained	Ser25 S25 retained
A0AAE4A2V6	1636	1	1.362e-10	462	0.472	0.9322	NA	0.8702	1.876	true	S21	0.1766	retained	retained	Ser25 S21 retained
A0A7V5SHX6	1637	1	1.527e-10	462	0.387	0.9831	NA	0.8998	1.974	true	S25	0.1726	retained	retained	Ser25 S25 retained
A0A1N7PFW6	1638	1	5.775e-11	462	0.375	1.017	NA	0.8819	1.799	true	S25	0.3208	retained	retained	Ser25 S25 retained
A0A2J7TEY2	1639	1	2.032e-10	462	0.407	0.9576	NA	0.8957	1.881	true	S24	0.274	retained	retained	Ser25 S24 retained
A0A9E2Z7I3	1640	1	2.032e-10	462	0.278	0.9746	NA	0.9065	1.695	true	S33	0.2768	retained	retained	Ser25 S33 retained
A0A7C5ADG4	1641	1	1.617e-10	462	0.353	0.9576	NA	0.8977	1.945	true	S73	0.3244	retained	retained	Ser25 S73 retained
MGYP001765326947.pdb.gz	1642	1	6.469e-11	461	0.472	0.9153	NA	NA	NA	NA	NA	NA	NA	unresolved	structure_not_found
MGYP001353196011.pdb.gz	1643	1	1.213e-10	461	0.373	0.9746	NA	NA	NA	NA	NA	NA	NA	unresolved	structure_not_found
MGYP001476117456.pdb.gz	1644	1	5.77e-11	461	0.376	0.9915	NA	NA	NA	NA	NA	NA	NA	unresolved	structure_not_found
MGYP001235118497.pdb.gz	1645	1	7.68e-11	461	0.398	1	NA	NA	NA	NA	NA	NA	NA	unresolved	structure_not_found
MGYP001438211048.pdb.gz	1646	1	1.917e-10	461	0.318	0.9831	NA	NA	NA	NA	NA	NA	NA	unresolved	structure_not_found
MGYP001596133097.pdb.gz	1647	1	9.117e-11	461	0.362	0.9831	NA	NA	NA	NA	NA	NA	NA	unresolved	structure_not_found
MGYP003352313931.pdb.gz	1648	1	1.213e-10	461	0.41	0.9492	NA	NA	NA	NA	NA	NA	NA	unresolved	structure_not_found
A0A9E0XDV4	1649	1	9.663e-11	461	0.44	1	NA	0.8917	1.963	true	S25	0.1928	retained	retained	Ser25 S25 retained
A0A1F4S5Y7	1650	1	1.812e-10	461	0.373	0.9746	NA	0.8943	1.867	true	S25	0.2408	retained	retained	Ser25 S25 retained
A0A920D859	1651	1	1.083e-10	461	0.421	0.9661	NA	0.8704	1.996	true	S25	0.3509	retained	retained	Ser25 S25 retained
Q9F5E9	1652	1	1.919e-10	461	0.385	0.9661	NA	0.8943	1.938	true	S49	0.1666	retained	retained	Ser25 S49 retained
MGYP001568956455.pdb.gz	1653	1	1.146e-10	460	0.365	0.9746	NA	NA	NA	NA	NA	NA	NA	unresolved	structure_not_found
MGYP001562618411.pdb.gz	1654	1	5.146e-11	460	0.384	0.9915	NA	NA	NA	NA	NA	NA	NA	unresolved	structure_not_found
MGYP000700299672.pdb.gz	1655	1	7.68e-11	460	0.443	0.9746	NA	NA	NA	NA	NA	NA	NA	unresolved	structure_not_found
MGYP000303648698.pdb.gz	1656	1	5.146e-11	460	0.358	1.017	NA	NA	NA	NA	NA	NA	NA	unresolved	structure_not_found
MGYP001307016772.pdb.gz	1657	1	1.811e-10	460	0.401	0.9492	NA	NA	NA	NA	NA	NA	NA	unresolved	structure_not_found
B7JX32	1658	1	8.9e-12	460	0.454	1.025	NA	0.8865	2.045	true	S25	0.5355	retained	retained	Ser25 S25 retained
A0A1W9P678	1659	1	1.712e-10	460	0.347	0.9746	NA	0.8846	1.75	true	S25	0.2856	retained	retained	Ser25 S25 retained
A0A950DNW9	1660	1	3.032e-10	460	0.359	0.9661	NA	0.9117	1.756	true	S25	0.3028	retained	retained	Ser25 S25 retained
E7G3H7	1661	1	1.812e-10	460	0.339	0.9746	NA	0.8907	1.942	true	S44	0.2811	retained	retained	Ser25 S44 retained
A0A968HEG5	1662	1	5.775e-11	460	0.396	1.025	NA	0.8917	1.977	true	S25	0.2687	retained	retained	Ser25 S25 retained
A0A644V0S1	1663	1	1.712e-10	460	0.379	0.9831	NA	0.893	2.004	true	S59	0.134	retained	retained	Ser25 S59 retained
A0A8J2BI68	1664	1	3.4e-10	460	0.368	0.9661	NA	0.911	1.898	true	S88	0.3581	retained	retained	Ser25 S88 retained
A0A1H7TG69	1665	1	7.687e-11	460	0.438	1.025	NA	0.8955	1.981	true	S319	0.2265	retained	retained	Ser25 S319 retained
MGYP001576602910.pdb.gz	1666	1	7.253e-11	459	0.578	0.8051	NA	NA	NA	NA	NA	NA	NA	unresolved	structure_not_found
MGYP001292434816.pdb.gz	1667	1	7.253e-11	459	0.466	0.8898	NA	NA	NA	NA	NA	NA	NA	unresolved	structure_not_found
MGYP000641173398.pdb.gz	1668	1	9.653e-11	459	0.342	0.9661	NA	NA	NA	NA	NA	NA	NA	unresolved	structure_not_found
A0A357B544	1669	1	2.554e-10	459	0.417	0.9746	NA	0.9002	1.941	true	S24	0.1918	retained	retained	Ser25 S24 retained
A0A2H0PJ18	1670	1	1.362e-10	459	0.417	0.9746	NA	0.879	1.868	true	S24	0.257	retained	retained	Ser25 S24 retained
MGYP001814236643.pdb.gz	1671	1	1.36e-10	458	0.373	0.9746	NA	NA	NA	NA	NA	NA	NA	unresolved	structure_not_found
MGYP001597798959.pdb.gz	1672	1	1.022e-10	458	0.379	0.9831	NA	NA	NA	NA	NA	NA	NA	unresolved	structure_not_found
MGYP000400243994.pdb.gz	1673	1	3.867e-11	458	0.388	1.025	NA	NA	NA	NA	NA	NA	NA	unresolved	structure_not_found
MGYP001175241728.pdb.gz	1674	1	1.213e-10	458	0.405	0.9831	NA	NA	NA	NA	NA	NA	NA	unresolved	structure_not_found
MGYP001466124739.pdb.gz	1675	1	1.441e-10	458	0.376	0.9237	NA	NA	NA	NA	NA	NA	NA	unresolved	structure_not_found
A0A7C5TQ62	1676	1	1.527e-10	458	0.42	0.9068	NA	0.8222	1.782	true	S25	0.1537	retained	retained	Ser25 S25 retained
A0A7X7TRJ1	1677	1	2.152e-10	458	0.4	0.9746	NA	0.8919	1.925	true	S25	0.3179	retained	retained	Ser25 S25 retained
A0A6I3SNQ9	1678	1	6.856e-11	458	0.388	1.025	NA	0.8896	2.007	true	S25	0.2753	retained	retained	Ser25 S25 retained
A0A7C3XQY8	1679	1	7.26e-11	458	0.338	1	NA	0.8774	2.122	true	S26	0.2278	retained	retained	Ser25 S26 retained
A0A5C7P8J6	1680	1	1.617e-10	458	0.4	0.9746	NA	0.8848	1.849	true	S25	0.2527	retained	retained	Ser25 S25 retained
A0A931K982	1681	1	1.215e-10	458	0.358	0.9915	NA	0.8932	1.757	true	S25	0.3126	retained	retained	Ser25 S25 retained
MGYP001009921151.pdb.gz	1682	1	2.311e-11	457	0.53	0.9746	NA	NA	NA	NA	NA	NA	NA	unresolved	structure_not_found
MGYP001248946771.pdb.gz	1683	1	1.146e-10	457	0.336	0.9831	NA	NA	NA	NA	NA	NA	NA	unresolved	structure_not_found
MGYP000960389703.pdb.gz	1684	1	5.77e-11	457	0.406	1	NA	NA	NA	NA	NA	NA	NA	unresolved	structure_not_found
MGYP001294783319.pdb.gz	1685	1	1.146e-10	457	0.387	0.9831	NA	NA	NA	NA	NA	NA	NA	unresolved	structure_not_found
MGYP001109553262.pdb.gz	1686	1	3.867e-11	457	0.416	1.017	NA	NA	NA	NA	NA	NA	NA	unresolved	structure_not_found
MGYP002759878044.pdb.gz	1687	1	4.59e-11	457	0.491	0.9831	NA	NA	NA	NA	NA	NA	NA	unresolved	structure_not_found
MGYP001178149983.pdb.gz	1688	1	1.285e-10	457	0.383	0.9492	NA	NA	NA	NA	NA	NA	NA	unresolved	structure_not_found
B8ELJ7	1689	1	7.818e-11	457	0.41	0.9492	NA	0.8968	1.884	true	S24	0.2587	retained	retained	Ser25 S24 retained
A0A654A8K3	1690	1	1.527e-10	457	0.495	0.9237	NA	0.8526	1.752	true	S20	0.3021	retained	retained	Ser25 S20 retained
A0A229P290	1691	1	1.286e-10	457	0.391	0.9746	NA	0.8706	2.001	true	S25	0.2979	retained	retained	Ser25 S25 retained
A0A072NGA9	1692	1	1.527e-10	457	0.359	0.9661	NA	0.8775	1.958	true	S33	0.5579	retained	retained	Ser25 S33 retained
MGYP003396049983.pdb.gz	1693	1	1.811e-10	456	0.382	0.9746	NA	NA	NA	NA	NA	NA	NA	unresolved	structure_not_found
MGYP001060494499.pdb.gz	1694	1	1.811e-10	456	0.313	0.9746	NA	NA	NA	NA	NA	NA	NA	unresolved	structure_not_found
MGYP001026927894.pdb.gz	1695	1	1.36e-10	456	0.4	0.9746	NA	NA	NA	NA	NA	NA	NA	unresolved	structure_not_found
A0A2D4YUF4	1696	1	5.454e-11	456	0.401	0.9492	NA	0.8443	2.152	true	S25	0.2485	retained	retained	Ser25 S25 retained
A0A1G9EKS5	1697	1	1.362e-10	456	0.429	0.9661	NA	0.8722	1.97	true	S25	0.4784	retained	retained	Ser25 S25 retained
A0A6P1R1B6	1698	1	2.554e-10	456	0.389	0.9576	NA	0.8913	1.916	true	S24	0.2962	retained	retained	Ser25 S24 retained
MGYP003300951531.pdb.gz	1699	1	2.276e-10	455	0.403	0.9237	NA	NA	NA	NA	NA	NA	NA	unresolved	structure_not_found
MGYP000988286662.pdb.gz	1700	1	1.36e-10	455	0.405	0.9407	NA	NA	NA	NA	NA	NA	NA	unresolved	structure_not_found
MGYP000580106367.pdb.gz	1701	1	1.285e-10	455	0.385	0.9661	NA	NA	NA	NA	NA	NA	NA	unresolved	structure_not_found
MGYP000367119091.pdb.gz	1702	1	3.652e-11	455	0.38	1.025	NA	NA	NA	NA	NA	NA	NA	unresolved	structure_not_found
MGYP000849533897.pdb.gz	1703	1	1.525e-10	455	0.347	0.9746	NA	NA	NA	NA	NA	NA	NA	unresolved	structure_not_found
K1YNK3	1704	1	2.412e-10	455	0.342	0.9153	NA	0.8429	1.741	true	S25	1.001	retained	retained	Ser25 S25 retained
A0A7C3B2F9	1705	1	2.412e-10	455	0.433	0.9576	NA	0.8875	1.954	true	S24	0.1281	retained	retained	Ser25 S24 retained
A0A351UJ63	1706	1	1.812e-10	455	0.427	0.9322	NA	0.8952	1.938	true	S25	0.2833	retained	retained	Ser25 S25 retained
A0A9D8HM18	1707	1	4.036e-10	455	0.35	0.9661	NA	0.9105	1.898	true	S25	0.2876	retained	retained	Ser25 S25 retained
A0A4Q1SYL0	1708	1	1.712e-10	455	0.385	0.9661	NA	0.8728	1.844	true	S25	0.4833	retained	retained	Ser25 S25 retained
MGYP001123485189.pdb.gz	1709	1	8.132e-11	454	0.387	0.9831	NA	NA	NA	NA	NA	NA	NA	unresolved	structure_not_found
MGYP000495272766.pdb.gz	1710	1	6.85e-11	454	0.418	0.9915	NA	NA	NA	NA	NA	NA	NA	unresolved	structure_not_found
MGYP001155556973.pdb.gz	1711	1	1.441e-10	454	0.381	1	NA	NA	NA	NA	NA	NA	NA	unresolved	structure_not_found
A7HLE9	1712	1	2.638e-11	454	0.406	1	NA	0.8924	1.92	true	S25	0.1935	retained	retained	Ser25 S25 retained
A0A368DF99	1713	1	2.152e-10	454	0.366	0.9492	NA	0.869	1.711	true	S25	0.2902	retained	retained	Ser25 S25 retained
A0A3D1ASR5	1714	1	1.083e-10	454	0.424	0.9576	NA	0.8609	1.744	true	S24	0.3207	retained	retained	Ser25 S24 retained
A0A9E4Q083	1715	1	1.919e-10	454	0.41	0.9492	NA	0.8797	1.736	true	S24	0.1329	retained	retained	Ser25 S24 retained
A0AAU7CPG6	1716	1	2.152e-10	454	0.391	0.9746	NA	0.8929	1.761	true	S25	0.2804	retained	retained	Ser25 S25 retained
A0A2W1JIN1	1717	1	9.126e-11	454	0.363	1.025	NA	0.8996	1.968	true	S25	0.1814	retained	retained	Ser25 S25 retained
F8IET2	1718	1	2.554e-10	454	0.403	0.9661	NA	0.8872	1.991	true	S31	0.1949	retained	retained	Ser25 S31 retained
MGYP000155526897.pdb.gz	1719	1	2.03e-10	453	0.41	0.9492	NA	NA	NA	NA	NA	NA	NA	unresolved	structure_not_found
MGYP001373149853.pdb.gz	1720	1	1.022e-10	453	0.389	1	NA	NA	NA	NA	NA	NA	NA	unresolved	structure_not_found
MGYP000313953815.pdb.gz	1721	1	2.744e-11	453	0.396	1.025	NA	NA	NA	NA	NA	NA	NA	unresolved	structure_not_found
MGYP001573995124.pdb.gz	1722	1	2.552e-10	453	0.339	0.9746	NA	NA	NA	NA	NA	NA	NA	unresolved	structure_not_found
MGYP002788942609.pdb.gz	1723	1	1.146e-10	453	0.452	0.9746	NA	NA	NA	NA	NA	NA	NA	unresolved	structure_not_found
MGYP000712373054.pdb.gz	1724	1	5.146e-11	453	0.44	1	NA	NA	NA	NA	NA	NA	NA	unresolved	structure_not_found
MGYP001202720935.pdb.gz	1725	1	1.213e-10	453	0.347	1.025	NA	NA	NA	NA	NA	NA	NA	unresolved	structure_not_found
MGYP003568517793.pdb.gz	1726	1	2.061e-11	453	0.471	1.042	NA	NA	NA	NA	NA	NA	NA	unresolved	structure_not_found
B2V7Y0	1727	1	2.793e-11	453	0.42	1.008	NA	0.8948	2.026	true	S25	0.2699	retained	retained	Ser25 S25 retained
A0A7C0Z5X2	1728	1	2.864e-10	453	0.359	0.9661	NA	0.8821	2.096	true	S25	0.3363	retained	retained	Ser25 S25 retained
A0A7Y3XGE1	1729	1	2.152e-10	453	0.445	1.008	NA	0.8957	1.808	true	S25	0.2995	retained	retained	Ser25 S25 retained
A0A9D6INY1	1730	1	2.594e-11	453	0.38	1.068	NA	0.8895	2.049	true	S26	0.1586	retained	retained	Ser25 S26 retained
A0A7Y5W8K9	1731	1	1.617e-10	453	0.391	1.017	NA	0.9049	1.933	true	S25	0.1505	retained	retained	Ser25 S25 retained
A0A927C5T6	1732	1	1.527e-10	453	0.396	0.9831	NA	0.8702	1.94	true	S25	0.5265	retained	retained	Ser25 S25 retained
A0A6L9LVP6	1733	1	1.712e-10	453	0.412	0.9661	NA	0.8722	1.98	true	S26	0.1814	retained	retained	Ser25 S26 retained
MGYP000364291979.pdb.gz	1734	1	5.77e-11	452	0.553	0.7966	NA	NA	NA	NA	NA	NA	NA	unresolved	structure_not_found
MGYP000235858072.pdb.gz	1735	1	2.861e-10	452	0.373	0.9746	NA	NA	NA	NA	NA	NA	NA	unresolved	structure_not_found
MGYP001613718565.pdb.gz	1736	1	9.653e-11	452	0.355	1.025	NA	NA	NA	NA	NA	NA	NA	unresolved	structure_not_found
A0M786	1737	1	7.818e-11	452	0.44	0.9237	NA	0.8784	1.889	true	S25	0.1878	retained	retained	Ser25 S25 retained
A0A7R6VKH7	1738	1	3.211e-10	452	0.396	0.9407	NA	0.8707	1.934	true	S21	0.2438	retained	retained	Ser25 S21 retained
X1PFY1	1739	1	7.687e-11	452	0.411	1.008	NA	0.8805	1.993	true	S24	0.1891	retained	retained	Ser25 S24 retained
A0A0X2NQ61	1740	1	7.26e-11	452	0.473	0.9661	NA	0.8576	1.883	true	S20	0.132	retained	retained	Ser25 S20 retained
A0A559K5A7	1741	1	2.032e-10	452	0.405	0.9831	NA	0.8758	1.914	true	S25	0.3648	retained	retained	Ser25 S25 retained
A0A972H149	1742	1	1.712e-10	452	0.394	0.9661	NA	0.8716	1.932	true	S25	0.5964	retained	retained	Ser25 S25 retained
A0A972ZAP5	1743	1	2.278e-10	452	0.347	0.9746	NA	0.8922	1.792	true	S25	0.3812	retained	retained	Ser25 S25 retained
A0A924WHR8	1744	1	1.812e-10	452	0.406	1	NA	0.8688	2.028	true	S26	0.2629	retained	retained	Ser25 S26 retained
A0A4P5X5I9	1745	1	2.705e-10	452	0.4	0.9746	NA	0.89	1.722	true	S36	0.3159	retained	retained	Ser25 S36 retained
MGYP001268258737.pdb.gz	1746	1	1.71e-10	451	0.383	0.9068	NA	NA	NA	NA	NA	NA	NA	unresolved	structure_not_found
MGYP001198471768.pdb.gz	1747	1	1.615e-10	451	0.392	0.9492	NA	NA	NA	NA	NA	NA	NA	unresolved	structure_not_found
A0A1V4QTS9	1748	1	3.6e-10	451	0.321	0.9746	NA	0.8948	2.026	true	S25	0.4647	retained	retained	Ser25 S25 retained
A0A2N5MDP4	1749	1	2.032e-10	451	0.385	0.9661	NA	0.8682	2.025	true	S25	0.4028	retained	retained	Ser25 S25 retained
A0A1G6CSF3	1750	1	1.712e-10	451	0.359	0.9661	NA	0.8699	2.065	true	S26	0.6721	retained	retained	Ser25 S26 retained
MGYP001262358303.pdb.gz	1751	1	2.03e-10	450	0.431	0.9237	NA	NA	NA	NA	NA	NA	NA	unresolved	structure_not_found
MGYP001412585887.pdb.gz	1752	1	2.552e-10	450	0.405	0.9407	NA	NA	NA	NA	NA	NA	NA	unresolved	structure_not_found
MGYP001258438048.pdb.gz	1753	1	1.71e-10	450	0.301	0.9831	NA	NA	NA	NA	NA	NA	NA	unresolved	structure_not_found
MGYP000637464319.pdb.gz	1754	1	1.811e-10	450	0.407	0.9576	NA	NA	NA	NA	NA	NA	NA	unresolved	structure_not_found
A0A1G0L4B9	1755	1	1.286e-10	450	0.371	1.025	NA	0.8968	2.011	true	S25	0.2007	retained	retained	Ser25 S25 retained
A0A916QCM8	1756	1	1.919e-10	450	0.365	0.9746	NA	0.8682	2.052	true	S25	0.5147	retained	retained	Ser25 S25 retained
A0A4Q7FFB9	1757	1	3.6e-10	450	0.41	0.9492	NA	0.8899	1.958	true	S24	0.101	retained	retained	Ser25 S24 retained
MGYP000257331300.pdb.gz	1758	1	9.117e-11	449	0.437	0.9492	NA	NA	NA	NA	NA	NA	NA	unresolved	structure_not_found
MGYP001264949169.pdb.gz	1759	1	1.213e-10	449	0.353	0.9831	NA	NA	NA	NA	NA	NA	NA	unresolved	structure_not_found
A0A2W6BRS7	1760	1	2.554e-10	449	0.387	0.9407	NA	0.8443	1.873	true	S21	0.2704	retained	retained	Ser25 S21 retained
MGYP001568868348.pdb.gz	1761	1	1.71e-10	448	0.351	0.9153	NA	NA	NA	NA	NA	NA	NA	unresolved	structure_not_found
MGYP000089802507.pdb.gz	1762	1	1.811e-10	448	0.321	0.9746	NA	NA	NA	NA	NA	NA	NA	unresolved	structure_not_found
MGYP003232653430.pdb.gz	1763	1	1.463e-11	448	0.421	1.025	NA	NA	NA	NA	NA	NA	NA	unresolved	structure_not_found
B5Y862	1764	1	3.936e-11	448	0.366	1.017	NA	0.8899	1.933	true	S25	0.1476	retained	retained	Ser25 S25 retained
A0A5C8GDJ3	1765	1	4.274e-10	448	0.278	0.9746	NA	0.8968	1.697	true	S25	0.3111	retained	retained	Ser25 S25 retained
A0A966CXF3	1766	1	3.032e-10	448	0.429	0.9661	NA	0.8765	1.98	true	S26	0.1452	retained	retained	Ser25 S26 retained
A0A2T2WME5	1767	1	1.712e-10	448	0.339	0.9746	NA	0.8848	1.924	true	S25	0.2718	retained	retained	Ser25 S25 retained
A0A9D2GU06	1768	1	3.032e-10	448	0.355	1	NA	0.8889	2.018	true	S26	0.3478	retained	retained	Ser25 S26 retained
A0A2K9NC13	1769	1	3.6e-10	448	0.383	0.9492	NA	0.8852	1.991	true	S24	0.1671	retained	retained	Ser25 S24 retained
MGYP001229163236.pdb.gz	1770	1	1.441e-10	447	0.466	0.8898	NA	NA	NA	NA	NA	NA	NA	unresolved	structure_not_found
MGYP001136898754.pdb.gz	1771	1	6.85e-11	447	0.408	0.9746	NA	NA	NA	NA	NA	NA	NA	unresolved	structure_not_found
MGYP000277020359.pdb.gz	1772	1	2.702e-10	447	0.353	0.9576	NA	NA	NA	NA	NA	NA	NA	unresolved	structure_not_found
MGYP000747740614.pdb.gz	1773	1	1.615e-10	447	0.347	0.9746	NA	NA	NA	NA	NA	NA	NA	unresolved	structure_not_found
MGYP000962900676.pdb.gz	1774	1	1.811e-10	447	0.403	0.9661	NA	NA	NA	NA	NA	NA	NA	unresolved	structure_not_found
A0A971AAW0	1775	1	2.864e-10	447	0.367	0.9915	NA	0.8807	1.871	true	S25	0.3222	retained	retained	Ser25 S25 retained
A0A928AJ37	1776	1	3.6e-10	447	0.419	0.9492	NA	0.8815	1.791	true	S27	0.5442	retained	retained	Ser25 S27 retained
A0A7C5VXG7	1777	1	4.036e-10	447	0.428	0.9492	NA	0.8844	1.988	true	S24	0.332	retained	retained	Ser25 S24 retained
A0AA35TMD8	1778	1	2.864e-10	447	0.347	0.9746	NA	0.8711	1.737	true	S37	0.1805	retained	retained	Ser25 S37 retained
A0AAE6BFM7	1779	1	4.274e-10	447	0.407	0.9576	NA	0.8831	2.018	true	S24	0.2379	retained	retained	Ser25 S24 retained
A0A9D8DAJ8	1780	1	4.525e-10	447	0.421	0.9661	NA	0.9074	1.895	true	S130	0.2996	retained	retained	Ser25 S130 retained
MGYP001375296994.pdb.gz	1781	1	9.653e-11	446	0.515	0.8051	NA	NA	NA	NA	NA	NA	NA	unresolved	structure_not_found
MGYP000026060064.pdb.gz	1782	1	1.525e-10	446	0.373	0.9746	NA	NA	NA	NA	NA	NA	NA	unresolved	structure_not_found
MGYP000531076449.pdb.gz	1783	1	1.71e-10	446	0.33	0.9746	NA	NA	NA	NA	NA	NA	NA	unresolved	structure_not_found
MGYP001820135371.pdb.gz	1784	1	9.653e-11	446	0.412	0.9661	NA	NA	NA	NA	NA	NA	NA	unresolved	structure_not_found
MGYP001183414200.pdb.gz	1785	1	7.68e-11	446	0.413	0.9831	NA	NA	NA	NA	NA	NA	NA	unresolved	structure_not_found
A0A3D6DN83	1786	1	1.527e-10	446	0.707	0.7542	NA	0.6957	1.564	true	S25	0.1812	retained	retained	Ser25 S25 retained
A0A357AWL3	1787	1	3.812e-10	446	0.389	0.9576	NA	0.8762	1.987	true	S26	0.0942	retained	retained	Ser25 S26 retained
A0A3B8XY89	1788	1	1.023e-10	446	0.4	1.017	NA	0.8835	2.04	true	S25	0.6218	retained	retained	Ser25 S25 retained
A0A5C4T051	1789	1	2.554e-10	446	0.396	0.9831	NA	0.8725	2.132	true	S25	0.4415	retained	retained	Ser25 S25 retained
A0A1G6GDH8	1790	1	4.274e-10	446	0.427	0.9915	NA	0.8926	1.839	true	S26	0.2186	retained	retained	Ser25 S26 retained
A0A8T4FLR3	1791	1	2.278e-10	446	0.428	0.9492	NA	0.863	1.972	true	S24	0.1972	retained	retained	Ser25 S24 retained
A0A933UTR5	1792	1	5.688e-10	446	0.373	0.9746	NA	0.8984	1.883	true	S57	0.2675	retained	retained	Ser25 S57 retained
MGYP000715794781.pdb.gz	1793	1	1.082e-10	445	0.382	0.9746	NA	NA	NA	NA	NA	NA	NA	unresolved	structure_not_found
MGYP001132526905.pdb.gz	1794	1	1.917e-10	445	0.373	0.9746	NA	NA	NA	NA	NA	NA	NA	unresolved	structure_not_found
B2IEX5	1795	1	1.102e-10	445	0.419	0.9492	NA	0.8878	1.935	true	S24	0.1173	retained	retained	Ser25 S24 retained
A0A1J4SZ19	1796	1	3.6e-10	445	0.42	0.9068	NA	0.8402	2.008	true	S25	0.1781	retained	retained	Ser25 S25 retained
A0A2N0LTR9	1797	1	2.705e-10	445	0.407	0.9576	NA	0.8677	1.733	true	S24	0.128	retained	retained	Ser25 S24 retained
A0A933B1B6	1798	1	5.688e-10	445	0.356	0.9746	NA	0.8997	1.899	true	S25	0.09783	retained	retained	Ser25 S25 retained
A0A7V6B742	1799	1	3.211e-10	445	0.385	0.9661	NA	0.8828	1.98	true	S26	0.217	retained	retained	Ser25 S26 retained
A0A6A7L5U3	1800	1	3.6e-10	445	0.347	0.9746	NA	0.8696	1.859	true	S26	0.1895	retained	retained	Ser25 S26 retained
A0A7C6JHB0	1801	1	4.791e-10	445	0.41	0.9492	NA	0.8865	1.984	true	S24	0.0953	retained	retained	Ser25 S24 retained
MGYP000712842639.pdb.gz	1802	1	3.808e-10	444	0.401	0.9492	NA	NA	NA	NA	NA	NA	NA	unresolved	structure_not_found
X1MT21	1803	1	3.4e-10	444	0.407	0.8729	NA	0.7988	1.619	true	S25	0.467	retained	retained	Ser25 S25 retained
A0A2E5G897	1804	1	5.073e-10	444	0.383	0.9492	NA	0.8999	1.745	true	S25	0.1445	retained	retained	Ser25 S25 retained
A0A1G4AKD1	1805	1	6.753e-10	444	0.391	0.9746	NA	0.896	1.957	true	S25	0.2003	retained	retained	Ser25 S25 retained
MGYP000459957234.pdb.gz	1806	1	2.861e-10	443	0.415	0.8983	NA	NA	NA	NA	NA	NA	NA	unresolved	structure_not_found
MGYP001558814773.pdb.gz	1807	1	2.276e-10	443	0.389	0.9576	NA	NA	NA	NA	NA	NA	NA	unresolved	structure_not_found
MGYP000361941147.pdb.gz	1808	1	2.861e-10	443	0.37	0.9831	NA	NA	NA	NA	NA	NA	NA	unresolved	structure_not_found
A5INN0	1809	1	1.102e-10	443	0.359	0.9661	NA	0.8727	1.82	true	S25	0.7279	retained	retained	Ser25 S25 retained
A0A3N9MLR6	1810	1	4.525e-10	443	0.327	0.9576	NA	0.8863	1.772	true	S25	0.5097	retained	retained	Ser25 S25 retained
A0A6L8V169	1811	1	3.812e-10	443	0.396	0.9831	NA	0.8746	1.957	true	S25	0.3856	retained	retained	Ser25 S25 retained
A0A978SZ92	1812	1	1.617e-10	443	0.4	1.017	NA	0.8841	1.879	true	S27	0.3646	retained	retained	Ser25 S27 retained
MGYP002286153029.pdb.gz	1813	1	2.061e-11	442	0.458	1.017	NA	NA	NA	NA	NA	NA	NA	unresolved	structure_not_found
MGYP003623557707.pdb.gz	1814	1	1.917e-10	442	0.362	0.9576	NA	NA	NA	NA	NA	NA	NA	unresolved	structure_not_found
A0A969MXU3	1815	1	5.372e-10	442	0.414	0.9407	NA	0.8698	1.94	true	S21	0.2161	retained	retained	Ser25 S21 retained
M1WPY3	1816	1	1.442e-10	442	0.408	1.017	NA	0.8815	1.91	true	S29	0.122	retained	retained	Ser25 S29 retained
A0A3A4VEX3	1817	1	4.525e-10	442	0.421	0.9661	NA	0.8859	1.999	true	S321	0.6053	retained	retained	Ser25 S321 retained
MGYP001034675142.pdb.gz	1818	1	2.276e-10	441	0.403	0.9661	NA	NA	NA	NA	NA	NA	NA	unresolved	structure_not_found
MGYP000690318803.pdb.gz	1819	1	3.597e-10	441	0.359	0.9661	NA	NA	NA	NA	NA	NA	NA	unresolved	structure_not_found
MGYP002629439971.pdb.gz	1820	1	2.15e-10	441	0.313	1	NA	NA	NA	NA	NA	NA	NA	unresolved	structure_not_found
MGYP000049536413.pdb.gz	1821	1	3.597e-10	441	0.408	0.9746	NA	NA	NA	NA	NA	NA	NA	unresolved	structure_not_found
A0A7Y2G0D0	1822	1	1.442e-10	441	0.304	0.9746	NA	0.8385	2.029	true	S25	0.09056	retained	retained	Ser25 S25 retained
E8R2X0	1823	1	4.525e-10	441	0.359	0.9661	NA	0.8903	1.795	true	S25	0.2023	retained	retained	Ser25 S25 retained
MGYP001569375236.pdb.gz	1824	1	1.917e-10	440	0.33	1	NA	NA	NA	NA	NA	NA	NA	unresolved	structure_not_found
B1L8P0	1825	1	1.467e-10	440	0.394	0.9661	NA	0.8751	1.962	true	S25	0.284	retained	retained	Ser25 S25 retained
A0A832PUY8	1826	1	3.211e-10	440	0.45	0.9407	NA	0.8569	1.868	true	S21	0.2176	retained	retained	Ser25 S21 retained
B1XKN2	1827	1	2.412e-10	440	0.365	0.9746	NA	0.894	2.016	true	S26	0.1879	retained	retained	Ser25 S26 retained
MGYP001255488731.pdb.gz	1828	1	4.787e-10	439	0.351	0.9407	NA	NA	NA	NA	NA	NA	NA	unresolved	structure_not_found
MGYP001385701547.pdb.gz	1829	1	3.597e-10	439	0.348	0.9492	NA	NA	NA	NA	NA	NA	NA	unresolved	structure_not_found
MGYP002028527430.pdb.gz	1830	1	1.082e-10	439	0.398	1	NA	NA	NA	NA	NA	NA	NA	unresolved	structure_not_found
MGYP000195901438.pdb.gz	1831	1	2.552e-10	439	0.38	1.025	NA	NA	NA	NA	NA	NA	NA	unresolved	structure_not_found
MGYP000734060805.pdb.gz	1832	1	4.521e-10	439	0.409	0.9322	NA	NA	NA	NA	NA	NA	NA	unresolved	structure_not_found
MGYP000875324301.pdb.gz	1833	1	2.15e-10	438	0.38	0.9576	NA	NA	NA	NA	NA	NA	NA	unresolved	structure_not_found
MGYP000203635693.pdb.gz	1834	1	2.03e-10	438	0.434	0.9746	NA	NA	NA	NA	NA	NA	NA	unresolved	structure_not_found
MGYP002868462914.pdb.gz	1835	1	2.861e-10	438	0.433	0.9576	NA	NA	NA	NA	NA	NA	NA	unresolved	structure_not_found
MGYP001791479689.pdb.gz	1836	1	9.653e-11	438	0.371	1.025	NA	NA	NA	NA	NA	NA	NA	unresolved	structure_not_found
A0A927BV08	1837	1	3.6e-10	438	0.377	0.9661	NA	0.8696	1.94	true	S25	0.5618	retained	retained	Ser25 S25 retained
MGYP001276055304.pdb.gz	1838	1	2.552e-10	437	0.354	0.9322	NA	NA	NA	NA	NA	NA	NA	unresolved	structure_not_found
MGYP001124492952.pdb.gz	1839	1	1.082e-10	437	0.411	1.008	NA	NA	NA	NA	NA	NA	NA	unresolved	structure_not_found
A0A518ES18	1840	1	4.036e-10	437	0.368	0.9661	NA	0.8623	1.955	true	S24	0.1877	retained	retained	Ser25 S24 retained
A0A961AAJ9	1841	1	9.517e-10	437	0.385	0.9661	NA	0.8944	2.001	true	S25	0.619	retained	retained	Ser25 S25 retained
A0A2W1LE48	1842	1	5.688e-10	437	0.37	0.9831	NA	0.8767	1.975	true	S25	0.5884	retained	retained	Ser25 S25 retained
MGYP003967999437.pdb.gz	1843	1	3.03e-10	436	0.372	0.9322	NA	NA	NA	NA	NA	NA	NA	unresolved	structure_not_found
MGYP001489237986.pdb.gz	1844	1	3.597e-10	436	0.421	0.9661	NA	NA	NA	NA	NA	NA	NA	unresolved	structure_not_found
MGYP000603516051.pdb.gz	1845	1	4.787e-10	436	0.356	0.9746	NA	NA	NA	NA	NA	NA	NA	unresolved	structure_not_found
MGYP001821855514.pdb.gz	1846	1	2.861e-10	436	0.383	1.017	NA	NA	NA	NA	NA	NA	NA	unresolved	structure_not_found
MGYP003644483186.pdb.gz	1847	1	5.069e-10	436	0.356	0.9746	NA	NA	NA	NA	NA	NA	NA	unresolved	structure_not_found
A8F5K4	1848	1	9.281e-11	436	0.396	0.9831	NA	0.8813	1.915	true	S24	0.3539	retained	retained	Ser25 S24 retained
A0A7V3HNY4	1849	1	2.152e-10	436	0.353	0.9831	NA	0.8625	1.772	true	S24	0.3776	retained	retained	Ser25 S24 retained
A0A6M0BJ81	1850	1	4.791e-10	436	0.378	0.9407	NA	0.8377	1.88	true	S26	0.7001	retained	retained	Ser25 S26 retained
A0A1G2ZFG7	1851	1	6.753e-10	436	0.368	0.9661	NA	0.8679	1.711	true	S25	0.3917	retained	retained	Ser25 S25 retained
A0A7W0I4T6	1852	1	5.372e-10	436	0.396	0.9831	NA	0.8686	1.998	true	S25	0.3422	retained	retained	Ser25 S25 retained
A0A5C8M1P5	1853	1	5.073e-10	436	0.405	0.9831	NA	0.8712	1.958	true	S25	0.3491	retained	retained	Ser25 S25 retained
A0A387G2W6	1854	1	8.016e-10	436	0.41	0.9492	NA	0.8821	1.976	true	S24	0.09382	retained	retained	Ser25 S24 retained
MGYP001475170211.pdb.gz	1855	1	5.367e-10	435	0.36	0.9407	NA	NA	NA	NA	NA	NA	NA	unresolved	structure_not_found
MGYP002642606852.pdb.gz	1856	1	5.683e-10	435	0.377	0.9661	NA	NA	NA	NA	NA	NA	NA	unresolved	structure_not_found
MGYP001550414553.pdb.gz	1857	1	1.285e-10	435	0.403	0.9661	NA	NA	NA	NA	NA	NA	NA	unresolved	structure_not_found
MGYP000108798108.pdb.gz	1858	1	1.441e-10	435	0.347	1.025	NA	NA	NA	NA	NA	NA	NA	unresolved	structure_not_found
MGYP000665585217.pdb.gz	1859	1	3.03e-10	434	0.489	0.8305	NA	NA	NA	NA	NA	NA	NA	unresolved	structure_not_found
MGYP001943034031.pdb.gz	1860	1	3.208e-10	434	0.353	0.9831	NA	NA	NA	NA	NA	NA	NA	unresolved	structure_not_found
MGYP000025778043.pdb.gz	1861	1	4.27e-10	434	0.371	0.9576	NA	NA	NA	NA	NA	NA	NA	unresolved	structure_not_found
Q9X037	1862	1	1.952e-10	434	0.359	0.9661	NA	0.8724	1.814	true	S25	0.7682	retained	retained	Ser25 S25 retained
A0A831U6D5	1863	1	5.073e-10	434	0.466	0.8898	NA	0.8447	1.986	true	S17	0.3524	retained	retained	Ser25 S17 retained
A0A1I3UI47	1864	1	8.488e-10	434	0.398	0.9576	NA	0.8859	1.985	true	S24	0.1692	retained	retained	Ser25 S24 retained
MGYP001396800232.pdb.gz	1865	1	6.746e-10	433	0.345	0.9322	NA	NA	NA	NA	NA	NA	NA	unresolved	structure_not_found
Q2VZZ9	1866	1	1.843e-10	433	0.389	0.9576	NA	0.882	1.945	true	S24	0.6562	retained	retained	Ser25 S24 retained
A0A3B9N7L2	1867	1	6.377e-10	433	0.35	1.017	NA	0.8957	2.039	true	S27	0.5468	retained	retained	Ser25 S27 retained
A3ITB4	1868	1	7.15e-10	433	0.376	0.9915	NA	0.8904	1.993	true	S26	0.269	retained	retained	Ser25 S26 retained
MGYP000733483586.pdb.gz	1869	1	1.71e-10	432	0.432	1	NA	NA	NA	NA	NA	NA	NA	unresolved	structure_not_found
MGYP001828271342.pdb.gz	1870	1	6.371e-10	432	0.373	0.9746	NA	NA	NA	NA	NA	NA	NA	unresolved	structure_not_found
MGYP001558177090.pdb.gz	1871	1	6.746e-10	432	0.366	1.017	NA	NA	NA	NA	NA	NA	NA	unresolved	structure_not_found
MGYP001039426055.pdb.gz	1872	1	8.48e-10	432	0.414	0.9407	NA	NA	NA	NA	NA	NA	NA	unresolved	structure_not_found
Q3Z8B5	1873	1	3.084e-10	432	0.4	0.9322	NA	0.8777	1.934	true	S21	0.3972	retained	retained	Ser25 S21 retained
Q55382	1874	1	2.067e-10	432	0.356	0.9746	NA	0.8931	2.002	true	S26	0.2221	retained	retained	Ser25 S26 retained
B9KA30	1875	1	8.016e-10	432	0.359	0.9661	NA	0.8753	1.993	true	S36	0.6559	retained	retained	Ser25 S36 retained
H0HXF5	1876	1	1.196e-09	432	0.412	0.9237	NA	0.8688	1.934	true	S20	0.2375	retained	retained	Ser25 S20 retained
A0A1K1LGH8	1877	1	7.15e-10	432	0.361	1.008	NA	0.9016	1.961	true	S35	0.05508	retained	retained	Ser25 S35 retained
A0A7Z7YS82	1878	1	5.688e-10	431	0.446	0.8729	NA	0.7918	1.831	true	S28	0.1887	retained	retained	Ser25 S28 retained
A0A0Q1ATI6	1879	1	7.15e-10	431	0.373	0.9746	NA	0.8764	1.819	true	S25	0.4523	retained	retained	Ser25 S25 retained
A0A1Z8ZQ59	1880	1	6.377e-10	431	0.359	0.9661	NA	0.869	1.806	true	S25	0.1308	retained	retained	Ser25 S25 retained
A0AAN1BLP5	1881	1	9.517e-10	431	0.41	0.9492	NA	0.8808	1.987	true	S24	0.1462	retained	retained	Ser25 S24 retained
MGYP001061524370.pdb.gz	1882	1	8.61e-11	430	0.366	0.9492	NA	NA	NA	NA	NA	NA	NA	unresolved	structure_not_found
A6LJQ5	1883	1	1.308e-10	430	0.389	1	NA	0.8921	1.936	true	S25	0.2273	retained	retained	Ser25 S25 retained
Q6MHH9	1884	1	5.239e-11	430	0.421	1.025	NA	0.875	1.902	true	S25	0.3288	retained	retained	Ser25 S25 retained
A0A9E5L3M9	1885	1	8.488e-10	430	0.375	0.9492	NA	0.8699	1.694	true	S25	0.5883	retained	retained	Ser25 S25 retained
A0A7Y3NQ83	1886	1	6.753e-10	430	0.33	0.9746	NA	0.8742	1.928	true	S25	0.7519	retained	retained	Ser25 S25 retained
A0A2G9YC34	1887	1	1.13e-09	430	0.339	0.9746	NA	0.8954	1.929	true	S25	0.2403	retained	retained	Ser25 S25 retained
MGYP001137407818.pdb.gz	1888	1	1.34e-09	429	0.33	0.9237	NA	NA	NA	NA	NA	NA	NA	unresolved	structure_not_found
MGYP000033709189.pdb.gz	1889	1	4.521e-10	429	0.383	0.9068	NA	NA	NA	NA	NA	NA	NA	unresolved	structure_not_found
MGYP001610021528.pdb.gz	1890	1	7.564e-10	429	0.414	0.9407	NA	NA	NA	NA	NA	NA	NA	unresolved	structure_not_found
MGYP000053040178.pdb.gz	1891	1	8.48e-10	429	0.38	0.9576	NA	NA	NA	NA	NA	NA	NA	unresolved	structure_not_found
A0A3N5JIY2	1892	1	2.001e-09	429	0.347	0.9746	NA	0.9013	1.813	true	S25	0.382	retained	retained	Ser25 S25 retained
A0A075WV36	1893	1	2.864e-10	429	0.338	1.025	NA	0.8803	1.971	true	S25	0.2281	retained	retained	Ser25 S25 retained
A0A0E3UJD2	1894	1	1.008e-09	429	0.394	0.9661	NA	0.8802	1.886	true	S34	0.1393	retained	retained	Ser25 S34 retained
MGYP001452873478.pdb.gz	1895	1	7.143e-10	428	0.412	0.9237	NA	NA	NA	NA	NA	NA	NA	unresolved	structure_not_found
MGYP003474959232.pdb.gz	1896	1	2.552e-10	428	0.314	1.025	NA	NA	NA	NA	NA	NA	NA	unresolved	structure_not_found
A0A2E4IX17	1897	1	1.008e-09	428	0.401	0.9068	NA	0.8353	1.798	true	S25	0.4918	retained	retained	Ser25 S25 retained
A0A6V8EQN5	1898	1	5.688e-10	428	0.4	0.9746	NA	0.8571	2.026	true	S23	0.2767	retained	retained	Ser25 S23 retained
A0A552Q3D0	1899	1	4.274e-10	428	0.352	1.008	NA	0.8897	1.952	true	S26	0.1795	retained	retained	Ser25 S26 retained
A0A377PT88	1900	1	1.008e-09	428	0.341	1.068	NA	0.8785	2.143	true	S84	0.4252	retained	retained	Ser25 S84 retained
MGYP001810649272.pdb.gz	1901	1	3.808e-10	427	0.485	0.8559	NA	NA	NA	NA	NA	NA	NA	unresolved	structure_not_found
MGYP001209281014.pdb.gz	1902	1	4.27e-10	427	0.411	0.9068	NA	NA	NA	NA	NA	NA	NA	unresolved	structure_not_found
MGYP001268996342.pdb.gz	1903	1	5.367e-10	427	0.368	0.9661	NA	NA	NA	NA	NA	NA	NA	unresolved	structure_not_found
MGYP001465834158.pdb.gz	1904	1	8.48e-10	427	0.369	0.9407	NA	NA	NA	NA	NA	NA	NA	unresolved	structure_not_found
B6IPF8	1905	1	3.266e-10	427	0.375	0.9492	NA	0.8821	2.026	true	S24	0.2552	retained	retained	Ser25 S24 retained
A0A7X7KAP5	1906	1	3.6e-10	427	0.461	0.9915	NA	0.8655	1.615	true	S21	0.2244	retained	retained	Ser25 S21 retained
A0A8J2XBT4	1907	1	7.15e-10	427	0.377	0.9661	NA	0.8831	2.069	true	S33	0.3459	retained	retained	Ser25 S33 retained
A0A2M8G0J9	1908	1	1.592e-09	426	0.373	0.9746	NA	0.8898	2.038	true	S25	0.4052	retained	retained	Ser25 S25 retained
A0A933Y2C7	1909	1	4.791e-10	426	0.452	0.9746	NA	0.8671	1.896	true	S24	0.1254	retained	retained	Ser25 S24 retained
A0A843TAS5	1910	1	6.023e-10	426	0.403	0.9661	NA	0.8637	1.744	true	S26	0.3592	retained	retained	Ser25 S26 retained
MGYP000485606886.pdb.gz	1911	1	8.48e-10	425	0.339	0.9746	NA	NA	NA	NA	NA	NA	NA	unresolved	structure_not_found
MGYP000947189854.pdb.gz	1912	1	5.069e-10	425	0.33	0.9746	NA	NA	NA	NA	NA	NA	NA	unresolved	structure_not_found
MGYP001801899995.pdb.gz	1913	1	5.069e-10	425	0.35	0.9661	NA	NA	NA	NA	NA	NA	NA	unresolved	structure_not_found
MGYP001381213833.pdb.gz	1914	1	6.746e-10	425	0.407	0.9576	NA	NA	NA	NA	NA	NA	NA	unresolved	structure_not_found
MGYP001497288186.pdb.gz	1915	1	8.48e-10	425	0.357	0.9492	NA	NA	NA	NA	NA	NA	NA	unresolved	structure_not_found
A0A7C3X7I4	1916	1	1.592e-09	425	0.427	0.9322	NA	0.8765	1.932	true	S21	0.2397	retained	retained	Ser25 S21 retained
A0A7C7KQF6	1917	1	5.688e-10	425	0.442	0.9576	NA	0.863	2.022	true	S25	0.04587	retained	retained	Ser25 S25 retained
A0A7C4G088	1918	1	3.211e-10	425	0.361	1.008	NA	0.8794	1.914	true	S25	0.3164	retained	retained	Ser25 S25 retained
A0A6P0MLT0	1919	1	6.023e-10	425	0.38	0.9576	NA	0.8848	2.113	true	S26	0.5069	retained	retained	Ser25 S26 retained
A0A9D5KBE0	1920	1	6.023e-10	425	0.321	0.9746	NA	0.8549	1.962	true	S78	0.3393	retained	retained	Ser25 S78 retained
MGYP001419426540.pdb.gz	1921	1	8.48e-10	424	0.478	0.9746	NA	NA	NA	NA	NA	NA	NA	unresolved	structure_not_found
MGYP000327153583.pdb.gz	1922	1	4.27e-10	424	0.515	0.8051	NA	NA	NA	NA	NA	NA	NA	unresolved	structure_not_found
MGYP001778032151.pdb.gz	1923	1	1.007e-09	424	0.372	1	NA	NA	NA	NA	NA	NA	NA	unresolved	structure_not_found
B7K6Z1	1924	1	1.385e-10	424	0.379	0.9831	NA	0.8873	2.037	true	S26	0.3524	retained	retained	Ser25 S26 retained
A0A917KBM4	1925	1	1.267e-09	424	0.41	0.9492	NA	0.86	1.819	true	S21	0.3259	retained	retained	Ser25 S21 retained
A0A975EKR1	1926	1	1.008e-09	423	0.33	0.9746	NA	0.868	1.795	true	S35	0.421	retained	retained	Ser25 S35 retained
A0A2M7XEQ0	1927	1	4.525e-10	423	0.418	0.9915	NA	0.8505	1.831	true	S21	0.3102	retained	retained	Ser25 S21 retained
A0A7C5UIX6	1928	1	1.267e-09	423	0.356	0.9746	NA	0.8675	1.807	true	S26	0.2535	retained	retained	Ser25 S26 retained
A0A6I3IIF2	1929	1	1.341e-09	423	0.442	0.9576	NA	0.8601	1.82	true	S21	0.2583	retained	retained	Ser25 S21 retained
A0A7V1EH44	1930	1	1.686e-09	423	0.254	1	NA	0.9117	1.867	true	S66	0.2961	retained	retained	Ser25 S66 retained
MGYP001264439962.pdb.gz	1931	1	6.017e-10	422	0.355	0.9068	NA	NA	NA	NA	NA	NA	NA	unresolved	structure_not_found
MGYP001191158616.pdb.gz	1932	1	6.371e-10	422	0.438	0.8898	NA	NA	NA	NA	NA	NA	NA	unresolved	structure_not_found
MGYP000518803196.pdb.gz	1933	1	8.48e-10	422	0.278	0.9746	NA	NA	NA	NA	NA	NA	NA	unresolved	structure_not_found
MGYP001770997264.pdb.gz	1934	1	4.032e-10	422	0.387	0.9831	NA	NA	NA	NA	NA	NA	NA	unresolved	structure_not_found
A0A2S8WML0	1935	1	1.89e-09	422	0.324	0.9661	NA	0.879	1.796	true	S21	0.1445	retained	retained	Ser25 S21 retained
MGYP001119409710.pdb.gz	1936	1	6.017e-10	421	0.428	0.8305	NA	NA	NA	NA	NA	NA	NA	unresolved	structure_not_found
MGYP000187442477.pdb.gz	1937	1	9.508e-10	421	0.409	0.8898	NA	NA	NA	NA	NA	NA	NA	unresolved	structure_not_found
MGYP001547459277.pdb.gz	1938	1	8.979e-10	421	0.366	0.9492	NA	NA	NA	NA	NA	NA	NA	unresolved	structure_not_found
MGYP001486499175.pdb.gz	1939	1	6.371e-10	421	0.412	0.822	NA	NA	NA	NA	NA	NA	NA	unresolved	structure_not_found
B7IG50	1940	1	1.843e-10	421	0.383	1.017	NA	0.8943	1.922	true	S25	0.2291	retained	retained	Ser25 S25 retained
B8IZG2	1941	1	4.602e-10	421	0.377	0.9661	NA	0.8796	2.027	true	S24	0.284	retained	retained	Ser25 S24 retained
A0A939WKR8	1942	1	1.89e-09	421	0.519	0.8814	NA	0.8405	1.837	true	S15	0.3732	retained	retained	Ser25 S15 retained
A0A2P1PQP6	1943	1	5.372e-10	421	0.394	0.9661	NA	0.8748	2.131	true	S24	0.342	retained	retained	Ser25 S24 retained
A0A2G6DUA4	1944	1	1.42e-09	421	0.423	0.9407	NA	0.8603	1.833	true	S21	0.2456	retained	retained	Ser25 S21 retained
B2HPX5	1945	1	4.274e-10	421	0.384	0.9915	NA	0.8849	2.022	true	S26	0.4265	retained	retained	Ser25 S26 retained
MGYP001618890759.pdb.gz	1946	1	8.48e-10	420	0.347	0.9746	NA	NA	NA	NA	NA	NA	NA	unresolved	structure_not_found
MGYP003646126890.pdb.gz	1947	1	4.787e-10	420	0.415	0.9576	NA	NA	NA	NA	NA	NA	NA	unresolved	structure_not_found
MGYP001369144872.pdb.gz	1948	1	1.34e-09	420	0.342	0.9661	NA	NA	NA	NA	NA	NA	NA	unresolved	structure_not_found
MGYP001569451279.pdb.gz	1949	1	1.917e-10	420	0.363	1.025	NA	NA	NA	NA	NA	NA	NA	unresolved	structure_not_found
MGYP001774057850.pdb.gz	1950	1	3.808e-10	420	0.336	1.008	NA	NA	NA	NA	NA	NA	NA	unresolved	structure_not_found
MGYP000656096485.pdb.gz	1951	1	4.521e-10	420	0.382	1.042	NA	NA	NA	NA	NA	NA	NA	unresolved	structure_not_found
B1WSW1	1952	1	2.317e-10	420	0.389	1	NA	0.8893	2.01	true	S26	0.2516	retained	retained	Ser25 S26 retained
A0A974YEU8	1953	1	1.504e-09	420	0.375	0.9492	NA	0.863	1.946	true	S24	0.3676	retained	retained	Ser25 S24 retained
A0A1Q4R5C6	1954	1	6.377e-10	420	0.356	0.9746	NA	0.8856	1.829	true	S26	0.1467	retained	retained	Ser25 S26 retained
MGYP003472380253.pdb.gz	1955	1	5.069e-10	419	0.364	1	NA	NA	NA	NA	NA	NA	NA	unresolved	structure_not_found
MGYP000653932762.pdb.gz	1956	1	3.03e-10	419	0.4	1.017	NA	NA	NA	NA	NA	NA	NA	unresolved	structure_not_found
A0A7Y2G3H6	1957	1	1.13e-09	419	0.394	0.9661	NA	0.8587	1.947	true	S24	0.2311	retained	retained	Ser25 S24 retained
A0A5R9G688	1958	1	1.42e-09	419	0.35	0.9661	NA	0.8694	1.979	true	S25	0.5713	retained	retained	Ser25 S25 retained
MGYP000280093185.pdb.gz	1959	1	8.009e-10	418	0.505	0.822	NA	NA	NA	NA	NA	NA	NA	unresolved	structure_not_found
MGYP001446271396.pdb.gz	1960	1	6.371e-10	418	0.405	0.8559	NA	NA	NA	NA	NA	NA	NA	unresolved	structure_not_found
MGYP001794950680.pdb.gz	1961	1	4.032e-10	418	0.398	1	NA	NA	NA	NA	NA	NA	NA	unresolved	structure_not_found
MGYP000899892769.pdb.gz	1962	1	2.861e-10	418	0.377	1.034	NA	NA	NA	NA	NA	NA	NA	unresolved	structure_not_found
MGYP001000619464.pdb.gz	1963	1	8.979e-10	418	0.403	0.9661	NA	NA	NA	NA	NA	NA	NA	unresolved	structure_not_found
Q3ZXG1	1964	1	8.153e-10	418	0.381	0.9322	NA	0.8801	1.901	true	S21	0.2994	retained	retained	Ser25 S21 retained
A0A1G1DH05	1965	1	1.13e-09	418	0.466	0.8729	NA	0.8087	1.569	true	S13	0.1318	retained	retained	Ser25 S13 retained
A0A2D6ZY61	1966	1	2.001e-09	418	0.333	0.9153	NA	0.8317	2.04	true	S25	0.434	retained	retained	Ser25 S25 retained
A0AAE3HJ88	1967	1	1.592e-09	418	0.318	0.9831	NA	0.8725	1.889	true	S28	0.3463	retained	retained	Ser25 S28 retained
MGYP001815259505.pdb.gz	1968	1	3.808e-10	417	0.468	0.9407	NA	NA	NA	NA	NA	NA	NA	unresolved	structure_not_found
MGYP001815081285.pdb.gz	1969	1	1.195e-09	417	0.347	0.9746	NA	NA	NA	NA	NA	NA	NA	unresolved	structure_not_found
MGYP000511854692.pdb.gz	1970	1	1.007e-09	417	0.327	0.9576	NA	NA	NA	NA	NA	NA	NA	unresolved	structure_not_found
A0A7Y4WIX9	1971	1	1.89e-09	417	0.318	0.9831	NA	0.8693	1.865	true	S25	0.3535	retained	retained	Ser25 S25 retained
A0A4S4BPA3	1972	1	1.785e-09	417	0.359	0.9661	NA	0.874	2.11	true	S25	0.4277	retained	retained	Ser25 S25 retained
A0A9E6R4U3	1973	1	2.376e-09	417	0.383	0.9492	NA	0.8769	2.057	true	S24	0.06193	retained	retained	Ser25 S24 retained
MGYP000214271962.pdb.gz	1974	1	7.564e-10	416	0.527	0.7712	NA	NA	NA	NA	NA	NA	NA	unresolved	structure_not_found
A0A351AF89	1975	1	8.016e-10	416	0.293	0.9831	NA	0.8456	1.802	true	S26	0.1403	retained	retained	Ser25 S26 retained
A0A6I7PYT5	1976	1	4.791e-10	416	0.447	0.9661	NA	0.8467	2.064	true	S20	0.1409	retained	retained	Ser25 S20 retained
A0A8S8XSL9	1977	1	1.067e-09	416	0.39	0.9322	NA	0.8413	2.33	true	S27	0.4748	retained	retained	Ser25 S27 retained
A0A1M6NCU1	1978	1	2.119e-09	416	0.37	0.9831	NA	0.8746	1.862	true	S47	0.328	retained	retained	Ser25 S47 retained
A0A6M0FD74	1979	1	8.488e-10	416	0.339	0.9746	NA	0.8821	2.085	true	S26	0.5307	retained	retained	Ser25 S26 retained
MGYP003418001829.pdb.gz	1980	1	1.265e-09	415	0.368	0.9661	NA	NA	NA	NA	NA	NA	NA	unresolved	structure_not_found
MGYP001578920651.pdb.gz	1981	1	1.783e-09	415	0.339	0.9746	NA	NA	NA	NA	NA	NA	NA	unresolved	structure_not_found
A0A1G1HLN3	1982	1	2.664e-09	415	0.4	0.9322	NA	0.8651	1.945	true	S21	0.4091	retained	retained	Ser25 S21 retained
A0A4U8TIX4	1983	1	1.008e-09	415	0.343	1.085	NA	0.882	2.119	true	S25	0.3118	retained	retained	Ser25 S25 retained
MGYP003306230335.pdb.gz	1984	1	9.508e-10	414	0.351	0.9407	NA	NA	NA	NA	NA	NA	NA	unresolved	structure_not_found
A0A1V5KZ57	1985	1	1.42e-09	414	0.338	1.025	NA	0.9004	1.936	true	S25	0.2278	retained	retained	Ser25 S25 retained
A0A2M9LDW1	1986	1	1.686e-09	414	0.363	1.025	NA	0.8765	2.147	true	S25	0.2133	retained	retained	Ser25 S25 retained
MGYP001361256311.pdb.gz	1987	1	1.34e-09	413	0.429	0.9068	NA	NA	NA	NA	NA	NA	NA	unresolved	structure_not_found
MGYP001054298051.pdb.gz	1988	1	1.195e-09	413	0.353	0.9576	NA	NA	NA	NA	NA	NA	NA	unresolved	structure_not_found
MGYP000462883953.pdb.gz	1989	1	6.371e-10	413	0.384	0.9915	NA	NA	NA	NA	NA	NA	NA	unresolved	structure_not_found
MGYP000938172392.pdb.gz	1990	1	1.419e-09	413	0.318	0.9831	NA	NA	NA	NA	NA	NA	NA	unresolved	structure_not_found
A0A843JPN2	1991	1	1.785e-09	413	0.419	0.9492	NA	0.8396	1.96	true	S21	0.2153	retained	retained	Ser25 S21 retained
A0A938J754	1992	1	2.244e-09	413	0.333	0.9915	NA	0.8814	2.136	true	S25	0.3329	retained	retained	Ser25 S25 retained
MGYP000272860221.pdb.gz	1993	1	1.591e-09	412	0.368	0.9661	NA	NA	NA	NA	NA	NA	NA	unresolved	structure_not_found
MGYP000961314921.pdb.gz	1994	1	2.374e-09	412	0.389	0.9576	NA	NA	NA	NA	NA	NA	NA	unresolved	structure_not_found
A0A1Y0H1Z5	1995	1	1.13e-09	412	0.355	0.9068	NA	0.8041	2.162	true	S26	0.1972	retained	retained	Ser25 S26 retained
A0AA35RRQ6	1996	1	2.119e-09	412	0.362	0.9576	NA	0.8636	1.727	true	S24	0.213	retained	retained	Ser25 S24 retained
A0A934RRZ2	1997	1	2.516e-09	412	0.298	0.9661	NA	0.8697	1.79	true	S25	0.2778	retained	retained	Ser25 S25 retained
MGYP000112653613.pdb.gz	1998	1	6.371e-10	411	0.361	1.008	NA	NA	NA	NA	NA	NA	NA	unresolved	structure_not_found
A0A352W1V2	1999	1	2.987e-09	411	0.333	0.9661	NA	0.8873	1.925	true	S25	0.5454	retained	retained	Ser25 S25 retained
M1WT79	2000	1	2.664e-09	411	0.373	0.9068	NA	0.8531	1.989	true	S19	0.1988	retained	retained	Ser25 S19 retained
A0A1I6NSD9	2001	1	1.504e-09	411	0.315	0.9661	NA	0.8628	2.126	true	S25	0.2019	retained	retained	Ser25 S25 retained
A0A969JK96	2002	1	2.244e-09	411	0.318	0.9576	NA	0.8658	1.747	true	S24	0.06652	retained	retained	Ser25 S24 retained
A0A6P0X207	2003	1	2.664e-09	411	0.341	0.9915	NA	0.8809	2.134	true	S26	0.544	retained	retained	Ser25 S26 retained
MGYP001310256285.pdb.gz	2004	1	3.208e-10	410	0.383	0.9068	NA	NA	NA	NA	NA	NA	NA	unresolved	structure_not_found
MGYP001276436448.pdb.gz	2005	1	2.374e-09	410	0.336	0.9068	NA	NA	NA	NA	NA	NA	NA	unresolved	structure_not_found
MGYP001585463430.pdb.gz	2006	1	1.34e-09	410	0.364	1	NA	NA	NA	NA	NA	NA	NA	unresolved	structure_not_found
Q5NF56	2007	1	4.873e-10	410	0.327	0.9322	NA	0.8279	1.937	true	S25	0.4753	retained	retained	Ser25 S25 retained
A0A948SQQ3	2008	1	2.244e-09	410	0.392	0.9492	NA	0.8616	1.851	true	S21	0.2066	retained	retained	Ser25 S21 retained
A0A8T3RS54	2009	1	2.119e-09	410	0.327	0.9576	NA	0.8659	1.84	true	S24	0.1833	retained	retained	Ser25 S24 retained
MGYP002700545487.pdb.gz	2010	1	8.009e-10	409	0.406	1	NA	NA	NA	NA	NA	NA	NA	unresolved	structure_not_found
A0A350M1E9	2011	1	2.821e-09	409	0.364	0.9068	NA	0.8342	1.772	true	S25	0.4352	retained	retained	Ser25 S25 retained
A0A946TX58	2012	1	6.377e-10	409	0.364	1	NA	0.8619	1.824	true	S24	0.08143	retained	retained	Ser25 S24 retained
A5YSZ1	2013	1	5.073e-10	409	0.341	1.042	NA	0.8646	2.025	true	S26	0.2586	retained	retained	Ser25 S26 retained
J2ZMY5	2014	1	1.89e-09	409	0.39	0.9322	NA	0.839	2.148	true	S21	0.4062	retained	retained	Ser25 S21 retained
MGYP002795414414.pdb.gz	2015	1	1.419e-09	408	0.564	0.7203	NA	NA	NA	NA	NA	NA	NA	unresolved	structure_not_found
MGYP000347192504.pdb.gz	2016	1	1.066e-09	408	0.391	0.822	NA	NA	NA	NA	NA	NA	NA	unresolved	structure_not_found
MGYP002631282103.pdb.gz	2017	1	2.117e-09	408	0.375	0.9492	NA	NA	NA	NA	NA	NA	NA	unresolved	structure_not_found
MGYP001553148683.pdb.gz	2018	1	1.591e-09	408	0.359	0.9661	NA	NA	NA	NA	NA	NA	NA	unresolved	structure_not_found
Q8U9Q9	2019	1	9.679e-10	408	0.398	0.9576	NA	0.8748	2.105	true	S24	0.3081	retained	retained	Ser25 S24 retained
A0A1C3RF24	2020	1	4.457e-09	408	0.389	0.9576	NA	0.8807	1.96	true	S24	0.1816	retained	retained	Ser25 S24 retained
MGYP000090019979.pdb.gz	2021	1	1.888e-09	407	0.313	1	NA	NA	NA	NA	NA	NA	NA	unresolved	structure_not_found
MGYP001812127732.pdb.gz	2022	1	2.374e-09	407	0.362	0.9576	NA	NA	NA	NA	NA	NA	NA	unresolved	structure_not_found
MGYP002629559329.pdb.gz	2023	1	2.984e-09	407	0.377	0.9661	NA	NA	NA	NA	NA	NA	NA	unresolved	structure_not_found
A0A6L6VFG8	2024	1	1.42e-09	407	0.327	1.008	NA	0.8731	2.134	true	S24	0.3203	retained	retained	Ser25 S24 retained
MGYP003568063053.pdb.gz	2025	1	1.419e-09	406	0.421	0.8051	NA	NA	NA	NA	NA	NA	NA	unresolved	structure_not_found
MGYP000443745726.pdb.gz	2026	1	2.513e-09	406	0.33	0.9746	NA	NA	NA	NA	NA	NA	NA	unresolved	structure_not_found
A4IWW4	2027	1	6.486e-10	406	0.327	0.9322	NA	0.8275	1.942	true	S25	0.4174	retained	retained	Ser25 S25 retained
A0A847B0I0	2028	1	8.488e-10	406	0.365	1.042	NA	0.8734	2.078	true	S25	0.2355	retained	retained	Ser25 S25 retained
A0A7W2AH88	2029	1	1.42e-09	406	0.347	1.025	NA	0.8735	2.124	true	S25	0.3892	retained	retained	Ser25 S25 retained
MGYP000324319184.pdb.gz	2030	1	1.265e-09	405	0.526	0.7881	NA	NA	NA	NA	NA	NA	NA	unresolved	structure_not_found
MGYP000501129706.pdb.gz	2031	1	1.591e-09	405	0.28	0.9661	NA	NA	NA	NA	NA	NA	NA	unresolved	structure_not_found
MGYP001819663576.pdb.gz	2032	1	2e-09	405	0.353	0.9576	NA	NA	NA	NA	NA	NA	NA	unresolved	structure_not_found
MGYP000117908294.pdb.gz	2033	1	1.129e-09	405	0.347	1.025	NA	NA	NA	NA	NA	NA	NA	unresolved	structure_not_found
MGYP000247619042.pdb.gz	2034	1	7.143e-10	405	0.406	1	NA	NA	NA	NA	NA	NA	NA	unresolved	structure_not_found
A0A7V3AG74	2035	1	2.244e-09	405	0.347	1.025	NA	0.8941	1.945	true	S25	0.2531	retained	retained	Ser25 S25 retained
MGYP000120118728.pdb.gz	2036	1	2e-09	404	0.362	0.9576	NA	NA	NA	NA	NA	NA	NA	unresolved	structure_not_found
MGYP001325240599.pdb.gz	2037	1	1.195e-09	404	0.295	0.9746	NA	NA	NA	NA	NA	NA	NA	unresolved	structure_not_found
MGYP001578287933.pdb.gz	2038	1	1.888e-09	404	0.291	1.017	NA	NA	NA	NA	NA	NA	NA	unresolved	structure_not_found
MGYP000632827027.pdb.gz	2039	1	2.661e-09	404	0.38	0.9576	NA	NA	NA	NA	NA	NA	NA	unresolved	structure_not_found
A0A2V5YTI1	2040	1	1.89e-09	404	0.401	0.8644	NA	0.7763	2.02	true	S25	0.3354	retained	retained	Ser25 S25 retained
MGYP002548784669.pdb.gz	2041	1	1.34e-09	403	0.353	0.9576	NA	NA	NA	NA	NA	NA	NA	unresolved	structure_not_found
MGYP003619818088.pdb.gz	2042	1	2.242e-09	403	0.368	0.9661	NA	NA	NA	NA	NA	NA	NA	unresolved	structure_not_found
MGYP000128880199.pdb.gz	2043	1	6.746e-10	403	0.445	0.9322	NA	NA	NA	NA	NA	NA	NA	unresolved	structure_not_found
MGYP001322118042.pdb.gz	2044	1	1.502e-09	403	0.37	0.9831	NA	NA	NA	NA	NA	NA	NA	unresolved	structure_not_found
A0A2V7XY49	2045	1	5.602e-09	403	0.245	0.9661	NA	0.8682	1.621	true	A22	0.3344	lost	lost	Ser25 A not in expected {S}
A0A327SWE7	2046	1	5.602e-09	403	0.254	0.9661	NA	0.8909	1.761	true	A25	0.787	lost	lost	Ser25 A not in expected {S}
MGYP002634334933.pdb.gz	2047	1	3.345e-09	402	0.348	0.9492	NA	NA	NA	NA	NA	NA	NA	unresolved	structure_not_found
A0A933WRI8	2048	1	3.162e-09	402	0.415	0.8559	NA	0.7772	1.803	true	S25	0.2728	retained	retained	Ser25 S25 retained
A0A2R6T866	2049	1	3.162e-09	402	0.3	0.9576	NA	0.862	1.901	true	S24	0.3099	retained	retained	Ser25 S24 retained
MGYP001087098931.pdb.gz	2050	1	1.684e-09	401	0.351	0.9407	NA	NA	NA	NA	NA	NA	NA	unresolved	structure_not_found
MGYP001794301224.pdb.gz	2051	1	3.159e-09	401	0.336	0.9576	NA	NA	NA	NA	NA	NA	NA	unresolved	structure_not_found
MGYP001013012444.pdb.gz	2052	1	2.818e-09	401	0.363	0.9322	NA	NA	NA	NA	NA	NA	NA	unresolved	structure_not_found
MGYP001265144366.pdb.gz	2053	1	8.48e-10	401	0.389	1	NA	NA	NA	NA	NA	NA	NA	unresolved	structure_not_found
Q0BMQ7	2054	1	9.679e-10	401	0.336	0.9068	NA	0.832	2.102	true	S25	0.308	retained	retained	Ser25 S25 retained
MGYP000859095898.pdb.gz	2055	1	2.984e-09	400	0.318	0.9576	NA	NA	NA	NA	NA	NA	NA	unresolved	structure_not_found
MGYP000735526430.pdb.gz	2056	1	1.783e-09	400	0.288	1	NA	NA	NA	NA	NA	NA	NA	unresolved	structure_not_found
A0A660SI28	2057	1	3.546e-09	400	0.304	0.9746	NA	0.8682	1.921	true	S25	0.1609	retained	retained	Ser25 S25 retained
A0A212KLL9	2058	1	1.504e-09	400	0.381	1	NA	0.8899	1.869	true	S56	0.1651	retained	retained	Ser25 S56 retained
MGYP001812361221.pdb.gz	2059	1	2.661e-09	399	0.353	0.9576	NA	NA	NA	NA	NA	NA	NA	unresolved	structure_not_found
MGYP001585974582.pdb.gz	2060	1	3.159e-09	399	0.309	0.9576	NA	NA	NA	NA	NA	NA	NA	unresolved	structure_not_found
Q14GK9	2061	1	1.025e-09	399	0.327	0.9322	NA	0.8272	1.941	true	S25	0.4502	retained	retained	Ser25 S25 retained
A0A117LBH8	2062	1	2.987e-09	399	0.494	0.7712	NA	0.7014	1.656	true	S26	0.3622	retained	retained	Ser25 S26 retained
A0A2E4RJ95	2063	1	3.546e-09	399	0.418	0.9322	NA	0.853	2.099	true	S20	0.2612	retained	retained	Ser25 S20 retained
A0A2M8BAC8	2064	1	2.664e-09	399	0.254	0.9661	NA	0.8732	2.09	true	T24	1.393	lost	lost	Ser25 T not in expected {S}
MGYP000875810425.pdb.gz	2065	1	2.513e-09	398	0.357	0.8305	NA	NA	NA	NA	NA	NA	NA	unresolved	structure_not_found
MGYP000905311103.pdb.gz	2066	1	2.984e-09	398	0.327	0.9576	NA	NA	NA	NA	NA	NA	NA	unresolved	structure_not_found
MGYP001312462556.pdb.gz	2067	1	1.007e-09	398	0.364	1	NA	NA	NA	NA	NA	NA	NA	unresolved	structure_not_found
MGYP001791372109.pdb.gz	2068	1	5.926e-09	398	0.258	0.9492	NA	NA	NA	NA	NA	NA	NA	unresolved	structure_not_found
MGYP000877281162.pdb.gz	2069	1	8.979e-10	398	0.363	1.025	NA	NA	NA	NA	NA	NA	NA	unresolved	structure_not_found
A0A2S2DS19	2070	1	3.975e-09	398	0.485	0.8898	NA	0.8187	1.833	true	S16	0.3269	retained	retained	Ser25 S16 retained
A0A1F9XCE1	2071	1	4.997e-09	398	0.353	0.9576	NA	0.8629	1.901	true	S24	0.1795	retained	retained	Ser25 S24 retained
A0A917I5F2	2072	1	1.592e-09	398	0.367	0.9915	NA	0.8446	2.03	true	S25	0.3659	retained	retained	Ser25 S25 retained
MGYP001442305314.pdb.gz	2073	1	1.591e-09	397	0.358	0.9915	NA	NA	NA	NA	NA	NA	NA	unresolved	structure_not_found
MGYP000108963167.pdb.gz	2074	1	3.971e-09	397	0.333	0.9661	NA	NA	NA	NA	NA	NA	NA	unresolved	structure_not_found
Q2A4C8	2075	1	1.217e-09	397	0.336	0.9068	NA	0.8313	2.125	true	S25	0.2836	retained	retained	Ser25 S25 retained
A0A353BBM3	2076	1	3.162e-09	397	0.505	0.7712	NA	0.7032	1.592	true	S25	0.1914	retained	retained	Ser25 S25 retained
A0A359G521	2077	1	2.987e-09	397	0.462	0.7881	NA	0.714	1.678	true	S27	0.4489	retained	retained	Ser25 S27 retained
MGYP001297351028.pdb.gz	2078	1	5.286e-09	396	0.327	0.9576	NA	NA	NA	NA	NA	NA	NA	unresolved	structure_not_found
MGYP001607614763.pdb.gz	2079	1	1.34e-09	396	0.272	1.025	NA	NA	NA	NA	NA	NA	NA	unresolved	structure_not_found
Q18HQ3	2080	1	9.141e-10	396	0.398	1	NA	0.8687	1.945	true	S25	0.2112	retained	retained	Ser25 S25 retained
A0A7V2V0E7	2081	1	3.754e-09	396	0.296	1	NA	0.8722	1.959	true	S25	0.5348	retained	retained	Ser25 S25 retained
A0A831WXD7	2082	1	4.997e-09	396	0.373	0.9746	NA	0.8545	2.039	true	S34	0.3679	retained	retained	Ser25 S34 retained
MGYP003894873637.pdb.gz	2083	1	2.861e-10	395	0.491	1	NA	NA	NA	NA	NA	NA	NA	unresolved	structure_not_found
MGYP000184199231.pdb.gz	2084	1	3.542e-09	395	0.327	0.9831	NA	NA	NA	NA	NA	NA	NA	unresolved	structure_not_found
B0JNW2	2085	1	8.153e-10	394	0.35	0.9915	NA	0.8642	2.102	true	S26	0.3215	retained	retained	Ser25 S26 retained
MGYP000930323255.pdb.gz	2086	1	8.009e-10	393	0.333	1.017	NA	NA	NA	NA	NA	NA	NA	unresolved	structure_not_found
MGYP001463687556.pdb.gz	2087	1	1.783e-09	392	0.358	1.017	NA	NA	NA	NA	NA	NA	NA	unresolved	structure_not_found
MGYP001588749017.pdb.gz	2088	1	2.984e-09	392	0.218	1.127	NA	NA	NA	NA	NA	NA	NA	unresolved	structure_not_found
3oug-assembly1.cif.gz_A	2089	1	4.431e-10	392	0.321	0.9492	NA	NA	NA	NA	NA	NA	NA	unresolved	structure_not_found
A0A7Y1UHI7	2090	1	7.457e-09	392	0.245	1	NA	0.8706	1.949	true	G25	0.3514	lost	lost	Ser25 G not in expected {S}
A0A660ZSU4	2091	1	9.925e-09	392	0.284	0.9831	NA	0.8915	1.515	true	C189	0.2748	lost	lost	Ser25 C not in expected {S}
MGYP003784464257.pdb.gz	2092	1	1.265e-09	391	0.345	0.9068	NA	NA	NA	NA	NA	NA	NA	unresolved	structure_not_found
3oug-assembly1.cif.gz_C	2093	1	6.244e-10	391	0.321	0.9237	NA	NA	NA	NA	NA	NA	NA	unresolved	structure_not_found
MGYP000439325676.pdb.gz	2094	1	5.597e-09	390	0.301	0.9831	NA	NA	NA	NA	NA	NA	NA	unresolved	structure_not_found
MGYP000600318738.pdb.gz	2095	1	3.159e-09	389	0.432	0.822	NA	NA	NA	NA	NA	NA	NA	unresolved	structure_not_found
MGYP003681925374.pdb.gz	2096	1	2e-09	389	0.344	0.9831	NA	NA	NA	NA	NA	NA	NA	unresolved	structure_not_found
MGYP002654471974.pdb.gz	2097	1	3.971e-09	389	0.333	0.9661	NA	NA	NA	NA	NA	NA	NA	unresolved	structure_not_found
A0A1G2DY75	2098	1	9.373e-09	389	0.302	0.9237	NA	0.8484	1.794	true	S25	0.3123	retained	retained	Ser25 S25 retained
A0A389M220	2099	1	2.987e-09	389	0.366	1.017	NA	0.8932	1.843	true	S28	0.4041	retained	retained	Ser25 S28 retained
MGYP001201736307.pdb.gz	2100	1	4.453e-09	388	0.269	0.9746	NA	NA	NA	NA	NA	NA	NA	unresolved	structure_not_found
MGYP000890700644.pdb.gz	2101	1	3.345e-09	387	0.339	0.9237	NA	NA	NA	NA	NA	NA	NA	unresolved	structure_not_found
MGYP000366941696.pdb.gz	2102	1	8.844e-09	387	0.333	0.9661	NA	NA	NA	NA	NA	NA	NA	unresolved	structure_not_found
MGYP001583131851.pdb.gz	2103	1	5.926e-09	387	0.345	0.9576	NA	NA	NA	NA	NA	NA	NA	unresolved	structure_not_found
A0A315EME4	2104	1	2.376e-09	387	0.444	0.9915	NA	0.8394	1.832	true	S21	0.1998	retained	retained	Ser25 S21 retained
A0A6A8QMG4	2105	1	1.051e-08	387	0.407	0.9153	NA	0.8506	1.871	true	S20	0.3705	retained	retained	Ser25 S20 retained
A0A1X6P9R9	2106	1	3.349e-09	387	0.33	0.9746	NA	0.8475	2.115	true	S342	0.8422	retained	retained	Ser25 S342 retained
MGYP000601566596.pdb.gz	2107	1	1.066e-09	386	0.403	0.9237	NA	NA	NA	NA	NA	NA	NA	unresolved	structure_not_found
MGYP002819350626.pdb.gz	2108	1	4.205e-09	385	0.431	0.8051	NA	NA	NA	NA	NA	NA	NA	unresolved	structure_not_found
MGYP000480602906.pdb.gz	2109	1	5.597e-09	385	0.35	0.9915	NA	NA	NA	NA	NA	NA	NA	unresolved	structure_not_found
A0Q7L4	2110	1	2.417e-09	385	0.336	0.9068	NA	0.8327	1.842	true	S25	0.3068	retained	retained	Ser25 S25 retained
A0A971GZQ6	2111	1	9.373e-09	385	0.431	0.8051	NA	0.742	2.047	true	S25	0.3549	retained	retained	Ser25 S25 retained
A0A7J4USM7	2112	1	7.042e-09	385	0.368	1.034	NA	0.8584	2.202	true	S24	0.3191	retained	retained	Ser25 S24 retained
A0A939HR71	2113	1	5.291e-09	385	0.333	0.9915	NA	0.865	2.026	true	S26	0.5322	retained	retained	Ser25 S26 retained
MGYP001606482771.pdb.gz	2114	1	8.352e-09	384	0.318	0.9576	NA	NA	NA	NA	NA	NA	NA	unresolved	structure_not_found
MGYP002261187326.pdb.gz	2115	1	8.352e-09	384	0.296	1	NA	NA	NA	NA	NA	NA	NA	unresolved	structure_not_found
MGYP001465317519.pdb.gz	2116	1	2.661e-09	384	0.513	0.9237	NA	NA	NA	NA	NA	NA	NA	unresolved	structure_not_found
MGYP002590489926.pdb.gz	2117	1	2.818e-09	383	0.387	1.051	NA	NA	NA	NA	NA	NA	NA	unresolved	structure_not_found
Q83EA4	2118	1	2.709e-09	383	0.317	0.9068	NA	0.8285	2.054	true	S25	0.3267	retained	retained	Ser25 S25 retained
A0A8T4S8P2	2119	1	1.504e-09	383	0.311	1.034	NA	0.8522	2.108	true	S25	0.2782	retained	retained	Ser25 S25 retained
MGYP001433903636.pdb.gz	2120	1	6.645e-09	382	0.428	0.7712	NA	NA	NA	NA	NA	NA	NA	unresolved	structure_not_found
MGYP001626286133.pdb.gz	2121	1	3.159e-09	382	0.358	0.9915	NA	NA	NA	NA	NA	NA	NA	unresolved	structure_not_found
MGYP000915258496.pdb.gz	2122	1	5.286e-09	382	0.401	0.9915	NA	NA	NA	NA	NA	NA	NA	unresolved	structure_not_found
A0A371QWI8	2123	1	8.852e-09	382	0.353	0.9576	NA	0.8389	2.089	true	S24	0.8622	retained	retained	Ser25 S24 retained
MGYP000984057933.pdb.gz	2124	1	5.286e-09	381	0.295	0.9746	NA	NA	NA	NA	NA	NA	NA	unresolved	structure_not_found
A0A961GKB1	2125	1	9.373e-09	381	0.41	0.8051	NA	0.7255	1.626	true	S25	0.08931	retained	retained	Ser25 S25 retained
W5Y3N3	2126	1	1.178e-08	381	0.348	0.9492	NA	0.85	1.959	true	S24	0.3839	retained	retained	Ser25 S24 retained
A0AAE9Z3B5	2127	1	5.602e-09	381	0.33	0.9746	NA	0.8641	2.094	true	S26	0.384	retained	retained	Ser25 S26 retained
A0A1M6VPA3	2128	1	9.925e-09	380	0.383	0.9492	NA	0.8506	2.004	true	-	NA	unresolved	unresolved	Ser25: reference position aligned to a gap
A0A4U3KXX0	2129	1	5.932e-09	380	0.297	1.025	NA	0.8784	1.911	true	S25	0.2885	retained	retained	Ser25 S25 retained
A0A2G9ZB13	2130	1	1.321e-08	379	0.361	0.9153	NA	0.7941	1.536	true	S26	0.06019	retained	retained	Ser25 S26 retained
A0A2P9AGB9	2131	1	1.113e-08	379	0.458	0.8136	NA	0.8062	2.608	true	S24	0.6368	retained	retained	Ser25 S24 retained
A0A502GCH1	2132	1	6.651e-09	379	0.344	1.008	NA	0.8891	1.873	true	S29	0.3333	retained	retained	Ser25 S29 retained
MGYP001163554859.pdb.gz	2133	1	1.246e-08	377	0.389	0.9576	NA	NA	NA	NA	NA	NA	NA	unresolved	structure_not_found
A0A537FM12	2134	1	5.602e-09	377	0.51	0.8305	NA	0.7753	1.88	true	S8	0.3326	retained	retained	Ser25 S8 retained
A0A9D9KYD2	2135	1	4.997e-09	377	0.436	0.9322	NA	0.8215	1.968	true	S14	0.257	retained	retained	Ser25 S14 retained
MGYP001560795164.pdb.gz	2136	1	1.112e-08	376	0.327	0.9576	NA	NA	NA	NA	NA	NA	NA	unresolved	structure_not_found
Q118E6	2137	1	9.679e-10	376	0.345	0.9576	NA	0.8917	2.023	true	S26	0.4531	retained	retained	Ser25 S26 retained
A0A7Y7CN84	2138	1	5.602e-09	376	0.41	0.9492	NA	0.8519	2.008	true	S20	0.3809	retained	retained	Ser25 S20 retained
MGYP001185086610.pdb.gz	2139	1	6.645e-09	375	0.339	0.9492	NA	NA	NA	NA	NA	NA	NA	unresolved	structure_not_found
MGYP001042940575.pdb.gz	2140	1	5.926e-09	375	0.319	1.008	NA	NA	NA	NA	NA	NA	NA	unresolved	structure_not_found
A0A3A4ZHS3	2141	1	1.758e-08	374	0.31	0.9831	NA	0.8636	2.027	true	C475	0.6719	lost	lost	Ser25 C not in expected {S}
A0A7C4YR40	2142	1	3.115e-08	371	0.301	0.9831	NA	0.8699	2.034	true	S25	0.9234	retained	retained	Ser25 S25 retained
MGYP000136937184.pdb.gz	2143	1	7.036e-09	369	0.419	0.7881	NA	NA	NA	NA	NA	NA	NA	unresolved	structure_not_found
MGYP000571209536.pdb.gz	2144	1	1.177e-08	369	0.42	0.9068	NA	NA	NA	NA	NA	NA	NA	unresolved	structure_not_found
A0A7Z1TT40	2145	1	1.481e-08	369	0.21	0.9661	NA	0.8445	2.184	true	M26	0.1946	lost	lost	Ser25 M not in expected {S}
A0A937IL27	2146	1	1.758e-08	366	0.258	0.9831	NA	0.8425	1.925	true	S26	0.5149	retained	retained	Ser25 S26 retained
G7VEE1	2147	1	7.896e-09	366	0.358	0.9915	NA	0.8474	2.07	true	S49	0.3717	retained	retained	Ser25 S49 retained
MGYP002349563447.pdb.gz	2148	1	3.295e-08	365	0.241	0.9831	NA	NA	NA	NA	NA	NA	NA	unresolved	structure_not_found
MGYP001400224749.pdb.gz	2149	1	1.757e-08	364	0.307	0.9661	NA	NA	NA	NA	NA	NA	NA	unresolved	structure_not_found
A1RUA9	2150	1	2.282e-09	364	0.347	1	NA	0.8441	2.038	true	S24	0.1845	retained	retained	Ser25 S24 retained
MGYP001031016244.pdb.gz	2151	1	1.969e-08	363	0.46	0.8644	NA	NA	NA	NA	NA	NA	NA	unresolved	structure_not_found
MGYP001608600911.pdb.gz	2152	1	3.694e-08	362	0.289	0.9661	NA	NA	NA	NA	NA	NA	NA	unresolved	structure_not_found
MGYP001549864614.pdb.gz	2153	1	2.621e-08	362	0.273	0.8983	NA	NA	NA	NA	NA	NA	NA	unresolved	structure_not_found
MGYP000901056893.pdb.gz	2154	1	2.476e-08	362	0.338	1	NA	NA	NA	NA	NA	NA	NA	unresolved	structure_not_found
MGYP001557231581.pdb.gz	2155	1	1.659e-08	361	0.234	0.9746	NA	NA	NA	NA	NA	NA	NA	unresolved	structure_not_found
A0A1G8EZX4	2156	1	4.146e-08	361	0.252	0.9407	NA	0.8304	2.091	true	Y27	0.1732	lost	lost	Ser25 Y not in expected {S}
MGYP000598438643.pdb.gz	2157	1	4.142e-08	360	0.292	0.9576	NA	NA	NA	NA	NA	NA	NA	unresolved	structure_not_found
A0A258FBX6	2158	1	4.209e-09	359	0.555	0.839	NA	0.6841	1.629	true	S25	0.2365	retained	retained	Ser25 S25 retained
X1HSN6	2159	1	4.922e-08	359	0.446	0.8729	NA	0.8144	1.792	true	S13	0.3981	retained	retained	Ser25 S13 retained
A0A1E4JK61	2160	1	2.244e-09	359	0.438	1.025	NA	0.7704	1.596	true	-	NA	unresolved	unresolved	Ser25: reference position aligned to a gap
G8SAU3	2161	1	3.698e-08	357	0.495	0.8559	NA	0.8041	1.806	true	S11	0.1191	retained	retained	Ser25 S11 retained
MGYP001550073744.pdb.gz	2162	1	3.295e-08	355	0.536	0.8051	NA	NA	NA	NA	NA	NA	NA	unresolved	structure_not_found
MGYP000091104882.pdb.gz	2163	1	2.338e-08	355	0.301	0.9831	NA	NA	NA	NA	NA	NA	NA	unresolved	structure_not_found
MGYP000229686000.pdb.gz	2164	1	2.338e-08	354	0.45	0.8644	NA	NA	NA	NA	NA	NA	NA	unresolved	structure_not_found
MGYP001236928873.pdb.gz	2165	1	3.694e-08	353	0.28	0.9661	NA	NA	NA	NA	NA	NA	NA	unresolved	structure_not_found
MGYP001773423530.pdb.gz	2166	1	4.917e-08	351	0.398	0.8729	NA	NA	NA	NA	NA	NA	NA	unresolved	structure_not_found
A0AAE0RZH4	2167	1	5.518e-08	351	0.397	0.7458	NA	0.7404	2.471	true	S27	0.171	retained	retained	Ser25 S27 retained
A0A2W5TS02	2168	1	3.298e-08	350	0.283	0.9576	NA	0.8599	1.959	true	G21	1.113	lost	lost	Ser25 G not in expected {S}
MGYP001496934231.pdb.gz	2169	1	5.513e-08	349	0.371	0.8898	NA	NA	NA	NA	NA	NA	NA	unresolved	structure_not_found
MGYP003565232360.pdb.gz	2170	1	5.837e-08	349	0.378	0.8729	NA	NA	NA	NA	NA	NA	NA	unresolved	structure_not_found
MGYP001196164649.pdb.gz	2171	1	5.513e-08	349	0.315	0.9661	NA	NA	NA	NA	NA	NA	NA	unresolved	structure_not_found
A0A7X7GE77	2172	1	3.492e-08	348	0.327	0.9576	NA	0.8352	2.063	true	S24	0.4408	retained	retained	Ser25 S24 retained
MGYP001818173147.pdb.gz	2173	1	2.476e-08	347	0.516	0.7542	NA	NA	NA	NA	NA	NA	NA	unresolved	structure_not_found
MGYP001034148094.pdb.gz	2174	1	4.142e-08	347	0.449	0.7542	NA	NA	NA	NA	NA	NA	NA	unresolved	structure_not_found
MGYP000620680335.pdb.gz	2175	1	6.544e-08	347	0.266	0.9237	NA	NA	NA	NA	NA	NA	NA	unresolved	structure_not_found
MGYP000592445490.pdb.gz	2176	1	7.337e-08	345	0.257	0.8898	NA	NA	NA	NA	NA	NA	NA	unresolved	structure_not_found
MGYP003332783269.pdb.gz	2177	1	1.48e-08	345	0.364	0.9068	NA	NA	NA	NA	NA	NA	NA	unresolved	structure_not_found
MGYP000162043724.pdb.gz	2178	1	1.177e-08	345	0.319	1.034	NA	NA	NA	NA	NA	NA	NA	unresolved	structure_not_found
A0A2E7MXB7	2179	1	3.915e-08	345	0.295	0.9746	NA	0.8363	2.023	true	S24	0.3225	retained	retained	Ser25 S24 retained
A0A7X9FSH7	2180	1	9.232e-08	345	0.213	0.9915	NA	0.8746	2.084	true	F28	0.4548	lost	lost	Ser25 F not in expected {S}
A0A9N8HYZ6	2181	1	4.39e-08	344	0.342	0.9153	NA	0.8177	2.645	true	S24	0.3528	retained	retained	Ser25 S24 retained
MGYP001028136094.pdb.gz	2182	1	9.223e-08	342	0.278	0.9746	NA	NA	NA	NA	NA	NA	NA	unresolved	structure_not_found
A0A251XP31	2183	1	3.298e-08	340	0.471	0.7542	NA	0.6587	1.678	true	S25	0.4605	retained	retained	Ser25 S25 retained
MGYP001432943632.pdb.gz	2184	1	1.48e-08	339	0.272	1.059	NA	NA	NA	NA	NA	NA	NA	unresolved	structure_not_found
A0A2N2BW33	2185	1	3.915e-08	339	0.371	1.025	NA	0.8053	1.583	true	-	NA	unresolved	unresolved	Ser25: reference position aligned to a gap
A0A1V6B5S1	2186	1	1.16e-07	338	0.42	0.8475	NA	0.7898	1.664	true	S13	0.2023	retained	retained	Ser25 S13 retained
A0A9D2AX88	2187	1	6.936e-08	338	0.444	0.9153	NA	0.805	1.994	true	S12	0.3387	retained	retained	Ser25 S12 retained
A0A950ZEB2	2188	1	3.115e-08	338	0.206	1.025	NA	0.8345	1.818	true	A22	0.4207	lost	lost	Ser25 A not in expected {S}
A0A965CE52	2189	1	4.922e-08	336	0.51	0.8475	NA	0.7586	1.548	true	S4	0.2876	retained	retained	Ser25 S4 retained
MGYP001380506629.pdb.gz	2190	1	1.543e-07	335	0.333	0.8898	NA	NA	NA	NA	NA	NA	NA	unresolved	structure_not_found
A0A959TJE5	2191	1	1.096e-07	335	0.526	0.8051	NA	0.7718	1.926	true	S11	0.2827	retained	retained	Ser25 S11 retained
A0A512D522	2192	1	5.518e-08	335	0.453	0.9153	NA	0.8072	1.739	true	S11	0.1542	retained	retained	Ser25 S11 retained
3ougB00	2193	1	1.359e-08	334	0.327	0.9068	NA	NA	NA	NA	NA	NA	NA	unresolved	structure_not_found
A0A3E0NDN9	2194	1	8.719e-08	334	0.311	1.034	NA	0.8448	2.032	true	S35	0.4199	retained	retained	Ser25 S35 retained
MGYP002005712085.pdb.gz	2195	1	9.766e-08	333	0.355	0.9068	NA	NA	NA	NA	NA	NA	NA	unresolved	structure_not_found
A0A9N8DZ52	2196	1	9.775e-08	332	0.351	0.9153	NA	0.8239	2.424	true	S24	0.1975	retained	retained	Ser25 S24 retained
MGYP003394430473.pdb.gz	2197	1	1.3e-07	330	0.421	0.8051	NA	NA	NA	NA	NA	NA	NA	unresolved	structure_not_found
MGYP000370026614.pdb.gz	2198	1	2.775e-08	329	0.305	1.025	NA	NA	NA	NA	NA	NA	NA	unresolved	structure_not_found
MGYP001408437899.pdb.gz	2199	1	4.142e-08	327	0.246	1.068	NA	NA	NA	NA	NA	NA	NA	unresolved	structure_not_found
A0A3M1SAZ3	2200	1	2.584e-07	327	0.414	0.7966	NA	0.7574	1.511	true	S7	0.5669	retained	retained	Ser25 S7 retained
A0A833KZW1	2201	1	2.177e-07	327	0.33	0.8729	NA	0.7984	1.689	true	S14	0.3593	retained	retained	Ser25 S14 retained
A0A1H8SGK4	2202	1	2.897e-07	327	0.285	0.8898	NA	0.8303	2.275	true	F24	0.1479	lost	lost	Ser25 F not in expected {S}
MGYP003297440419.pdb.gz	2203	1	1.177e-08	326	0.379	0.9153	NA	NA	NA	NA	NA	NA	NA	unresolved	structure_not_found
A0A9E4H8I9	2204	1	1.545e-07	326	0.309	0.9576	NA	0.8357	1.796	true	S22	0.2346	retained	retained	Ser25 S22 retained
MGYP001450443817.pdb.gz	2205	1	2.303e-07	325	0.404	0.7542	NA	NA	NA	NA	NA	NA	NA	unresolved	structure_not_found
MGYP001817257266.pdb.gz	2206	1	2.175e-07	325	0.467	0.7797	NA	NA	NA	NA	NA	NA	NA	unresolved	structure_not_found
MGYP000515860100.pdb.gz	2207	1	2.303e-07	323	0.35	0.822	NA	NA	NA	NA	NA	NA	NA	unresolved	structure_not_found
A0A6B3N2X4	2208	1	3.068e-07	323	0.469	0.7034	NA	0.6771	1.627	true	S26	0.3808	retained	retained	Ser25 S26 retained
A0A9E5QSF6	2209	1	7.344e-08	323	0.367	0.9915	NA	0.812	1.978	true	S19	0.3402	retained	retained	Ser25 S19 retained
A0A5Q3L567	2210	1	1.229e-07	323	0.313	0.9746	NA	0.8452	1.988	true	S24	0.2617	retained	retained	Ser25 S24 retained
A0A953BDI4	2211	1	1.635e-07	322	0.433	0.8983	NA	0.8089	2.047	true	S14	0.2926	retained	retained	Ser25 S14 retained
A0A2N9VT76	2212	1	4.578e-07	322	0.388	0.8729	NA	0.7995	2.001	true	S13	0.06297	retained	retained	Ser25 S13 retained
A0A355E4F1	2213	1	2.897e-07	320	0.256	0.9915	NA	0.864	2.121	true	C26	1.606	lost	lost	Ser25 C not in expected {S}
A0A537KC32	2214	1	4.323e-07	319	0.424	0.839	NA	0.7799	1.833	true	S12	0.2995	retained	retained	Ser25 S12 retained
A0A382C2T8	2215	1	2.736e-07	319	0.418	0.8305	NA	0.7797	1.686	true	S9	0.373	retained	retained	Ser25 S9 retained
X5ZUW8	2216	1	2.736e-07	318	0.438	0.7542	NA	0.6614	1.784	true	S24	0.4121	retained	retained	Ser25 S24 retained
A0A7X9CCH9	2217	1	2.897e-07	318	0.424	0.8983	NA	0.8	1.816	true	S11	0.07705	retained	retained	Ser25 S11 retained
MGYP000565448139.pdb.gz	2218	1	3.245e-07	317	0.294	1.008	NA	NA	NA	NA	NA	NA	NA	unresolved	structure_not_found
MGYP001079599001.pdb.gz	2219	1	1.832e-07	317	0.324	0.9661	NA	NA	NA	NA	NA	NA	NA	unresolved	structure_not_found
A0ABD5DG65	2220	1	1.16e-07	317	0.909	0.6525	NA	0.6054	1.573	true	S25	0.3361	retained	retained	Ser25 S25 retained
MGYP002637975515.pdb.gz	2221	1	4.843e-07	316	0.39	0.7373	NA	NA	NA	NA	NA	NA	NA	unresolved	structure_not_found
G2FK10	2222	1	5.754e-07	316	0.425	0.8559	NA	0.7986	1.865	true	S11	0.1737	retained	retained	Ser25 S11 retained
MGYP000954835985.pdb.gz	2223	1	1.832e-07	315	0.235	1.042	NA	NA	NA	NA	NA	NA	NA	unresolved	structure_not_found
A0A354FBL7	2224	1	5.435e-07	315	0.394	0.8814	NA	0.8067	1.887	true	S12	0.4013	retained	retained	Ser25 S12 retained
MGYP001065410830.pdb.gz	2225	1	3.065e-07	312	0.471	0.7373	NA	NA	NA	NA	NA	NA	NA	unresolved	structure_not_found
MGYP003610190543.pdb.gz	2226	1	3.436e-07	312	0.236	0.9661	NA	NA	NA	NA	NA	NA	NA	unresolved	structure_not_found
A0A9E2LPF8	2227	1	6.093e-07	312	0.432	0.822	NA	0.7649	1.371	true	S3	0.2667	retained	retained	Ser25 S3 retained
A0A3D9SMZ6	2228	1	7.659e-07	312	0.434	0.839	NA	0.7989	1.743	true	S11	0.1258	retained	retained	Ser25 S11 retained
MGYP001549804833.pdb.gz	2229	1	4.319e-07	311	0.521	0.7797	NA	NA	NA	NA	NA	NA	NA	unresolved	structure_not_found
MGYP000388838930.pdb.gz	2230	1	6.087e-07	311	0.494	0.8051	NA	NA	NA	NA	NA	NA	NA	unresolved	structure_not_found
MGYP002525343086.pdb.gz	2231	1	1.095e-07	311	0.272	1.025	NA	NA	NA	NA	NA	NA	NA	unresolved	structure_not_found
A0A838HPC6	2232	1	7.233e-07	311	0.39	0.8898	NA	0.7969	1.88	true	S12	0.2672	retained	retained	Ser25 S12 retained
MGYP001423067951.pdb.gz	2233	1	4.843e-07	310	0.31	0.8729	NA	NA	NA	NA	NA	NA	NA	unresolved	structure_not_found
MGYP001132415866.pdb.gz	2234	1	6.446e-07	309	0.387	0.7881	NA	NA	NA	NA	NA	NA	NA	unresolved	structure_not_found
MGYP001768317445.pdb.gz	2235	1	2.894e-07	308	0.427	0.8136	NA	NA	NA	NA	NA	NA	NA	unresolved	structure_not_found
MGYP000851850789.pdb.gz	2236	1	3.436e-07	307	0.44	0.7881	NA	NA	NA	NA	NA	NA	NA	unresolved	structure_not_found
MGYP001102397273.pdb.gz	2237	1	1.832e-07	307	0.221	1.034	NA	NA	NA	NA	NA	NA	NA	unresolved	structure_not_found
A0A4V1SKP4	2238	1	7.233e-07	307	0.494	0.7881	NA	0.7376	1.361	true	S53	0.689	retained	retained	Ser25 S53 retained
MGYP000772459955.pdb.gz	2239	1	1.3e-07	305	0.413	0.9831	NA	NA	NA	NA	NA	NA	NA	unresolved	structure_not_found
A0A3D3FEI4	2240	1	5.754e-07	305	0.435	0.8559	NA	0.7792	1.753	true	S10	0.112	retained	retained	Ser25 S10 retained
MGYP000107880020.pdb.gz	2241	1	4.843e-07	304	0.393	0.839	NA	NA	NA	NA	NA	NA	NA	unresolved	structure_not_found
A0A4Q3CWU5	2242	1	1.019e-06	303	0.417	0.7712	NA	0.7368	1.333	true	S4	0.4717	retained	retained	Ser25 S4 retained
A0AAP2DSP8	2243	1	4.323e-07	303	0.457	0.7966	NA	0.6882	2.117	true	S25	0.4096	retained	retained	Ser25 S25 retained
A0A947IUD5	2244	1	1.357e-06	303	0.419	0.7881	NA	0.7595	1.394	true	S3	0.3719	retained	retained	Ser25 S3 retained
MGYP002725792884.pdb.gz	2245	1	1.078e-06	300	0.428	0.7712	NA	NA	NA	NA	NA	NA	NA	unresolved	structure_not_found
A0A328TRI2	2246	1	5.754e-07	300	0.65	0.678	NA	0.6359	1.356	true	S6	0.2129	retained	retained	Ser25 S6 retained
MGYP003610572528.pdb.gz	2247	1	1.28e-06	299	0.388	0.7627	NA	NA	NA	NA	NA	NA	NA	unresolved	structure_not_found
MGYP001550650456.pdb.gz	2248	1	1.018e-06	299	0.463	0.8051	NA	NA	NA	NA	NA	NA	NA	unresolved	structure_not_found
6oz8-assembly1.cif.gz_D	2249	1	1.795e-07	298	0.459	0.7373	NA	NA	NA	NA	NA	NA	NA	unresolved	structure_not_found
A0A348ZKH7	2250	1	1.21e-06	298	0.442	0.8051	NA	0.7575	1.66	true	S6	0.1746	retained	retained	Ser25 S6 retained
A0A9X2E0X7	2251	1	7.659e-07	298	0.381	0.822	NA	0.7608	1.161	true	S3	0.3746	retained	retained	Ser25 S3 retained
A0A1R0KFQ7	2252	1	4.578e-07	298	0.22	0.9237	NA	0.7784	2.698	true	S151	0.8851	retained	retained	Ser25 S151 retained
MGYP001325868576.pdb.gz	2253	1	3.065e-07	297	0.25	1.051	NA	NA	NA	NA	NA	NA	NA	unresolved	structure_not_found
J9R8L9	2254	1	1.706e-06	297	0.413	0.7373	NA	0.7368	1.244	true	S3	0.2135	retained	retained	Ser25 S3 retained
A0A535CBE3	2255	1	5.754e-07	297	0.446	0.8729	NA	0.765	1.711	true	S9	0.1801	retained	retained	Ser25 S9 retained
MGYP003545672627.pdb.gz	2256	1	1.52e-06	295	0.419	0.7881	NA	NA	NA	NA	NA	NA	NA	unresolved	structure_not_found
MGYP003485195898.pdb.gz	2257	1	6.087e-07	295	0.453	0.822	NA	NA	NA	NA	NA	NA	NA	unresolved	structure_not_found
6p1y-assembly1.cif.gz_B	2258	1	2.39e-07	295	0.449	0.7542	NA	NA	NA	NA	NA	NA	NA	unresolved	structure_not_found
M3IDC8	2259	1	9.092e-07	295	0.458	0.7203	NA	0.6312	1.911	true	S20	0.5702	retained	retained	Ser25 S20 retained
A0AA96Y9C8	2260	1	9.092e-07	294	0.226	1.008	NA	0.8402	2.116	true	G29	0.5242	lost	lost	Ser25 G not in expected {S}
MGYP000175260748.pdb.gz	2261	1	9.084e-07	293	0.653	0.661	NA	NA	NA	NA	NA	NA	NA	unresolved	structure_not_found
MGYP001383928861.pdb.gz	2262	1	1.52e-06	292	0.465	0.7458	NA	NA	NA	NA	NA	NA	NA	unresolved	structure_not_found
A0A2V5V3P5	2263	1	3.021e-06	291	0.44	0.7881	NA	0.7673	2.064	true	S8	0.5709	retained	retained	Ser25 S8 retained
MGYP003395381157.pdb.gz	2264	1	2.401e-06	290	0.411	0.7203	NA	NA	NA	NA	NA	NA	NA	unresolved	structure_not_found
A0A847VWB6	2265	1	1.611e-06	290	0.224	0.9831	NA	0.8569	2.092	true	G31	0.2618	lost	lost	Ser25 G not in expected {S}
MGYP000205897519.pdb.gz	2266	1	2.401e-06	289	0.406	0.7712	NA	NA	NA	NA	NA	NA	NA	unresolved	structure_not_found
A0A5R2N031	2267	1	2.144e-06	288	0.493	0.7034	NA	0.6482	1.714	true	S24	0.2548	retained	retained	Ser25 S24 retained
A0A6N2UY69	2268	1	2.144e-06	286	0.326	0.8559	NA	0.7634	1.765	true	S12	0.3813	retained	retained	Ser25 S12 retained
MGYP003612754262.pdb.gz	2269	1	2.692e-06	285	0.282	0.7797	NA	NA	NA	NA	NA	NA	NA	unresolved	structure_not_found
X0SHK5	2270	1	3.587e-06	285	0.53	0.6864	NA	0.662	1.611	true	S25	0.3187	retained	retained	Ser25 S25 retained
MGYP000450984787.pdb.gz	2271	1	1.52e-06	284	0.391	0.822	NA	NA	NA	NA	NA	NA	NA	unresolved	structure_not_found
MGYP003424428035.pdb.gz	2272	1	1.435e-06	283	0.434	0.839	NA	NA	NA	NA	NA	NA	NA	unresolved	structure_not_found
A0A1V3RR42	2273	1	2.404e-06	283	0.426	0.7542	NA	0.7158	1.155	true	-	NA	unresolved	unresolved	Ser25: reference position aligned to a gap
A0A9D7LD94	2274	1	1.437e-06	283	0.186	1.042	NA	0.8431	2.081	true	A31	0.8984	lost	lost	Ser25 A not in expected {S}
2eeoB00	2275	1	4.447e-07	282	0.477	0.7458	NA	NA	NA	NA	NA	NA	NA	unresolved	structure_not_found
2eeo-assembly1.cif.gz_B	2276	1	5.634e-07	282	0.477	0.7458	NA	NA	NA	NA	NA	NA	NA	unresolved	structure_not_found
U5C5F7	2277	1	1.521e-06	282	0.44	0.8475	NA	0.7402	1.394	true	S10	0.6328	retained	retained	Ser25 S10 retained
MGYP000080908710.pdb.gz	2278	1	1.356e-06	281	0.494	0.7203	NA	NA	NA	NA	NA	NA	NA	unresolved	structure_not_found
MGYP000936369165.pdb.gz	2279	1	1.28e-06	281	0.437	0.8136	NA	NA	NA	NA	NA	NA	NA	unresolved	structure_not_found
MGYP001158815484.pdb.gz	2280	1	7.227e-07	280	0.44	0.8475	NA	NA	NA	NA	NA	NA	NA	unresolved	structure_not_found
MGYP001556192721.pdb.gz	2281	1	1.609e-06	279	0.389	0.8051	NA	NA	NA	NA	NA	NA	NA	unresolved	structure_not_found
MGYP000650488849.pdb.gz	2282	1	1.142e-06	279	0.261	0.9068	NA	NA	NA	NA	NA	NA	NA	unresolved	structure_not_found
A0A380FKC6	2283	1	1.611e-06	279	0.431	0.8644	NA	0.746	1.644	true	S6	0.5375	retained	retained	Ser25 S6 retained
A0A0K2RLG3	2284	1	9.628e-07	275	0.478	0.7966	NA	0.6623	2.192	true	S25	0.6525	retained	retained	Ser25 S25 retained
MGYP002719132472.pdb.gz	2285	1	3.065e-07	272	0.357	0.9492	NA	NA	NA	NA	NA	NA	NA	unresolved	structure_not_found
MGYP002780370924.pdb.gz	2286	1	3.019e-06	271	0.608	0.5847	NA	NA	NA	NA	NA	NA	NA	unresolved	structure_not_found
A0A4Q3TUH4	2287	1	7.544e-06	270	0.602	0.7034	NA	0.6439	1.619	true	S25	0.1818	retained	retained	Ser25 S25 retained
MGYP000974552777.pdb.gz	2288	1	4.77e-06	269	0.406	0.7288	NA	NA	NA	NA	NA	NA	NA	unresolved	structure_not_found
MGYP001619447262.pdb.gz	2289	1	2.023e-06	269	0.407	0.8729	NA	NA	NA	NA	NA	NA	NA	unresolved	structure_not_found
MGYP001285321625.pdb.gz	2290	1	1.435e-06	269	0.505	0.839	NA	NA	NA	NA	NA	NA	NA	unresolved	structure_not_found
MGYP000492981275.pdb.gz	2291	1	7.227e-07	269	0.204	1.034	NA	NA	NA	NA	NA	NA	NA	unresolved	structure_not_found
MGYP001069243133.pdb.gz	2292	1	4.77e-06	268	0.382	0.6864	NA	NA	NA	NA	NA	NA	NA	unresolved	structure_not_found
MGYP000670712814.pdb.gz	2293	1	3.384e-06	268	0.437	0.8136	NA	NA	NA	NA	NA	NA	NA	unresolved	structure_not_found
Q21QU6	2294	1	3.199e-06	268	0.456	0.7797	NA	0.6727	1.711	true	S25	0.3266	retained	retained	Ser25 S25 retained
MGYP003307115567.pdb.gz	2295	1	2.023e-06	266	0.385	0.8136	NA	NA	NA	NA	NA	NA	NA	unresolved	structure_not_found
MGYP003612942833.pdb.gz	2296	1	1.28e-06	266	0.377	0.8983	NA	NA	NA	NA	NA	NA	NA	unresolved	structure_not_found
A0A3D5NJT8	2297	1	9.482e-06	264	0.56	0.6949	NA	0.6326	1.618	true	S25	0.1832	retained	retained	Ser25 S25 retained
A0A535E255	2298	1	5.668e-06	264	0.229	0.9237	NA	0.8393	2.266	true	G32	0.7662	lost	lost	Ser25 G not in expected {S}
MGYP001323217263.pdb.gz	2299	1	6.722e-06	263	0.442	0.8051	NA	NA	NA	NA	NA	NA	NA	unresolved	structure_not_found
MGYP001550590033.pdb.gz	2300	1	1.804e-06	263	0.287	0.7966	NA	NA	NA	NA	NA	NA	NA	unresolved	structure_not_found
MGYP002763281412.pdb.gz	2301	1	2.851e-06	263	0.392	0.8644	NA	NA	NA	NA	NA	NA	NA	unresolved	structure_not_found
MGYP002789460456.pdb.gz	2302	1	1.335e-05	262	0.391	0.7797	NA	NA	NA	NA	NA	NA	NA	unresolved	structure_not_found
MGYP001454155043.pdb.gz	2303	1	5.662e-06	261	0.447	0.7203	NA	NA	NA	NA	NA	NA	NA	unresolved	structure_not_found
MGYP001611370565.pdb.gz	2304	1	8.45e-06	259	0.314	0.7542	NA	NA	NA	NA	NA	NA	NA	unresolved	structure_not_found
A0A7J4VAU6	2305	1	1.68e-05	259	0.5	0.7119	NA	0.6565	1.592	true	S25	0.3503	retained	retained	Ser25 S25 retained
A0A1G3BSJ9	2306	1	2.507e-05	257	0.43	0.6695	NA	0.6168	1.605	true	S19	0.4833	retained	retained	Ser25 S19 retained
MGYP002779868120.pdb.gz	2307	1	7.536e-06	256	0.5	0.6271	NA	NA	NA	NA	NA	NA	NA	unresolved	structure_not_found
MGYP003317154766.pdb.gz	2308	1	3.196e-06	256	0.349	0.8983	NA	NA	NA	NA	NA	NA	NA	unresolved	structure_not_found
MGYP001026406846.pdb.gz	2309	1	1.414e-05	249	0.443	0.822	NA	NA	NA	NA	NA	NA	NA	unresolved	structure_not_found
A0A9D8HKM7	2310	1	1.68e-05	247	0.303	0.8644	NA	0.752	1.612	true	S6	0.2948	retained	retained	Ser25 S6 retained
A0A6B2YMM0	2311	1	2.507e-05	247	0.226	1.008	NA	0.8233	2.426	true	G38	0.3961	lost	lost	Ser25 G not in expected {S}
A0A7V4HIS7	2312	1	8.458e-06	246	0.349	0.8729	NA	0.6608	2.182	true	S25	0.5492	retained	retained	Ser25 S25 retained
MGYP001587515833.pdb.gz	2313	1	1.678e-05	245	0.388	0.7203	NA	NA	NA	NA	NA	NA	NA	unresolved	structure_not_found
A0A352CCF7	2314	1	3.741e-05	244	0.46	0.7542	NA	0.7025	1.063	true	-	NA	unresolved	unresolved	Ser25: reference position aligned to a gap
MGYP003755371487.pdb.gz	2315	1	1.585e-05	242	0.388	0.7627	NA	NA	NA	NA	NA	NA	NA	unresolved	structure_not_found
3plxB00	2316	1	1.967e-06	242	0.41	0.8051	NA	NA	NA	NA	NA	NA	NA	unresolved	structure_not_found
3plx-assembly1.cif.gz_B	2317	1	2.492e-06	242	0.41	0.8051	NA	NA	NA	NA	NA	NA	NA	unresolved	structure_not_found
A0A259GRH8	2318	1	9.628e-07	242	0.521	0.9746	NA	0.6396	2.015	true	S25	0.242	retained	retained	Ser25 S25 retained
MGYP000155445652.pdb.gz	2319	1	3.794e-06	241	0.19	0.9322	NA	NA	NA	NA	NA	NA	NA	unresolved	structure_not_found
MGYP000117851892.pdb.gz	2320	1	1.125e-05	240	0.296	0.7712	NA	NA	NA	NA	NA	NA	NA	unresolved	structure_not_found
MGYP000605884937.pdb.gz	2321	1	1.777e-05	240	0.453	0.7288	NA	NA	NA	NA	NA	NA	NA	unresolved	structure_not_found
MGYP001035662460.pdb.gz	2322	1	9.473e-06	239	0.235	0.8983	NA	NA	NA	NA	NA	NA	NA	unresolved	structure_not_found
MGYP000371440114.pdb.gz	2323	1	2.973e-05	237	0.364	0.7203	NA	NA	NA	NA	NA	NA	NA	unresolved	structure_not_found
MGYP003629905675.pdb.gz	2324	1	1.261e-05	236	0.205	0.8644	NA	NA	NA	NA	NA	NA	NA	unresolved	structure_not_found
MGYP003507731129.pdb.gz	2325	1	1.497e-05	235	0.358	0.6864	NA	NA	NA	NA	NA	NA	NA	unresolved	structure_not_found
1uhe-assembly1.cif.gz_A	2326	1	6.976e-06	235	0.359	0.7542	NA	NA	NA	NA	NA	NA	NA	unresolved	structure_not_found
A0A510Y851	2327	1	1.994e-05	235	0.303	0.8644	NA	0.736	1.605	true	-	NA	unresolved	unresolved	Ser25: reference position aligned to a gap
MGYP001215256353.pdb.gz	2328	1	2.365e-05	233	0.381	0.822	NA	NA	NA	NA	NA	NA	NA	unresolved	structure_not_found
A0A660VIN1	2329	1	0.0001047	232	0.43	0.6695	NA	0.609	1.572	true	S21	0.4184	retained	retained	Ser25 S21 retained
MGYP001290479627.pdb.gz	2330	1	7.423e-05	231	0.375	0.7458	NA	NA	NA	NA	NA	NA	NA	unresolved	structure_not_found
A0A970CIU2	2331	1	8.82e-05	231	0.512	0.6949	NA	0.6331	1.612	true	S25	0.3458	retained	retained	Ser25 S25 retained
A0A6P0N529	2332	1	3.961e-05	231	0.284	0.8644	NA	0.7507	1.574	true	S14	0.4562	retained	retained	Ser25 S14 retained
A0A3D5S1H9	2333	1	8.82e-05	228	0.436	0.7373	NA	0.6916	1.403	true	-	NA	unresolved	unresolved	Ser25: reference position aligned to a gap
A0A7R8WSY0	2334	1	5.668e-06	227	0.307	1.076	NA	0.7312	2.608	true	A120	1.82	lost	lost	Ser25 A not in expected {S}
MGYP001290366797.pdb.gz	2335	1	2.234e-05	226	0.488	0.7458	NA	NA	NA	NA	NA	NA	NA	unresolved	structure_not_found
MGYP001576372681.pdb.gz	2336	1	1.062e-05	226	0.214	1.025	NA	NA	NA	NA	NA	NA	NA	unresolved	structure_not_found
MGYP000874951961.pdb.gz	2337	1	0.0001108	225	0.4	0.678	NA	NA	NA	NA	NA	NA	NA	unresolved	structure_not_found
MGYP001270658909.pdb.gz	2338	1	2.808e-05	225	0.443	0.7458	NA	NA	NA	NA	NA	NA	NA	unresolved	structure_not_found
MGYP002529983607.pdb.gz	2339	1	2.234e-05	225	0.304	0.8898	NA	NA	NA	NA	NA	NA	NA	unresolved	structure_not_found
A0A853KAJ9	2340	1	8.33e-05	223	0.295	0.8305	NA	0.7306	1.65	true	S3	0.2924	retained	retained	Ser25 S3 retained
1uhdA00	2341	1	1.632e-05	220	0.359	0.7542	NA	NA	NA	NA	NA	NA	NA	unresolved	structure_not_found
A0A1Q7WAW2	2342	1	0.0001109	220	0.519	0.6525	NA	0.5985	1.651	true	S25	0.3879	retained	retained	Ser25 S25 retained
A0A1V5CX11	2343	1	0.0001174	219	0.423	0.7203	NA	0.6796	1.239	true	-	NA	unresolved	unresolved	Ser25: reference position aligned to a gap
A0A2M8PJP7	2344	1	0.0001752	217	0.372	0.7966	NA	0.7417	1.531	true	S3	0.541	retained	retained	Ser25 S3 retained
MGYP001309868102.pdb.gz	2345	1	8.322e-05	216	0.375	0.8136	NA	NA	NA	NA	NA	NA	NA	unresolved	structure_not_found
MGYP001028043457.pdb.gz	2346	1	2.504e-05	216	0.344	0.9831	NA	NA	NA	NA	NA	NA	NA	unresolved	structure_not_found
MGYP003465524236.pdb.gz	2347	1	4.437e-05	216	0.477	0.7458	NA	NA	NA	NA	NA	NA	NA	unresolved	structure_not_found
MGYP001401741280.pdb.gz	2348	1	5.267e-05	215	0.482	0.7373	NA	NA	NA	NA	NA	NA	NA	unresolved	structure_not_found
A0A6M0AXB9	2349	1	0.0001964	215	0.481	0.6695	NA	0.6028	1.738	true	S25	0.2297	retained	retained	Ser25 S25 retained
MGYP000168720153.pdb.gz	2350	1	0.0001653	213	0.366	0.7627	NA	NA	NA	NA	NA	NA	NA	unresolved	structure_not_found
MGYP001619289505.pdb.gz	2351	1	1.191e-05	213	0.155	0.9237	NA	NA	NA	NA	NA	NA	NA	unresolved	structure_not_found
A0A238DJU6	2352	1	1.192e-05	209	0.341	0.9915	NA	0.7095	3.104	true	S76	0.4838	retained	retained	Ser25 S76 retained
A0A965FY46	2353	1	0.0002768	207	0.397	0.7034	NA	0.6791	1.424	true	-	NA	unresolved	unresolved	Ser25: reference position aligned to a gap
A0A533XLQ9	2354	1	0.0003901	205	0.385	0.7034	NA	0.6638	1.147	true	-	NA	unresolved	unresolved	Ser25: reference position aligned to a gap
MGYP001179686676.pdb.gz	2355	1	0.0002467	204	0.369	0.7119	NA	NA	NA	NA	NA	NA	NA	unresolved	structure_not_found
A0A3L7PZ50	2356	1	0.0006911	203	0.434	0.6441	NA	0.6244	1.8	true	S25	0.3721	retained	retained	Ser25 S25 retained
MGYP001617411013.pdb.gz	2357	1	0.0003681	199	0.329	0.7203	NA	NA	NA	NA	NA	NA	NA	unresolved	structure_not_found
MGYP001134400116.pdb.gz	2358	1	0.0003897	197	0.493	0.6186	NA	NA	NA	NA	NA	NA	NA	unresolved	structure_not_found
MGYP003475810618.pdb.gz	2359	1	6.621e-05	195	0.427	0.8729	NA	NA	NA	NA	NA	NA	NA	unresolved	structure_not_found
MGYP001555451345.pdb.gz	2360	1	0.00022	182	0.229	0.7373	NA	NA	NA	NA	NA	NA	NA	unresolved	structure_not_found
MGYP001203843869.pdb.gz	2361	1	0.00022	180	0.418	0.7288	NA	NA	NA	NA	NA	NA	NA	unresolved	structure_not_found
MGYP000420385187.pdb.gz	2362	1	0.000437	179	0.415	0.6525	NA	NA	NA	NA	NA	NA	NA	unresolved	structure_not_found
MGYP001580597017.pdb.gz	2363	1	0.000437	170	0.375	0.678	NA	NA	NA	NA	NA	NA	NA	unresolved	structure_not_found
MGYP001014827946.pdb.gz	2364	1	0.0006158	170	0.281	0.8729	NA	NA	NA	NA	NA	NA	NA	unresolved	structure_not_found
A0A8J4H4K3	2365	1	0.001373	169	0.145	0.8136	NA	0.649	3.051	true	Y16	0.6872	lost	lost	Ser25 Y not in expected {S}
A0A952ZZ66	2366	1	0.003842	168	0.164	0.822	NA	0.7199	2.127	true	A16	1.092	lost	lost	Ser25 A not in expected {S}
A0A7S0C022	2367	1	0.0006527	168	0.2	0.9746	NA	0.7115	2.997	true	S65	0.4723	retained	retained	Ser25 S65 retained
MGYP000860884084.pdb.gz	2368	1	0.000437	165	0.492	0.5678	NA	NA	NA	NA	NA	NA	NA	unresolved	structure_not_found
MGYP000485263243.pdb.gz	2369	1	0.001825	165	0.421	0.6441	NA	NA	NA	NA	NA	NA	NA	unresolved	structure_not_found
MGYP001235838670.pdb.gz	2370	1	0.001452	164	0.418	0.6271	NA	NA	NA	NA	NA	NA	NA	unresolved	structure_not_found
MGYP003349245791.pdb.gz	2371	1	0.00541	156	0.421	0.5424	NA	NA	NA	NA	NA	NA	NA	unresolved	structure_not_found
MGYP001320141292.pdb.gz	2372	1	0.0006904	151	0.226	0.7119	NA	NA	NA	NA	NA	NA	NA	unresolved	structure_not_found
MGYP004158156879.pdb.gz	2373	1	0.001295	150	0.131	0.839	NA	NA	NA	NA	NA	NA	NA	unresolved	structure_not_found
A0A7C1E0J6	2374	1	0.002048	147	0.145	0.8136	NA	0.553	2.606	true	R18	2.268	lost	lost	Ser25 R not in expected {S}
A0A819KD03	2375	1	0.01277	145	0.17	0.6949	NA	0.568	2.573	true	V32	0.777	lost	lost	Ser25 V not in expected {S}
af_Q4DWB5_6_96_2.40.40.20	2376	1	0.001061	143	0.139	0.7288	NA	NA	NA	NA	NA	NA	NA	unresolved	structure_not_found
MGYP000435589758.pdb.gz	2377	1	0.004304	141	0.314	0.5932	NA	NA	NA	NA	NA	NA	NA	unresolved	structure_not_found
MGYP002761284556.pdb.gz	2378	1	0.003839	140	0.168	0.9068	NA	NA	NA	NA	NA	NA	NA	unresolved	structure_not_found
5kiy-assembly1.cif.gz_A	2379	1	0.0009006	140	0.136	0.7458	NA	NA	NA	NA	NA	NA	NA	unresolved	structure_not_found
MGYP001613136996.pdb.gz	2380	1	0.004825	139	0.133	0.7627	NA	NA	NA	NA	NA	NA	NA	unresolved	structure_not_found
3tiw-assembly1.cif.gz_A	2381	1	0.0009006	139	0.159	0.7458	NA	NA	NA	NA	NA	NA	NA	unresolved	structure_not_found
P54811	2382	1	0.002083	136	0.17	0.7458	NA	0.5696	2.396	true	V44	0.9901	lost	lost	Ser25 V not in expected {S}
4kdi-assembly1.cif.gz_A	2383	1	0.0008033	136	0.13	0.7797	NA	NA	NA	NA	NA	NA	NA	unresolved	structure_not_found
A0A842I546	2384	1	0.005415	136	0.214	0.7119	NA	0.5563	3.345	true	M75	1.566	lost	lost	Ser25 M not in expected {S}
A0A813VBN0	2385	1	0.00483	136	0.147	0.7458	NA	0.5706	2.73	true	V32	0.9135	lost	lost	Ser25 V not in expected {S}
MGYP000539450182.pdb.gz	2386	1	0.001933	134	0.123	0.7542	NA	NA	NA	NA	NA	NA	NA	unresolved	structure_not_found
A0AAE2XX56	2387	1	0.01799	134	0.172	0.6864	NA	0.5882	2.433	true	V495	1.707	lost	lost	Ser25 V not in expected {S}
MGYP000433379527.pdb.gz	2388	1	0.003625	133	0.139	0.7881	NA	NA	NA	NA	NA	NA	NA	unresolved	structure_not_found
Q3ZBT1	2389	1	0.002473	133	0.136	0.7458	NA	0.5666	2.462	true	V38	1.019	lost	lost	Ser25 V not in expected {S}
AF-Q7KN62-3-F1-model_v6	2390	1	0.002206	133	0.159	0.7458	NA	NA	NA	NA	NA	NA	NA	unresolved	structure_not_found
G4M0P7	2391	1	0.002928	133	0.181	0.7458	NA	0.5811	2.678	true	V35	0.9902	lost	lost	Ser25 V not in expected {S}
A0A8R1TKB7	2392	1	0.002766	133	0.147	0.7458	NA	0.5674	2.436	true	V44	0.9742	lost	lost	Ser25 V not in expected {S}
P55072	2393	1	0.002773	132	0.136	0.7458	NA	0.5671	2.461	true	V38	0.9957	lost	lost	Ser25 V not in expected {S}
af_A0A1D6GQ42_10_115_2.40.40.20	2394	1	0.001061	132	0.147	0.7458	NA	NA	NA	NA	NA	NA	NA	unresolved	structure_not_found
7dg7-assembly1.cif.gz_A	2395	1	0.00101	131	0.168	0.7542	NA	NA	NA	NA	NA	NA	NA	unresolved	structure_not_found
MGYP003400262069.pdb.gz	2396	1	0.008548	130	0.101	0.7542	NA	NA	NA	NA	NA	NA	NA	unresolved	structure_not_found
K7VQA7	2397	1	0.002612	130	0.17	0.7458	NA	0.5688	2.46	true	V44	0.8951	lost	lost	Ser25 V not in expected {S}
Q29RA2	2398	1	0.003283	130	0.125	0.7458	NA	0.5669	2.448	true	I40	1.055	lost	lost	Ser25 I not in expected {S}
A0A1D6KUI9	2399	1	0.003476	130	0.159	0.7458	NA	0.568	2.453	true	V46	0.9841	lost	lost	Ser25 V not in expected {S}
4rv0-assembly4.cif.gz_G	2400	1	0.001269	130	0.152	0.7797	NA	NA	NA	NA	NA	NA	NA	unresolved	structure_not_found
3hu1-assembly1.cif.gz_B	2401	1	0.001344	130	0.13	0.7797	NA	NA	NA	NA	NA	NA	NA	unresolved	structure_not_found
5kiw-assembly1.cif.gz_A	2402	1	0.001596	129	0.136	0.7458	NA	NA	NA	NA	NA	NA	NA	unresolved	structure_not_found
5ifs-assembly1.cif.gz_D	2403	1	0.002993	129	0.147	0.7458	NA	NA	NA	NA	NA	NA	NA	unresolved	structure_not_found
5ifs-assembly1.cif.gz_B	2404	1	0.002827	129	0.147	0.7458	NA	NA	NA	NA	NA	NA	NA	unresolved	structure_not_found
P46462	2405	1	0.003908	128	0.136	0.7458	NA	0.5667	2.461	true	V38	0.9654	lost	lost	Ser25 V not in expected {S}
K7LQC6	2406	1	0.002766	128	0.193	0.7458	NA	0.5667	2.442	true	V43	1.155	lost	lost	Ser25 V not in expected {S}
A0A0J9XXY9	2407	1	0.004127	128	0.147	0.7458	NA	0.5678	2.429	true	V44	0.9615	lost	lost	Ser25 V not in expected {S}
A0A3P7GHM4	2408	1	0.00437	128	0.147	0.7458	NA	0.5692	2.413	true	V57	0.8864	lost	lost	Ser25 V not in expected {S}
P54812	2409	1	0.001858	127	0.128	0.9237	NA	0.5665	2.615	true	M44	0.8106	lost	lost	Ser25 M not in expected {S}
7dww-assembly2.cif.gz_A	2410	1	0.001069	127	0.168	0.8051	NA	NA	NA	NA	NA	NA	NA	unresolved	structure_not_found
7r7s-assembly1.cif.gz_D	2411	1	0.001199	127	0.13	0.7797	NA	NA	NA	NA	NA	NA	NA	unresolved	structure_not_found
A0A815WHS4	2412	1	0.03784	127	0.168	0.6525	NA	0.5507	2.719	true	C39	1.376	lost	lost	Ser25 C not in expected {S}
MGYP001113589654.pdb.gz	2413	1	0.01276	126	0.125	0.8136	NA	NA	NA	NA	NA	NA	NA	unresolved	structure_not_found
Q2FTS5	2414	1	0.008702	126	0.175	0.678	NA	0.5735	2.28	true	G14	0.3275	lost	lost	Ser25 G not in expected {S}
Q10RP0	2415	1	0.003681	126	0.147	0.7458	NA	0.5674	2.461	true	V45	0.9764	lost	lost	Ser25 V not in expected {S}
3hu2-assembly1.cif.gz_B	2416	1	0.002827	126	0.136	0.7458	NA	NA	NA	NA	NA	NA	NA	unresolved	structure_not_found
P03974	2417	1	0.003292	125	0.136	0.7458	NA	0.5652	2.468	true	V38	1.044	lost	lost	Ser25 V not in expected {S}
I1NAA5	2418	1	0.003681	125	0.204	0.7458	NA	0.5665	2.463	true	V43	1.171	lost	lost	Ser25 V not in expected {S}
A0A1C1C871	2419	1	0.003898	125	0.152	0.7797	NA	0.5675	2.435	true	I56	0.7094	lost	lost	Ser25 I not in expected {S}
3tiw-assembly2.cif.gz_B	2420	1	0.003356	125	0.159	0.7458	NA	NA	NA	NA	NA	NA	NA	unresolved	structure_not_found
I1LTL9	2421	1	0.005816	124	0.193	0.7458	NA	0.5674	2.444	true	V43	1.118	lost	lost	Ser25 V not in expected {S}
7dvf-assembly1.cif.gz_A	2422	1	0.004466	124	0.183	0.7373	NA	NA	NA	NA	NA	NA	NA	unresolved	structure_not_found
5ifw-assembly1.cif.gz_B	2423	1	0.002249	124	0.152	0.7797	NA	NA	NA	NA	NA	NA	NA	unresolved	structure_not_found
A0A175VYV0	2424	1	0.00437	123	0.173	0.7797	NA	0.5681	2.408	true	I58	0.8624	lost	lost	Ser25 I not in expected {S}
3qwzA01	2425	1	0.002362	123	0.159	0.7458	NA	NA	NA	NA	NA	NA	NA	unresolved	structure_not_found
7ln1-assembly1.cif.gz_B	2426	1	0.001894	123	0.131	0.7712	NA	NA	NA	NA	NA	NA	NA	unresolved	structure_not_found
P23787	2427	1	0.006538	122	0.125	0.7458	NA	0.565	2.476	true	M38	1.047	lost	lost	Ser25 M not in expected {S}
I1LZ82	2428	1	0.005188	122	0.17	0.7458	NA	0.5663	2.518	true	V43	0.9376	lost	lost	Ser25 V not in expected {S}
4rv0-assembly3.cif.gz_E	2429	1	0.002669	122	0.152	0.7797	NA	NA	NA	NA	NA	NA	NA	unresolved	structure_not_found
2pjh-assembly1.cif.gz_B	2430	1	0.002249	122	0.136	0.7458	NA	NA	NA	NA	NA	NA	NA	unresolved	structure_not_found
7pux-assembly1.cif.gz_A	2431	1	0.004729	122	0.136	0.7458	NA	NA	NA	NA	NA	NA	NA	unresolved	structure_not_found
3cf2-assembly1.cif.gz_A	2432	1	0.002669	122	0.136	0.7458	NA	NA	NA	NA	NA	NA	NA	unresolved	structure_not_found
Q6GL04	2433	1	0.00733	121	0.125	0.7458	NA	0.5664	2.462	true	V38	0.9801	lost	lost	Ser25 V not in expected {S}
Q7ZU99	2434	1	0.00733	121	0.113	0.7458	NA	0.5665	2.452	true	V38	1.056	lost	lost	Ser25 V not in expected {S}
P54609	2435	1	0.00733	121	0.181	0.7458	NA	0.5677	2.446	true	V42	1.114	lost	lost	Ser25 V not in expected {S}
Q9SCN8	2436	1	0.004912	121	0.193	0.7458	NA	0.566	2.455	true	V43	1.199	lost	lost	Ser25 V not in expected {S}
A0A1D6GQ42	2437	1	0.005493	121	0.147	0.7458	NA	0.5672	2.477	true	V46	0.8849	lost	lost	Ser25 V not in expected {S}
ModelArchive_ma-low-csi-0084_B	2438	1	0.003497	121	0.136	0.7458	NA	NA	NA	NA	NA	NA	NA	unresolved	structure_not_found
Q7KN62	2439	1	0.00733	120	0.159	0.7458	NA	0.5665	2.459	true	V35	0.8696	lost	lost	Ser25 V not in expected {S}
I1JPP3	2440	1	0.006159	120	0.204	0.7458	NA	0.5672	2.499	true	V43	0.9628	lost	lost	Ser25 V not in expected {S}
U7Q155	2441	1	0.005493	120	0.152	0.7797	NA	0.5707	2.387	true	I60	0.8344	lost	lost	Ser25 I not in expected {S}
A0A0D2GTZ1	2442	1	0.005816	120	0.152	0.7797	NA	0.5665	2.445	true	I76	0.8051	lost	lost	Ser25 I not in expected {S}
3qc8-assembly1.cif.gz_A	2443	1	0.005302	120	0.17	0.7458	NA	NA	NA	NA	NA	NA	NA	unresolved	structure_not_found
MGYP001120131775.pdb.gz	2444	1	0.006065	119	0.163	0.7797	NA	NA	NA	NA	NA	NA	NA	unresolved	structure_not_found
MGYP002395992013.pdb.gz	2445	1	0.01138	119	0.129	0.9153	NA	NA	NA	NA	NA	NA	NA	unresolved	structure_not_found
P54774	2446	1	0.008702	119	0.193	0.7458	NA	0.5675	2.446	true	V43	1.033	lost	lost	Ser25 V not in expected {S}
Q9LZF6	2447	1	0.009214	119	0.181	0.7458	NA	0.5677	2.445	true	V42	1.103	lost	lost	Ser25 V not in expected {S}
A0AAF5CYW9	2448	1	0.003476	119	0.136	0.9322	NA	0.5681	2.413	true	T78	0.8815	lost	lost	Ser25 T not in expected {S}
7dvc-assembly6.cif.gz_D	2449	1	0.002827	119	0.178	0.8051	NA	NA	NA	NA	NA	NA	NA	unresolved	structure_not_found
4ko8-assembly1.cif.gz_A	2450	1	0.004729	119	0.159	0.7458	NA	NA	NA	NA	NA	NA	NA	unresolved	structure_not_found
MGYP001099382163.pdb.gz	2451	1	0.01074	118	0.187	0.8136	NA	NA	NA	NA	NA	NA	NA	unresolved	structure_not_found
Q38B27	2452	1	0.02884	118	0.134	0.6949	NA	0.5623	2.602	true	V28	1.328	lost	lost	Ser25 V not in expected {S}
Q4CVL6	2453	1	0.003898	118	0.104	0.7288	NA	0.5444	3.131	true	E84	1.514	lost	lost	Ser25 E not in expected {S}
8hl7-assembly1.cif.gz_B	2454	1	0.006294	118	0.137	0.7373	NA	NA	NA	NA	NA	NA	NA	unresolved	structure_not_found
MGYP001766249560.pdb.gz	2455	1	0.008548	117	0.112	0.7542	NA	NA	NA	NA	NA	NA	NA	unresolved	structure_not_found
3qq8-assembly1.cif.gz_A	2456	1	0.007472	117	0.136	0.7458	NA	NA	NA	NA	NA	NA	NA	unresolved	structure_not_found
Q96372	2457	1	0.01158	116	0.204	0.7458	NA	0.5672	2.444	true	V43	1.051	lost	lost	Ser25 V not in expected {S}
7dbo-assembly2.cif.gz_B	2458	1	0.001894	116	0.145	0.8136	NA	NA	NA	NA	NA	NA	NA	unresolved	structure_not_found
7ln1-assembly1.cif.gz_F	2459	1	0.006294	116	0.136	0.7458	NA	NA	NA	NA	NA	NA	NA	unresolved	structure_not_found
7rlg-assembly1.cif.gz_A	2460	1	0.001894	116	0.141	0.7797	NA	NA	NA	NA	NA	NA	NA	unresolved	structure_not_found
MGYP000162016139.pdb.gz	2461	1	0.01798	115	0.092	0.822	NA	NA	NA	NA	NA	NA	NA	unresolved	structure_not_found
Q01853	2462	1	0.01158	115	0.159	0.7458	NA	0.5673	2.465	true	V38	0.9309	lost	lost	Ser25 V not in expected {S}
I1KCD7	2463	1	0.0103	115	0.147	0.7458	NA	0.5663	2.495	true	V51	0.9947	lost	lost	Ser25 V not in expected {S}
7dbo-assembly1.cif.gz_A	2464	1	0.002381	115	0.164	0.7712	NA	NA	NA	NA	NA	NA	NA	unresolved	structure_not_found
MGYP002762611310.pdb.gz	2465	1	0.009051	114	0.12	0.7712	NA	NA	NA	NA	NA	NA	NA	unresolved	structure_not_found
Q58081	2466	1	0.02052	114	0.176	0.7203	NA	0.5429	2.538	true	L16	0.8992	lost	lost	Ser25 L not in expected {S}
Q5AWS6	2467	1	0.01033	114	0.163	0.7797	NA	0.5671	2.442	true	T59	0.6202	lost	lost	Ser25 T not in expected {S}
A0A0K0EHY8	2468	1	0.005816	114	0.136	0.9322	NA	0.5661	2.435	true	T44	0.872	lost	lost	Ser25 T not in expected {S}
C1H425	2469	1	0.0103	114	0.13	0.7797	NA	0.5658	2.436	true	I54	0.8335	lost	lost	Ser25 I not in expected {S}
A0AAF5DF39	2470	1	0.00437	114	0.131	0.7712	NA	0.58	2.175	true	V397	0.6052	lost	lost	Ser25 V not in expected {S}
af_P46468_319_424_2.40.40.20	2471	1	0.007849	114	0.098	0.7712	NA	NA	NA	NA	NA	NA	NA	unresolved	structure_not_found
A0A9E7JUY5	2472	1	0.01905	114	0.118	0.9322	NA	0.5718	2.525	true	V87	1.17	lost	lost	Ser25 V not in expected {S}
MGYP000660358911.pdb.gz	2473	1	0.01903	113	0.171	0.8898	NA	NA	NA	NA	NA	NA	NA	unresolved	structure_not_found
A0A913HL69	2474	1	0.004127	113	0.122	0.7627	NA	0.5816	2.408	true	V89	0.6187	lost	lost	Ser25 V not in expected {S}
Q4DWB5	2475	1	0.02572	113	0.139	0.7288	NA	0.5584	2.537	true	L27	1.338	lost	lost	Ser25 L not in expected {S}
7du6-assembly1.cif.gz_A	2476	1	0.004729	113	0.163	0.7797	NA	NA	NA	NA	NA	NA	NA	unresolved	structure_not_found
7du7-assembly2.cif.gz_B	2477	1	0.004729	113	0.171	0.839	NA	NA	NA	NA	NA	NA	NA	unresolved	structure_not_found
7dg9-assembly1.cif.gz_A	2478	1	0.002827	113	0.183	0.8305	NA	NA	NA	NA	NA	NA	NA	unresolved	structure_not_found
8hrz-assembly1.cif.gz_D	2479	1	0.007912	113	0.159	0.7458	NA	NA	NA	NA	NA	NA	NA	unresolved	structure_not_found
1e32-assembly1.cif.gz_A	2480	1	0.005614	113	0.152	0.7797	NA	NA	NA	NA	NA	NA	NA	unresolved	structure_not_found
1r7r-assembly1.cif.gz_A	2481	1	0.009945	113	0.136	0.7458	NA	NA	NA	NA	NA	NA	NA	unresolved	structure_not_found
A0A842SVQ8	2482	1	0.02536	113	0.123	0.8898	NA	0.5513	2.825	true	R235	1.581	lost	lost	Ser25 R not in expected {S}
C0NF61	2483	1	0.01223	112	0.141	0.7797	NA	0.5666	2.447	true	I54	0.7609	lost	lost	Ser25 I not in expected {S}
A0A0P0XFK3	2484	1	0.01452	112	0.122	0.7627	NA	0.5803	2.424	true	T104	0.8934	lost	lost	Ser25 T not in expected {S}
af_Q58556_3_88_2.40.40.20	2485	1	0.005897	112	0.168	0.7542	NA	NA	NA	NA	NA	NA	NA	unresolved	structure_not_found
8dat-assembly1.cif.gz_A	2486	1	0.004218	112	0.142	0.7712	NA	NA	NA	NA	NA	NA	NA	unresolved	structure_not_found
7vcx-assembly1.cif.gz_A	2487	1	0.005944	112	0.13	0.7797	NA	NA	NA	NA	NA	NA	NA	unresolved	structure_not_found
A0A1D6JNX1	2488	1	0.01452	111	0.147	0.7458	NA	0.5666	2.455	true	V44	1.056	lost	lost	Ser25 V not in expected {S}
C6KT34	2489	1	0.01371	111	0.136	0.7458	NA	0.5643	2.455	true	V41	1.054	lost	lost	Ser25 V not in expected {S}
Predictome_04fvido_ASTE1_HUMAN__AFG2A_HUMAN__1572aa_unrelaxed_af2mv3_model_1_B	2490	1	0.009245	111	0.15	0.7881	NA	NA	NA	NA	NA	NA	NA	unresolved	structure_not_found
5c19-assembly1.cif.gz_F	2491	1	0.007472	111	0.159	0.7458	NA	NA	NA	NA	NA	NA	NA	unresolved	structure_not_found
5c1a-assembly2.cif.gz_L	2492	1	0.007912	111	0.13	0.7797	NA	NA	NA	NA	NA	NA	NA	unresolved	structure_not_found
7bpa-assembly1.cif.gz_A	2493	1	0.007057	111	0.152	0.7797	NA	NA	NA	NA	NA	NA	NA	unresolved	structure_not_found
7lmz-assembly1.cif.gz_C	2494	1	0.007912	111	0.146	0.7542	NA	NA	NA	NA	NA	NA	NA	unresolved	structure_not_found
A0A842VBW1	2495	1	0.04493	111	0.121	0.6949	NA	0.549	2.854	true	R80	1.58	lost	lost	Ser25 R not in expected {S}
O05209	2496	1	0.01226	110	0.138	0.7966	NA	0.5537	2.681	true	R23	2.07	lost	lost	Ser25 R not in expected {S}
Q07590	2497	1	0.01728	110	0.148	0.7966	NA	0.5781	2.516	true	V54	1.914	lost	lost	Ser25 V not in expected {S}
7di1-assembly2.cif.gz_B	2498	1	0.003169	110	0.197	0.7712	NA	NA	NA	NA	NA	NA	NA	unresolved	structure_not_found
5dyi-assembly2.cif.gz_H	2499	1	0.009393	110	0.136	0.7458	NA	NA	NA	NA	NA	NA	NA	unresolved	structure_not_found
8fct-assembly1.cif.gz_F	2500	1	0.006665	110	0.147	0.7458	NA	NA	NA	NA	NA	NA	NA	unresolved	structure_not_found
A2BJU0	2501	1	0.02579	109	0.139	0.6695	NA	0.538	2.636	true	A19	1.127	lost	lost	Ser25 A not in expected {S}
A0A077ZLV1	2502	1	0.01724	109	0.113	0.7458	NA	0.5665	2.422	true	V43	0.9531	lost	lost	Ser25 V not in expected {S}
5c1b-assembly1.cif.gz_F	2503	1	0.006294	109	0.13	0.7797	NA	NA	NA	NA	NA	NA	NA	unresolved	structure_not_found
7jy5-assembly1.cif.gz_A	2504	1	0.008871	109	0.136	0.7458	NA	NA	NA	NA	NA	NA	NA	unresolved	structure_not_found
MGYP001277633377.pdb.gz	2505	1	0.04752	108	0.1	0.8475	NA	NA	NA	NA	NA	NA	NA	unresolved	structure_not_found
MGYP000144276331.pdb.gz	2506	1	0.04488	108	0.079	0.8559	NA	NA	NA	NA	NA	NA	NA	unresolved	structure_not_found
MGYP001325762143.pdb.gz	2507	1	0.01603	108	0.145	0.8729	NA	NA	NA	NA	NA	NA	NA	unresolved	structure_not_found
Q8Y2X7	2508	1	0.02173	108	0.152	0.7203	NA	0.5513	2.569	true	V28	0.241	lost	lost	Ser25 V not in expected {S}
Q9P3A7	2509	1	0.01158	108	0.119	0.7797	NA	0.5652	2.42	true	V58	0.7818	lost	lost	Ser25 V not in expected {S}
K7LTM9	2510	1	0.01825	108	0.181	0.7458	NA	0.5671	2.459	true	V43	1.026	lost	lost	Ser25 V not in expected {S}
I1L8Z3	2511	1	0.01825	108	0.17	0.7458	NA	0.5666	2.446	true	V45	1.052	lost	lost	Ser25 V not in expected {S}
5c18-assembly1.cif.gz_F	2512	1	0.009393	108	0.147	0.7458	NA	NA	NA	NA	NA	NA	NA	unresolved	structure_not_found
A0A842R4V0	2513	1	0.05037	108	0.113	0.6695	NA	0.544	2.973	true	H209	1.959	lost	lost	Ser25 H not in expected {S}
A0A497PEI2	2514	1	0.09448	108	0.136	0.7458	NA	0.6044	2.337	true	R477	0.9861	lost	lost	Ser25 R not in expected {S}
A1RWC3	2515	1	0.01033	107	0.214	0.7119	NA	0.5446	2.294	true	T16	0.4629	lost	lost	Ser25 T not in expected {S}
Q58556	2516	1	0.01158	107	0.181	0.839	NA	0.5661	2.145	true	I19	1.46	lost	lost	Ser25 I not in expected {S}
A0A8M9Q017	2517	1	0.008197	107	0.119	0.7797	NA	0.573	2.69	true	L52	1.586	lost	lost	Ser25 L not in expected {S}
Q59WG3	2518	1	0.01452	107	0.13	0.7797	NA	0.5646	2.473	true	V49	0.6262	lost	lost	Ser25 V not in expected {S}
7oat-assembly1.cif.gz_B	2519	1	0.01664	107	0.114	0.7373	NA	NA	NA	NA	NA	NA	NA	unresolved	structure_not_found
5c1a-assembly2.cif.gz_K	2520	1	0.01324	107	0.159	0.7458	NA	NA	NA	NA	NA	NA	NA	unresolved	structure_not_found
7ln4-assembly1.cif.gz_D	2521	1	0.01181	107	0.147	0.7458	NA	NA	NA	NA	NA	NA	NA	unresolved	structure_not_found
AF-Q8NB90-3-F1-model_v6	2522	1	0.01375	106	0.168	0.8051	NA	NA	NA	NA	NA	NA	NA	unresolved	structure_not_found
af_Q58081_2_83_2.40.40.20	2523	1	0.0196	106	0.18	0.7034	NA	NA	NA	NA	NA	NA	NA	unresolved	structure_not_found
7di0-assembly3.cif.gz_C	2524	1	0.01324	106	0.135	0.8136	NA	NA	NA	NA	NA	NA	NA	unresolved	structure_not_found
7ln3-assembly1.cif.gz_A	2525	1	0.009945	106	0.136	0.7458	NA	NA	NA	NA	NA	NA	NA	unresolved	structure_not_found
MGYP001571330130.pdb.gz	2526	1	0.03008	105	0.125	0.8814	NA	NA	NA	NA	NA	NA	NA	unresolved	structure_not_found
P25694	2527	1	0.01456	105	0.13	0.7797	NA	0.5629	2.493	true	V48	0.6652	lost	lost	Ser25 V not in expected {S}
A4ICJ9	2528	1	0.01933	105	0.13	0.7797	NA	0.5624	2.515	true	V29	0.7786	lost	lost	Ser25 V not in expected {S}
P90532	2529	1	0.02294	105	0.125	0.7458	NA	0.564	2.48	true	V37	1.016	lost	lost	Ser25 V not in expected {S}
I1JXA0	2530	1	0.0243	105	0.147	0.7458	NA	0.568	2.456	true	V51	0.8866	lost	lost	Ser25 V not in expected {S}
5e7p-assembly1.cif.gz_A	2531	1	0.005007	105	0.154	0.822	NA	NA	NA	NA	NA	NA	NA	unresolved	structure_not_found
7r7t-assembly1.cif.gz_C	2532	1	0.005614	105	0.142	0.7712	NA	NA	NA	NA	NA	NA	NA	unresolved	structure_not_found
7y4w-assembly1.cif.gz_B	2533	1	0.007472	105	0.141	0.7797	NA	NA	NA	NA	NA	NA	NA	unresolved	structure_not_found
Q1GQ92	2534	1	0.008702	104	0.151	0.839	NA	0.5261	2.648	true	A35	0.5756	lost	lost	Ser25 A not in expected {S}
7r7t-assembly1.cif.gz_B	2535	1	0.01181	104	0.136	0.7458	NA	NA	NA	NA	NA	NA	NA	unresolved	structure_not_found
Q21222	2536	1	0.05424	103	0.142	0.7712	NA	0.5945	2.05	true	S75	0.3649	retained	retained	Ser25 S75 retained
K0F946	2537	1	0.04304	103	0.135	0.9407	NA	0.6165	3.367	true	V21	1.752	lost	lost	Ser25 V not in expected {S}
6hd0-assembly1.cif.gz_C	2538	1	0.01324	103	0.159	0.7458	NA	NA	NA	NA	NA	NA	NA	unresolved	structure_not_found
7ln3-assembly1.cif.gz_F	2539	1	0.01571	103	0.136	0.7458	NA	NA	NA	NA	NA	NA	NA	unresolved	structure_not_found
A0AA36N852	2540	1	0.05647	103	0.07	0.8475	NA	0.558	2.677	true	L18	0.46	lost	lost	Ser25 L not in expected {S}
AF-Q8NB90-2-F1-model_v6	2541	1	0.02173	102	0.168	0.8051	NA	NA	NA	NA	NA	NA	NA	unresolved	structure_not_found
X1IBF2	2542	1	0.07959	102	0.152	0.7203	NA	0.545	2.775	true	R86	1.49	lost	lost	Ser25 R not in expected {S}
MGYP001041902706.pdb.gz	2543	1	0.04003	101	0.081	0.8305	NA	NA	NA	NA	NA	NA	NA	unresolved	structure_not_found
MGYP000022789153.pdb.gz	2544	1	0.05328	101	0.133	0.7627	NA	NA	NA	NA	NA	NA	NA	unresolved	structure_not_found
O28927	2545	1	0.01728	101	0.172	0.7373	NA	0.5639	2.157	true	A16	0.7097	lost	lost	Ser25 A not in expected {S}
7ln6-assembly1.cif.gz_F	2546	1	0.01975	101	0.147	0.7458	NA	NA	NA	NA	NA	NA	NA	unresolved	structure_not_found
MGYP003735552117.pdb.gz	2547	1	0.02841	100	0.096	0.7881	NA	NA	NA	NA	NA	NA	NA	unresolved	structure_not_found
6hd3-assembly1.cif.gz_C	2548	1	0.02483	100	0.181	0.7458	NA	NA	NA	NA	NA	NA	NA	unresolved	structure_not_found
A0A0F9H972	2549	1	0.2228	100	0.135	0.6864	NA	0.5505	2.973	true	R164	1.522	lost	lost	Ser25 R not in expected {S}
7r7t-assembly1.cif.gz_D	2550	0.999	0.01484	99	0.147	0.7458	NA	NA	NA	NA	NA	NA	NA	unresolved	structure_not_found
MGYP001609482773.pdb.gz	2551	0.999	0.03571	98	0.129	0.7881	NA	NA	NA	NA	NA	NA	NA	unresolved	structure_not_found
MGYP003320194717.pdb.gz	2552	0.999	0.05032	98	0.119	0.7797	NA	NA	NA	NA	NA	NA	NA	unresolved	structure_not_found
6hd3-assembly1.cif.gz_A	2553	0.999	0.02948	98	0.181	0.7458	NA	NA	NA	NA	NA	NA	NA	unresolved	structure_not_found
5c18-assembly1.cif.gz_E	2554	0.999	0.02629	98	0.137	0.7373	NA	NA	NA	NA	NA	NA	NA	unresolved	structure_not_found
A0AAD4LTH5	2555	0.999	0.08427	98	0.063	0.8051	NA	0.5838	2.815	true	T286	1.204	lost	lost	Ser25 T not in expected {S}
MGYP001612667431.pdb.gz	2556	0.999	0.02534	97	0.134	0.8814	NA	NA	NA	NA	NA	NA	NA	unresolved	structure_not_found
Q46S32	2557	0.999	0.01938	97	0.142	0.8305	NA	0.5511	2.553	true	V33	0.158	lost	lost	Ser25 V not in expected {S}
8daw-assembly1.cif.gz_B	2558	0.999	0.01324	97	0.147	0.8051	NA	NA	NA	NA	NA	NA	NA	unresolved	structure_not_found
3cf1-assembly1.cif.gz_A-2	2559	0.999	0.02345	97	0.152	0.7797	NA	NA	NA	NA	NA	NA	NA	unresolved	structure_not_found
7r7t-assembly1.cif.gz_E	2560	0.999	0.0695	97	0.121	0.6949	NA	NA	NA	NA	NA	NA	NA	unresolved	structure_not_found
7k57-assembly1.cif.gz_A	2561	0.999	0.0125	97	0.17	0.7458	NA	NA	NA	NA	NA	NA	NA	unresolved	structure_not_found
A0A841HX17	2562	0.999	0.04757	97	0.163	0.7797	NA	0.5539	3.298	true	V197	0.8992	lost	lost	Ser25 V not in expected {S}
A0A812V984	2563	0.999	0.1332	97	0.108	0.7797	NA	0.5799	3.336	true	L43	0.8608	lost	lost	Ser25 L not in expected {S}
A0A316UPT5	2564	0.999	0.1059	97	0.085	0.6949	NA	0.5878	2.762	true	A188	0.6937	lost	lost	Ser25 A not in expected {S}
A7I5N0	2565	0.999	0.06082	96	0.118	0.7881	NA	0.5658	2.386	true	G15	0.8276	lost	lost	Ser25 G not in expected {S}
Q607P2	2566	0.999	0.02731	96	0.157	0.7542	NA	0.5447	2.523	true	V25	0.6398	lost	lost	Ser25 V not in expected {S}
7r7s-assembly1.cif.gz_F	2567	0.999	0.02629	96	0.137	0.7373	NA	NA	NA	NA	NA	NA	NA	unresolved	structure_not_found
MGYP001136471510.pdb.gz	2568	0.998	0.05032	95	0.148	0.9153	NA	NA	NA	NA	NA	NA	NA	unresolved	structure_not_found
Q8SSJ5	2569	0.998	0.04569	95	0.136	0.8051	NA	0.5962	3.073	true	Q37	0.922	lost	lost	Ser25 Q not in expected {S}
Q8NB90	2570	0.998	0.01938	95	0.127	0.7966	NA	0.576	2.435	true	L67	1.593	lost	lost	Ser25 L not in expected {S}
K7UEH4	2571	0.998	0.04825	95	0.131	0.7712	NA	0.5731	2.497	true	M42	1.029	lost	lost	Ser25 M not in expected {S}
A0A8I6A2A6	2572	0.998	0.01724	95	0.118	0.7881	NA	0.5692	2.494	true	L66	1.657	lost	lost	Ser25 L not in expected {S}
7k56-assembly1.cif.gz_A	2573	0.998	0.01664	95	0.17	0.7458	NA	NA	NA	NA	NA	NA	NA	unresolved	structure_not_found
L8HFS5	2574	0.998	0.1	95	0.076	0.7797	NA	0.5817	2.643	true	E410	1.54	lost	lost	Ser25 E not in expected {S}
MGYP003804803867.pdb.gz	2575	0.998	0.04003	94	0.107	0.8644	NA	NA	NA	NA	NA	NA	NA	unresolved	structure_not_found
Q3UMC0	2576	0.998	0.03849	94	0.111	0.7627	NA	0.5701	2.476	true	L66	1.56	lost	lost	Ser25 L not in expected {S}
5e7p-assembly2.cif.gz_B	2577	0.998	0.01402	94	0.134	0.822	NA	NA	NA	NA	NA	NA	NA	unresolved	structure_not_found
A0A524DPD2	2578	0.998	0.04757	94	0.147	0.7458	NA	0.5529	2.577	true	R263	1.393	lost	lost	Ser25 R not in expected {S}
Q0KA59	2579	0.998	0.01158	93	0.158	0.8559	NA	0.5546	2.476	true	V43	0.1149	lost	lost	Ser25 V not in expected {S}
7rli-assembly1.cif.gz_E	2580	0.998	0.01402	93	0.147	0.7458	NA	NA	NA	NA	NA	NA	NA	unresolved	structure_not_found
MGYP000698699076.pdb.gz	2581	0.997	0.04239	92	0.127	0.8644	NA	NA	NA	NA	NA	NA	NA	unresolved	structure_not_found
MGYP001615139562.pdb.gz	2582	0.997	0.03781	91	0.134	0.8814	NA	NA	NA	NA	NA	NA	NA	unresolved	structure_not_found
MGYP001066846788.pdb.gz	2583	0.997	0.06698	91	0.101	0.839	NA	NA	NA	NA	NA	NA	NA	unresolved	structure_not_found
A7HYS8	2584	0.997	0.03242	91	0.136	0.7458	NA	0.5422	2.575	true	V26	0.4696	lost	lost	Ser25 V not in expected {S}
Q2SLV0	2585	0.997	0.005507	91	0.16	0.8983	NA	0.5571	2.736	true	V23	0.4056	lost	lost	Ser25 V not in expected {S}
A3CSY4	2586	0.997	0.03242	91	0.135	0.8136	NA	0.5635	2.379	true	G14	0.5753	lost	lost	Ser25 G not in expected {S}
Q12E97	2587	0.997	0.01226	91	0.127	0.7966	NA	0.5551	2.482	true	V30	0.3574	lost	lost	Ser25 V not in expected {S}
P32794	2588	0.997	0.1608	91	0.102	0.7458	NA	0.5666	2.826	true	T50	1.853	lost	lost	Ser25 T not in expected {S}
A0A1D6KSC9	2589	0.997	0.0103	91	0.14	0.9068	NA	0.5195	2.969	true	I103	0.545	lost	lost	Ser25 I not in expected {S}
C1GSK3	2590	0.997	0.08073	91	0.104	0.8136	NA	0.5743	2.826	true	R26	1.697	lost	lost	Ser25 R not in expected {S}
6opc-assembly1.cif.gz_F	2591	0.997	0.03705	91	0.13	0.7797	NA	NA	NA	NA	NA	NA	NA	unresolved	structure_not_found
6opc-assembly1.cif.gz_D	2592	0.997	0.03499	91	0.13	0.7797	NA	NA	NA	NA	NA	NA	NA	unresolved	structure_not_found
MGYP001420997202.pdb.gz	2593	0.996	0.1256	90	0.12	0.8475	NA	NA	NA	NA	NA	NA	NA	unresolved	structure_not_found
A1W9B0	2594	0.996	0.01632	90	0.117	0.8644	NA	0.5536	2.618	true	V32	0.4695	lost	lost	Ser25 V not in expected {S}
7mdm-assembly1.cif.gz_D	2595	0.996	0.02948	90	0.137	0.7373	NA	NA	NA	NA	NA	NA	NA	unresolved	structure_not_found
7rlb-assembly1.cif.gz_A	2596	0.996	0.0125	90	0.147	0.7458	NA	NA	NA	NA	NA	NA	NA	unresolved	structure_not_found
C5A1L9	2597	0.996	0.04569	89	0.163	0.7797	NA	0.5598	2.273	true	S16	0.8386	retained	retained	Ser25 S16 retained
A6UUN0	2598	0.996	0.05424	89	0.086	0.7797	NA	0.5471	2.584	true	A17	1.024	lost	lost	Ser25 A not in expected {S}
O28972	2599	0.996	0.02436	89	0.182	0.7881	NA	0.5699	2.673	true	V25	1.893	lost	lost	Ser25 V not in expected {S}
6opc-assembly1.cif.gz_A	2600	0.996	0.04399	89	0.13	0.7797	NA	NA	NA	NA	NA	NA	NA	unresolved	structure_not_found
B6YWT7	2601	0.995	0.06082	88	0.142	0.7712	NA	0.5605	2.267	true	S16	0.9804	retained	retained	Ser25 S16 retained
A2SPI9	2602	0.995	0.01094	88	0.125	0.8136	NA	0.5685	2.396	true	V14	1.141	lost	lost	Ser25 V not in expected {S}
Q466X0	2603	0.995	0.1354	88	0.12	0.7034	NA	0.5331	2.626	true	K16	0.7384	lost	lost	Ser25 K not in expected {S}
Q21W90	2604	0.995	0.01375	88	0.153	0.8305	NA	0.5459	2.778	true	V28	0.9668	lost	lost	Ser25 V not in expected {S}
Q9HPF0	2605	0.995	0.06439	88	0.163	0.7797	NA	0.5596	2.231	true	I20	1.632	lost	lost	Ser25 I not in expected {S}
P96281	2606	0.995	0.09584	88	0.157	0.8051	NA	0.625	3.624	true	V27	2.039	lost	lost	Ser25 V not in expected {S}
af_Q8NB90_50_135_2.40.40.20	2607	0.995	0.08185	88	0.162	0.6271	NA	NA	NA	NA	NA	NA	NA	unresolved	structure_not_found
8daw-assembly1.cif.gz_A	2608	0.995	0.04154	88	0.125	0.7458	NA	NA	NA	NA	NA	NA	NA	unresolved	structure_not_found
6opc-assembly1.cif.gz_E	2609	0.995	0.04932	88	0.13	0.7797	NA	NA	NA	NA	NA	NA	NA	unresolved	structure_not_found
7rld-assembly1.cif.gz_B	2610	0.995	0.03923	88	0.136	0.7458	NA	NA	NA	NA	NA	NA	NA	unresolved	structure_not_found
MGYP001287096610.pdb.gz	2611	0.994	0.1187	87	0.089	0.7542	NA	NA	NA	NA	NA	NA	NA	unresolved	structure_not_found
Q55BK0	2612	0.994	0.05744	87	0.127	0.8644	NA	0.545	2.994	true	K49	1.53	lost	lost	Ser25 K not in expected {S}
Q5JCX3	2613	0.994	0.1434	87	0.156	0.7034	NA	0.56	2.293	true	T16	0.9495	lost	lost	Ser25 T not in expected {S}
4ga5-assembly4.cif.gz_D	2614	0.994	0.04399	87	0.096	0.7881	NA	NA	NA	NA	NA	NA	NA	unresolved	structure_not_found
E0VNU9	2615	0.994	0.1877	87	0.152	0.7203	NA	0.5791	2.352	true	F76	1.046	lost	lost	Ser25 F not in expected {S}
MGYP001604799069.pdb.gz	2616	0.993	0.00541	86	0.148	0.9153	NA	NA	NA	NA	NA	NA	NA	unresolved	structure_not_found
MGYP001138973333.pdb.gz	2617	0.993	0.09439	86	0.109	1.161	NA	NA	NA	NA	NA	NA	NA	unresolved	structure_not_found
Q3IP82	2618	0.993	0.06439	86	0.117	0.7966	NA	0.5422	2.543	true	V16	1.177	lost	lost	Ser25 V not in expected {S}
A1W631	2619	0.993	0.03242	86	0.153	0.8305	NA	0.5409	2.748	true	I30	0.6186	lost	lost	Ser25 I not in expected {S}
2iv2X04	2620	0.993	0.01171	86	0.102	0.9068	NA	NA	NA	NA	NA	NA	NA	unresolved	structure_not_found
af_Q8I3L7_53_159_2.40.40.50	2621	0.993	0.002231	86	0.103	0.822	NA	NA	NA	NA	NA	NA	NA	unresolved	structure_not_found
1wlf-assembly1.cif.gz_A	2622	0.993	0.08251	86	0.111	0.7627	NA	NA	NA	NA	NA	NA	NA	unresolved	structure_not_found
Q5X2M8	2623	0.992	0.06818	85	0.113	0.7458	NA	0.5521	2.528	true	I36	0.4242	lost	lost	Ser25 I not in expected {S}
7dvh-assembly4.cif.gz_C	2624	0.992	0.04399	85	0.166	0.7627	NA	NA	NA	NA	NA	NA	NA	unresolved	structure_not_found
MGYP003548866104.pdb.gz	2625	0.991	0.04488	84	0.131	0.9661	NA	NA	NA	NA	NA	NA	NA	unresolved	structure_not_found
MGYP001555862826.pdb.gz	2626	0.991	0.1121	84	0.136	0.6186	NA	NA	NA	NA	NA	NA	NA	unresolved	structure_not_found
Q8U0I2	2627	0.991	0.04075	84	0.197	0.7712	NA	0.5602	2.258	true	A16	0.9892	lost	lost	Ser25 A not in expected {S}
Q9V163	2628	0.991	0.03849	84	0.153	0.7712	NA	0.5611	2.265	true	D16	0.8901	lost	lost	Ser25 D not in expected {S}
A5IFN1	2629	0.991	0.05123	84	0.109	0.7712	NA	0.5521	2.502	true	I36	0.4013	lost	lost	Ser25 I not in expected {S}
Q8RNP4	2630	0.991	0.05123	84	0.109	0.7712	NA	0.5515	2.527	true	I36	0.285	lost	lost	Ser25 I not in expected {S}
Q0ATA0	2631	0.991	0.04315	84	0.136	0.8051	NA	0.5528	2.693	true	V34	0.377	lost	lost	Ser25 V not in expected {S}
Q5F621	2632	0.991	0.09052	84	0.104	0.5678	NA	0.51	2.942	true	A687	2.079	lost	lost	Ser25 A not in expected {S}
Q585X7	2633	0.991	0.1075	84	0.13	0.7797	NA	0.5493	3.209	true	E94	1.63	lost	lost	Ser25 E not in expected {S}
K7TS12	2634	0.991	0.3185	84	0.076	1.102	NA	0.6129	3.218	true	R84	0.7716	lost	lost	Ser25 R not in expected {S}
1wlfA01	2635	0.991	0.02463	84	0.122	0.7627	NA	NA	NA	NA	NA	NA	NA	unresolved	structure_not_found
A4FZL0	2636	0.99	0.09075	83	0.096	0.7881	NA	0.5496	2.551	true	A17	0.7975	lost	lost	Ser25 A not in expected {S}
A9A6M7	2637	0.99	0.08094	83	0.096	0.7881	NA	0.5437	2.732	true	A17	1.2	lost	lost	Ser25 A not in expected {S}
A6URW3	2638	0.99	0.06439	83	0.086	0.7881	NA	0.5404	2.624	true	A17	0.9308	lost	lost	Ser25 A not in expected {S}
Q88FH2	2639	0.99	0.08571	83	0.109	0.5424	NA	0.55	2.564	true	Y835	0.6568	lost	lost	Ser25 Y not in expected {S}
P46468	2640	0.99	0.02892	83	0.095	1.246	NA	0.562	2.595	true	D355	1.288	lost	lost	Ser25 D not in expected {S}
4ga5A01	2641	0.99	0.05485	83	0.093	0.7288	NA	NA	NA	NA	NA	NA	NA	unresolved	structure_not_found
af_O42915_18_129_2.40.40.50	2642	0.99	0.02326	83	0.102	0.8305	NA	NA	NA	NA	NA	NA	NA	unresolved	structure_not_found
MGYP001385332915.pdb.gz	2643	0.988	0.09439	82	0.118	0.8559	NA	NA	NA	NA	NA	NA	NA	unresolved	structure_not_found
Q5ZWR3	2644	0.988	0.06082	82	0.109	0.7712	NA	0.5521	2.533	true	I36	0.4326	lost	lost	Ser25 I not in expected {S}
Q9KGW3	2645	0.988	0.09609	82	0.093	0.5424	NA	0.549	2.701	true	Y835	0.6588	lost	lost	Ser25 Y not in expected {S}
Q5BL07	2646	0.988	0.269	82	0.134	0.7542	NA	0.5713	2.551	true	F28	1.671	lost	lost	Ser25 F not in expected {S}
K7M3G0	2647	0.988	0.01223	82	0.141	0.9576	NA	0.5658	2.972	true	K26	0.5153	lost	lost	Ser25 K not in expected {S}
Q8I3L7	2648	0.988	0.004899	82	0.103	0.8983	NA	0.5517	3.24	true	K84	1.414	lost	lost	Ser25 K not in expected {S}
Q5A331	2649	0.988	0.3185	82	0.119	0.7797	NA	0.5704	2.846	true	N48	1.668	lost	lost	Ser25 N not in expected {S}
af_A8MQW3_26_128_2.40.40.50	2650	0.988	0.0518	82	0.11	0.8475	NA	NA	NA	NA	NA	NA	NA	unresolved	structure_not_found
LevyLab_Q8U0I2_V1_5_relaxed_B	2651	0.988	0.03072	82	0.193	0.7458	NA	NA	NA	NA	NA	NA	NA	unresolved	structure_not_found
7mdm-assembly1.cif.gz_E	2652	0.988	0.0695	82	0.149	0.7373	NA	NA	NA	NA	NA	NA	NA	unresolved	structure_not_found
MGYP001133801279.pdb.gz	2653	0.986	0.03571	81	0.109	0.9322	NA	NA	NA	NA	NA	NA	NA	unresolved	structure_not_found
O60058	2654	0.986	0.1141	81	0.127	0.7966	NA	0.57	2.804	true	H23	2.127	lost	lost	Ser25 H not in expected {S}
P60068	2655	0.986	0.2021	81	0.153	0.4407	NA	0.5146	2.704	true	D811	1.436	lost	lost	Ser25 D not in expected {S}
X1G7I9	2656	0.986	0.2645	81	0.085	0.7966	NA	0.5508	2.716	true	R260	1.495	lost	lost	Ser25 R not in expected {S}
MGYP000577791375.pdb.gz	2657	0.984	0.2495	80	0.096	0.7881	NA	NA	NA	NA	NA	NA	NA	unresolved	structure_not_found
MGYP000862625223.pdb.gz	2658	0.984	0.06698	80	0.084	0.8051	NA	NA	NA	NA	NA	NA	NA	unresolved	structure_not_found
P9WIV9	2659	0.984	0.09075	80	0.121	0.9068	NA	0.5054	3.143	true	V735	1.573	lost	lost	Ser25 V not in expected {S}
Q5AMF9	2660	0.984	0.01825	80	0.138	0.9153	NA	0.5078	3.07	true	I173	0.5058	lost	lost	Ser25 I not in expected {S}
Q9VK63	2661	0.984	0.1138	80	0.111	0.839	NA	0.5777	2.647	true	L84	1.457	lost	lost	Ser25 L not in expected {S}
D3ZZB2	2662	0.984	0.1904	80	0.107	0.7881	NA	0.5684	2.429	true	F28	1.647	lost	lost	Ser25 F not in expected {S}
7bp9-assembly1.cif.gz_A	2663	0.984	0.0695	80	0.142	0.7712	NA	NA	NA	NA	NA	NA	NA	unresolved	structure_not_found
MGYP000897819958.pdb.gz	2664	0.981	0.07509	79	0.091	0.8305	NA	NA	NA	NA	NA	NA	NA	unresolved	structure_not_found
Q9S1H0	2665	0.981	0.2266	79	0.153	0.4407	NA	0.5041	2.868	true	D815	1.084	lost	lost	Ser25 D not in expected {S}
Q9I0C8	2666	0.981	0.1276	79	0.189	0.4915	NA	0.556	2.921	true	T666	1.844	lost	lost	Ser25 T not in expected {S}
af_Q5BL07_3_99_2.40.40.20	2667	0.981	0.04621	79	0.115	0.8051	NA	NA	NA	NA	NA	NA	NA	unresolved	structure_not_found
1siwA13	2668	0.981	0.0124	79	0.081	1.042	NA	NA	NA	NA	NA	NA	NA	unresolved	structure_not_found
MGYP001304154015.pdb.gz	2669	0.978	0.04488	78	0.145	0.8136	NA	NA	NA	NA	NA	NA	NA	unresolved	structure_not_found
Q58568	2670	0.978	0.08571	78	0.099	1.025	NA	0.5447	2.317	true	V32	0.6217	lost	lost	Ser25 V not in expected {S}
G3GXG9	2671	0.978	0.1909	78	0.123	0.7542	NA	0.5648	2.548	true	F28	2.086	lost	lost	Ser25 F not in expected {S}
K0F4A3	2672	0.978	0.03424	78	0.134	0.822	NA	0.5332	2.725	true	S33	0.4188	retained	retained	Ser25 S33 retained
A0A0P0VFH4	2673	0.978	0.1138	78	0.118	0.8559	NA	0.5449	2.993	true	K44	1.358	lost	lost	Ser25 K not in expected {S}
af_Q5AMF9_148_250_2.40.40.10	2674	0.978	0.01851	78	0.147	0.8644	NA	NA	NA	NA	NA	NA	NA	unresolved	structure_not_found
MGYP000072946423.pdb.gz	2675	0.975	0.3137	77	0.1	0.7627	NA	NA	NA	NA	NA	NA	NA	unresolved	structure_not_found
A0B6C9	2676	0.975	0.1518	77	0.114	0.7373	NA	0.5286	2.5	true	K15	0.2506	lost	lost	Ser25 K not in expected {S}
P9WIV8	2677	0.975	0.1279	77	0.121	0.9068	NA	0.5056	3.144	true	V735	1.569	lost	lost	Ser25 V not in expected {S}
P59962	2678	0.975	0.1279	77	0.121	0.9068	NA	0.5047	3.156	true	V735	1.574	lost	lost	Ser25 V not in expected {S}
Q9VUC7	2679	0.975	0.07201	77	0.122	0.8305	NA	0.542	3.371	true	D263	1.489	lost	lost	Ser25 D not in expected {S}
1cz5-assembly1.cif.gz_A	2680	0.975	0.03923	77	0.125	0.8136	NA	NA	NA	NA	NA	NA	NA	unresolved	structure_not_found
O59251	2681	0.971	0.1017	76	0.142	0.7712	NA	0.5655	2.171	true	N16	0.577	lost	lost	Ser25 N not in expected {S}
A4VHV6	2682	0.971	0.01728	76	0.18	0.8475	NA	0.5624	2.951	true	V32	0.6686	lost	lost	Ser25 V not in expected {S}
C4J8Y3	2683	0.971	0.1205	76	0.118	0.8559	NA	0.5442	2.993	true	K35	1.408	lost	lost	Ser25 K not in expected {S}
A0A0D2GEP7	2684	0.971	0.06066	76	0.153	0.8305	NA	0.5464	2.906	true	K45	1.727	lost	lost	Ser25 K not in expected {S}
C0P059	2685	0.971	0.06423	76	0.112	0.8305	NA	0.5437	3.024	true	K55	1.59	lost	lost	Ser25 K not in expected {S}
U7PJZ1	2686	0.971	0.06801	76	0.102	0.8305	NA	0.5403	2.984	true	K85	1.684	lost	lost	Ser25 K not in expected {S}
A0A158Q482	2687	0.971	0.1276	76	0.13	0.8475	NA	0.5294	3.504	true	C43	1.582	lost	lost	Ser25 C not in expected {S}
2ki8A01	2688	0.971	0.02075	76	0.069	0.9746	NA	NA	NA	NA	NA	NA	NA	unresolved	structure_not_found
4pmk-assembly2.cif.gz_B	2689	0.971	0.01664	76	0.152	1	NA	NA	NA	NA	NA	NA	NA	unresolved	structure_not_found
2yuj-assembly1.cif.gz_A	2690	0.971	0.01402	76	0.101	0.839	NA	NA	NA	NA	NA	NA	NA	unresolved	structure_not_found
Q11BH8	2691	0.967	0.05123	75	0.099	0.8559	NA	0.5498	2.462	true	V29	0.4593	lost	lost	Ser25 V not in expected {S}
C0NYV3	2692	0.967	0.1698	75	0.099	0.8559	NA	0.5828	2.703	true	R26	1.894	lost	lost	Ser25 R not in expected {S}
af_A0A0R4IPF0_1_91_2.40.40.20	2693	0.967	0.05485	75	0.098	0.7712	NA	NA	NA	NA	NA	NA	NA	unresolved	structure_not_found
1e60A04	2694	0.967	0.08185	75	0.112	0.678	NA	NA	NA	NA	NA	NA	NA	unresolved	structure_not_found
4pmk-assembly1.cif.gz_A	2695	0.967	0.01762	75	0.15	1.017	NA	NA	NA	NA	NA	NA	NA	unresolved	structure_not_found
3ir7-assembly1.cif.gz_A	2696	0.967	0.03923	75	0.119	0.7797	NA	NA	NA	NA	NA	NA	NA	unresolved	structure_not_found
MGYP000406156027.pdb.gz	2697	0.961	0.07509	74	0.118	1	NA	NA	NA	NA	NA	NA	NA	unresolved	structure_not_found
MGYP000939287327.pdb.gz	2698	0.961	1.042	74	0.126	0.6017	NA	NA	NA	NA	NA	NA	NA	unresolved	structure_not_found
Q6M0E4	2699	0.961	0.2021	74	0.107	0.7881	NA	0.5468	2.594	true	A17	0.9203	lost	lost	Ser25 A not in expected {S}
A0A804LYC0	2700	0.961	0.09052	74	0.113	0.8983	NA	0.5282	3.113	true	I95	0.5667	lost	lost	Ser25 I not in expected {S}
O25163	2701	0.961	0.3185	74	0.148	0.4576	NA	0.5364	2.817	true	P680	1.754	lost	lost	Ser25 P not in expected {S}
1cz5A01	2702	0.961	0.03892	74	0.125	0.8136	NA	NA	NA	NA	NA	NA	NA	unresolved	structure_not_found
ProtVar_O76064_Q92890_B	2703	0.961	0.04089	74	0.102	0.8305	NA	NA	NA	NA	NA	NA	NA	unresolved	structure_not_found
1e60-assembly2.cif.gz_C	2704	0.961	0.231	74	0.153	0.4407	NA	NA	NA	NA	NA	NA	NA	unresolved	structure_not_found
P54934	2705	0.956	0.05123	73	0.174	0.7288	NA	0.5281	2.947	true	E630	1.873	lost	lost	Ser25 E not in expected {S}
P46923	2706	0.956	0.03433	73	0.137	1.229	NA	0.5289	2.896	true	P701	1.648	lost	lost	Ser25 P not in expected {S}
A0A3Q0KUV5	2707	0.956	0.05109	73	0.09	0.839	NA	0.5409	2.967	true	K38	1.559	lost	lost	Ser25 K not in expected {S}
I1LK05	2708	0.956	0.1604	73	0.122	0.8305	NA	0.5483	3.064	true	K55	1.185	lost	lost	Ser25 K not in expected {S}
af_P46923_646_802_2.40.40.20	2709	0.956	0.03096	73	0.108	1.093	NA	NA	NA	NA	NA	NA	NA	unresolved	structure_not_found
3ir6A04	2710	0.956	0.03676	73	0.092	0.822	NA	NA	NA	NA	NA	NA	NA	unresolved	structure_not_found
2ki8-assembly1.cif.gz_A	2711	0.956	0.03705	73	0.069	0.9746	NA	NA	NA	NA	NA	NA	NA	unresolved	structure_not_found
7r7s-assembly1.cif.gz_E	2712	0.956	0.1462	73	0.142	0.7712	NA	NA	NA	NA	NA	NA	NA	unresolved	structure_not_found
A0A0E9NJQ8	2713	0.956	0.2359	73	0.113	0.8983	NA	0.5709	3.343	true	W259	1.458	lost	lost	Ser25 W not in expected {S}
MGYP000512326626.pdb.gz	2714	0.949	0.4421	72	0.155	0.7627	NA	NA	NA	NA	NA	NA	NA	unresolved	structure_not_found
Q92890	2715	0.949	0.05424	72	0.107	0.8644	NA	0.5438	2.905	true	K45	1.665	lost	lost	Ser25 K not in expected {S}
Q9ES53	2716	0.949	0.05744	72	0.107	0.8644	NA	0.5435	2.89	true	K45	1.731	lost	lost	Ser25 K not in expected {S}
P70362	2717	0.949	0.05744	72	0.107	0.8644	NA	0.5416	3.053	true	K45	1.499	lost	lost	Ser25 K not in expected {S}
C6A2A0	2718	0.949	0.1354	72	0.131	0.7712	NA	0.5601	2.23	true	L16	0.7181	lost	lost	Ser25 L not in expected {S}
O28928	2719	0.949	0.09075	72	0.112	0.8305	NA	0.5494	2.414	true	A16	0.4154	lost	lost	Ser25 A not in expected {S}
A6VIW6	2720	0.949	0.2266	72	0.096	0.7881	NA	0.5439	2.611	true	A17	0.7729	lost	lost	Ser25 A not in expected {S}
C0SP82	2721	0.949	0.254	72	0.123	0.6864	NA	0.514	2.813	true	K594	1.493	lost	lost	Ser25 K not in expected {S}
P06131	2722	0.949	0.06818	72	0.129	0.7881	NA	0.546	2.769	true	Y598	1.191	lost	lost	Ser25 Y not in expected {S}
A8IA58	2723	0.949	0.04569	72	0.108	0.8559	NA	0.5337	3.136	true	V203	1.3	lost	lost	Ser25 V not in expected {S}
P20099	2724	0.949	0.1434	72	0.142	0.7119	NA	0.5273	2.927	true	P667	1.795	lost	lost	Ser25 P not in expected {S}
Q8GPG4	2725	0.949	0.3791	72	0.173	0.4407	NA	0.5155	2.624	true	N807	1.306	lost	lost	Ser25 N not in expected {S}
Q8ILR6	2726	0.949	0.1514	72	0.153	0.8305	NA	0.5398	3.01	true	K44	1.287	lost	lost	Ser25 K not in expected {S}
A0A0P0WDV8	2727	0.949	0.1514	72	0.128	0.8559	NA	0.5435	3.04	true	K35	1.531	lost	lost	Ser25 K not in expected {S}
A0A0H3GUK9	2728	0.949	0.143	72	0.144	0.7034	NA	0.5264	2.948	true	P667	1.756	lost	lost	Ser25 P not in expected {S}
af_Q9VTF9_5_114_2.40.40.50	2729	0.949	0.0518	72	0.132	0.8305	NA	NA	NA	NA	NA	NA	NA	unresolved	structure_not_found
af_Q19584_10_121_2.40.40.50	2730	0.949	0.07301	72	0.118	0.8559	NA	NA	NA	NA	NA	NA	NA	unresolved	structure_not_found
1h5n-assembly2.cif.gz_C	2731	0.949	0.1837	72	0.108	0.7034	NA	NA	NA	NA	NA	NA	NA	unresolved	structure_not_found
3ir6-assembly1.cif.gz_A	2732	0.949	0.0695	72	0.119	0.7797	NA	NA	NA	NA	NA	NA	NA	unresolved	structure_not_found
MGYP002833242840.pdb.gz	2733	0.941	0.133	71	0.115	0.8051	NA	NA	NA	NA	NA	NA	NA	unresolved	structure_not_found
P58362	2734	0.941	0.03433	71	0.134	1.263	NA	0.5295	2.885	true	P701	1.592	lost	lost	Ser25 P not in expected {S}
P85097	2735	0.941	0.01456	71	0.124	1.093	NA	0.5289	3.169	true	I798	0.8695	lost	lost	Ser25 I not in expected {S}
AF-Q5BL07-2-F1-model_v6	2736	0.941	0.358	71	0.114	0.7373	NA	NA	NA	NA	NA	NA	NA	unresolved	structure_not_found
O43933	2737	0.941	0.1909	71	0.105	0.8051	NA	0.5627	2.71	true	F28	1.788	lost	lost	Ser25 F not in expected {S}
C0NF62	2738	0.941	0.5974	71	0.089	0.4746	NA	0.4376	2.205	false	-	NA	unresolved	unresolved	fold below TM gate (TM 0.44 < 0.50)
Q0P854	2739	0.941	0.1351	71	0.147	0.7458	NA	0.5034	2.649	true	N167	0.8186	lost	lost	Ser25 N not in expected {S}
A0A804N031	2740	0.941	0.1698	71	0.125	0.8136	NA	0.537	2.895	true	R37	1.422	lost	lost	Ser25 R not in expected {S}
A0A3P7EX61	2741	0.941	0.1205	71	0.133	0.9492	NA	0.5381	3.112	true	K45	1.371	lost	lost	Ser25 K not in expected {S}
A4ICA6	2742	0.941	0.1075	71	0.105	0.8814	NA	0.5426	3.027	true	R30	1.716	lost	lost	Ser25 R not in expected {S}
A0A0P0Y148	2743	0.941	0.143	71	0.07	1.076	NA	0.6117	2.712	true	R86	0.5833	lost	lost	Ser25 R not in expected {S}
A0A3P7DKK5	2744	0.941	0.3008	71	0.073	0.9237	NA	0.5938	2.433	true	V81	0.5478	lost	lost	Ser25 V not in expected {S}
af_D4A2B7_1_190_2.40.40.20	2745	0.941	0.193	71	0.15	0.678	NA	NA	NA	NA	NA	NA	NA	unresolved	structure_not_found
7mdm-assembly1.cif.gz_B	2746	0.941	0.1946	71	0.137	0.7373	NA	NA	NA	NA	NA	NA	NA	unresolved	structure_not_found
8h2n-assembly4.cif.gz_D	2747	0.941	0.05222	71	0.151	0.839	NA	NA	NA	NA	NA	NA	NA	unresolved	structure_not_found
7z11-assembly1.cif.gz_A	2748	0.941	0.206	71	0.096	0.7881	NA	NA	NA	NA	NA	NA	NA	unresolved	structure_not_found
8h2m-assembly1.cif.gz_A	2749	0.941	0.09251	71	0.112	0.678	NA	NA	NA	NA	NA	NA	NA	unresolved	structure_not_found
1dms-assembly1.cif.gz_A	2750	0.941	0.2903	71	0.153	0.4407	NA	NA	NA	NA	NA	NA	NA	unresolved	structure_not_found
Q21A54	2751	0.933	0.3381	70	0.159	0.5847	NA	0.4962	3.176	false	-	NA	unresolved	unresolved	fold below TM gate (TM 0.50 < 0.50)
AF-Q92890-3-F1-model_v6	2752	0.933	0.06818	70	0.107	0.8644	NA	NA	NA	NA	NA	NA	NA	unresolved	structure_not_found
O42915	2753	0.933	0.1803	70	0.102	0.8305	NA	0.5405	3.082	true	K57	1.738	lost	lost	Ser25 K not in expected {S}
Q8CVZ3	2754	0.933	0.03635	70	0.12	1.271	NA	0.5292	2.895	true	P701	1.661	lost	lost	Ser25 P not in expected {S}
Q9CK41	2755	0.933	0.2266	70	0.088	0.6695	NA	0.5272	2.75	true	P710	1.966	lost	lost	Ser25 P not in expected {S}
Q87ZQ4	2756	0.933	0.2399	70	0.094	0.6271	NA	0.548	2.647	true	Y836	0.8416	lost	lost	Ser25 Y not in expected {S}
Q328L3	2757	0.933	0.2134	70	0.13	0.7119	NA	0.5281	2.918	true	P629	1.731	lost	lost	Ser25 P not in expected {S}
1qcsA01	2758	0.933	0.04621	70	0.063	0.8051	NA	NA	NA	NA	NA	NA	NA	unresolved	structure_not_found
af_A0A1D6KSC9_73_176_2.40.40.10	2759	0.933	0.03472	70	0.128	0.9237	NA	NA	NA	NA	NA	NA	NA	unresolved	structure_not_found
5fj8A03	2760	0.933	0.05808	70	0.14	0.8475	NA	NA	NA	NA	NA	NA	NA	unresolved	structure_not_found
3j97-assembly1.cif.gz_F	2761	0.933	0.1037	70	0.049	0.8559	NA	NA	NA	NA	NA	NA	NA	unresolved	structure_not_found
2dmr-assembly1.cif.gz_A	2762	0.933	0.1837	70	0.111	0.6864	NA	NA	NA	NA	NA	NA	NA	unresolved	structure_not_found
3dmr-assembly1.cif.gz_A	2763	0.933	0.1735	70	0.111	0.6864	NA	NA	NA	NA	NA	NA	NA	unresolved	structure_not_found
2ivf-assembly1.cif.gz_A	2764	0.933	0.2903	70	0.108	0.7034	NA	NA	NA	NA	NA	NA	NA	unresolved	structure_not_found
1siw-assembly1.cif.gz_A	2765	0.933	0.07359	70	0.108	0.7797	NA	NA	NA	NA	NA	NA	NA	unresolved	structure_not_found
Q7XD66	2766	0.923	0.05424	69	0.133	0.9492	NA	0.5254	3.238	true	V92	0.5992	lost	lost	Ser25 V not in expected {S}
Q9WYK8	2767	0.923	0.2848	69	0.136	0.6186	NA	0.4876	3.329	false	-	NA	unresolved	unresolved	fold below TM gate (TM 0.49 < 0.50)
Q9Z4S6	2768	0.923	0.3016	69	0.111	0.4576	NA	0.5297	2.826	true	L906	4.363	unresolved	unresolved	Ser25: CA offset 4.36 A > 4.00 A
Q6DRD5	2769	0.923	0.08073	69	0.098	0.8644	NA	0.5423	3.05	true	K45	1.472	lost	lost	Ser25 K not in expected {S}
I1KQB3	2770	0.923	0.1904	69	0.122	0.8983	NA	0.5457	2.995	true	K35	1.424	lost	lost	Ser25 K not in expected {S}
A8MQW3	2771	0.923	0.1205	69	0.132	0.8983	NA	0.5406	3.048	true	K56	1.509	lost	lost	Ser25 K not in expected {S}
2iv2-assembly1.cif.gz_X	2772	0.923	0.01975	69	0.118	1	NA	NA	NA	NA	NA	NA	NA	unresolved	structure_not_found
7rl6-assembly1.cif.gz_A	2773	0.923	0.07359	69	0.129	0.7881	NA	NA	NA	NA	NA	NA	NA	unresolved	structure_not_found
1e61-assembly2.cif.gz_C	2774	0.923	0.1946	69	0.111	0.6864	NA	NA	NA	NA	NA	NA	NA	unresolved	structure_not_found
4dmr-assembly1.cif.gz_A	2775	0.923	0.1946	69	0.111	0.6864	NA	NA	NA	NA	NA	NA	NA	unresolved	structure_not_found
1e60-assembly1.cif.gz_A	2776	0.923	0.206	69	0.111	0.6864	NA	NA	NA	NA	NA	NA	NA	unresolved	structure_not_found
D5AKU6	2777	0.912	0.425	68	0.089	0.5678	NA	0.4995	3.162	false	-	NA	unresolved	unresolved	fold below TM gate (TM 0.50 < 0.50)
Q9VTF9	2778	0.912	0.09075	68	0.127	0.8644	NA	0.5494	2.871	true	K42	1.499	lost	lost	Ser25 K not in expected {S}
Q19584	2779	0.912	0.214	68	0.118	0.8559	NA	0.5446	3.065	true	K49	1.509	lost	lost	Ser25 K not in expected {S}
P31075	2780	0.912	0.599	68	0.17	0.3983	NA	0.5149	2.794	true	A671	2.371	lost	lost	Ser25 A not in expected {S}
Q5Y818	2781	0.912	0.5046	68	0.222	0.4576	NA	0.5331	2.734	true	V745	1.583	lost	lost	Ser25 V not in expected {S}
A0A1D6KSD3	2782	0.912	0.06423	68	0.135	0.9407	NA	0.5201	2.956	true	I94	0.3988	lost	lost	Ser25 I not in expected {S}
K0EYY0	2783	0.912	0.06066	68	0.06	0.9746	NA	0.5132	3.022	true	V756	1.583	lost	lost	Ser25 V not in expected {S}
af_Q75JI3_9_102_2.40.40.20	2784	0.912	0.09717	68	0.101	0.839	NA	NA	NA	NA	NA	NA	NA	unresolved	structure_not_found
2r93A03	2785	0.912	0.1029	68	0.055	0.9237	NA	NA	NA	NA	NA	NA	NA	unresolved	structure_not_found
af_Q2FVM1_41_1229_3.40.50.12440	2786	0.912	0.1221	68	0.105	0.7203	NA	NA	NA	NA	NA	NA	NA	unresolved	structure_not_found
1fdi-assembly1.cif.gz_A	2787	0.912	0.01571	68	0.112	1.059	NA	NA	NA	NA	NA	NA	NA	unresolved	structure_not_found
1e18-assembly1.cif.gz_A	2788	0.912	0.231	68	0.111	0.6864	NA	NA	NA	NA	NA	NA	NA	unresolved	structure_not_found
8e9i-assembly1.cif.gz_G	2789	0.912	0.1735	68	0.097	0.8729	NA	NA	NA	NA	NA	NA	NA	unresolved	structure_not_found
MGYP001437676840.pdb.gz	2790	0.9	0.623	67	0.079	0.7458	NA	NA	NA	NA	NA	NA	NA	unresolved	structure_not_found
AF-Q92890-1-F1-model_v6	2791	0.9	0.09609	67	0.081	0.9407	NA	NA	NA	NA	NA	NA	NA	unresolved	structure_not_found
Q9XAR0	2792	0.9	0.0722	67	0.099	0.9407	NA	0.5011	3.409	true	R761	1.874	lost	lost	Ser25 R not in expected {S}
Q47CW6	2793	0.9	0.269	67	0.125	0.678	NA	0.5248	2.785	true	S816	1.85	retained	retained	Ser25 S816 retained
Q9SVK0	2794	0.9	0.1205	67	0.121	0.9746	NA	0.5423	3.02	true	K35	1.837	lost	lost	Ser25 K not in expected {S}
A0A0K0IZH8	2795	0.9	0.1904	67	0.135	0.9407	NA	0.5383	3.089	true	K45	1.518	lost	lost	Ser25 K not in expected {S}
A0A804MBL0	2796	0.9	0.2683	67	0.128	0.8559	NA	0.5417	3.042	true	K35	1.46	lost	lost	Ser25 K not in expected {S}
A0A175WC53	2797	0.9	0.06066	67	0.1	1.271	NA	0.5376	3.101	true	K49	1.513	lost	lost	Ser25 K not in expected {S}
A0A0H3GH07	2798	0.9	0.03234	67	0.12	1.059	NA	0.5428	2.721	true	Y451	1.294	lost	lost	Ser25 Y not in expected {S}
A0A0J9YAJ0	2799	0.9	0.3008	67	0.039	0.8559	NA	0.5941	2.419	true	V81	0.4513	lost	lost	Ser25 V not in expected {S}
K0EK18	2800	0.9	0.1276	67	0.102	0.9915	NA	0.5272	2.936	true	V679	1.213	lost	lost	Ser25 V not in expected {S}
af_P9WIV9_711_804_2.40.40.20	2801	0.9	0.1721	67	0.136	0.6186	NA	NA	NA	NA	NA	NA	NA	unresolved	structure_not_found
7bkb-assembly1.cif.gz_J	2802	0.9	0.06564	67	0.083	0.8136	NA	NA	NA	NA	NA	NA	NA	unresolved	structure_not_found
1qcs-assembly1.cif.gz_A	2803	0.9	0.06564	67	0.081	0.8305	NA	NA	NA	NA	NA	NA	NA	unresolved	structure_not_found
7tvp-assembly1.cif.gz_A	2804	0.9	0.3074	67	0.131	0.6441	NA	NA	NA	NA	NA	NA	NA	unresolved	structure_not_found
7r7s-assembly1.cif.gz_A	2805	0.9	0.3074	67	0.136	0.7458	NA	NA	NA	NA	NA	NA	NA	unresolved	structure_not_found
1eu1-assembly1.cif.gz_A	2806	0.9	0.231	67	0.148	0.6864	NA	NA	NA	NA	NA	NA	NA	unresolved	structure_not_found
P42175	2807	0.887	0.1909	66	0.1	0.7627	NA	0.5631	2.803	true	T1109	0.9554	lost	lost	Ser25 T not in expected {S}
A0A0N4ULF6	2808	0.887	0.2683	66	0.133	0.9492	NA	0.5441	2.962	true	K46	1.409	lost	lost	Ser25 K not in expected {S}
K0EYK0	2809	0.887	0.09584	66	0.098	1.203	NA	0.5372	2.903	true	T621	1.571	lost	lost	Ser25 T not in expected {S}
L0T2Z1	2810	0.887	0.751	66	0.115	0.4407	NA	0.5415	2.948	true	A646	1.994	lost	lost	Ser25 A not in expected {S}
G3XCX1	2811	0.887	0.1138	66	0.11	0.9237	NA	0.5671	2.849	true	I1123	0.7636	lost	lost	Ser25 I not in expected {S}
1fdoA04	2812	0.887	0.04364	66	0.098	1.034	NA	NA	NA	NA	NA	NA	NA	unresolved	structure_not_found
7z11-assembly1.cif.gz_F	2813	0.887	0.4587	66	0.13	0.8475	NA	NA	NA	NA	NA	NA	NA	unresolved	structure_not_found
1tmo-assembly1.cif.gz_A	2814	0.887	0.2446	66	0.111	0.6864	NA	NA	NA	NA	NA	NA	NA	unresolved	structure_not_found
Q187N2	2815	0.872	0.1279	65	0.08	0.6356	NA	0.5033	2.966	true	R138	3.094	lost	lost	Ser25 R not in expected {S}
A4YIY0	2816	0.872	0.04315	65	0.087	0.9661	NA	0.5342	3.069	true	V43	1.383	lost	lost	Ser25 V not in expected {S}
P19435	2817	0.872	0.269	65	0.112	0.7542	NA	0.505	2.569	true	A178	0.8342	lost	lost	Ser25 A not in expected {S}
Q55752	2818	0.872	0.04838	65	0.137	0.9237	NA	0.5343	2.587	true	T256	0.4785	lost	lost	Ser25 T not in expected {S}
P37519	2819	0.872	0.1702	65	0.098	0.6864	NA	0.5246	2.795	true	Q583	1.371	lost	lost	Ser25 Q not in expected {S}
Q9HR74	2820	0.872	0.2021	65	0.096	0.7034	NA	0.5202	3.168	true	Q724	1.312	lost	lost	Ser25 Q not in expected {S}
I3R9M9	2821	0.872	0.3381	65	0.094	0.7203	NA	0.5286	2.937	true	L872	1.452	lost	lost	Ser25 L not in expected {S}
I1JSI6	2822	0.872	0.3008	65	0.122	0.8983	NA	0.5425	3.016	true	K36	1.478	lost	lost	Ser25 K not in expected {S}
I1K5K8	2823	0.872	0.3008	65	0.122	0.8983	NA	0.5455	3.006	true	K35	1.448	lost	lost	Ser25 K not in expected {S}
I1MDD7	2824	0.872	0.2683	65	0.148	0.7966	NA	0.5447	2.986	true	K34	1.554	lost	lost	Ser25 K not in expected {S}
A0A8R1TLG9	2825	0.872	0.09584	65	0.105	0.8814	NA	0.5999	2.348	true	T81	0.4434	lost	lost	Ser25 T not in expected {S}
Q0P855	2826	0.872	0.2841	65	0.048	0.8729	NA	0.5586	2.586	true	F746	0.7223	lost	lost	Ser25 F not in expected {S}
af_P10100_78_169_2.40.40.10	2827	0.872	0.05485	65	0.145	0.8729	NA	NA	NA	NA	NA	NA	NA	unresolved	structure_not_found
5t5iD00	2828	0.872	0.03472	65	0.081	1.034	NA	NA	NA	NA	NA	NA	NA	unresolved	structure_not_found
5t5i-assembly1.cif.gz_D	2829	0.872	0.04399	65	0.081	1.034	NA	NA	NA	NA	NA	NA	NA	unresolved	structure_not_found
3j99-assembly1.cif.gz_D	2830	0.872	0.1231	65	0.058	0.8729	NA	NA	NA	NA	NA	NA	NA	unresolved	structure_not_found
6mdn-assembly1.cif.gz_D	2831	0.872	0.206	65	0.074	0.7966	NA	NA	NA	NA	NA	NA	NA	unresolved	structure_not_found
7r7t-assembly1.cif.gz_F	2832	0.872	0.09251	65	0.144	0.7627	NA	NA	NA	NA	NA	NA	NA	unresolved	structure_not_found
D5DKA5	2833	0.855	0.254	64	0.116	0.6525	NA	0.5159	3.334	true	A143	2.989	lost	lost	Ser25 A not in expected {S}
Q9QUL6	2834	0.855	0.1909	64	0.098	0.8644	NA	0.5257	2.726	true	C21	1.61	lost	lost	Ser25 C not in expected {S}
Q7W733	2835	0.855	0.1279	64	0.093	0.7288	NA	0.5181	2.96	true	V748	1.635	lost	lost	Ser25 V not in expected {S}
Q9LET7	2836	0.855	0.254	64	0.117	1.008	NA	0.596	3.215	true	K79	0.7116	lost	lost	Ser25 K not in expected {S}
Q8ZR20	2837	0.855	0.2016	64	0.123	0.6864	NA	0.4941	3.067	false	-	NA	unresolved	unresolved	fold below TM gate (TM 0.49 < 0.50)
Q2FVM1	2838	0.855	0.4003	64	0.107	0.7119	NA	0.5522	2.874	true	T1110	0.9364	lost	lost	Ser25 T not in expected {S}
2e7zA04	2839	0.855	0.1089	64	0.087	0.678	NA	NA	NA	NA	NA	NA	NA	unresolved	structure_not_found
8gzh-assembly1.cif.gz_D	2840	0.855	0.1304	64	0.108	1.169	NA	NA	NA	NA	NA	NA	NA	unresolved	structure_not_found
6mdn-assembly1.cif.gz_B	2841	0.855	0.1548	64	0.058	0.8644	NA	NA	NA	NA	NA	NA	NA	unresolved	structure_not_found
3egw-assembly1.cif.gz_A	2842	0.855	0.1098	64	0.118	0.9322	NA	NA	NA	NA	NA	NA	NA	unresolved	structure_not_found
Q834M4	2843	0.837	0.7972	63	0.089	0.5678	NA	0.4871	3.324	false	-	NA	unresolved	unresolved	fold below TM gate (TM 0.49 < 0.50)
Q74FU6	2844	0.837	0.254	63	0.115	0.661	NA	0.5122	2.799	true	Y772	1.48	lost	lost	Ser25 Y not in expected {S}
D7AF63	2845	0.837	0.1077	63	0.1	0.9322	NA	0.5132	2.805	true	Y772	1.379	lost	lost	Ser25 Y not in expected {S}
A0A1C1CST2	2846	0.837	0.3185	63	0.161	0.8898	NA	0.5215	2.841	true	Q189	0.7205	lost	lost	Ser25 Q not in expected {S}
I1M7E7	2847	0.837	0.2683	63	0.052	0.9746	NA	0.5352	3.275	true	K93	1.859	lost	lost	Ser25 K not in expected {S}
D2CK11	2848	0.837	0.2016	63	0.12	0.7712	NA	0.5875	2.701	true	F21	1.425	lost	lost	Ser25 F not in expected {S}
af_Q2FVV9_812_944_2.40.40.20	2849	0.837	0.08185	63	0.119	0.7797	NA	NA	NA	NA	NA	NA	NA	unresolved	structure_not_found
ModelArchive_ma-bak-cepc-0687_A	2850	0.837	0.1145	63	0.07	0.839	NA	NA	NA	NA	NA	NA	NA	unresolved	structure_not_found
P53044	2851	0.817	0.2266	62	0.07	0.839	NA	0.5782	2.784	true	K47	1.593	lost	lost	Ser25 K not in expected {S}
P46460	2852	0.817	0.1909	62	0.097	0.8729	NA	0.5257	2.727	true	C21	1.616	lost	lost	Ser25 C not in expected {S}
Q5R410	2853	0.817	0.2266	62	0.098	0.8644	NA	0.5256	2.728	true	C21	1.691	lost	lost	Ser25 C not in expected {S}
Q47A87	2854	0.817	0.1608	62	0.073	1.042	NA	0.5206	2.931	true	V754	1.505	lost	lost	Ser25 V not in expected {S}
A0A0D2HN04	2855	0.817	0.3372	62	0.16	0.8983	NA	0.5181	2.736	true	Q193	0.8054	lost	lost	Ser25 Q not in expected {S}
A0A0D2H9J2	2856	0.817	0.2841	62	0.144	0.822	NA	0.5739	2.381	true	R17	1.831	lost	lost	Ser25 R not in expected {S}
Q8ZLA2	2857	0.817	0.1604	62	0.114	1.186	NA	0.5275	2.934	true	P667	1.779	lost	lost	Ser25 P not in expected {S}
K7U2U2	2858	0.817	1.121	62	0.123	1.102	NA	0.5221	3.114	true	F20	2.434	lost	lost	Ser25 F not in expected {S}
af_P96281_14_94_2.40.40.20	2859	0.817	0.288	62	0.15	0.678	NA	NA	NA	NA	NA	NA	NA	unresolved	structure_not_found
af_Q55G32_30_145_2.40.40.10	2860	0.817	0.08185	62	0.112	0.9831	NA	NA	NA	NA	NA	NA	NA	unresolved	structure_not_found
1y5nA02	2861	0.817	0.1626	62	0.119	0.7797	NA	NA	NA	NA	NA	NA	NA	unresolved	structure_not_found
LevyLab_P46459_V1_4_relaxed_B	2862	0.817	0.09106	62	0.099	0.8559	NA	NA	NA	NA	NA	NA	NA	unresolved	structure_not_found
ProtVar_O43933_Q13608_A	2863	0.817	0.1613	62	0.108	0.7797	NA	NA	NA	NA	NA	NA	NA	unresolved	structure_not_found
3j99-assembly1.cif.gz_E	2864	0.817	0.138	62	0.066	0.8898	NA	NA	NA	NA	NA	NA	NA	unresolved	structure_not_found
6sdr-assembly1.cif.gz_A	2865	0.817	0.1462	62	0.121	0.839	NA	NA	NA	NA	NA	NA	NA	unresolved	structure_not_found
Q9KTF4	2866	0.795	0.1141	61	0.189	0.9407	NA	0.5228	2.808	true	T105	0.594	lost	lost	Ser25 T not in expected {S}
Q9ZDE1	2867	0.795	0.08094	61	0.17	1.042	NA	0.5228	2.539	true	T198	0.3817	lost	lost	Ser25 T not in expected {S}
Q72E84	2868	0.795	1.26	61	0.117	0.4322	NA	0.5253	2.52	true	Y599	1.496	lost	lost	Ser25 Y not in expected {S}
P42434	2869	0.795	0.06439	61	0.099	1.025	NA	0.5269	2.741	true	F628	0.8884	lost	lost	Ser25 F not in expected {S}
P33760	2870	0.795	0.2399	61	0.117	0.9407	NA	0.5353	3.055	true	Y232	1.78	lost	lost	Ser25 Y not in expected {S}
P9WJQ3	2871	0.795	0.254	61	0.078	1.288	NA	0.5516	3	true	T1115	0.6469	lost	lost	Ser25 T not in expected {S}
Q9HVT6	2872	0.795	0.1514	61	0.168	0.9068	NA	0.527	2.833	true	T60	0.8112	lost	lost	Ser25 T not in expected {S}
Q9I0J6	2873	0.795	0.944	61	0.149	0.5678	NA	0.5479	2.647	true	Y836	0.6407	lost	lost	Ser25 Y not in expected {S}
F1QMB0	2874	0.795	0.1904	61	0.084	1.297	NA	0.5557	3.629	true	C283	1.089	lost	lost	Ser25 C not in expected {S}
2bh0A01	2875	0.795	0.06512	61	0.172	0.9322	NA	NA	NA	NA	NA	NA	NA	unresolved	structure_not_found
1zc1-assembly1.cif.gz_A	2876	0.795	0.1946	61	0.098	0.8644	NA	NA	NA	NA	NA	NA	NA	unresolved	structure_not_found
7tvn-assembly1.cif.gz_A	2877	0.795	0.5143	61	0.13	0.7119	NA	NA	NA	NA	NA	NA	NA	unresolved	structure_not_found
8h40-assembly1.cif.gz_E	2878	0.795	0.1548	61	0.104	1.136	NA	NA	NA	NA	NA	NA	NA	unresolved	structure_not_found
2jiq-assembly1.cif.gz_A	2879	0.795	0.2446	61	0.107	0.7119	NA	NA	NA	NA	NA	NA	NA	unresolved	structure_not_found
5g4f-assembly1.cif.gz_P	2880	0.795	0.1946	61	0.163	0.7797	NA	NA	NA	NA	NA	NA	NA	unresolved	structure_not_found
4ydd-assembly2.cif.gz_C	2881	0.795	0.2181	61	0.149	0.7373	NA	NA	NA	NA	NA	NA	NA	unresolved	structure_not_found
7z7t-assembly1.cif.gz_G	2882	0.795	0.3447	61	0.085	0.5932	NA	NA	NA	NA	NA	NA	NA	unresolved	structure_not_found
3ir5-assembly1.cif.gz_A	2883	0.795	0.1304	61	0.118	0.9322	NA	NA	NA	NA	NA	NA	NA	unresolved	structure_not_found
A6TJX7	2884	0.772	0.2399	60	0.055	0.6102	NA	0.493	3.177	false	-	NA	unresolved	unresolved	fold below TM gate (TM 0.49 < 0.50)
A9KN62	2885	0.772	0.45	60	0.117	0.5763	NA	0.4843	3.135	false	-	NA	unresolved	unresolved	fold below TM gate (TM 0.48 < 0.50)
A0A0H2ZFV1	2886	0.772	0.03849	60	0.188	1.034	NA	0.5192	2.685	true	T128	0.2672	lost	lost	Ser25 T not in expected {S}
Q795Y4	2887	0.772	0.5046	60	0.078	0.7542	NA	0.5281	3.103	true	F857	0.844	lost	lost	Ser25 F not in expected {S}
Q5F638	2888	0.772	0.09052	60	0.196	0.9915	NA	0.5206	2.629	true	T77	0.4166	lost	lost	Ser25 T not in expected {S}
A0A0K0ES12	2889	0.772	0.2393	60	0.111	0.9153	NA	0.535	3.064	true	K44	1.623	lost	lost	Ser25 K not in expected {S}
AF-Q9BVQ7-3-F1-model_v6	2890	0.772	0.3008	60	0.158	0.8559	NA	NA	NA	NA	NA	NA	NA	unresolved	structure_not_found
A0A8M9PEX3	2891	0.772	0.3185	60	0.116	0.8729	NA	0.5266	2.673	true	C21	1.695	lost	lost	Ser25 C not in expected {S}
Q32H77	2892	0.772	0.1604	60	0.131	1.229	NA	0.5317	2.865	true	P678	1.652	lost	lost	Ser25 P not in expected {S}
A0A0H3GUA4	2893	0.772	0.2393	60	0.109	0.9322	NA	0.5681	2.828	true	I1117	0.7885	lost	lost	Ser25 I not in expected {S}
af_A4ICA6_1_101_2.40.40.50	2894	0.772	0.1089	60	0.094	0.8983	NA	NA	NA	NA	NA	NA	NA	unresolved	structure_not_found
2pmzQ02	2895	0.772	0.305	60	0.062	0.8136	NA	NA	NA	NA	NA	NA	NA	unresolved	structure_not_found
3o5aA04	2896	0.772	0.06512	60	0.09	1.034	NA	NA	NA	NA	NA	NA	NA	unresolved	structure_not_found
ProtVar_P24390_Q92890-1_B	2897	0.772	0.06102	60	0.088	1.144	NA	NA	NA	NA	NA	NA	NA	unresolved	structure_not_found
1qdn-assembly1.cif.gz_C	2898	0.772	0.2589	60	0.051	0.822	NA	NA	NA	NA	NA	NA	NA	unresolved	structure_not_found
3j98-assembly1.cif.gz_B	2899	0.772	0.231	60	0.067	0.8729	NA	NA	NA	NA	NA	NA	NA	unresolved	structure_not_found
3j99-assembly1.cif.gz_B	2900	0.772	0.231	60	0.067	0.8729	NA	NA	NA	NA	NA	NA	NA	unresolved	structure_not_found
6mdm-assembly1.cif.gz_A	2901	0.772	0.1735	60	0.058	0.8729	NA	NA	NA	NA	NA	NA	NA	unresolved	structure_not_found
7wd3-assembly1.cif.gz_C	2902	0.772	0.3864	60	0.111	0.7627	NA	NA	NA	NA	NA	NA	NA	unresolved	structure_not_found
6cz7-assembly1.cif.gz_A	2903	0.772	0.6465	60	0.132	0.4492	NA	NA	NA	NA	NA	NA	NA	unresolved	structure_not_found
1q16-assembly1.cif.gz_A	2904	0.772	0.1548	60	0.118	0.9322	NA	NA	NA	NA	NA	NA	NA	unresolved	structure_not_found
8dy9-assembly1.cif.gz_D	2905	0.772	0.1098	60	0.081	1.254	NA	NA	NA	NA	NA	NA	NA	unresolved	structure_not_found
8eoe-assembly1.cif.gz_D	2906	0.772	0.1735	60	0.085	1.186	NA	NA	NA	NA	NA	NA	NA	unresolved	structure_not_found
P73455	2907	0.747	0.1279	59	0.108	0.8559	NA	0.4608	2.752	false	-	NA	unresolved	unresolved	fold below TM gate (TM 0.46 < 0.50)
Q8Y7T9	2908	0.747	0.5046	59	0.066	0.6356	NA	0.5078	3.193	true	R139	2.889	lost	lost	Ser25 R not in expected {S}
Q9ZJ38	2909	0.747	0.1909	59	0.173	0.8814	NA	0.5163	2.944	true	T143	0.656	lost	lost	Ser25 T not in expected {S}
Q9X6V6	2910	0.747	0.08094	59	0.173	1.025	NA	0.5185	2.908	true	T128	0.311	lost	lost	Ser25 T not in expected {S}
P22704	2911	0.747	0.45	59	0.102	1.161	NA	0.562	2.645	true	Q372	1.39	lost	lost	Ser25 Q not in expected {S}
P46459	2912	0.747	0.3016	59	0.098	0.8644	NA	0.526	2.724	true	C21	1.654	lost	lost	Ser25 C not in expected {S}
Q7WTU0	2913	0.747	1.124	59	0.132	0.4492	NA	0.5283	2.772	true	V755	1.474	lost	lost	Ser25 V not in expected {S}
Q99RW4	2914	0.747	0.4014	59	0.13	0.7797	NA	0.5355	2.977	true	F852	0.9117	lost	lost	Ser25 F not in expected {S}
O34720	2915	0.747	0.5342	59	0.095	0.7119	NA	0.5314	2.988	true	F853	1.766	lost	lost	Ser25 F not in expected {S}
F1QGG3	2916	0.747	0.4239	59	0.1	0.8475	NA	0.5245	2.704	true	C21	1.677	lost	lost	Ser25 C not in expected {S}
I1NB32	2917	0.747	0.07201	59	0.163	0.8305	NA	0.5868	2.959	true	L58	1.241	lost	lost	Ser25 L not in expected {S}
ModelArchive_ma-ji6ro_B	2918	0.747	0.1145	59	0.109	1.008	NA	NA	NA	NA	NA	NA	NA	unresolved	structure_not_found
8eof-assembly1.cif.gz_D	2919	0.747	0.1639	59	0.097	1.212	NA	NA	NA	NA	NA	NA	NA	unresolved	structure_not_found
O67235	2920	0.72	0.2266	58	0.173	0.8814	NA	0.5128	2.897	true	Y157	2.478	lost	lost	Ser25 Y not in expected {S}
Q55G31	2921	0.72	0.1608	58	0.094	0.9831	NA	0.5501	3.623	true	I63	0.4518	lost	lost	Ser25 I not in expected {S}
P18708	2922	0.72	0.4765	58	0.058	0.8729	NA	0.5279	2.71	true	C21	1.584	lost	lost	Ser25 C not in expected {S}
P81186	2923	0.72	0.5046	58	0.107	0.7119	NA	0.5308	2.743	true	F674	0.8738	lost	lost	Ser25 F not in expected {S}
P37600	2924	0.72	0.425	58	0.103	0.822	NA	0.5149	2.695	true	A666	2.359	lost	lost	Ser25 A not in expected {S}
Q56350	2925	0.72	0.2399	58	0.065	0.7712	NA	0.5185	2.819	true	R748	1.721	lost	lost	Ser25 R not in expected {S}
P0A1Y4	2926	0.72	1.124	58	0.059	0.5678	NA	0.5317	2.857	true	Y839	0.877	lost	lost	Ser25 Y not in expected {S}
A0A175VQB0	2927	0.72	0.06423	58	0.154	0.9322	NA	0.5007	2.958	true	I194	1.454	lost	lost	Ser25 I not in expected {S}
Q57092	2928	0.72	0.1276	58	0.134	1.136	NA	0.5376	3.52	true	T98	0.8784	lost	lost	Ser25 T not in expected {S}
A0A8R1XS41	2929	0.72	0.4488	58	0.099	0.9407	NA	0.5413	3.067	true	K45	1.349	lost	lost	Ser25 K not in expected {S}
P45004	2930	0.72	1.672	58	0.094	0.4492	NA	0.5266	2.744	true	E715	1.688	lost	lost	Ser25 E not in expected {S}
P44798	2931	0.72	1.579	58	0.134	0.4407	NA	0.5311	2.907	true	P711	1.675	lost	lost	Ser25 P not in expected {S}
A0A175W2F3	2932	0.72	0.9995	58	0.038	0.661	NA	0.5443	2.651	true	E682	1.127	lost	lost	Ser25 E not in expected {S}
A0A0R0KQA1	2933	0.72	0.1904	58	0.06	1.263	NA	0.5923	3.374	true	R77	0.9038	lost	lost	Ser25 R not in expected {S}
Q8ZP37	2934	0.72	0.4003	58	0.1	0.7627	NA	0.5687	2.787	true	I1117	0.786	lost	lost	Ser25 I not in expected {S}
1h0hK04	2935	0.72	0.0518	58	0.08	1.153	NA	NA	NA	NA	NA	NA	NA	unresolved	structure_not_found
af_P9WJQ3_54_1231_3.40.50.12440	2936	0.72	0.2164	58	0.078	1.288	NA	NA	NA	NA	NA	NA	NA	unresolved	structure_not_found
4fer-assembly1.cif.gz_A	2937	0.72	0.0695	58	0.15	0.9576	NA	NA	NA	NA	NA	NA	NA	unresolved	structure_not_found
8syi-assembly1.cif.gz_D	2938	0.72	0.07793	58	0.101	1.254	NA	NA	NA	NA	NA	NA	NA	unresolved	structure_not_found
6mdm-assembly1.cif.gz_B	2939	0.72	0.1304	58	0.113	0.822	NA	NA	NA	NA	NA	NA	NA	unresolved	structure_not_found
8e8m-assembly1.cif.gz_D	2940	0.72	0.1946	58	0.091	1.203	NA	NA	NA	NA	NA	NA	NA	unresolved	structure_not_found
A5UAE1	2941	0.692	0.45	57	0.081	1.042	NA	0.5193	3.05	true	L743	1.801	lost	lost	Ser25 L not in expected {S}
A0KIM1	2942	0.692	0.3791	57	0.069	0.7288	NA	0.5182	2.942	true	V746	1.709	lost	lost	Ser25 V not in expected {S}
Q12P44	2943	0.692	0.3791	57	0.078	0.7542	NA	0.5179	2.958	true	V746	1.62	lost	lost	Ser25 V not in expected {S}
A1SWQ0	2944	0.692	0.358	57	0.081	0.7288	NA	0.524	2.936	true	V747	1.77	lost	lost	Ser25 V not in expected {S}
Q7VRV7	2945	0.692	1.061	57	0.102	0.661	NA	0.5354	2.511	true	Y871	0.9877	lost	lost	Ser25 Y not in expected {S}
O13764	2946	0.692	0.6342	57	0.137	0.8644	NA	0.5485	3.367	true	L201	2.11	lost	lost	Ser25 L not in expected {S}
Q99LC9	2947	0.692	0.8938	57	0.083	1.017	NA	0.5625	2.719	true	A204	1.389	lost	lost	Ser25 A not in expected {S}
Q6FW67	2948	0.692	0.599	57	0.096	0.8814	NA	0.5535	2.419	true	Y223	1.287	lost	lost	Ser25 Y not in expected {S}
Q5A0H8	2949	0.692	0.4239	57	0.101	0.839	NA	0.536	2.978	true	K50	1.613	lost	lost	Ser25 K not in expected {S}
AF-P24928-2-F1-model_v6	2950	0.692	1.058	57	0.05	1.356	NA	NA	NA	NA	NA	NA	NA	unresolved	structure_not_found
A0A077YUX6	2951	0.692	0.4239	57	0.11	0.8475	NA	0.5336	2.963	true	C21	1.567	lost	lost	Ser25 C not in expected {S}
Q75JI3	2952	0.692	0.5642	57	0.121	0.9068	NA	0.5562	2.878	true	R28	1.086	lost	lost	Ser25 R not in expected {S}
A0A0D2GK94	2953	0.692	0.2534	57	0.085	1.381	NA	0.5623	3.055	true	K27	1.149	lost	lost	Ser25 K not in expected {S}
A0A175WES9	2954	0.692	0.4753	57	0.141	0.839	NA	0.5317	2.977	true	I116	2.402	lost	lost	Ser25 I not in expected {S}
1g8jC04	2955	0.692	0.1293	57	0.093	1.093	NA	NA	NA	NA	NA	NA	NA	unresolved	structure_not_found
2nap-assembly1.cif.gz_A	2956	0.692	0.3447	57	0.097	0.6949	NA	NA	NA	NA	NA	NA	NA	unresolved	structure_not_found
8cm7-assembly1.cif.gz_A	2957	0.692	0.2742	57	0.117	0.7966	NA	NA	NA	NA	NA	NA	NA	unresolved	structure_not_found
8u0v-assembly1.cif.gz_D	2958	0.692	0.2742	57	0.091	0.9237	NA	NA	NA	NA	NA	NA	NA	unresolved	structure_not_found
6c04-assembly1.cif.gz_D	2959	0.692	0.1735	57	0.104	1.212	NA	NA	NA	NA	NA	NA	NA	unresolved	structure_not_found
8e95-assembly1.cif.gz_D	2960	0.692	0.3074	57	0.079	1.178	NA	NA	NA	NA	NA	NA	NA	unresolved	structure_not_found
8eos-assembly1.cif.gz_D	2961	0.692	0.2742	57	0.085	1.186	NA	NA	NA	NA	NA	NA	NA	unresolved	structure_not_found
A0A1S3TQZ8	2962	0.692	0.2104	57	0.115	0.9576	NA	0.5905	3.063	true	L59	1.593	lost	lost	Ser25 L not in expected {S}
Q8YSZ4	2963	0.663	0.254	56	0.119	0.9237	NA	0.5324	2.751	true	T305	0.5896	lost	lost	Ser25 T not in expected {S}
Q1ACN5	2964	0.663	0.599	56	0.07	1.195	NA	0.5588	2.679	true	Q394	1.398	lost	lost	Ser25 Q not in expected {S}
Q9MUS6	2965	0.663	0.5046	56	0.079	1.169	NA	0.5609	2.662	true	Q410	1.439	lost	lost	Ser25 Q not in expected {S}
Q09X26	2966	0.663	0.5046	56	0.079	1.169	NA	0.5414	2.897	true	R394	2.444	lost	lost	Ser25 R not in expected {S}
P52733	2967	0.663	0.5046	56	0.12	1.195	NA	0.5416	2.871	true	Q409	2.464	lost	lost	Ser25 Q not in expected {S}
A3N277	2968	0.663	0.358	56	0.109	0.7712	NA	0.5154	2.984	true	L744	1.663	lost	lost	Ser25 L not in expected {S}
Q7VPJ7	2969	0.663	0.358	56	0.065	0.7712	NA	0.514	2.998	true	L744	1.64	lost	lost	Ser25 L not in expected {S}
A4SPG7	2970	0.663	0.425	56	0.069	0.7288	NA	0.5186	2.949	true	V746	1.68	lost	lost	Ser25 V not in expected {S}
Q8ZCF3	2971	0.663	0.5046	56	0.069	0.7288	NA	0.5267	3.018	true	V745	1.561	lost	lost	Ser25 V not in expected {S}
A9QZL3	2972	0.663	0.3381	56	0.058	0.7288	NA	0.5262	3.024	true	V745	1.586	lost	lost	Ser25 V not in expected {S}
Q46RX3	2973	0.663	0.269	56	0.054	1.093	NA	0.5189	2.943	true	V748	1.727	lost	lost	Ser25 V not in expected {S}
P56914	2974	0.663	0.599	56	0.026	0.6441	NA	0.5274	2.79	true	F768	1.262	lost	lost	Ser25 F not in expected {S}
Q38AI5	2975	0.663	0.5032	56	0.111	0.839	NA	0.5573	3.028	true	R34	1.304	lost	lost	Ser25 R not in expected {S}
Q8W1E7	2976	0.663	0.2134	56	0.102	0.9068	NA	0.526	3.173	true	K93	1.731	lost	lost	Ser25 K not in expected {S}
Q8ZN48	2977	0.663	1.985	56	0.113	0.4492	NA	0.5175	2.649	true	T710	1.727	lost	lost	Ser25 T not in expected {S}
Q0PBP1	2978	0.663	0.5032	56	0.083	0.7119	NA	0.5274	3.146	true	P729	1.755	lost	lost	Ser25 P not in expected {S}
af_Q9FNP1_1_103_2.40.330.10	2979	0.663	0.1293	56	0.101	0.839	NA	NA	NA	NA	NA	NA	NA	unresolved	structure_not_found
2jirA04	2980	0.663	0.288	56	0.098	0.6864	NA	NA	NA	NA	NA	NA	NA	unresolved	structure_not_found
2e7z-assembly1.cif.gz_A	2981	0.663	0.3447	56	0.087	0.678	NA	NA	NA	NA	NA	NA	NA	unresolved	structure_not_found
1h0h-assembly2.cif.gz_K	2982	0.663	0.05855	56	0.119	1.136	NA	NA	NA	NA	NA	NA	NA	unresolved	structure_not_found
7ye1-assembly1.cif.gz_D	2983	0.663	0.3074	56	0.114	1.186	NA	NA	NA	NA	NA	NA	NA	unresolved	structure_not_found
6vvz-assembly1.cif.gz_D	2984	0.663	0.1548	56	0.097	1.212	NA	NA	NA	NA	NA	NA	NA	unresolved	structure_not_found
8exy-assembly1.cif.gz_D	2985	0.663	0.2181	56	0.092	1.186	NA	NA	NA	NA	NA	NA	NA	unresolved	structure_not_found
O83958	2986	0.632	0.2021	55	0.157	0.9661	NA	0.5128	2.982	true	T56	0.556	lost	lost	Ser25 T not in expected {S}
Q7WIQ1	2987	0.632	0.1803	55	0.103	1.068	NA	0.5175	2.952	true	V746	1.793	lost	lost	Ser25 V not in expected {S}
P39185	2988	0.632	0.3791	55	0.065	0.7712	NA	0.5186	2.96	true	V748	1.697	lost	lost	Ser25 V not in expected {S}
Q487G4	2989	0.632	0.3016	55	0.046	1.093	NA	0.5189	2.958	true	L749	1.692	lost	lost	Ser25 L not in expected {S}
Q9HY76	2990	0.632	0.7092	55	0.096	0.7034	NA	0.5305	2.65	true	Q605	1.842	lost	lost	Ser25 Q not in expected {S}
A0A1C1CSE6	2991	0.632	0.2841	55	0.104	1.373	NA	0.5642	3.141	true	K27	1.219	lost	lost	Ser25 K not in expected {S}
Q8ZR90	2992	0.632	0.2393	55	0.093	1.093	NA	0.4837	3.106	false	-	NA	unresolved	unresolved	fold below TM gate (TM 0.48 < 0.50)
4aayA04	2993	0.632	0.09177	55	0.093	1.093	NA	NA	NA	NA	NA	NA	NA	unresolved	structure_not_found
4l48-assembly2.cif.gz_C	2994	0.632	0.03923	55	0.122	0.9661	NA	NA	NA	NA	NA	NA	NA	unresolved	structure_not_found
1ogy-assembly6.cif.gz_K	2995	0.632	0.206	55	0.065	0.7712	NA	NA	NA	NA	NA	NA	NA	unresolved	structure_not_found
7p7k-assembly1.cif.gz_G	2996	0.632	0.6106	55	0.085	0.5932	NA	NA	NA	NA	NA	NA	NA	unresolved	structure_not_found
Q2VEI5	2997	0.601	0.6716	54	0.079	1.169	NA	0.5595	2.673	true	R400	1.485	lost	lost	Ser25 R not in expected {S}
P73448	2998	0.601	0.3791	54	0.068	0.7373	NA	0.5272	2.8	true	I628	1.815	lost	lost	Ser25 I not in expected {S}
Q71EW5	2999	0.601	0.599	54	0.087	0.678	NA	0.5182	2.839	true	V629	2.057	lost	lost	Ser25 V not in expected {S}
A0T0R0	3000	0.601	0.6716	54	0.086	1.169	NA	0.5607	2.66	true	Q480	1.43	lost	lost	Ser25 Q not in expected {S}
Q67QZ1	3001	0.601	0.3791	54	0.064	1.059	NA	0.5183	2.958	true	Y669	1.074	lost	lost	Ser25 Y not in expected {S}
Q8EIJ1	3002	0.601	0.6716	54	0.059	0.7119	NA	0.5207	2.94	true	Q743	1.553	lost	lost	Ser25 Q not in expected {S}
B0BR28	3003	0.601	0.45	54	0.109	0.7712	NA	0.5155	2.984	true	L744	1.582	lost	lost	Ser25 L not in expected {S}
C6DK59	3004	0.601	0.4014	54	0.086	0.7881	NA	0.5179	2.939	true	V745	1.714	lost	lost	Ser25 V not in expected {S}
A1JL26	3005	0.601	0.4765	54	0.058	0.7288	NA	0.5251	3.036	true	V746	1.588	lost	lost	Ser25 V not in expected {S}
Q8XCX2	3006	0.601	0.8938	54	0.094	0.6271	NA	0.5337	2.802	true	Y839	0.9619	lost	lost	Ser25 Y not in expected {S}
P19319	3007	0.601	0.5046	54	0.109	0.9322	NA	0.572	2.864	true	I1116	0.7208	lost	lost	Ser25 I not in expected {S}
A0A077Z1H1	3008	0.601	0.4003	54	0.092	1.008	NA	0.5432	3.007	true	K36	1.4	lost	lost	Ser25 K not in expected {S}
K0EX86	3009	0.601	0.1698	54	0.127	0.9322	NA	0.5257	3.135	true	F101	0.7337	lost	lost	Ser25 F not in expected {S}
A0A1C1CSB2	3010	0.601	1.121	54	0.135	0.8136	NA	0.5607	2.742	true	R17	1.752	lost	lost	Ser25 R not in expected {S}
af_Q9W0E3_1_98_2.40.40.20	3011	0.601	0.1089	54	0.14	0.9068	NA	NA	NA	NA	NA	NA	NA	unresolved	structure_not_found
8cgs-assembly2.cif.gz_G-2	3012	0.601	0.3649	54	0.082	1.127	NA	NA	NA	NA	NA	NA	NA	unresolved	structure_not_found
8cm4-assembly2.cif.gz_C	3013	0.601	0.4587	54	0.174	0.5339	NA	NA	NA	NA	NA	NA	NA	unresolved	structure_not_found
7f75-assembly1.cif.gz_D	3014	0.601	0.08737	54	0.087	1.254	NA	NA	NA	NA	NA	NA	NA	unresolved	structure_not_found
4yfn-assembly1.cif.gz_D	3015	0.601	0.2903	54	0.111	1.22	NA	NA	NA	NA	NA	NA	NA	unresolved	structure_not_found
6j9e-assembly1.cif.gz_D	3016	0.601	0.4857	54	0.094	1.169	NA	NA	NA	NA	NA	NA	NA	unresolved	structure_not_found
6bzo-assembly1.cif.gz_D	3017	0.601	0.138	54	0.074	1.254	NA	NA	NA	NA	NA	NA	NA	unresolved	structure_not_found
Q9FWU1	3018	0.569	0.5046	53	0.121	1.042	NA	0.5271	3.005	true	V131	0.5586	lost	lost	Ser25 V not in expected {S}
Q55G32	3019	0.569	0.6342	53	0.098	0.9492	NA	0.5199	3.473	true	V66	1.118	lost	lost	Ser25 V not in expected {S}
Q9CJR6	3020	0.569	0.2021	53	0.128	1.119	NA	0.5337	3.363	true	T97	0.2394	lost	lost	Ser25 T not in expected {S}
B3H2D1	3021	0.569	0.4765	53	0.109	0.7712	NA	0.5155	2.983	true	L744	1.597	lost	lost	Ser25 L not in expected {S}
B8F7K2	3022	0.569	0.6342	53	0.048	1.042	NA	0.515	2.994	true	L744	1.689	lost	lost	Ser25 L not in expected {S}
P33602	3023	0.569	1.775	53	0.078	0.5424	NA	0.5338	2.812	true	Y839	0.9416	lost	lost	Ser25 Y not in expected {S}
Q13608	3024	0.569	0.5342	53	0.052	1.127	NA	0.5694	3.421	true	S204	1.411	retained	retained	Ser25 S204 retained
A0A369NIV7	3025	0.569	2.232	53	0.148	0.3983	NA	0.5218	3.185	true	R883	1.913	lost	lost	Ser25 R not in expected {S}
C8WLC6	3026	0.569	2.232	53	0.148	0.3983	NA	0.522	3.175	true	R883	1.913	lost	lost	Ser25 R not in expected {S}
A0A0A8X0K1	3027	0.569	1.775	53	0.05	0.5085	NA	0.5295	2.66	true	F922	2.159	lost	lost	Ser25 F not in expected {S}
A0A0R0EXN2	3028	0.569	0.7952	53	0.039	1.085	NA	0.5982	3.066	true	R73	0.712	lost	lost	Ser25 R not in expected {S}
K0EN14	3029	0.569	0.5642	53	0.118	0.8559	NA	0.548	2.793	true	E743	2.021	lost	lost	Ser25 E not in expected {S}
Q2FVV9	3030	0.569	0.5329	53	0.108	0.7797	NA	0.5341	3	true	F852	1.065	lost	lost	Ser25 F not in expected {S}
af_P33602_811_906_2.40.40.20	3031	0.569	0.6791	53	0.101	0.5847	NA	NA	NA	NA	NA	NA	NA	unresolved	structure_not_found
8him-assembly1.cif.gz_A	3032	0.569	0.5766	53	0.059	1.288	NA	NA	NA	NA	NA	NA	NA	unresolved	structure_not_found
4v4d-assembly10.cif.gz_S	3033	0.569	0.9111	53	0.174	0.5339	NA	NA	NA	NA	NA	NA	NA	unresolved	structure_not_found
8ej3-assembly1.cif.gz_D	3034	0.569	0.4092	53	0.079	1.178	NA	NA	NA	NA	NA	NA	NA	unresolved	structure_not_found
8ac2-assembly1.cif.gz_D	3035	0.569	0.2589	53	0.109	1.161	NA	NA	NA	NA	NA	NA	NA	unresolved	structure_not_found
D5SXM0	3036	0.537	0.4014	52	0.085	0.5932	NA	0.4729	3.808	false	-	NA	unresolved	unresolved	fold below TM gate (TM 0.47 < 0.50)
A4QLS4	3037	0.537	0.7529	52	0.101	1.169	NA	0.5564	2.703	true	R394	1.484	lost	lost	Ser25 R not in expected {S}
Q6D5Z2	3038	0.537	0.7529	52	0.069	0.7288	NA	0.5175	2.95	true	V745	1.81	lost	lost	Ser25 V not in expected {S}
A4XWM0	3039	0.537	0.254	52	0.062	1.076	NA	0.5212	3.142	true	L748	1.901	lost	lost	Ser25 L not in expected {S}
Q8U7P1	3040	0.537	0.358	52	0.088	1.059	NA	0.5238	2.937	true	R750	1.924	lost	lost	Ser25 R not in expected {S}
B1Y6A6	3041	0.537	0.7111	52	0.081	0.7288	NA	0.5198	2.921	true	Q768	1.712	lost	lost	Ser25 Q not in expected {S}
A0A0H3GT83	3042	0.537	0.1904	52	0.091	1.11	NA	0.5401	2.865	true	V673	1.451	lost	lost	Ser25 V not in expected {S}
A0A0H3GQD5	3043	0.537	0.5974	52	0.118	0.9322	NA	0.5724	2.979	true	I1116	1.002	lost	lost	Ser25 I not in expected {S}
1iw7D04	3044	0.537	0.5102	52	0.068	0.7373	NA	NA	NA	NA	NA	NA	NA	unresolved	structure_not_found
4avrB00	3045	0.537	0.1369	52	0.126	0.8729	NA	NA	NA	NA	NA	NA	NA	unresolved	structure_not_found
ModelArchive_ma-rap-bacsu-112_B	3046	0.537	0.4264	52	0.086	1.169	NA	NA	NA	NA	NA	NA	NA	unresolved	structure_not_found
4avr-assembly1.cif.gz_B	3047	0.537	0.1735	52	0.126	0.8729	NA	NA	NA	NA	NA	NA	NA	unresolved	structure_not_found
8hyj-assembly1.cif.gz_A	3048	0.537	0.6465	52	0.082	1.331	NA	NA	NA	NA	NA	NA	NA	unresolved	structure_not_found
7kin-assembly1.cif.gz_D	3049	0.537	0.2903	52	0.074	1.254	NA	NA	NA	NA	NA	NA	NA	unresolved	structure_not_found
6xas-assembly1.cif.gz_J	3050	0.537	0.5143	52	0.086	1.169	NA	NA	NA	NA	NA	NA	NA	unresolved	structure_not_found
8ac1-assembly1.cif.gz_D	3051	0.537	0.3255	52	0.099	1.195	NA	NA	NA	NA	NA	NA	NA	unresolved	structure_not_found
7vwy-assembly1.cif.gz_D	3052	0.537	0.2742	52	0.112	1.203	NA	NA	NA	NA	NA	NA	NA	unresolved	structure_not_found
D1AFM9	3053	0.505	0.3791	51	0.111	0.6102	NA	0.4834	3.145	false	-	NA	unresolved	unresolved	fold below TM gate (TM 0.48 < 0.50)
Q9CKL8	3054	0.505	1.124	51	0.057	1.025	NA	0.5153	2.969	true	L745	1.788	lost	lost	Ser25 L not in expected {S}
A8GHJ4	3055	0.505	0.599	51	0.064	0.7881	NA	0.5197	2.915	true	V745	1.756	lost	lost	Ser25 V not in expected {S}
C5B7B9	3056	0.505	0.5657	51	0.065	1.042	NA	0.5197	2.921	true	V746	1.791	lost	lost	Ser25 V not in expected {S}
Q1C5S8	3057	0.505	0.6342	51	0.058	0.7288	NA	0.5267	3.017	true	V745	1.576	lost	lost	Ser25 V not in expected {S}
Q1CK03	3058	0.505	0.6716	51	0.058	0.7288	NA	0.5265	3.02	true	V745	1.576	lost	lost	Ser25 V not in expected {S}
A7FG75	3059	0.505	0.7111	51	0.059	0.7119	NA	0.5266	3.017	true	V745	1.567	lost	lost	Ser25 V not in expected {S}
Q668I0	3060	0.505	0.6342	51	0.058	0.7288	NA	0.5262	3.022	true	V745	1.574	lost	lost	Ser25 V not in expected {S}
B2K970	3061	0.505	0.6342	51	0.058	0.7288	NA	0.5266	3.02	true	V745	1.717	lost	lost	Ser25 V not in expected {S}
Q2SGV7	3062	0.505	0.6716	51	0.069	0.7288	NA	0.5169	2.961	true	L747	1.886	lost	lost	Ser25 L not in expected {S}
B1JSJ0	3063	0.505	0.6342	51	0.058	0.7288	NA	0.5265	3.02	true	V745	1.572	lost	lost	Ser25 V not in expected {S}
A4TMK8	3064	0.505	0.6716	51	0.058	0.7288	NA	0.5263	3.023	true	V745	1.594	lost	lost	Ser25 V not in expected {S}
Q21PN1	3065	0.505	0.5657	51	0.054	1.093	NA	0.5199	2.928	true	V748	1.695	lost	lost	Ser25 V not in expected {S}
Q06457	3066	0.505	0.5342	51	0.047	1.068	NA	0.529	3.105	true	V601	0.8369	lost	lost	Ser25 V not in expected {S}
Q8ZDL2	3067	0.505	1.88	51	0.067	0.6271	NA	0.5432	2.789	true	Y845	0.7697	lost	lost	Ser25 Y not in expected {S}
Q74Z13	3068	0.505	0.8938	51	0.099	0.8559	NA	0.5399	2.965	true	F233	1.376	lost	lost	Ser25 F not in expected {S}
Q941F5	3069	0.505	0.2393	51	0.093	1.085	NA	0.5182	2.997	true	W71	1.419	lost	lost	Ser25 W not in expected {S}
Q32IU7	3070	0.505	0.1276	51	0.125	1.144	NA	0.531	3.238	true	T107	0.7304	lost	lost	Ser25 T not in expected {S}
Q0P7W7	3071	0.505	0.5032	51	0.151	0.839	NA	0.4686	3.104	false	-	NA	unresolved	unresolved	fold below TM gate (TM 0.47 < 0.50)
Q32DQ6	3072	0.505	1.579	51	0.083	0.6102	NA	0.5345	2.835	true	Y841	0.9809	lost	lost	Ser25 Y not in expected {S}
K0F0B3	3073	0.505	0.3185	51	0.08	0.839	NA	0.5284	3.255	true	F602	1.493	lost	lost	Ser25 F not in expected {S}
6f0k-assembly1.cif.gz_B	3074	0.505	0.6465	51	0.122	0.4831	NA	NA	NA	NA	NA	NA	NA	unresolved	structure_not_found
1kqf-assembly1.cif.gz_A	3075	0.505	0.231	51	0.135	0.8729	NA	NA	NA	NA	NA	NA	NA	unresolved	structure_not_found
8sy5-assembly1.cif.gz_J	3076	0.505	0.5446	51	0.093	1.178	NA	NA	NA	NA	NA	NA	NA	unresolved	structure_not_found
7b04-assembly6.cif.gz_Q	3077	0.505	0.9648	51	0.101	0.5847	NA	NA	NA	NA	NA	NA	NA	unresolved	structure_not_found
4yfx-assembly2.cif.gz_J	3078	0.505	0.6465	51	0.097	1.212	NA	NA	NA	NA	NA	NA	NA	unresolved	structure_not_found
6c6u-assembly1.cif.gz_J	3079	0.505	0.4857	51	0.108	1.169	NA	NA	NA	NA	NA	NA	NA	unresolved	structure_not_found
O31963	3080	0.473	0.3193	50	0.105	0.8051	NA	0.3854	4.154	false	-	NA	unresolved	unresolved	fold below TM gate (TM 0.39 < 0.50)
B0TSW5	3081	0.473	0.7111	50	0.075	0.7881	NA	0.5187	2.927	true	Q743	1.649	lost	lost	Ser25 Q not in expected {S}
Q13I15	3082	0.473	0.6342	50	0.069	1.093	NA	0.5182	2.941	true	V744	1.637	lost	lost	Ser25 V not in expected {S}
Q2W3T1	3083	0.473	0.599	50	0.048	1.042	NA	0.5193	2.939	true	V744	1.628	lost	lost	Ser25 V not in expected {S}
Q93HX3	3084	0.473	0.7111	50	0.049	1.025	NA	0.5192	2.947	true	V744	1.622	lost	lost	Ser25 V not in expected {S}
B0URQ3	3085	0.473	0.6716	50	0.075	0.7881	NA	0.517	2.966	true	L744	1.698	lost	lost	Ser25 L not in expected {S}
C4ZU48	3086	0.473	0.8442	50	0.086	0.7881	NA	0.5179	2.953	true	V745	1.73	lost	lost	Ser25 V not in expected {S}
Q65Q72	3087	0.473	0.7111	50	0.076	0.7712	NA	0.5143	2.982	true	L747	1.797	lost	lost	Ser25 L not in expected {S}
Q0TMN9	3088	0.473	1.002	50	0.079	1.178	NA	0.3732	4.008	false	-	NA	unresolved	unresolved	fold below TM gate (TM 0.37 < 0.50)
A0A077ZH36	3089	0.473	0.3571	50	0.129	1.051	NA	0.5294	3.103	true	T94	0.5242	lost	lost	Ser25 T not in expected {S}
A0A0H3GR17	3090	0.473	0.2134	50	0.091	1.11	NA	0.5442	2.716	true	R628	0.9786	lost	lost	Ser25 R not in expected {S}
Q9I2W3	3091	0.473	0.751	50	0.056	1.051	NA	0.5445	2.85	true	L622	1.482	lost	lost	Ser25 L not in expected {S}
A0A1C1C7W7	3092	0.473	0.8419	50	0.122	1.11	NA	0.3633	4.703	false	-	NA	unresolved	unresolved	fold below TM gate (TM 0.36 < 0.50)
af_Q55G31_17_140_2.40.40.10	3093	0.473	0.1221	50	0.106	1.034	NA	NA	NA	NA	NA	NA	NA	unresolved	structure_not_found
af_P77561_600_759_2.40.40.20	3094	0.473	0.2291	50	0.097	1.042	NA	NA	NA	NA	NA	NA	NA	unresolved	structure_not_found
7tvm-assembly1.cif.gz_B	3095	0.473	1.022	50	0.115	0.661	NA	NA	NA	NA	NA	NA	NA	unresolved	structure_not_found
5e7o-assembly3.cif.gz_E	3096	0.473	0.4857	50	0.127	0.7966	NA	NA	NA	NA	NA	NA	NA	unresolved	structure_not_found
8sy7-assembly1.cif.gz_J	3097	0.473	0.5766	50	0.094	1.169	NA	NA	NA	NA	NA	NA	NA	unresolved	structure_not_found
7b04-assembly8.cif.gz_W	3098	0.473	1.082	50	0.101	0.5847	NA	NA	NA	NA	NA	NA	NA	unresolved	structure_not_found
6koq-assembly1.cif.gz_D	3099	0.473	0.3074	50	0.091	1.203	NA	NA	NA	NA	NA	NA	NA	unresolved	structure_not_found
7ypb-assembly1.cif.gz_D	3100	0.473	0.4332	50	0.097	1.22	NA	NA	NA	NA	NA	NA	NA	unresolved	structure_not_found
6xav-assembly1.cif.gz_J	3101	0.473	0.5143	50	0.093	1.178	NA	NA	NA	NA	NA	NA	NA	unresolved	structure_not_found
A0T0D8	3102	0.442	1.124	49	0.079	1.169	NA	0.5613	2.663	true	Q445	1.413	lost	lost	Ser25 Q not in expected {S}
P39458	3103	0.442	0.4014	49	0.094	1.169	NA	0.53	2.991	true	F637	1.145	lost	lost	Ser25 F not in expected {S}
Q4QNJ6	3104	0.442	0.8938	49	0.073	1.042	NA	0.5194	3.038	true	L743	1.644	lost	lost	Ser25 L not in expected {S}
Q0I5G9	3105	0.442	0.8442	49	0.069	0.7288	NA	0.5172	2.971	true	L744	1.658	lost	lost	Ser25 L not in expected {S}
Q8VL02	3106	0.442	0.8938	49	0.054	0.7712	NA	0.5178	3.056	true	L744	1.695	lost	lost	Ser25 L not in expected {S}
Q53176	3107	0.442	0.6342	49	0.086	0.7881	NA	0.5182	2.92	true	V748	1.708	lost	lost	Ser25 V not in expected {S}
A6V924	3108	0.442	0.4014	49	0.055	1.076	NA	0.5241	3.124	true	V748	1.626	lost	lost	Ser25 V not in expected {S}
Q89EN5	3109	0.442	0.6342	49	0.062	1.093	NA	0.528	3.134	true	V751	1.663	lost	lost	Ser25 V not in expected {S}
Q21AR4	3110	0.442	0.599	49	0.068	1.119	NA	0.5247	3.058	true	V751	1.686	lost	lost	Ser25 V not in expected {S}
B2UBL7	3111	0.442	0.3016	49	0.093	0.8136	NA	0.5185	2.944	true	V755	1.757	lost	lost	Ser25 V not in expected {S}
AF-O43933-2-F1-model_v6	3112	0.442	1.412	49	0.113	0.8983	NA	NA	NA	NA	NA	NA	NA	unresolved	structure_not_found
Q6CPV1	3113	0.442	0.6716	49	0.088	0.9576	NA	0.5471	2.908	true	F226	1.642	lost	lost	Ser25 F not in expected {S}
Q2R1V1	3114	0.442	0.1904	49	0.112	1.127	NA	0.5278	2.999	true	W74	1.081	lost	lost	Ser25 W not in expected {S}
Q59ZE6	3115	0.442	0.4753	49	0.097	0.9576	NA	0.553	3.628	true	T40	2.457	lost	lost	Ser25 T not in expected {S}
Q2G0N5	3116	0.442	1.492	49	0.086	1.178	NA	0.3677	5.216	false	-	NA	unresolved	unresolved	fold below TM gate (TM 0.37 < 0.50)
af_G5EFR8_1_233_2.40.40.20	3117	0.442	0.8536	49	0.085	0.7966	NA	NA	NA	NA	NA	NA	NA	unresolved	structure_not_found
4jjo-assembly1.cif.gz_A	3118	0.442	0.05529	49	0.12	0.9831	NA	NA	NA	NA	NA	NA	NA	unresolved	structure_not_found
7l5s-assembly1.cif.gz_A	3119	0.442	1.082	49	0.117	0.7203	NA	NA	NA	NA	NA	NA	NA	unresolved	structure_not_found
3ml1-assembly1.cif.gz_A	3120	0.442	0.4587	49	0.097	0.7797	NA	NA	NA	NA	NA	NA	NA	unresolved	structure_not_found
4mex-assembly2.cif.gz_J	3121	0.442	0.6106	49	0.108	1.169	NA	NA	NA	NA	NA	NA	NA	unresolved	structure_not_found
5uah-assembly1.cif.gz_D	3122	0.442	0.6846	49	0.115	1.178	NA	NA	NA	NA	NA	NA	NA	unresolved	structure_not_found
6vvv-assembly1.cif.gz_D	3123	0.442	0.3255	49	0.074	1.254	NA	NA	NA	NA	NA	NA	NA	unresolved	structure_not_found
6jcy-assembly1.cif.gz_D	3124	0.442	0.4857	49	0.091	1.203	NA	NA	NA	NA	NA	NA	NA	unresolved	structure_not_found
6m6c-assembly1.cif.gz_D	3125	0.442	0.4857	49	0.116	1.237	NA	NA	NA	NA	NA	NA	NA	unresolved	structure_not_found
6asx-assembly1.cif.gz_J	3126	0.442	0.5446	49	0.104	1.22	NA	NA	NA	NA	NA	NA	NA	unresolved	structure_not_found
MGYP003571418024.pdb.gz	3127	0.411	2.07	48	0.068	1.237	NA	NA	NA	NA	NA	NA	NA	unresolved	structure_not_found
Q32I06	3128	0.411	0.9464	48	0.058	0.7288	NA	0.5173	2.942	true	V745	1.725	lost	lost	Ser25 V not in expected {S}
B7M5P6	3129	0.411	0.9464	48	0.058	0.7288	NA	0.5178	2.938	true	V745	1.8	lost	lost	Ser25 V not in expected {S}
B2TV30	3130	0.411	1.002	48	0.058	0.7288	NA	0.5177	2.938	true	V745	1.803	lost	lost	Ser25 V not in expected {S}
Q6LQJ3	3131	0.411	0.4765	48	0.104	0.8136	NA	0.5173	2.964	true	Q747	1.648	lost	lost	Ser25 Q not in expected {S}
B3R8B4	3132	0.411	0.7972	48	0.046	1.093	NA	0.5191	2.94	true	V748	1.745	lost	lost	Ser25 V not in expected {S}
B7UX15	3133	0.411	0.45	48	0.047	1.076	NA	0.5245	3.117	true	L748	1.862	lost	lost	Ser25 L not in expected {S}
C1D9G3	3134	0.411	1.124	48	0.035	0.7119	NA	0.5187	2.938	true	Q756	1.761	lost	lost	Ser25 Q not in expected {S}
D3RNN8	3135	0.411	3.145	48	0.078	0.4322	NA	0.5241	2.996	true	Y816	2.304	lost	lost	Ser25 Y not in expected {S}
P54777	3136	0.411	0.8938	48	0.063	1.068	NA	0.5718	3.03	true	A204	1.793	lost	lost	Ser25 A not in expected {S}
Q20EX2	3137	0.411	1.334	48	0.086	1.169	NA	0.5586	2.771	true	E709	1.518	lost	lost	Ser25 E not in expected {S}
O30078	3138	0.411	0.5046	48	0.126	0.9407	NA	0.5394	2.893	true	F960	1.706	lost	lost	Ser25 F not in expected {S}
Q49V53	3139	0.411	1.19	48	0.1	1.178	NA	0.3663	5.198	false	-	NA	unresolved	unresolved	fold below TM gate (TM 0.37 < 0.50)
Q034X1	3140	0.411	1.334	48	0.079	1.169	NA	0.3668	5.069	false	-	NA	unresolved	unresolved	fold below TM gate (TM 0.37 < 0.50)
Q54PL5	3141	0.411	0.5032	48	0.106	0.9576	NA	0.5109	3.453	true	L48	0.576	lost	lost	Ser25 L not in expected {S}
O06817	3142	0.411	1.875	48	0.061	0.6864	NA	0.5232	3.063	true	P654	1.791	lost	lost	Ser25 P not in expected {S}
P18775	3143	0.411	2.495	48	0.102	0.661	NA	0.5284	2.707	true	E723	1.518	lost	lost	Ser25 E not in expected {S}
K0ERF9	3144	0.411	3.724	48	0.163	0.4153	NA	0.433	4.404	false	-	NA	unresolved	unresolved	fold below TM gate (TM 0.43 < 0.50)
7l5i-assembly1.cif.gz_A	3145	0.411	0.3864	48	0.147	1.203	NA	NA	NA	NA	NA	NA	NA	unresolved	structure_not_found
7l7b-assembly1.cif.gz_D	3146	0.411	0.5143	48	0.105	1.203	NA	NA	NA	NA	NA	NA	NA	unresolved	structure_not_found
6vjs-assembly1.cif.gz_D	3147	0.411	0.8127	48	0.122	1.178	NA	NA	NA	NA	NA	NA	NA	unresolved	structure_not_found
5w1t-assembly1.cif.gz_D	3148	0.411	0.8605	48	0.1	1.102	NA	NA	NA	NA	NA	NA	NA	unresolved	structure_not_found
7dy6-assembly1.cif.gz_D	3149	0.411	0.9111	48	0.122	1.178	NA	NA	NA	NA	NA	NA	NA	unresolved	structure_not_found
Q03Q37	3150	0.382	0.6342	47	0.111	0.6102	NA	0.4904	3.084	false	-	NA	unresolved	unresolved	fold below TM gate (TM 0.49 < 0.50)
B2Y1V6	3151	0.382	1.677	47	0.056	1.195	NA	0.5439	2.796	true	Q411	2.502	lost	lost	Ser25 Q not in expected {S}
A8LLY9	3152	0.382	1.412	47	0.083	0.7119	NA	0.5197	2.916	true	V748	1.685	lost	lost	Ser25 V not in expected {S}
Q250N9	3153	0.382	1.19	47	0.071	1.178	NA	0.5604	2.666	true	Q360	1.458	lost	lost	Ser25 Q not in expected {S}
Q38UQ3	3154	0.382	1.583	47	0.094	1.169	NA	0.3651	5.305	false	-	NA	unresolved	unresolved	fold below TM gate (TM 0.37 < 0.50)
P9WGY7	3155	0.382	1.334	47	0.077	1.203	NA	0.558	2.872	true	Q440	1.53	lost	lost	Ser25 Q not in expected {S}
Q54PL6	3156	0.382	0.6698	47	0.115	0.9576	NA	0.5081	3.361	true	L52	0.6455	lost	lost	Ser25 L not in expected {S}
G5EFR8	3157	0.382	1.256	47	0.106	0.8729	NA	0.5589	2.737	true	T48	0.7904	lost	lost	Ser25 T not in expected {S}
C1GSI0	3158	0.382	0.3185	47	0.087	1.458	NA	0.5836	2.953	true	K29	0.8696	lost	lost	Ser25 K not in expected {S}
A0A077ZHP6	3159	0.382	0.2683	47	0.116	1.314	NA	0.53	2.865	true	P701	1.653	lost	lost	Ser25 P not in expected {S}
O74941	3160	0.382	1.492	47	0.07	0.839	NA	0.5454	2.916	true	C202	1.197	lost	lost	Ser25 C not in expected {S}
ProtVar_P63104_Q8CZY0_B	3161	0.382	0.6738	47	0.103	1.144	NA	NA	NA	NA	NA	NA	NA	unresolved	structure_not_found
5cuo-assembly1.cif.gz_A	3162	0.382	1.145	47	0.159	0.5847	NA	NA	NA	NA	NA	NA	NA	unresolved	structure_not_found
7wd3-assembly1.cif.gz_F	3163	0.382	0.7248	47	0.101	0.9153	NA	NA	NA	NA	NA	NA	NA	unresolved	structure_not_found
8j83-assembly1.cif.gz_A	3164	0.382	0.7675	47	0.077	0.7627	NA	NA	NA	NA	NA	NA	NA	unresolved	structure_not_found
8i24-assembly1.cif.gz_D	3165	0.382	0.6106	47	0.111	1.212	NA	NA	NA	NA	NA	NA	NA	unresolved	structure_not_found
4yfk-assembly2.cif.gz_J	3166	0.382	0.8127	47	0.113	1.195	NA	NA	NA	NA	NA	NA	NA	unresolved	structure_not_found
8dkc-assembly1.cif.gz_D	3167	0.382	0.4092	47	0.094	1.254	NA	NA	NA	NA	NA	NA	NA	unresolved	structure_not_found
6j9f-assembly1.cif.gz_D	3168	0.382	0.7675	47	0.101	1.254	NA	NA	NA	NA	NA	NA	NA	unresolved	structure_not_found
6kon-assembly1.cif.gz_D	3169	0.382	0.5766	47	0.094	1.169	NA	NA	NA	NA	NA	NA	NA	unresolved	structure_not_found
6ldi-assembly1.cif.gz_D	3170	0.382	0.5143	47	0.094	1.254	NA	NA	NA	NA	NA	NA	NA	unresolved	structure_not_found
7qxi-assembly1.cif.gz_D	3171	0.382	0.6465	47	0.113	1.195	NA	NA	NA	NA	NA	NA	NA	unresolved	structure_not_found
7xyb-assembly1.cif.gz_D	3172	0.382	0.8127	47	0.1	1.186	NA	NA	NA	NA	NA	NA	NA	unresolved	structure_not_found
MGYP000193012188.pdb.gz	3173	0.353	2.602	46	0.071	1.068	NA	NA	NA	NA	NA	NA	NA	unresolved	structure_not_found
A6VQY7	3174	0.353	1.26	46	0.065	0.7712	NA	0.5154	2.978	true	L743	1.726	lost	lost	Ser25 L not in expected {S}
Q9I4G3	3175	0.353	0.599	46	0.047	1.076	NA	0.5243	3.117	true	L743	1.875	lost	lost	Ser25 L not in expected {S}
B0UCB6	3176	0.353	0.6342	46	0.053	1.11	NA	0.53	3.11	true	V747	1.812	lost	lost	Ser25 V not in expected {S}
A7GZP5	3177	0.353	1.334	46	0.107	0.7119	NA	0.5149	2.985	true	L843	2.061	lost	lost	Ser25 L not in expected {S}
A4XI31	3178	0.353	1.495	46	0.105	1.203	NA	0.5605	2.666	true	Q354	1.456	lost	lost	Ser25 Q not in expected {S}
A5U053	3179	0.353	1.583	46	0.079	1.178	NA	0.5566	2.705	true	Q440	1.527	lost	lost	Ser25 Q not in expected {S}
P0A675	3180	0.353	1.495	46	0.077	1.203	NA	0.5564	2.705	true	Q440	1.535	lost	lost	Ser25 Q not in expected {S}
Q54C80	3181	0.353	1.256	46	0.087	0.9661	NA	0.5238	3.889	true	T56	1.942	lost	lost	Ser25 T not in expected {S}
P9WJP9	3182	0.353	0.3008	46	0.096	1.051	NA	0.5294	2.922	true	V691	1.14	lost	lost	Ser25 V not in expected {S}
A0A0H3GYA2	3183	0.353	0.3571	46	0.105	1.127	NA	0.519	2.862	true	F707	0.7466	lost	lost	Ser25 F not in expected {S}
C0NYS8	3184	0.353	0.9995	46	0.072	1.407	NA	0.3954	3.972	false	-	NA	unresolved	unresolved	fold below TM gate (TM 0.40 < 0.50)
A0A0H3GM96	3185	0.353	2.226	46	0.129	0.7881	NA	0.5298	2.693	true	E721	1.532	lost	lost	Ser25 E not in expected {S}
af_O06817_598_760_2.40.40.20	3186	0.353	0.305	46	0.088	1.246	NA	NA	NA	NA	NA	NA	NA	unresolved	structure_not_found
2g5dA01	3187	0.353	0.1823	46	0.142	0.9492	NA	NA	NA	NA	NA	NA	NA	unresolved	structure_not_found
7ykz-assembly1.cif.gz_F	3188	0.353	1.709	46	0.089	0.7542	NA	NA	NA	NA	NA	NA	NA	unresolved	structure_not_found
4aay-assembly1.cif.gz_C	3189	0.353	0.3447	46	0.102	1.161	NA	NA	NA	NA	NA	NA	NA	unresolved	structure_not_found
6kop-assembly1.cif.gz_D	3190	0.353	0.6846	46	0.098	1.203	NA	NA	NA	NA	NA	NA	NA	unresolved	structure_not_found
7p5x-assembly1.cif.gz_AD	3191	0.353	0.7248	46	0.097	1.212	NA	NA	NA	NA	NA	NA	NA	unresolved	structure_not_found
6fbv-assembly1.cif.gz_D	3192	0.353	0.6846	46	0.098	1.203	NA	NA	NA	NA	NA	NA	NA	unresolved	structure_not_found
4jkr-assembly2.cif.gz_J	3193	0.353	0.9111	46	0.108	1.169	NA	NA	NA	NA	NA	NA	NA	unresolved	structure_not_found
7vf9-assembly1.cif.gz_D	3194	0.353	1.022	46	0.093	1.178	NA	NA	NA	NA	NA	NA	NA	unresolved	structure_not_found
C7NCT6	3195	0.326	0.7972	45	0.111	0.6102	NA	0.4861	3.122	false	-	NA	unresolved	unresolved	fold below TM gate (TM 0.49 < 0.50)
A9N5G2	3196	0.326	1.677	45	0.058	0.7288	NA	0.5192	2.94	true	V745	1.548	lost	lost	Ser25 V not in expected {S}
B5YWZ7	3197	0.326	1.495	45	0.059	0.7119	NA	0.5178	2.935	true	V745	1.802	lost	lost	Ser25 V not in expected {S}
Q8Z570	3198	0.326	1.775	45	0.047	0.7119	NA	0.5189	2.93	true	V745	1.636	lost	lost	Ser25 V not in expected {S}
A4VJ11	3199	0.326	0.6716	45	0.062	1.076	NA	0.52	3.158	true	L748	1.961	lost	lost	Ser25 L not in expected {S}
A9I7M5	3200	0.326	1.334	45	0.058	0.7288	NA	0.5171	2.962	true	V764	1.653	lost	lost	Ser25 V not in expected {S}
A0A0K0E0F8	3201	0.326	1.121	45	0.117	0.9407	NA	0.5353	3.121	true	K44	1.549	lost	lost	Ser25 K not in expected {S}
A0A0H3GPW3	3202	0.326	0.5032	45	0.112	1.127	NA	0.5413	3.238	true	T107	0.8147	lost	lost	Ser25 T not in expected {S}
K0EQH5	3203	0.326	1.492	45	0.105	0.7203	NA	0.5268	2.865	true	P660	1.82	lost	lost	Ser25 P not in expected {S}
Q8ZQD3	3204	0.326	3.321	45	0.102	0.661	NA	0.5274	2.728	true	E723	1.58	lost	lost	Ser25 E not in expected {S}
af_L0T2Z1_596_747_2.40.40.20	3205	0.326	1.013	45	0.087	0.678	NA	NA	NA	NA	NA	NA	NA	unresolved	structure_not_found
2vpxE05	3206	0.326	0.3229	45	0.089	1.237	NA	NA	NA	NA	NA	NA	NA	unresolved	structure_not_found
5ntb-assembly2.cif.gz_B	3207	0.326	0.2903	45	0.168	0.9576	NA	NA	NA	NA	NA	NA	NA	unresolved	structure_not_found
7r7t-assembly1.cif.gz_A	3208	0.326	1.082	45	0.134	0.7542	NA	NA	NA	NA	NA	NA	NA	unresolved	structure_not_found
7vw6-assembly1.cif.gz_A	3209	0.326	0.7248	45	0.073	1.042	NA	NA	NA	NA	NA	NA	NA	unresolved	structure_not_found
6tg9-assembly1.cif.gz_A	3210	0.326	0.6465	45	0.078	1.076	NA	NA	NA	NA	NA	NA	NA	unresolved	structure_not_found
5vi8-assembly1.cif.gz_D	3211	0.326	0.6106	45	0.067	1.254	NA	NA	NA	NA	NA	NA	NA	unresolved	structure_not_found
8sy6-assembly1.cif.gz_J	3212	0.326	0.8605	45	0.097	1.22	NA	NA	NA	NA	NA	NA	NA	unresolved	structure_not_found
7fjj-assembly1.cif.gz_A	3213	0.326	0.7675	45	0.074	0.5678	NA	NA	NA	NA	NA	NA	NA	unresolved	structure_not_found
A8AEM8	3214	0.301	1.412	44	0.092	0.6441	NA	0.4876	3.468	false	-	NA	unresolved	unresolved	fold below TM gate (TM 0.49 < 0.50)
Q9PHM1	3215	0.301	0.8938	44	0.142	0.8898	NA	0.5429	3.595	true	T106	0.8299	lost	lost	Ser25 T not in expected {S}
B1LKV2	3216	0.301	1.583	44	0.058	0.7288	NA	0.5178	2.938	true	V745	1.729	lost	lost	Ser25 V not in expected {S}
Q57M92	3217	0.301	1.775	44	0.046	0.7288	NA	0.5191	2.941	true	V745	1.559	lost	lost	Ser25 V not in expected {S}
Q8XE47	3218	0.301	1.775	44	0.059	0.7119	NA	0.518	2.934	true	V745	1.801	lost	lost	Ser25 V not in expected {S}
A1AD59	3219	0.301	1.583	44	0.058	0.7288	NA	0.5178	2.938	true	V745	1.804	lost	lost	Ser25 V not in expected {S}
B7N5G7	3220	0.301	1.583	44	0.058	0.7288	NA	0.5178	2.936	true	V745	1.798	lost	lost	Ser25 V not in expected {S}
A7ZP28	3221	0.301	1.583	44	0.058	0.7288	NA	0.5178	2.937	true	V745	1.714	lost	lost	Ser25 V not in expected {S}
C0Q0P2	3222	0.301	1.775	44	0.046	0.7288	NA	0.5192	2.941	true	V745	1.562	lost	lost	Ser25 V not in expected {S}
A9MJZ6	3223	0.301	2.363	44	0.059	0.7119	NA	0.5189	2.93	true	V745	1.625	lost	lost	Ser25 V not in expected {S}
B5FNQ2	3224	0.301	1.775	44	0.046	0.7288	NA	0.519	2.93	true	V745	1.633	lost	lost	Ser25 V not in expected {S}
B7MXN6	3225	0.301	1.677	44	0.058	0.7288	NA	0.5178	2.938	true	V745	1.717	lost	lost	Ser25 V not in expected {S}
Q31Z29	3226	0.301	1.677	44	0.058	0.7288	NA	0.5177	2.938	true	V745	1.796	lost	lost	Ser25 V not in expected {S}
Q5PI61	3227	0.301	1.99	44	0.059	0.7119	NA	0.5189	2.942	true	V745	1.557	lost	lost	Ser25 V not in expected {S}
B5RC85	3228	0.301	1.775	44	0.046	0.7288	NA	0.5185	2.933	true	V745	1.673	lost	lost	Ser25 V not in expected {S}
Q02IZ4	3229	0.301	0.7972	44	0.047	1.076	NA	0.5242	3.12	true	L748	1.79	lost	lost	Ser25 L not in expected {S}
Q3A9Q8	3230	0.301	1.88	44	0.107	1.178	NA	0.5615	2.643	true	Q354	1.373	lost	lost	Ser25 Q not in expected {S}
A6TWI9	3231	0.301	1.99	44	0.105	1.203	NA	0.373	4.175	false	-	NA	unresolved	unresolved	fold below TM gate (TM 0.37 < 0.50)
Q5FM96	3232	0.301	1.334	44	0.091	1.203	NA	0.5684	2.839	true	Q354	1.499	lost	lost	Ser25 Q not in expected {S}
B3WAM7	3233	0.301	1.583	44	0.079	1.169	NA	0.3686	5.135	false	-	NA	unresolved	unresolved	fold below TM gate (TM 0.37 < 0.50)
Q4A5S8	3234	0.301	2.97	44	0.072	1.161	NA	0.587	3.02	true	Q439	1.27	lost	lost	Ser25 Q not in expected {S}
Q9I4B6	3235	0.301	0.6698	44	0.144	0.822	NA	0.5176	3.986	true	S303	1.423	retained	retained	Ser25 S303 retained
A0A0H3GT22	3236	0.301	1.771	44	0.081	0.7288	NA	0.5433	2.814	true	Y790	0.6215	lost	lost	Ser25 Y not in expected {S}
A0A0H3GRF5	3237	0.301	1.256	44	0.055	1.068	NA	0.5279	3.094	true	M601	0.8315	lost	lost	Ser25 M not in expected {S}
A4IAB8	3238	0.301	1.875	44	0.174	0.8729	NA	0.5498	2.519	true	F18	1.565	lost	lost	Ser25 F not in expected {S}
A0A0D2HG12	3239	0.301	1.579	44	0.1	1.102	NA	0.5599	3.666	true	F428	1.203	lost	lost	Ser25 F not in expected {S}
C1H3Q4	3240	0.301	2.357	44	0.147	0.5763	NA	0.584	2.804	true	E380	1.145	lost	lost	Ser25 E not in expected {S}
af_Q54PA4_29_134_2.40.40.10	3241	0.301	0.3419	44	0.099	0.9407	NA	NA	NA	NA	NA	NA	NA	unresolved	structure_not_found
af_P77374_677_808_2.40.40.20	3242	0.301	1.136	44	0.144	0.7627	NA	NA	NA	NA	NA	NA	NA	unresolved	structure_not_found
af_P18775_670_814_2.40.40.20	3243	0.301	1.695	44	0.102	0.661	NA	NA	NA	NA	NA	NA	NA	unresolved	structure_not_found
1ti2G04	3244	0.301	0.4059	44	0.119	1.068	NA	NA	NA	NA	NA	NA	NA	unresolved	structure_not_found
ProtVar_O14802_O15160-2_A	3245	0.301	0.7135	44	0.074	0.5678	NA	NA	NA	NA	NA	NA	NA	unresolved	structure_not_found
4zh4-assembly1.cif.gz_D	3246	0.301	0.9648	44	0.118	1.212	NA	NA	NA	NA	NA	NA	NA	unresolved	structure_not_found
6byu-assembly1.cif.gz_D	3247	0.301	1.082	44	0.105	1.203	NA	NA	NA	NA	NA	NA	NA	unresolved	structure_not_found
6m6a-assembly1.cif.gz_D	3248	0.301	0.8127	44	0.062	1.212	NA	NA	NA	NA	NA	NA	NA	unresolved	structure_not_found
7d7c-assembly1.cif.gz_D	3249	0.301	0.5143	44	0.074	1.254	NA	NA	NA	NA	NA	NA	NA	unresolved	structure_not_found
8f1k-assembly1.cif.gz_J	3250	0.301	1.213	44	0.1	1.178	NA	NA	NA	NA	NA	NA	NA	unresolved	structure_not_found
B8PYF3	3251	0.277	0.599	43	0.096	1.059	NA	0.4793	3.672	false	-	NA	unresolved	unresolved	fold below TM gate (TM 0.48 < 0.50)
A8A268	3252	0.277	1.88	43	0.058	0.7288	NA	0.5178	2.937	true	V745	1.796	lost	lost	Ser25 V not in expected {S}
B7LJU7	3253	0.277	1.88	43	0.058	0.7288	NA	0.5179	2.938	true	V745	1.795	lost	lost	Ser25 V not in expected {S}
Q0T2R8	3254	0.277	1.88	43	0.058	0.7288	NA	0.5179	2.937	true	V745	1.795	lost	lost	Ser25 V not in expected {S}
B4SYT3	3255	0.277	2.363	43	0.059	0.7119	NA	0.5191	2.94	true	V745	1.559	lost	lost	Ser25 V not in expected {S}
B5R233	3256	0.277	2.108	43	0.047	0.7119	NA	0.5189	2.929	true	V745	1.636	lost	lost	Ser25 V not in expected {S}
B4TPE6	3257	0.277	2.363	43	0.059	0.7119	NA	0.5191	2.942	true	V745	1.555	lost	lost	Ser25 V not in expected {S}
Q046D1	3258	0.277	1.412	43	0.091	1.203	NA	0.5583	3.24	true	Q354	2.258	lost	lost	Ser25 Q not in expected {S}
P10100	3259	0.277	0.4239	43	0.115	1.102	NA	0.5312	3.19	true	T107	0.5521	lost	lost	Ser25 T not in expected {S}
Q8ZPJ6	3260	0.277	2.102	43	0.097	0.6949	NA	0.5242	2.567	true	E720	1.441	lost	lost	Ser25 E not in expected {S}
4s20-assembly1.cif.gz_D	3261	0.277	1.36	43	0.102	1.153	NA	NA	NA	NA	NA	NA	NA	unresolved	structure_not_found
8hkc-assembly1.cif.gz_F	3262	0.277	1.284	43	0.101	1.169	NA	NA	NA	NA	NA	NA	NA	unresolved	structure_not_found
4s20-assembly2.cif.gz_I	3263	0.277	1.36	43	0.102	1.153	NA	NA	NA	NA	NA	NA	NA	unresolved	structure_not_found
6vjs-assembly2.cif.gz_I	3264	0.277	1.284	43	0.115	1.169	NA	NA	NA	NA	NA	NA	NA	unresolved	structure_not_found
5zx2-assembly1.cif.gz_D	3265	0.277	0.7675	43	0.074	1.254	NA	NA	NA	NA	NA	NA	NA	unresolved	structure_not_found
6ri9-assembly1.cif.gz_D	3266	0.277	1.284	43	0.101	1.169	NA	NA	NA	NA	NA	NA	NA	unresolved	structure_not_found
7szk-assembly1.cif.gz_D	3267	0.277	1.213	43	0.097	1.22	NA	NA	NA	NA	NA	NA	NA	unresolved	structure_not_found
O26091	3268	0.254	0.45	42	0.168	0.9068	NA	0.516	2.966	true	T144	0.6846	lost	lost	Ser25 T not in expected {S}
B7UFL9	3269	0.254	2.232	42	0.059	0.7119	NA	0.5179	2.937	true	V745	1.721	lost	lost	Ser25 V not in expected {S}
B7MFB8	3270	0.254	1.99	42	0.058	0.7288	NA	0.5178	2.938	true	V745	1.822	lost	lost	Ser25 V not in expected {S}
B1IY66	3271	0.254	1.99	42	0.058	0.7288	NA	0.5177	2.938	true	V745	1.802	lost	lost	Ser25 V not in expected {S}
Q3Z001	3272	0.254	1.99	42	0.058	0.7288	NA	0.5179	2.937	true	V745	1.711	lost	lost	Ser25 V not in expected {S}
B7LAM9	3273	0.254	1.99	42	0.058	0.7288	NA	0.5177	2.938	true	V745	1.81	lost	lost	Ser25 V not in expected {S}
B1X8A2	3274	0.254	1.124	42	0.104	0.8136	NA	0.518	2.951	true	V745	1.722	lost	lost	Ser25 V not in expected {S}
Q6LTV9	3275	0.254	1.061	42	0.095	0.7966	NA	0.5203	2.914	true	L745	1.928	lost	lost	Ser25 L not in expected {S}
Q1R9L3	3276	0.254	1.99	42	0.058	0.7288	NA	0.5176	2.94	true	V745	1.801	lost	lost	Ser25 V not in expected {S}
B7NN18	3277	0.254	2.232	42	0.059	0.7119	NA	0.5181	2.934	true	V745	1.713	lost	lost	Ser25 V not in expected {S}
Q8ZNH6	3278	0.254	2.502	42	0.059	0.7119	NA	0.5189	2.929	true	V745	1.643	lost	lost	Ser25 V not in expected {S}
B6I1A4	3279	0.254	1.99	42	0.058	0.7288	NA	0.5176	2.939	true	V745	1.807	lost	lost	Ser25 V not in expected {S}
P33937	3280	0.254	1.124	42	0.104	0.8136	NA	0.518	2.954	true	V745	1.727	lost	lost	Ser25 V not in expected {S}
Q83QV0	3281	0.254	1.99	42	0.058	0.7288	NA	0.5178	2.938	true	V745	1.806	lost	lost	Ser25 V not in expected {S}
Q8CVW4	3282	0.254	2.502	42	0.069	0.7288	NA	0.518	2.938	true	V745	1.82	lost	lost	Ser25 V not in expected {S}
A5ED21	3283	0.254	0.7111	42	0.104	0.7288	NA	0.5169	2.962	true	V751	1.635	lost	lost	Ser25 V not in expected {S}
I1NIQ9	3284	0.254	1.187	42	0.054	1.085	NA	0.5453	2.711	true	W74	1.351	lost	lost	Ser25 W not in expected {S}
Q54C76	3285	0.254	0.7092	42	0.088	0.9576	NA	0.5496	3.734	true	T56	1.503	lost	lost	Ser25 T not in expected {S}
af_Q5JLH9_73_181_2.40.40.50	3286	0.254	0.3419	42	0.073	1.034	NA	NA	NA	NA	NA	NA	NA	unresolved	structure_not_found
6qk4-assembly1.cif.gz_B	3287	0.254	0.3864	42	0.094	0.8051	NA	NA	NA	NA	NA	NA	NA	unresolved	structure_not_found
4yfx-assembly1.cif.gz_D	3288	0.254	1.022	42	0.089	1.229	NA	NA	NA	NA	NA	NA	NA	unresolved	structure_not_found
5w1s-assembly1.cif.gz_D	3289	0.254	0.8605	42	0.087	1.254	NA	NA	NA	NA	NA	NA	NA	unresolved	structure_not_found
6z11-assembly1.cif.gz_D	3290	0.254	1.022	42	0.091	1.203	NA	NA	NA	NA	NA	NA	NA	unresolved	structure_not_found
7q4u-assembly1.cif.gz_D	3291	0.254	0.6846	42	0.074	1.254	NA	NA	NA	NA	NA	NA	NA	unresolved	structure_not_found
7du2-assembly1.cif.gz_A	3292	0.254	1.213	42	0.075	0.5593	NA	NA	NA	NA	NA	NA	NA	unresolved	structure_not_found
4llg-assembly2.cif.gz_J	3293	0.254	1.614	42	0.104	1.212	NA	NA	NA	NA	NA	NA	NA	unresolved	structure_not_found
7ubm-assembly1.cif.gz_D	3294	0.254	1.709	42	0.094	1.169	NA	NA	NA	NA	NA	NA	NA	unresolved	structure_not_found
7uwe-assembly1.cif.gz_J	3295	0.254	1.44	42	0.101	1.169	NA	NA	NA	NA	NA	NA	NA	unresolved	structure_not_found
6xl5-assembly1.cif.gz_D	3296	0.254	1.916	42	0.093	1.178	NA	NA	NA	NA	NA	NA	NA	unresolved	structure_not_found
7mkq-assembly1.cif.gz_D	3297	0.254	1.022	42	0.106	1.195	NA	NA	NA	NA	NA	NA	NA	unresolved	structure_not_found
Q9KLR4	3298	0.233	1.412	41	0.087	1.068	NA	0.5207	2.96	true	L745	2.027	lost	lost	Ser25 L not in expected {S}
A4Z0A1	3299	0.233	0.7972	41	0.098	0.7712	NA	0.517	2.962	true	V751	1.628	lost	lost	Ser25 V not in expected {S}
Q5FFD8	3300	0.233	2.805	41	0.1	1.178	NA	0.5609	2.655	true	Q366	1.447	lost	lost	Ser25 Q not in expected {S}
Q8ZR01	3301	0.233	0.5642	41	0.115	1.102	NA	0.5327	2.923	true	T109	0.6351	lost	lost	Ser25 T not in expected {S}
U7PLS7	3302	0.233	1.33	41	0.128	0.9237	NA	0.5382	2.957	true	I104	2.406	lost	lost	Ser25 I not in expected {S}
Q5F5R6	3303	0.233	3.517	41	0.109	1.161	NA	0.56	2.673	true	Q367	1.377	lost	lost	Ser25 Q not in expected {S}
af_Q54PL5_18_122_2.40.40.10	3304	0.233	0.3229	41	0.094	0.9915	NA	NA	NA	NA	NA	NA	NA	unresolved	structure_not_found
ProtVar_Q7Z3K3_Q9X6B6_B	3305	0.233	1.886	41	0.093	0.6356	NA	NA	NA	NA	NA	NA	NA	unresolved	structure_not_found
7wd3-assembly1.cif.gz_E	3306	0.233	2.55	41	0.101	0.839	NA	NA	NA	NA	NA	NA	NA	unresolved	structure_not_found
6zjn-assembly1.cif.gz_3	3307	0.233	1.213	41	0.144	0.7627	NA	NA	NA	NA	NA	NA	NA	unresolved	structure_not_found
6dcf-assembly1.cif.gz_D	3308	0.233	1.213	41	0.091	1.203	NA	NA	NA	NA	NA	NA	NA	unresolved	structure_not_found
5zx3-assembly1.cif.gz_D	3309	0.233	0.7248	41	0.081	1.254	NA	NA	NA	NA	NA	NA	NA	unresolved	structure_not_found
6yxu-assembly1.cif.gz_D	3310	0.233	0.5766	41	0.087	1.254	NA	NA	NA	NA	NA	NA	NA	unresolved	structure_not_found
7ade-assembly1.cif.gz_Y	3311	0.233	1.213	41	0.112	1.203	NA	NA	NA	NA	NA	NA	NA	unresolved	structure_not_found
7rdq-assembly1.cif.gz_D	3312	0.233	1.44	41	0.089	1.229	NA	NA	NA	NA	NA	NA	NA	unresolved	structure_not_found
7z31-assembly1.cif.gz_A	3313	0.233	0.8605	41	0.13	0.7797	NA	NA	NA	NA	NA	NA	NA	unresolved	structure_not_found
P77374	3314	0.214	3.734	40	0.096	0.7034	NA	0.5244	2.747	true	E715	1.423	lost	lost	Ser25 E not in expected {S}
P56300	3315	0.214	3.145	40	0.089	1.136	NA	0.5629	2.691	true	Q528	1.38	lost	lost	Ser25 Q not in expected {S}
I1NCA0	3316	0.214	1.492	40	0.079	1.068	NA	0.5451	2.686	true	W120	0.9841	lost	lost	Ser25 W not in expected {S}
af_A0A1D6MLI6_10_86_2.40.40.50	3317	0.214	1.512	40	0.112	0.678	NA	NA	NA	NA	NA	NA	NA	unresolved	structure_not_found
4js7A01	3318	0.214	0.07301	40	0.134	1.008	NA	NA	NA	NA	NA	NA	NA	unresolved	structure_not_found
1smyD04	3319	0.214	0.8536	40	0.102	1.246	NA	NA	NA	NA	NA	NA	NA	unresolved	structure_not_found
3i9v-assembly1.cif.gz_3	3320	0.214	1.709	40	0.13	0.7797	NA	NA	NA	NA	NA	NA	NA	unresolved	structure_not_found
3hkz-assembly2.cif.gz_I	3321	0.214	1.022	40	0.067	0.6271	NA	NA	NA	NA	NA	NA	NA	unresolved	structure_not_found
4yfn-assembly2.cif.gz_J	3322	0.214	1.81	40	0.104	1.22	NA	NA	NA	NA	NA	NA	NA	unresolved	structure_not_found
6n62-assembly1.cif.gz_D	3323	0.214	1.284	40	0.111	1.212	NA	NA	NA	NA	NA	NA	NA	unresolved	structure_not_found
6eyd-assembly1.cif.gz_D	3324	0.214	1.022	40	0.098	1.203	NA	NA	NA	NA	NA	NA	NA	unresolved	structure_not_found
8fvw-assembly1.cif.gz_G	3325	0.214	2.275	40	0.101	1.169	NA	NA	NA	NA	NA	NA	NA	unresolved	structure_not_found
6c9y-assembly1.cif.gz_D	3326	0.214	2.148	40	0.112	1.059	NA	NA	NA	NA	NA	NA	NA	unresolved	structure_not_found
8eha-assembly1.cif.gz_J	3327	0.214	1.916	40	0.101	1.169	NA	NA	NA	NA	NA	NA	NA	unresolved	structure_not_found
A0A061IR73	3328	0.196	3.145	39	0.066	1.017	NA	0.5676	3.348	true	A204	1.492	lost	lost	Ser25 A not in expected {S}
Q6F0L8	3329	0.196	3.734	39	0.083	1.212	NA	0.5407	2.757	true	Q406	2.264	lost	lost	Ser25 Q not in expected {S}
Q9C1E9	3330	0.196	2.649	39	0.086	1.076	NA	0.52	3.461	true	V43	2.543	lost	lost	Ser25 V not in expected {S}
O83270	3331	0.196	3.145	39	0.057	1.178	NA	0.5624	2.638	true	Q354	1.244	lost	lost	Ser25 Q not in expected {S}
Q21782	3332	0.196	0.7952	39	0.11	1	NA	0.3889	4.832	false	-	NA	unresolved	unresolved	fold below TM gate (TM 0.39 < 0.50)
ProtVar_O75140_Q8WTW4_A	3333	0.196	0.8968	39	0.113	0.8983	NA	NA	NA	NA	NA	NA	NA	unresolved	structure_not_found
5vi5-assembly1.cif.gz_D	3334	0.196	1.145	39	0.074	1.254	NA	NA	NA	NA	NA	NA	NA	unresolved	structure_not_found
4zh4-assembly2.cif.gz_J	3335	0.196	1.709	39	0.117	1.229	NA	NA	NA	NA	NA	NA	NA	unresolved	structure_not_found
7vwz-assembly1.cif.gz_D	3336	0.196	1.81	39	0.101	1.169	NA	NA	NA	NA	NA	NA	NA	unresolved	structure_not_found
7xue-assembly1.cif.gz_J	3337	0.196	2.701	39	0.086	1.169	NA	NA	NA	NA	NA	NA	NA	unresolved	structure_not_found
6z9t-assembly1.cif.gz_Y	3338	0.196	1.145	39	0.094	1.254	NA	NA	NA	NA	NA	NA	NA	unresolved	structure_not_found
4llg-assembly1.cif.gz_D	3339	0.196	2.148	39	0.104	1.212	NA	NA	NA	NA	NA	NA	NA	unresolved	structure_not_found
AF-Q13608-2-F1-model_v6	3340	0.179	3.526	38	0.059	1.144	NA	NA	NA	NA	NA	NA	NA	unresolved	structure_not_found
B5EYU5	3341	0.179	1.677	38	0.083	0.8136	NA	0.5185	2.934	true	V745	1.667	lost	lost	Ser25 V not in expected {S}
B4TAT3	3342	0.179	1.677	38	0.083	0.8136	NA	0.5187	2.933	true	V745	1.667	lost	lost	Ser25 V not in expected {S}
B5BDZ4	3343	0.179	1.677	38	0.083	0.8136	NA	0.5186	2.934	true	V745	1.668	lost	lost	Ser25 V not in expected {S}
Q7SGP2	3344	0.179	1.26	38	0.097	1.305	NA	0.5471	3.015	true	C405	0.8791	lost	lost	Ser25 C not in expected {S}
Q8SSC4	3345	0.179	3.33	38	0.074	0.5678	NA	0.6086	2.959	true	E334	0.9007	lost	lost	Ser25 E not in expected {S}
F1Q8W3	3346	0.179	3.724	38	0.095	0.6186	NA	0.514	3.118	true	R18	1.921	lost	lost	Ser25 R not in expected {S}
Q32AG0	3347	0.179	4.175	38	0.093	1.178	NA	0.5595	2.676	true	Q365	1.342	lost	lost	Ser25 Q not in expected {S}
1kqgA04	3348	0.179	0.2044	38	0.12	1.127	NA	NA	NA	NA	NA	NA	NA	unresolved	structure_not_found
ModelArchive_ma-cww19_N	3349	0.179	1.006	38	0.102	1.246	NA	NA	NA	NA	NA	NA	NA	unresolved	structure_not_found
4jp7-assembly2.cif.gz_B	3350	0.179	1.524	38	0.071	1.068	NA	NA	NA	NA	NA	NA	NA	unresolved	structure_not_found
4wqs-assembly1.cif.gz_D	3351	0.179	3.028	38	0.101	1.085	NA	NA	NA	NA	NA	NA	NA	unresolved	structure_not_found
8igs-assembly1.cif.gz_J	3352	0.179	1.524	38	0.118	1.212	NA	NA	NA	NA	NA	NA	NA	unresolved	structure_not_found
1i6v-assembly1.cif.gz_D	3353	0.179	1.81	38	0.084	1.203	NA	NA	NA	NA	NA	NA	NA	unresolved	structure_not_found
6yys-assembly1.cif.gz_D	3354	0.179	1.524	38	0.081	1.254	NA	NA	NA	NA	NA	NA	NA	unresolved	structure_not_found
7ypa-assembly1.cif.gz_D	3355	0.179	1.44	38	0.1	1.271	NA	NA	NA	NA	NA	NA	NA	unresolved	structure_not_found
6gfw-assembly1.cif.gz_D	3356	0.179	1.284	38	0.118	1.212	NA	NA	NA	NA	NA	NA	NA	unresolved	structure_not_found
6psw-assembly1.cif.gz_J	3357	0.179	2.029	38	0.1	1.186	NA	NA	NA	NA	NA	NA	NA	unresolved	structure_not_found
Q0TFN6	3358	0.164	1.677	37	0.093	0.8136	NA	0.5178	2.953	true	V745	1.661	lost	lost	Ser25 V not in expected {S}
A8AE11	3359	0.164	2.232	37	0.083	0.8136	NA	0.5176	2.941	true	V745	1.839	lost	lost	Ser25 V not in expected {S}
Q8RY16	3360	0.164	3.526	37	0.117	0.5763	NA	0.5802	3.052	true	L75	0.9477	lost	lost	Ser25 L not in expected {S}
A0A0H3GMZ1	3361	0.164	5.557	37	0.085	0.6949	NA	0.5219	2.595	true	E718	1.534	lost	lost	Ser25 E not in expected {S}
Q54CS8	3362	0.164	1.256	37	0.11	0.8475	NA	0.482	3.435	false	-	NA	unresolved	unresolved	fold below TM gate (TM 0.48 < 0.50)
Q9HWC9	3363	0.164	4.681	37	0.09	1.212	NA	0.56	2.673	true	Q365	1.332	lost	lost	Ser25 Q not in expected {S}
af_Q9M203_23_155_2.40.40.10	3364	0.164	1.073	37	0.091	1.11	NA	NA	NA	NA	NA	NA	NA	unresolved	structure_not_found
4qiw-assembly1.cif.gz_A	3365	0.164	1.213	37	0.096	0.7881	NA	NA	NA	NA	NA	NA	NA	unresolved	structure_not_found
6wvk-assembly1.cif.gz_D	3366	0.164	2.148	37	0.117	1.229	NA	NA	NA	NA	NA	NA	NA	unresolved	structure_not_found
4xsz-assembly2.cif.gz_J	3367	0.164	2.029	37	0.117	1.229	NA	NA	NA	NA	NA	NA	NA	unresolved	structure_not_found
7uwh-assembly1.cif.gz_J	3368	0.164	1.81	37	0.117	1.229	NA	NA	NA	NA	NA	NA	NA	unresolved	structure_not_found
6r9b-assembly1.cif.gz_D	3369	0.164	0.5766	37	0.1	1.263	NA	NA	NA	NA	NA	NA	NA	unresolved	structure_not_found
7xui-assembly1.cif.gz_J	3370	0.164	3.028	37	0.101	1.169	NA	NA	NA	NA	NA	NA	NA	unresolved	structure_not_found
4mq9-assembly1.cif.gz_D	3371	0.164	1.709	37	0.075	1.237	NA	NA	NA	NA	NA	NA	NA	unresolved	structure_not_found
6wox-assembly1.cif.gz_D	3372	0.164	1.524	37	0.092	1.28	NA	NA	NA	NA	NA	NA	NA	unresolved	structure_not_found
A0A804NKN1	3373	0.15	0.7952	36	0.106	1.11	NA	0.5205	3.005	true	W55	0.9471	lost	lost	Ser25 W not in expected {S}
B6SH12	3374	0.15	0.7952	36	0.113	1.119	NA	0.5227	2.925	true	W77	1.364	lost	lost	Ser25 W not in expected {S}
A0A0K0EQ12	3375	0.15	1.771	36	0.116	0.9492	NA	0.4245	3.842	false	-	NA	unresolved	unresolved	fold below TM gate (TM 0.42 < 0.50)
I1KMB2	3376	0.15	7.832	36	0.103	1.144	NA	0.5169	2.799	true	F15	2.222	lost	lost	Ser25 F not in expected {S}
P0A8T7	3377	0.15	5.557	36	0.093	1.178	NA	0.5602	2.66	true	Q365	1.341	lost	lost	Ser25 Q not in expected {S}
1bw4-assembly1.cif.gz_A	3378	0.15	0.9648	36	0.107	0.7881	NA	NA	NA	NA	NA	NA	NA	unresolved	structure_not_found
2g5d-assembly1.cif.gz_A	3379	0.15	1.36	36	0.147	0.8051	NA	NA	NA	NA	NA	NA	NA	unresolved	structure_not_found
2vpw-assembly1.cif.gz_E	3380	0.15	0.5446	36	0.104	1.059	NA	NA	NA	NA	NA	NA	NA	unresolved	structure_not_found
1g8k-assembly1.cif.gz_A	3381	0.15	1.36	36	0.101	1	NA	NA	NA	NA	NA	NA	NA	unresolved	structure_not_found
7b04-assembly2.cif.gz_E	3382	0.15	6.014	36	0.106	0.5593	NA	NA	NA	NA	NA	NA	NA	unresolved	structure_not_found
7khc-assembly1.cif.gz_D	3383	0.15	3.028	36	0.108	1.169	NA	NA	NA	NA	NA	NA	NA	unresolved	structure_not_found
7a6h-assembly1.cif.gz_A	3384	0.15	2.859	36	0.074	0.5678	NA	NA	NA	NA	NA	NA	NA	unresolved	structure_not_found
2a6h-assembly2.cif.gz_N	3385	0.15	2.275	36	0.096	1.229	NA	NA	NA	NA	NA	NA	NA	unresolved	structure_not_found
1i3q-assembly1.cif.gz_A	3386	0.15	5.066	36	0.051	1.314	NA	NA	NA	NA	NA	NA	NA	unresolved	structure_not_found
4g7h-assembly1.cif.gz_D	3387	0.15	1.709	36	0.079	1.28	NA	NA	NA	NA	NA	NA	NA	unresolved	structure_not_found
Q4WB37	3388	0.138	1.495	35	0.121	0.9746	NA	0.5342	3.107	true	P123	2.499	lost	lost	Ser25 P not in expected {S}
O68639	3389	0.138	2.232	35	0.068	0.8644	NA	0.4815	4.106	false	-	NA	unresolved	unresolved	fold below TM gate (TM 0.48 < 0.50)
Q6BS73	3390	0.138	0.5657	35	0.098	0.9492	NA	0.5589	3.883	true	T37	3.057	lost	lost	Ser25 T not in expected {S}
B2S2I9	3391	0.138	5.572	35	0.071	1.178	NA	0.5633	2.631	true	Q354	1.32	lost	lost	Ser25 Q not in expected {S}
Q32FC9	3392	0.138	0.4239	35	0.116	0.7288	NA	0.4615	4.311	false	-	NA	unresolved	unresolved	fold below TM gate (TM 0.46 < 0.50)
A0A175W4P6	3393	0.138	7.396	35	0.09	1.034	NA	0.5421	3.067	true	F23	1.542	lost	lost	Ser25 F not in expected {S}
1vw3C01	3394	0.138	0.7614	35	0.101	0.839	NA	NA	NA	NA	NA	NA	NA	unresolved	structure_not_found
3suk-assembly2.cif.gz_B	3395	0.138	0.6465	35	0.104	1.059	NA	NA	NA	NA	NA	NA	NA	unresolved	structure_not_found
7ykk-assembly1.cif.gz_D	3396	0.138	2.55	35	0.1	0.5932	NA	NA	NA	NA	NA	NA	NA	unresolved	structure_not_found
6n60-assembly1.cif.gz_D	3397	0.138	3.395	35	0.108	1.169	NA	NA	NA	NA	NA	NA	NA	unresolved	structure_not_found
6n61-assembly1.cif.gz_D	3398	0.138	2.859	35	0.094	1.254	NA	NA	NA	NA	NA	NA	NA	unresolved	structure_not_found
2o5i-assembly1.cif.gz_D	3399	0.138	2.409	35	0.096	1.229	NA	NA	NA	NA	NA	NA	NA	unresolved	structure_not_found
6asg-assembly1.cif.gz_D	3400	0.138	2.409	35	0.09	1.127	NA	NA	NA	NA	NA	NA	NA	unresolved	structure_not_found
1iw7-assembly1.cif.gz_D	3401	0.138	3.028	35	0.078	1.195	NA	NA	NA	NA	NA	NA	NA	unresolved	structure_not_found
1pqv-assembly1.cif.gz_A	3402	0.138	3.395	35	0.068	0.4915	NA	NA	NA	NA	NA	NA	NA	unresolved	structure_not_found
A9MLP6	3403	0.126	4.969	34	0.082	0.6186	NA	0.4889	3.285	false	-	NA	unresolved	unresolved	fold below TM gate (TM 0.49 < 0.50)
P76185	3404	0.126	0.425	34	0.116	0.7288	NA	0.4649	4.1	false	-	NA	unresolved	unresolved	fold below TM gate (TM 0.46 < 0.50)
G1X4S3	3405	0.126	6.614	34	0.057	1.025	NA	0.5574	3.601	true	R276	1.053	lost	lost	Ser25 R not in expected {S}
A5VLL3	3406	0.126	2.108	34	0.096	0.7034	NA	0.3712	5.055	false	-	NA	unresolved	unresolved	fold below TM gate (TM 0.37 < 0.50)
A0A804NLN4	3407	0.126	1.875	34	0.073	1.153	NA	0.5158	2.9	true	W58	0.9342	lost	lost	Ser25 W not in expected {S}
C1HAN1	3408	0.126	0.6698	34	0.111	1.22	NA	0.5213	3.18	true	V185	0.895	lost	lost	Ser25 V not in expected {S}
Q0JA37	3409	0.126	4.956	34	0.111	0.6102	NA	0.5812	3.122	true	F72	0.8868	lost	lost	Ser25 F not in expected {S}
Q4DA27	3410	0.126	3.943	34	0.088	0.5763	NA	0.4841	3.447	false	-	NA	unresolved	unresolved	fold below TM gate (TM 0.48 < 0.50)
af_O96252_32_131_2.40.30.20	3411	0.126	2.013	34	0.21	0.4831	NA	NA	NA	NA	NA	NA	NA	unresolved	structure_not_found
1g8j-assembly1.cif.gz_A	3412	0.126	1.524	34	0.11	1	NA	NA	NA	NA	NA	NA	NA	unresolved	structure_not_found
6kf9-assembly1.cif.gz_A	3413	0.126	2.275	34	0.094	0.6271	NA	NA	NA	NA	NA	NA	NA	unresolved	structure_not_found
6lod-assembly1.cif.gz_B	3414	0.126	4.518	34	0.076	0.7712	NA	NA	NA	NA	NA	NA	NA	unresolved	structure_not_found
5tbz-assembly2.cif.gz_I	3415	0.126	3.028	34	0.1	1.178	NA	NA	NA	NA	NA	NA	NA	unresolved	structure_not_found
2ppb-assembly2.cif.gz_N	3416	0.126	2.701	34	0.096	1.229	NA	NA	NA	NA	NA	NA	NA	unresolved	structure_not_found
6ztj-assembly1.cif.gz_CD	3417	0.126	4.03	34	0.121	1.186	NA	NA	NA	NA	NA	NA	NA	unresolved	structure_not_found
6jbq-assembly1.cif.gz_D	3418	0.126	3.594	34	0.113	1.271	NA	NA	NA	NA	NA	NA	NA	unresolved	structure_not_found
6xln-assembly1.cif.gz_D	3419	0.126	2.55	34	0.11	1.229	NA	NA	NA	NA	NA	NA	NA	unresolved	structure_not_found
6n58-assembly1.cif.gz_J	3420	0.126	3.206	34	0.112	1.203	NA	NA	NA	NA	NA	NA	NA	unresolved	structure_not_found
4gzz-assembly1.cif.gz_D	3421	0.126	2.859	34	0.103	1.229	NA	NA	NA	NA	NA	NA	NA	unresolved	structure_not_found
5nwt-assembly1.cif.gz_D	3422	0.126	2.029	34	0.121	0.6949	NA	NA	NA	NA	NA	NA	NA	unresolved	structure_not_found
1nt9-assembly1.cif.gz_A	3423	0.126	3.806	34	0.07	0.4831	NA	NA	NA	NA	NA	NA	NA	unresolved	structure_not_found
3wod-assembly1.cif.gz_D	3424	0.126	4.03	34	0.083	1.22	NA	NA	NA	NA	NA	NA	NA	unresolved	structure_not_found
B7LTW5	3425	0.116	3.953	33	0.064	0.661	NA	0.4828	3.414	false	-	NA	unresolved	unresolved	fold below TM gate (TM 0.48 < 0.50)
Q9P961	3426	0.116	3.145	33	0.102	0.8305	NA	0.5326	3.113	true	P123	2.6	lost	lost	Ser25 P not in expected {S}
A0A0N4URG3	3427	0.116	9.844	33	0.111	0.6102	NA	0.4779	3.532	false	-	NA	unresolved	unresolved	fold below TM gate (TM 0.48 < 0.50)
A0A0D2FDJ9	3428	0.116	6.23	33	0.074	0.5678	NA	0.62	3.106	true	E372	1.071	lost	lost	Ser25 E not in expected {S}
af_O16635_354_450_2.40.70.10	3429	0.116	2.013	33	0.116	0.7288	NA	NA	NA	NA	NA	NA	NA	unresolved	structure_not_found
af_A0A0R0HU31_5_119_2.40.40.10	3430	0.116	1.601	33	0.066	0.7627	NA	NA	NA	NA	NA	NA	NA	unresolved	structure_not_found
LevyLab_Q8X639_V1_3_relaxed_B	3431	0.116	0.2699	33	0.115	0.661	NA	NA	NA	NA	NA	NA	NA	unresolved	structure_not_found
2nya-assembly2.cif.gz_F	3432	0.116	2.029	33	0.095	0.7966	NA	NA	NA	NA	NA	NA	NA	unresolved	structure_not_found
2wb1-assembly2.cif.gz_W	3433	0.116	2.029	33	0.084	0.8051	NA	NA	NA	NA	NA	NA	NA	unresolved	structure_not_found
2o5j-assembly2.cif.gz_N	3434	0.116	3.395	33	0.102	1.237	NA	NA	NA	NA	NA	NA	NA	unresolved	structure_not_found
6eu3-assembly1.cif.gz_A	3435	0.116	3.806	33	0.132	0.5763	NA	NA	NA	NA	NA	NA	NA	unresolved	structure_not_found
5c4a-assembly1.cif.gz_A	3436	0.116	3.395	33	0.074	0.5678	NA	NA	NA	NA	NA	NA	NA	unresolved	structure_not_found
A0A804MB22	3437	0.106	9.844	32	0.109	0.5424	NA	0.585	3.112	true	F60	0.926	lost	lost	Ser25 F not in expected {S}
A0A804UN50	3438	0.106	9.297	32	0.114	0.5932	NA	0.576	3.079	true	F60	0.9597	lost	lost	Ser25 F not in expected {S}
1zyrM01	3439	0.106	1.274	32	0.118	0.5	NA	NA	NA	NA	NA	NA	NA	unresolved	structure_not_found
2g6g-assembly1.cif.gz_A	3440	0.106	1.614	32	0.147	0.8051	NA	NA	NA	NA	NA	NA	NA	unresolved	structure_not_found
2pmz-assembly2.cif.gz_Q	3441	0.106	3.028	32	0.06	0.5593	NA	NA	NA	NA	NA	NA	NA	unresolved	structure_not_found
8c0w-assembly1.cif.gz_E	3442	0.106	3.028	32	0.138	0.9153	NA	NA	NA	NA	NA	NA	NA	unresolved	structure_not_found
4jk2-assembly1.cif.gz_D	3443	0.106	4.518	32	0.112	1.203	NA	NA	NA	NA	NA	NA	NA	unresolved	structure_not_found
7yp9-assembly1.cif.gz_D	3444	0.106	3.395	32	0.105	1.203	NA	NA	NA	NA	NA	NA	NA	unresolved	structure_not_found
3eql-assembly2.cif.gz_N	3445	0.106	3.594	32	0.096	1.229	NA	NA	NA	NA	NA	NA	NA	unresolved	structure_not_found
1twc-assembly1.cif.gz_A	3446	0.106	5.364	32	0.089	0.5678	NA	NA	NA	NA	NA	NA	NA	unresolved	structure_not_found
8b3f-assembly1.cif.gz_A	3447	0.106	5.066	32	0.044	0.5678	NA	NA	NA	NA	NA	NA	NA	unresolved	structure_not_found
4by1-assembly1.cif.gz_A	3448	0.106	4.518	32	0.089	0.5678	NA	NA	NA	NA	NA	NA	NA	unresolved	structure_not_found
7o73-assembly1.cif.gz_A	3449	0.106	5.364	32	0.074	0.5678	NA	NA	NA	NA	NA	NA	NA	unresolved	structure_not_found
O53900	3450	0.098	4.432	31	0.087	0.7712	NA	0.4975	3.131	false	-	NA	unresolved	unresolved	fold below TM gate (TM 0.50 < 0.50)
Q9FNP1	3451	0.098	7.852	31	0.112	0.8305	NA	0.5229	3.365	true	F29	0.8935	lost	lost	Ser25 F not in expected {S}
P80357	3452	0.098	7.832	31	0.104	0.8136	NA	0.4235	3.3	false	-	NA	unresolved	unresolved	fold below TM gate (TM 0.42 < 0.50)
Q5F581	3453	0.098	2.357	31	0.141	0.7797	NA	0.4796	3.637	false	-	NA	unresolved	unresolved	fold below TM gate (TM 0.48 < 0.50)
Q4DRS8	3454	0.098	2.495	31	0.12	0.8475	NA	0.4506	3.701	false	-	NA	unresolved	unresolved	fold below TM gate (TM 0.45 < 0.50)
A0A077Z0B4	3455	0.098	2.102	31	0.147	1.034	NA	0.3852	4.218	false	-	NA	unresolved	unresolved	fold below TM gate (TM 0.39 < 0.50)
LevyLab_Q8X8P4_V1_1_relaxed_B	3456	0.098	2.51	31	0.117	0.7203	NA	NA	NA	NA	NA	NA	NA	unresolved	structure_not_found
ModelArchive_ma-mrryl_D	3457	0.098	1.781	31	0.077	0.6525	NA	NA	NA	NA	NA	NA	NA	unresolved	structure_not_found
6y3y-assembly1.cif.gz_B	3458	0.098	1.022	31	0.118	0.5	NA	NA	NA	NA	NA	NA	NA	unresolved	structure_not_found
4wqt-assembly2.cif.gz_I	3459	0.098	3.028	31	0.064	1.305	NA	NA	NA	NA	NA	NA	NA	unresolved	structure_not_found
7xug-assembly1.cif.gz_J	3460	0.098	2.859	31	0.094	1.254	NA	NA	NA	NA	NA	NA	NA	unresolved	structure_not_found
6o6c-assembly1.cif.gz_A	3461	0.098	6.014	31	0.074	0.5678	NA	NA	NA	NA	NA	NA	NA	unresolved	structure_not_found
A0A0H3GUH7	3462	0.09	1.121	30	0.093	0.7288	NA	0.4633	4.358	false	-	NA	unresolved	unresolved	fold below TM gate (TM 0.46 < 0.50)
C1HBH8	3463	0.09	6.597	30	0.18	0.4237	NA	0.4726	2.904	false	-	NA	unresolved	unresolved	fold below TM gate (TM 0.47 < 0.50)
A0AAF5HYX6	3464	0.09	1.672	30	0.089	0.8559	NA	0.4554	3.379	false	-	NA	unresolved	unresolved	fold below TM gate (TM 0.46 < 0.50)
A0A8M1RIV5	3465	0.09	2.102	30	0.108	0.9407	NA	0.3781	5.15	false	-	NA	unresolved	unresolved	fold below TM gate (TM 0.38 < 0.50)
af_B4FXK9_198_327_2.60.210.10	3466	0.09	0.7191	30	0.063	0.5339	NA	NA	NA	NA	NA	NA	NA	unresolved	structure_not_found
3sumB00	3467	0.09	5.634	30	0.083	0.4068	NA	NA	NA	NA	NA	NA	NA	unresolved	structure_not_found
LevyLab_Q8XC52_V1_4_relaxed_B	3468	0.09	2.371	30	0.14	0.5424	NA	NA	NA	NA	NA	NA	NA	unresolved	structure_not_found
8g1s-assembly1.cif.gz_J	3469	0.09	7.559	30	0.093	1.178	NA	NA	NA	NA	NA	NA	NA	unresolved	structure_not_found
6oul-assembly1.cif.gz_J	3470	0.09	7.139	30	0.107	1.263	NA	NA	NA	NA	NA	NA	NA	unresolved	structure_not_found
5nss-assembly1.cif.gz_D	3471	0.09	7.559	30	0.097	1.136	NA	NA	NA	NA	NA	NA	NA	unresolved	structure_not_found
7ae3-assembly1.cif.gz_A	3472	0.09	4.03	30	0.086	0.7797	NA	NA	NA	NA	NA	NA	NA	unresolved	structure_not_found
8oev-assembly1.cif.gz_A	3473	0.09	6.014	30	0.045	0.5593	NA	NA	NA	NA	NA	NA	NA	unresolved	structure_not_found
7opd-assembly1.cif.gz_A	3474	0.09	6.368	30	0.044	0.5678	NA	NA	NA	NA	NA	NA	NA	unresolved	structure_not_found
Q1C8B0	3475	0.082	4.432	29	0.152	0.7203	NA	0.44	3.712	false	-	NA	unresolved	unresolved	fold below TM gate (TM 0.44 < 0.50)
A4TJU6	3476	0.082	4.969	29	0.104	0.8898	NA	0.4395	3.718	false	-	NA	unresolved	unresolved	fold below TM gate (TM 0.44 < 0.50)
B2K295	3477	0.082	4.969	29	0.114	0.8898	NA	0.4389	3.803	false	-	NA	unresolved	unresolved	fold below TM gate (TM 0.44 < 0.50)
Q8ZPN3	3478	0.082	1.187	29	0.093	0.7288	NA	0.4612	4.369	false	-	NA	unresolved	unresolved	fold below TM gate (TM 0.46 < 0.50)
ProtVar_Q6AHZ1_Q81WM3_B	3479	0.082	1.417	29	0.116	0.9492	NA	NA	NA	NA	NA	NA	NA	unresolved	structure_not_found
ProtVar_P43897_P46199_B	3480	0.082	0.8968	29	0.121	0.9746	NA	NA	NA	NA	NA	NA	NA	unresolved	structure_not_found
5jif-assembly1.cif.gz_B	3481	0.082	0.6846	29	0.13	0.8475	NA	NA	NA	NA	NA	NA	NA	unresolved	structure_not_found
4wqt-assembly1.cif.gz_D	3482	0.082	4.03	29	0.066	1.271	NA	NA	NA	NA	NA	NA	NA	unresolved	structure_not_found
6f44-assembly1.cif.gz_A	3483	0.082	4.518	29	0.107	0.5508	NA	NA	NA	NA	NA	NA	NA	unresolved	structure_not_found
A9QZ62	3484	0.076	4.969	28	0.141	0.7203	NA	0.4375	3.928	false	-	NA	unresolved	unresolved	fold below TM gate (TM 0.44 < 0.50)
Q8EWX0	3485	0.076	7.416	28	0.125	0.6102	NA	0.5633	2.788	true	Q418	1.422	lost	lost	Ser25 Q not in expected {S}
C0NUQ0	3486	0.076	5.884	28	0.098	1.119	NA	0.5597	3.011	true	F445	1.249	lost	lost	Ser25 F not in expected {S}
3cl5-assembly1.cif.gz_A-2	3487	0.076	1.213	28	0.096	0.7881	NA	NA	NA	NA	NA	NA	NA	unresolved	structure_not_found
5jif-assembly1.cif.gz_A	3488	0.076	1.022	28	0.13	0.8475	NA	NA	NA	NA	NA	NA	NA	unresolved	structure_not_found
1l9u-assembly1.cif.gz_D	3489	0.076	5.066	28	0.069	1.22	NA	NA	NA	NA	NA	NA	NA	unresolved	structure_not_found
3cqz-assembly1.cif.gz_A	3490	0.076	8.475	28	0.074	0.5678	NA	NA	NA	NA	NA	NA	NA	unresolved	structure_not_found
4xlq-assembly2.cif.gz_J	3491	0.076	6.014	28	0.138	0.5508	NA	NA	NA	NA	NA	NA	NA	unresolved	structure_not_found
7b0y-assembly1.cif.gz_A	3492	0.076	7.559	28	0.041	0.6186	NA	NA	NA	NA	NA	NA	NA	unresolved	structure_not_found
5d4d-assembly2.cif.gz_N	3493	0.076	8.974	28	0.078	1.186	NA	NA	NA	NA	NA	NA	NA	unresolved	structure_not_found
5vo8-assembly1.cif.gz_D	3494	0.076	4.784	28	0.085	1.288	NA	NA	NA	NA	NA	NA	NA	unresolved	structure_not_found
Q8LN49	3495	0.069	3.734	27	0.123	0.6864	NA	0.5098	3.725	true	V83	0.3214	lost	lost	Ser25 V not in expected {S}
Q9XHZ8	3496	0.069	4.432	27	0.125	0.4746	NA	0.3552	4.962	false	-	NA	unresolved	unresolved	fold below TM gate (TM 0.36 < 0.50)
Q8U0X0	3497	0.069	6.614	27	0.242	0.2797	NA	0.354	4.241	false	-	NA	unresolved	unresolved	fold below TM gate (TM 0.35 < 0.50)
P75271	3498	0.069	6.614	27	0.076	0.661	NA	0.5615	2.645	true	E426	1.501	lost	lost	Ser25 E not in expected {S}
Q9PQV5	3499	0.069	8.314	27	0.093	0.6356	NA	0.5621	2.81	true	E423	1.529	lost	lost	Ser25 E not in expected {S}
A2AKX3	3500	0.069	6.614	27	0.109	0.6949	NA	0.4342	4.912	false	-	NA	unresolved	unresolved	fold below TM gate (TM 0.43 < 0.50)
af_Q4DRS8_153_366_3.40.50.2000	3501	0.069	2.679	27	0.12	0.8475	NA	NA	NA	NA	NA	NA	NA	unresolved	structure_not_found
LevyLab_Q8U0X0_V1_3_relaxed_B	3502	0.069	2.658	27	0.258	0.2627	NA	NA	NA	NA	NA	NA	NA	unresolved	structure_not_found
ModelArchive_ma-hxt70_A	3503	0.069	5.28	27	0.074	0.5678	NA	NA	NA	NA	NA	NA	NA	unresolved	structure_not_found
3suj-assembly1.cif.gz_A	3504	0.069	1.284	27	0.11	1	NA	NA	NA	NA	NA	NA	NA	unresolved	structure_not_found
8fxr-assembly1.cif.gz_m	3505	0.069	3.206	27	0.093	0.5424	NA	NA	NA	NA	NA	NA	NA	unresolved	structure_not_found
7w2b-assembly4.cif.gz_J	3506	0.069	4.267	27	0.14	0.4831	NA	NA	NA	NA	NA	NA	NA	unresolved	structure_not_found
6mn6-assembly1.cif.gz_A	3507	0.069	1.082	27	0.142	0.4746	NA	NA	NA	NA	NA	NA	NA	unresolved	structure_not_found
3aoi-assembly2.cif.gz_I	3508	0.069	7.559	27	0.102	1.237	NA	NA	NA	NA	NA	NA	NA	unresolved	structure_not_found
4wqt-assembly3.cif.gz_N	3509	0.069	6.368	27	0.089	1.229	NA	NA	NA	NA	NA	NA	NA	unresolved	structure_not_found
6ca0-assembly1.cif.gz_D	3510	0.069	7.559	27	0.115	1.169	NA	NA	NA	NA	NA	NA	NA	unresolved	structure_not_found
5my1-assembly1.cif.gz_Y	3511	0.069	5.364	27	0.121	0.6949	NA	NA	NA	NA	NA	NA	NA	unresolved	structure_not_found
8jh4-assembly1.cif.gz_A	3512	0.069	6.742	27	0.068	0.6186	NA	NA	NA	NA	NA	NA	NA	unresolved	structure_not_found
3i4n-assembly1.cif.gz_A	3513	0.069	7.559	27	0.081	0.6271	NA	NA	NA	NA	NA	NA	NA	unresolved	structure_not_found
8ceo-assembly1.cif.gz_A	3514	0.069	7.139	27	0.093	0.6356	NA	NA	NA	NA	NA	NA	NA	unresolved	structure_not_found
Q9FKD5	3515	0.063	1.99	26	0.063	0.5339	NA	0.3609	4.536	false	-	NA	unresolved	unresolved	fold below TM gate (TM 0.36 < 0.50)
Q66B20	3516	0.063	7.852	26	0.114	0.8898	NA	0.4395	3.793	false	-	NA	unresolved	unresolved	fold below TM gate (TM 0.44 < 0.50)
A8F3K2	3517	0.063	8.314	26	0.134	0.4407	NA	0.4037	3.845	false	-	NA	unresolved	unresolved	fold below TM gate (TM 0.40 < 0.50)
Q38BT6	3518	0.063	6.23	26	0.138	0.8559	NA	0.4508	3.817	false	-	NA	unresolved	unresolved	fold below TM gate (TM 0.45 < 0.50)
Q4DEH7	3519	0.063	5.557	26	0.11	0.8475	NA	0.4382	3.64	false	-	NA	unresolved	unresolved	fold below TM gate (TM 0.44 < 0.50)
A0A175WG96	3520	0.063	6.23	26	0.094	1.441	NA	0.5556	3.578	true	R417	0.9148	lost	lost	Ser25 R not in expected {S}
af_O16551_3_131_2.60.210.10	3521	0.063	1.695	26	0.152	0.5	NA	NA	NA	NA	NA	NA	NA	unresolved	structure_not_found
1y1vB06	3522	0.063	3.368	26	0.109	0.7712	NA	NA	NA	NA	NA	NA	NA	unresolved	structure_not_found
ModelArchive_ma-rap-bacsu-106_A	3523	0.063	3.341	26	0.096	0.8814	NA	NA	NA	NA	NA	NA	NA	unresolved	structure_not_found
8hsh-assembly1.cif.gz_J	3524	0.063	5.066	26	0.072	0.7034	NA	NA	NA	NA	NA	NA	NA	unresolved	structure_not_found
3aoi-assembly1.cif.gz_D	3525	0.063	8.475	26	0.095	1.237	NA	NA	NA	NA	NA	NA	NA	unresolved	structure_not_found
3aoi-assembly3.cif.gz_N	3526	0.063	8.004	26	0.095	1.237	NA	NA	NA	NA	NA	NA	NA	unresolved	structure_not_found
2e2i-assembly1.cif.gz_A	3527	0.063	8.475	26	0.089	0.5678	NA	NA	NA	NA	NA	NA	NA	unresolved	structure_not_found
Q8IB46	3528	0.057	8.292	25	0.127	0.8644	NA	0.4481	3.705	false	-	NA	unresolved	unresolved	fold below TM gate (TM 0.45 < 0.50)
Q9FKD7	3529	0.057	2.226	25	0.046	0.5508	NA	0.3403	4.709	false	-	NA	unresolved	unresolved	fold below TM gate (TM 0.34 < 0.50)
I1K0D1	3530	0.057	2.357	25	0.129	0.5254	NA	0.3722	4.814	false	-	NA	unresolved	unresolved	fold below TM gate (TM 0.37 < 0.50)
O50419	3531	0.057	5.248	25	0.186	0.7288	NA	0.4064	4.443	false	-	NA	unresolved	unresolved	fold below TM gate (TM 0.41 < 0.50)
Q9I1W4	3532	0.057	9.844	25	0.089	0.5678	NA	0.3922	3.311	false	-	NA	unresolved	unresolved	fold below TM gate (TM 0.39 < 0.50)
2cdp-assembly4.cif.gz_D	3533	0.057	2.275	25	0.127	0.8644	NA	NA	NA	NA	NA	NA	NA	unresolved	structure_not_found
3cl4-assembly1.cif.gz_A-2	3534	0.057	1.916	25	0.12	0.8475	NA	NA	NA	NA	NA	NA	NA	unresolved	structure_not_found
4p22-assembly1.cif.gz_B	3535	0.057	4.784	25	0.095	0.8898	NA	NA	NA	NA	NA	NA	NA	unresolved	structure_not_found
5x22-assembly1.cif.gz_D	3536	0.057	7.559	25	0.079	1.28	NA	NA	NA	NA	NA	NA	NA	unresolved	structure_not_found
4oio-assembly1.cif.gz_D	3537	0.057	7.559	25	0.079	1.28	NA	NA	NA	NA	NA	NA	NA	unresolved	structure_not_found
4oin-assembly1.cif.gz_D	3538	0.057	8.004	25	0.079	1.28	NA	NA	NA	NA	NA	NA	NA	unresolved	structure_not_found
4q4z-assembly1.cif.gz_D	3539	0.057	8.004	25	0.079	1.28	NA	NA	NA	NA	NA	NA	NA	unresolved	structure_not_found
A6LJR1	3540	0.051	7.852	24	0.152	0.7797	NA	0.4056	3.987	false	-	NA	unresolved	unresolved	fold below TM gate (TM 0.41 < 0.50)
B7IG44	3541	0.051	9.322	24	0.109	0.4661	NA	0.4075	3.911	false	-	NA	unresolved	unresolved	fold below TM gate (TM 0.41 < 0.50)
B6YQC5	3542	0.051	8.314	24	0.2	0.5085	NA	0.3957	4.223	false	-	NA	unresolved	unresolved	fold below TM gate (TM 0.40 < 0.50)
Q8ZKD7	3543	0.051	5.248	24	0.094	0.9915	NA	0.5188	2.634	true	E692	1.95	lost	lost	Ser25 E not in expected {S}
1yleA02	3544	0.051	4.482	24	0.094	0.8051	NA	NA	NA	NA	NA	NA	NA	unresolved	structure_not_found
af_P71846_339_440_2.40.30.10	3545	0.051	3.004	24	0.112	0.9068	NA	NA	NA	NA	NA	NA	NA	unresolved	structure_not_found
af_A0A0B7P9G0_600_710_2.60.120.10	3546	0.051	3.368	24	0.077	0.6525	NA	NA	NA	NA	NA	NA	NA	unresolved	structure_not_found
af_Q4KM83_9_123_2.60.120.260	3547	0.051	2.679	24	0.108	0.7034	NA	NA	NA	NA	NA	NA	NA	unresolved	structure_not_found
af_Q7XA77_192_328_2.60.210.10	3548	0.051	3.368	24	0.031	0.5339	NA	NA	NA	NA	NA	NA	NA	unresolved	structure_not_found
af_Q9W2L6_167_335_2.60.40.150	3549	0.051	1.349	24	0.16	0.8475	NA	NA	NA	NA	NA	NA	NA	unresolved	structure_not_found
1yq2E01	3550	0.051	3.776	24	0.125	0.4746	NA	NA	NA	NA	NA	NA	NA	unresolved	structure_not_found
LevyLab_P0AE38_V1_5_relaxed_B	3551	0.051	2.51	24	0.088	0.7627	NA	NA	NA	NA	NA	NA	NA	unresolved	structure_not_found
6g52-assembly8.cif.gz_H	3552	0.051	2.701	24	0.121	0.5593	NA	NA	NA	NA	NA	NA	NA	unresolved	structure_not_found
5n11-assembly1.cif.gz_A	3553	0.051	2.859	24	0.156	0.5424	NA	NA	NA	NA	NA	NA	NA	unresolved	structure_not_found
6m0x-assembly1.cif.gz_A	3554	0.051	7.139	24	0.061	0.4153	NA	NA	NA	NA	NA	NA	NA	unresolved	structure_not_found
5fja-assembly1.cif.gz_A	3555	0.051	7.139	24	0.178	0.6186	NA	NA	NA	NA	NA	NA	NA	unresolved	structure_not_found
Q8X5L8	3556	0.045	3.145	23	0.073	0.8051	NA	0.3898	4.795	false	-	NA	unresolved	unresolved	fold below TM gate (TM 0.39 < 0.50)
Q9HYU0	3557	0.045	2.962	23	0.089	0.661	NA	0.4593	4.295	false	-	NA	unresolved	unresolved	fold below TM gate (TM 0.46 < 0.50)
P46482	3558	0.045	2.798	23	0.046	0.7288	NA	0.4635	4.476	false	-	NA	unresolved	unresolved	fold below TM gate (TM 0.46 < 0.50)
A0A0H3H3P2	3559	0.045	3.517	23	0.069	0.6102	NA	0.4595	4.226	false	-	NA	unresolved	unresolved	fold below TM gate (TM 0.46 < 0.50)
I1LW88	3560	0.045	3.943	23	0.18	0.5169	NA	0.3739	4.238	false	-	NA	unresolved	unresolved	fold below TM gate (TM 0.37 < 0.50)
A0A0A2V2C3	3561	0.045	9.844	23	0.1	1.186	NA	0.571	2.887	true	F464	1.492	lost	lost	Ser25 F not in expected {S}
af_P34118_379_445_2.30.30.620	3562	0.045	5.634	23	0.25	0.2373	NA	NA	NA	NA	NA	NA	NA	unresolved	structure_not_found
3lnnA02	3563	0.045	6.689	23	0.098	0.8644	NA	NA	NA	NA	NA	NA	NA	unresolved	structure_not_found
af_I1JIM1_283_389_2.60.120.380	3564	0.045	2.013	23	0.097	1.042	NA	NA	NA	NA	NA	NA	NA	unresolved	structure_not_found
1nc7C00	3565	0.045	3.566	23	0.09	0.839	NA	NA	NA	NA	NA	NA	NA	unresolved	structure_not_found
ModelArchive_ma-bak-cepc-0191_B	3566	0.045	2.98	23	0.107	0.8644	NA	NA	NA	NA	NA	NA	NA	unresolved	structure_not_found
8fwg-assembly1.cif.gz_E4	3567	0.045	2.701	23	0.048	0.8814	NA	NA	NA	NA	NA	NA	NA	unresolved	structure_not_found
3zn6-assembly1.cif.gz_A-2	3568	0.045	3.806	23	0.105	0.8814	NA	NA	NA	NA	NA	NA	NA	unresolved	structure_not_found
2zbk-assembly2.cif.gz_H	3569	0.045	2.148	23	0.084	0.8983	NA	NA	NA	NA	NA	NA	NA	unresolved	structure_not_found
7ey9-assembly1.cif.gz_s	3570	0.045	5.364	23	0.098	0.8644	NA	NA	NA	NA	NA	NA	NA	unresolved	structure_not_found
8d8o-assembly1.cif.gz_B	3571	0.045	7.559	23	0.125	0.4746	NA	NA	NA	NA	NA	NA	NA	unresolved	structure_not_found
5fj9-assembly1.cif.gz_A	3572	0.045	7.139	23	0.166	0.6102	NA	NA	NA	NA	NA	NA	NA	unresolved	structure_not_found
K0F5L5	3573	0.04	7.396	22	0.144	0.9407	NA	0.4374	3.521	false	-	NA	unresolved	unresolved	fold below TM gate (TM 0.44 < 0.50)
Q17798	3574	0.04	6.23	22	0.122	0.7627	NA	0.3409	4.035	false	-	NA	unresolved	unresolved	fold below TM gate (TM 0.34 < 0.50)
I1KAC4	3575	0.04	7.832	22	0.092	0.4576	NA	0.3945	4.439	false	-	NA	unresolved	unresolved	fold below TM gate (TM 0.39 < 0.50)
Q5F8R4	3576	0.04	6.23	22	0.138	0.8559	NA	0.3563	4.599	false	-	NA	unresolved	unresolved	fold below TM gate (TM 0.36 < 0.50)
E9AG27	3577	0.04	6.597	22	0.1	0.9322	NA	0.4269	4.08	false	-	NA	unresolved	unresolved	fold below TM gate (TM 0.43 < 0.50)
A0A3P7E078	3578	0.04	6.597	22	0.129	0.5254	NA	0.3457	4.501	false	-	NA	unresolved	unresolved	fold below TM gate (TM 0.35 < 0.50)
I1LNW1	3579	0.04	9.844	22	0.06	0.7034	NA	0.3529	4.358	false	-	NA	unresolved	unresolved	fold below TM gate (TM 0.35 < 0.50)
3sujA00	3580	0.04	2.679	22	0.111	0.9915	NA	NA	NA	NA	NA	NA	NA	unresolved	structure_not_found
ProtVar_O00590_Q99720-2_B	3581	0.04	6.268	22	0.089	0.4746	NA	NA	NA	NA	NA	NA	NA	unresolved	structure_not_found
6dfd-assembly1.cif.gz_A	3582	0.04	3.395	22	0.095	0.5339	NA	NA	NA	NA	NA	NA	NA	unresolved	structure_not_found
6mn6-assembly1.cif.gz_B	3583	0.04	3.206	22	0.142	0.4746	NA	NA	NA	NA	NA	NA	NA	unresolved	structure_not_found
6w98-assembly1.cif.gz_A	3584	0.04	3.206	22	0.117	0.7966	NA	NA	NA	NA	NA	NA	NA	unresolved	structure_not_found
C0NTS9	3585	0.034	3.321	21	0.101	0.5	NA	0.3481	4.161	false	-	NA	unresolved	unresolved	fold below TM gate (TM 0.35 < 0.50)
Q9HVJ5	3586	0.034	7.396	21	0.191	0.6186	NA	0.5367	3.864	true	L275	7.309	unresolved	unresolved	Ser25: CA offset 7.31 A > 4.00 A
U7PKH1	3587	0.034	8.78	21	0.141	0.7797	NA	0.4135	4.432	false	-	NA	unresolved	unresolved	fold below TM gate (TM 0.41 < 0.50)
af_F1M8T4_938_1020_2.60.20.10	3588	0.034	3.18	21	0.102	0.4153	NA	NA	NA	NA	NA	NA	NA	unresolved	structure_not_found
1sqrA00	3589	0.034	3.004	21	0.123	0.822	NA	NA	NA	NA	NA	NA	NA	unresolved	structure_not_found
af_Q9V6K1_891_1078_2.60.120.260	3590	0.034	3.004	21	0.117	0.8644	NA	NA	NA	NA	NA	NA	NA	unresolved	structure_not_found
af_Q99720_12_217_2.60.120.10	3591	0.034	9.426	21	0.089	0.4746	NA	NA	NA	NA	NA	NA	NA	unresolved	structure_not_found
4g3nA00	3592	0.034	8.902	21	0.157	0.4831	NA	NA	NA	NA	NA	NA	NA	unresolved	structure_not_found
LevyLab_Q8XDK9_V1_2_relaxed_B	3593	0.034	2.371	21	0.078	0.9661	NA	NA	NA	NA	NA	NA	NA	unresolved	structure_not_found
LevyLab_A0A0H3JG53_V1_3_relaxed_B	3594	0.034	7.878	21	0.098	0.4322	NA	NA	NA	NA	NA	NA	NA	unresolved	structure_not_found
ProtVar_Q93096_Q9H8M5-2_B	3595	0.034	2.239	21	0.096	0.8814	NA	NA	NA	NA	NA	NA	NA	unresolved	structure_not_found
5cdf-assembly1.cif.gz_E	3596	0.034	8.475	21	0.196	0.4322	NA	NA	NA	NA	NA	NA	NA	unresolved	structure_not_found
A8G1G4	3597	0.029	7.852	20	0.153	0.5508	NA	0.373	4.414	false	-	NA	unresolved	unresolved	fold below TM gate (TM 0.37 < 0.50)
Q9I4A1	3598	0.029	6.597	20	0.135	0.6864	NA	0.4948	3.955	false	-	NA	unresolved	unresolved	fold below TM gate (TM 0.49 < 0.50)
Q8H1D9	3599	0.029	7.396	20	0.107	0.5508	NA	0.3463	5.442	false	-	NA	unresolved	unresolved	fold below TM gate (TM 0.35 < 0.50)
AF-A2A5Z6-2-F1-model_v6	3600	0.029	8.292	20	0.142	0.6525	NA	NA	NA	NA	NA	NA	NA	unresolved	structure_not_found
K7LKM1	3601	0.029	9.844	20	0.094	0.4492	NA	0.3619	4.899	false	-	NA	unresolved	unresolved	fold below TM gate (TM 0.36 < 0.50)
2yn3B01	3602	0.029	5.634	20	0.125	0.2034	NA	NA	NA	NA	NA	NA	NA	unresolved	structure_not_found
3dclE02	3603	0.029	7.94	20	0.135	0.5	NA	NA	NA	NA	NA	NA	NA	unresolved	structure_not_found
af_Q6K9G4_18_110_2.60.120.10	3604	0.029	5.321	20	0.103	0.822	NA	NA	NA	NA	NA	NA	NA	unresolved	structure_not_found
af_P76081_2_100_2.40.30.10	3605	0.029	3.566	20	0.105	0.8814	NA	NA	NA	NA	NA	NA	NA	unresolved	structure_not_found
af_Q54VD1_290_401_2.40.70.10	3606	0.029	3.566	20	0.064	0.7881	NA	NA	NA	NA	NA	NA	NA	unresolved	structure_not_found
af_P75974_90_216_2.10.109.10	3607	0.029	9.981	20	0.114	0.5169	NA	NA	NA	NA	NA	NA	NA	unresolved	structure_not_found
af_Q9T0K3_82_212_2.40.70.10	3608	0.029	5.634	20	0.086	0.7881	NA	NA	NA	NA	NA	NA	NA	unresolved	structure_not_found
8es4-assembly1.cif.gz_E	3609	0.029	5.066	20	0.072	0.8136	NA	NA	NA	NA	NA	NA	NA	unresolved	structure_not_found
P57153	3610	0.024	9.87	19	0.151	0.5593	NA	0.3709	3.995	false	-	NA	unresolved	unresolved	fold below TM gate (TM 0.37 < 0.50)
Q0E2N7	3611	0.024	7.396	19	0.152	0.5	NA	0.316	4.232	false	-	NA	unresolved	unresolved	fold below TM gate (TM 0.32 < 0.50)
A0AAF5DEP9	3612	0.024	8.78	19	0.137	0.7373	NA	0.3882	4.287	false	-	NA	unresolved	unresolved	fold below TM gate (TM 0.39 < 0.50)
C0P0C5	3613	0.024	9.844	19	0.125	0.8136	NA	0.4201	4.242	false	-	NA	unresolved	unresolved	fold below TM gate (TM 0.42 < 0.50)
Q583J6	3614	0.024	7.832	19	0.1	0.5085	NA	0.3466	4.164	false	-	NA	unresolved	unresolved	fold below TM gate (TM 0.35 < 0.50)
3h20A01	3615	0.024	7.082	19	0.25	0.2373	NA	NA	NA	NA	NA	NA	NA	unresolved	structure_not_found
af_F4IFT4_39_114_2.60.40.1120	3616	0.024	5.966	19	0.106	0.3983	NA	NA	NA	NA	NA	NA	NA	unresolved	structure_not_found
af_P01023_352_433_2.60.40.10	3617	0.024	5.025	19	0.129	0.6525	NA	NA	NA	NA	NA	NA	NA	unresolved	structure_not_found
af_Q54YY8_40_121_2.60.20.10	3618	0.024	7.94	19	0.081	0.4153	NA	NA	NA	NA	NA	NA	NA	unresolved	structure_not_found
af_Q57960_1_85_2.30.30.100	3619	0.024	8.902	19	0.106	0.3983	NA	NA	NA	NA	NA	NA	NA	unresolved	structure_not_found
af_P22068_42_128_2.40.10.170	3620	0.024	9.981	19	0.193	0.7458	NA	NA	NA	NA	NA	NA	NA	unresolved	structure_not_found
af_O48852_32_133_2.60.120.10	3621	0.024	6.317	19	0.048	0.8814	NA	NA	NA	NA	NA	NA	NA	unresolved	structure_not_found
af_Q08CS6_336_485_2.60.120.230	3622	0.024	3.998	19	0.129	0.7203	NA	NA	NA	NA	NA	NA	NA	unresolved	structure_not_found
5bwyA01	3623	0.024	4.482	19	0.063	1.339	NA	NA	NA	NA	NA	NA	NA	unresolved	structure_not_found
af_O50419_75_527_3.30.1490.100	3624	0.024	5.321	19	0.172	0.7373	NA	NA	NA	NA	NA	NA	NA	unresolved	structure_not_found
LevyLab_Q8X4L0_V1_3_relaxed_B	3625	0.024	3.156	19	0.107	0.9492	NA	NA	NA	NA	NA	NA	NA	unresolved	structure_not_found
ProtVar_O14498_Q7Z333-3_B	3626	0.024	7.441	19	0.089	0.7542	NA	NA	NA	NA	NA	NA	NA	unresolved	structure_not_found
7pt6-assembly1.cif.gz_7	3627	0.024	5.364	19	0.102	0.8305	NA	NA	NA	NA	NA	NA	NA	unresolved	structure_not_found
P59450	3628	0.02	9.322	18	0.142	0.5932	NA	0.3725	4.465	false	-	NA	unresolved	unresolved	fold below TM gate (TM 0.37 < 0.50)
I1MA51	3629	0.02	8.78	18	0.19	0.5339	NA	0.3547	4.855	false	-	NA	unresolved	unresolved	fold below TM gate (TM 0.35 < 0.50)
Q6IWL4	3630	0.02	7.396	18	0.098	0.6864	NA	0.3671	4.889	false	-	NA	unresolved	unresolved	fold below TM gate (TM 0.37 < 0.50)
2zuoA08	3631	0.02	9.981	18	0.181	0.2797	NA	NA	NA	NA	NA	NA	NA	unresolved	structure_not_found
af_P98161_1299_1370_2.60.40.10	3632	0.02	5.321	18	0.068	0.4915	NA	NA	NA	NA	NA	NA	NA	unresolved	structure_not_found
af_C6SYR7_40_141_2.60.120.10	3633	0.02	4.746	18	0.09	0.8475	NA	NA	NA	NA	NA	NA	NA	unresolved	structure_not_found
2cdpB00	3634	0.02	4.482	18	0.102	0.9068	NA	NA	NA	NA	NA	NA	NA	unresolved	structure_not_found
af_A2VEK1_7_139_2.60.120.260	3635	0.02	6.689	18	0.07	0.6017	NA	NA	NA	NA	NA	NA	NA	unresolved	structure_not_found
af_I1MA51_1_134_2.60.210.10	3636	0.02	4.482	18	0.19	0.5339	NA	NA	NA	NA	NA	NA	NA	unresolved	structure_not_found
af_Q54FD5_360_505_2.60.210.10	3637	0.02	7.082	18	0.111	0.5339	NA	NA	NA	NA	NA	NA	NA	unresolved	structure_not_found
af_Q8N8W4_91_255_3.40.1090.10	3638	0.02	8.902	18	0.125	0.2712	NA	NA	NA	NA	NA	NA	NA	unresolved	structure_not_found
af_A0A1D8PE86_130_351_2.60.120.260	3639	0.02	5.321	18	0.108	0.7797	NA	NA	NA	NA	NA	NA	NA	unresolved	structure_not_found
ModelArchive_ma-k1ufx_D	3640	0.02	5.59	18	0.115	0.661	NA	NA	NA	NA	NA	NA	NA	unresolved	structure_not_found
ProtVar_O00590_Q99720_B	3641	0.02	7.878	18	0.09	0.4661	NA	NA	NA	NA	NA	NA	NA	unresolved	structure_not_found
LevyLab_P0ABB6_V1_1_relaxed_B	3642	0.02	7.878	18	0.172	0.7373	NA	NA	NA	NA	NA	NA	NA	unresolved	structure_not_found
6wgi-assembly1.cif.gz_2	3643	0.02	6.014	18	0.097	0.8729	NA	NA	NA	NA	NA	NA	NA	unresolved	structure_not_found
8b9d-assembly1.cif.gz_4	3644	0.02	8.475	18	0.083	0.8136	NA	NA	NA	NA	NA	NA	NA	unresolved	structure_not_found
af_K7KB01_69_144_2.60.40.1180	3645	0.016	5.634	17	0.079	0.8559	NA	NA	NA	NA	NA	NA	NA	unresolved	structure_not_found
af_Q8VDF2_121_205_2.30.30.140	3646	0.016	5.321	17	0.122	0.7627	NA	NA	NA	NA	NA	NA	NA	unresolved	structure_not_found
af_F1QSR3_345_431_2.60.40.10	3647	0.016	5.634	17	0.144	0.6441	NA	NA	NA	NA	NA	NA	NA	unresolved	structure_not_found
af_Q04164_1408_1495_2.60.40.10	3648	0.016	5.966	17	0.121	0.5593	NA	NA	NA	NA	NA	NA	NA	unresolved	structure_not_found
af_P28192_140_236_2.60.40.10	3649	0.016	6.689	17	0.113	0.8983	NA	NA	NA	NA	NA	NA	NA	unresolved	structure_not_found
af_Q6JDV7_338_444_3.30.1490.100	3650	0.016	5.321	17	0.133	0.6356	NA	NA	NA	NA	NA	NA	NA	unresolved	structure_not_found
af_H2KYC9_206_317_2.60.120.290	3651	0.016	7.499	17	0.078	0.8644	NA	NA	NA	NA	NA	NA	NA	unresolved	structure_not_found
af_Q9N5Q0_1_127_2.60.210.10	3652	0.016	5.634	17	0.128	0.5932	NA	NA	NA	NA	NA	NA	NA	unresolved	structure_not_found
4a90A00	3653	0.016	8.902	17	0.091	1.017	NA	NA	NA	NA	NA	NA	NA	unresolved	structure_not_found
3ht2C00	3654	0.016	8.408	17	0.093	0.6356	NA	NA	NA	NA	NA	NA	NA	unresolved	structure_not_found
af_Q5ZEM1_88_242_2.60.120.260	3655	0.016	6.317	17	0.113	0.822	NA	NA	NA	NA	NA	NA	NA	unresolved	structure_not_found
af_Q5APM8_143_310_2.60.120.260	3656	0.016	9.426	17	0.092	0.822	NA	NA	NA	NA	NA	NA	NA	unresolved	structure_not_found
LevyLab_P60873_V1_3_relaxed_A	3657	0.016	8.833	17	0.146	0.7542	NA	NA	NA	NA	NA	NA	NA	unresolved	structure_not_found
ProtVar_Q86TG7_Q9BWD3_A	3658	0.016	6.636	17	0.09	1.025	NA	NA	NA	NA	NA	NA	NA	unresolved	structure_not_found
6ifz-assembly1.cif.gz_H	3659	0.016	5.679	17	0.112	0.5254	NA	NA	NA	NA	NA	NA	NA	unresolved	structure_not_found
1mx0-assembly1.cif.gz_B	3660	0.016	8.004	17	0.096	0.8814	NA	NA	NA	NA	NA	NA	NA	unresolved	structure_not_found
4czw-assembly1.cif.gz_A	3661	0.016	9.502	17	0.144	0.7034	NA	NA	NA	NA	NA	NA	NA	unresolved	structure_not_found
6uwi-assembly1.cif.gz_J	3662	0.016	8.475	17	0.135	0.8729	NA	NA	NA	NA	NA	NA	NA	unresolved	structure_not_found
6rj9-assembly1.cif.gz_C	3663	0.016	8.004	17	0.05	1	NA	NA	NA	NA	NA	NA	NA	unresolved	structure_not_found
C1H3W5	3664	0.014	9.297	16	0.096	0.5254	NA	0.3595	3.546	false	-	NA	unresolved	unresolved	fold below TM gate (TM 0.36 < 0.50)
2d9rA00	3665	0.014	8.408	16	0.097	0.8729	NA	NA	NA	NA	NA	NA	NA	unresolved	structure_not_found
af_Q99MF4_219_310_2.60.40.10	3666	0.014	6.689	16	0.104	0.5678	NA	NA	NA	NA	NA	NA	NA	unresolved	structure_not_found
af_K7TJG7_68_172_2.60.120.260	3667	0.014	8.902	16	0.142	0.7712	NA	NA	NA	NA	NA	NA	NA	unresolved	structure_not_found
af_O17189_5_131_2.60.210.10	3668	0.014	7.94	16	0.133	0.5085	NA	NA	NA	NA	NA	NA	NA	unresolved	structure_not_found
af_Q7XEG0_18_150_2.60.210.10	3669	0.014	7.94	16	0.095	0.5339	NA	NA	NA	NA	NA	NA	NA	unresolved	structure_not_found
af_Q80TT8_494_636_2.60.120.260	3670	0.014	9.981	16	0.087	0.7712	NA	NA	NA	NA	NA	NA	NA	unresolved	structure_not_found
af_Q9LUJ7_61_262_2.60.120.10	3671	0.014	5.966	16	0.142	0.6525	NA	NA	NA	NA	NA	NA	NA	unresolved	structure_not_found
LevyLab_Q8XCK1_V1_3_relaxed_B	3672	0.014	7.441	16	0.141	0.7203	NA	NA	NA	NA	NA	NA	NA	unresolved	structure_not_found
ProtVar_P01308_P15313_B	3673	0.014	7.878	16	0.101	0.839	NA	NA	NA	NA	NA	NA	NA	unresolved	structure_not_found
4psp-assembly2.cif.gz_B	3674	0.014	8.974	16	0.078	0.4322	NA	NA	NA	NA	NA	NA	NA	unresolved	structure_not_found
af_E7EXE8_1097_1188_2.60.40.10	3675	0.011	8.408	15	0.1	0.5932	NA	NA	NA	NA	NA	NA	NA	unresolved	structure_not_found
af_F1Q5U3_1229_1324_2.60.40.10	3676	0.011	6.689	15	0.119	0.5678	NA	NA	NA	NA	NA	NA	NA	unresolved	structure_not_found
af_K7MP55_157_266_3.30.1370.10	3677	0.011	7.499	15	0.125	0.5424	NA	NA	NA	NA	NA	NA	NA	unresolved	structure_not_found
af_Q9SK09_83_262_2.60.120.10	3678	0.011	9.981	15	0.048	0.5254	NA	NA	NA	NA	NA	NA	NA	unresolved	structure_not_found
af_Q9W2S8_24_227_2.60.40.1730	3679	0.011	9.981	15	0.079	0.7458	NA	NA	NA	NA	NA	NA	NA	unresolved	structure_not_found
ModelArchive_ma-t3vr3-818_B	3680	0.011	9.353	15	0.093	0.8136	NA	NA	NA	NA	NA	NA	NA	unresolved	structure_not_found
ProtVar_P58166_Q99619_A	3681	0.011	7.027	15	0.087	0.9661	NA	NA	NA	NA	NA	NA	NA	unresolved	structure_not_found
LevyLab_P0ABH2_V1_3_relaxed_B	3682	0.011	9.903	15	0.071	0.9492	NA	NA	NA	NA	NA	NA	NA	unresolved	structure_not_found
ProtVar_Q6PCB0_Q9Y2B0_A	3683	0.011	9.353	15	0.101	0.7542	NA	NA	NA	NA	NA	NA	NA	unresolved	structure_not_found
ProtVar_Q96FT7_Q9NRU3_B	3684	0.011	8.833	15	0.095	0.9746	NA	NA	NA	NA	NA	NA	NA	unresolved	structure_not_found
af_O07175_146_258_2.40.10.10	3685	0.01	9.426	14	0.129	0.6525	NA	NA	NA	NA	NA	NA	NA	unresolved	structure_not_found
af_K7L281_26_158_3.90.79.10	3686	0.01	9.981	14	0.111	0.6102	NA	NA	NA	NA	NA	NA	NA	unresolved	structure_not_found
af_E7F1Z9_60_216_2.60.120.200	3687	0.01	8.902	14	0.078	0.5424	NA	NA	NA	NA	NA	NA	NA	unresolved	structure_not_found
af_P9WIJ1_24_224_2.30.110.10	3688	0.01	5.966	14	0.259	0.2288	NA	NA	NA	NA	NA	NA	NA	unresolved	structure_not_found
ProtVar_P78552_Q9UMR7_A	3689	0.01	8.833	14	0.115	0.4407	NA	NA	NA	NA	NA	NA	NA	unresolved	structure_not_found
af_Q57730_15_149_2.30.110.10	3690	0.009	7.082	13	0.156	0.2712	NA	NA	NA	NA	NA	NA	NA	unresolved	structure_not_found
