candidate_id	rank	foldseek_prob	foldseek_evalue	foldseek_bits	foldseek_fident	foldseek_qcov	foldseek_alntmscore	tmalign_tm_norm_ref	tmalign_rmsd	fold_ok	Ser25_obs	Ser25_offsetA	Ser25_state	verdict	state_reason
A0A376ZNN1	1	1	1.046e-19	831	1	1	NA	0.9322	1.598	true	S25	0.5681	retained	retained	Ser25 S25 retained
G5S6F5	2	1	2.766e-19	816	0.957	1	NA	0.933	1.827	true	S50	0.4464	retained	retained	Ser25 S50 retained
A0A2S9UED0	3	1	1.826e-18	784	0.872	1	NA	0.9329	1.811	true	S25	0.4368	retained	retained	Ser25 S25 retained
A0A5U3NPZ0	4	1	7.202e-18	757	0.954	0.9237	NA	0.8715	1.347	true	S25	0.2994	retained	retained	Ser25 S25 retained
A0A366I841	5	1	1.075e-17	754	0.813	1	NA	0.9311	1.628	true	S25	0.3938	retained	retained	Ser25 S25 retained
A0A380QNF7	6	1	1.331e-16	714	0.788	1	NA	0.9305	1.627	true	S53	0.4383	retained	retained	Ser25 S53 retained
E9CLG3	7	1	2.643e-16	701	0.762	1	NA	0.9299	1.625	true	S41	0.4004	retained	retained	Ser25 S41 retained
A0AAV3M5X5	8	1	8.294e-16	658	0.669	1.025	NA	0.9259	1.648	true	S44	0.5431	retained	retained	Ser25 S44 retained
A0A939NK16	9	1	1.647e-15	653	0.767	0.9831	NA	0.9211	1.407	true	V24	2.282	lost	lost	Ser25 V not in expected {S}
A0A7R9LA66	10	1	5.17e-15	641	0.547	0.9915	NA	0.9172	1.622	true	S25	0.3155	retained	retained	Ser25 S25 retained
A0A4R0FK03	11	1	9.159e-15	629	0.559	1	NA	0.9182	1.86	true	S25	0.4128	retained	retained	Ser25 S25 retained
A0A9D7MZZ1	12	1	1.622e-14	627	0.578	0.9661	NA	0.9206	1.84	true	S25	0.1651	retained	retained	Ser25 S25 retained
A0A2Z6IJ20	13	1	1.219e-14	625	0.521	0.9746	NA	0.9227	1.672	true	S26	0.4695	retained	retained	Ser25 S26 retained
A0A385ESN2	14	1	1.219e-14	624	0.567	1	NA	0.918	1.863	true	S25	0.4342	retained	retained	Ser25 S25 retained
A0A970S7P9	15	1	1.447e-14	622	0.567	1	NA	0.9183	1.847	true	S25	0.4697	retained	retained	Ser25 S25 retained
A0AAN4MF58	16	1	1.532e-14	620	0.559	1	NA	0.9174	1.867	true	S25	0.3988	retained	retained	Ser25 S25 retained
N8WBL4	17	1	2.421e-14	613	0.567	1	NA	0.9179	1.863	true	S25	0.39	retained	retained	Ser25 S25 retained
A0AAE6WUI5	18	1	2.564e-14	610	0.559	1	NA	0.9151	1.888	true	S25	0.3498	retained	retained	Ser25 S25 retained
A0A9X1WYV8	19	1	3.412e-14	608	0.567	1	NA	0.9178	1.849	true	S25	0.3916	retained	retained	Ser25 S25 retained
A0A3E1D919	20	1	1.087e-14	607	0.578	1.025	NA	0.9063	1.913	true	S48	0.4706	retained	retained	Ser25 S48 retained
A0A145X5I0	21	1	3.826e-14	605	0.559	1	NA	0.9162	1.878	true	S25	0.3505	retained	retained	Ser25 S25 retained
A0A9D7KDB0	22	1	1.151e-14	605	0.57	1.025	NA	0.9058	1.92	true	S25	0.4982	retained	retained	Ser25 S25 retained
A0A520S9G7	23	1	8.046e-14	601	0.539	0.9746	NA	0.9256	1.7	true	S25	0.1626	retained	retained	Ser25 S25 retained
A0A537E5G1	24	1	7.598e-14	600	0.504	0.9746	NA	0.9165	1.701	true	S25	0.3489	retained	retained	Ser25 S25 retained
A0A2V5NXA9	25	1	8.046e-14	598	0.513	0.9746	NA	0.9142	1.768	true	S25	0.4088	retained	retained	Ser25 S25 retained
A0A537H0G7	26	1	8.046e-14	598	0.504	0.9746	NA	0.9183	1.603	true	S25	0.3908	retained	retained	Ser25 S25 retained
A0A537FB65	27	1	8.046e-14	598	0.495	0.9746	NA	0.9148	1.641	true	S25	0.3794	retained	retained	Ser25 S25 retained
A0A1Q7SQP4	28	1	7.598e-14	598	0.504	0.9746	NA	0.9165	1.629	true	S25	0.3396	retained	retained	Ser25 S25 retained
A0A537H879	29	1	8.046e-14	597	0.513	0.9746	NA	0.9153	1.72	true	S25	0.2893	retained	retained	Ser25 S25 retained
A0A062UCB9	30	1	4.809e-14	597	0.559	1	NA	0.9123	1.683	true	S42	0.1573	retained	retained	Ser25 S42 retained
A0A377WCL7	31	1	3.043e-14	596	0.85	0.8475	NA	0.8055	1.656	true	S25	0.2711	retained	retained	Ser25 S25 retained
A0A1Q7IDQ2	32	1	9.02e-14	596	0.513	0.9746	NA	0.9131	1.708	true	S25	0.4005	retained	retained	Ser25 S25 retained
A0A537FS56	33	1	8.046e-14	596	0.513	0.9746	NA	0.915	1.709	true	S25	0.3765	retained	retained	Ser25 S25 retained
A0A537FXW5	34	1	1.071e-13	595	0.504	0.9746	NA	0.9178	1.698	true	S25	0.3252	retained	retained	Ser25 S25 retained
A0A060GY28	35	1	7.598e-14	595	0.539	0.9746	NA	0.9139	1.882	true	S41	0.3069	retained	retained	Ser25 S41 retained
A0A2G2LX95	36	1	1.926e-14	594	0.528	1.025	NA	0.9145	1.879	true	S25	0.3177	retained	retained	Ser25 S25 retained
A0A7Y4UKY9	37	1	1.622e-14	594	0.553	1.025	NA	0.9101	1.893	true	S25	0.433	retained	retained	Ser25 S25 retained
A0A537GAP5	38	1	1.011e-13	593	0.486	0.9746	NA	0.9145	1.653	true	S25	0.3955	retained	retained	Ser25 S25 retained
A0A537DUH3	39	1	1.134e-13	593	0.478	0.9746	NA	0.9162	1.596	true	S25	0.3766	retained	retained	Ser25 S25 retained
A0A7W2GG94	40	1	8.046e-14	592	0.482	0.9661	NA	0.9206	1.694	true	S25	0.3384	retained	retained	Ser25 S25 retained
A0A537DHD8	41	1	1.134e-13	592	0.504	0.9746	NA	0.9158	1.621	true	S25	0.3734	retained	retained	Ser25 S25 retained
A0A2N7VCF4	42	1	5.709e-14	591	0.586	0.9831	NA	0.9067	1.917	true	S25	0.3416	retained	retained	Ser25 S25 retained
A0A318SFA4	43	1	8.519e-14	591	0.539	0.9746	NA	0.9136	1.877	true	S25	0.3319	retained	retained	Ser25 S25 retained
A0A537HBK2	44	1	1.201e-13	591	0.504	0.9746	NA	0.9156	1.633	true	S25	0.33	retained	retained	Ser25 S25 retained
A0A1Q7BBI6	45	1	1.346e-13	590	0.504	0.9746	NA	0.9179	1.701	true	S25	0.3119	retained	retained	Ser25 S25 retained
A0A1Q7QV33	46	1	1.425e-13	590	0.504	0.9746	NA	0.9185	1.694	true	S25	0.3308	retained	retained	Ser25 S25 retained
A0A1F3C3U0	47	1	9.551e-14	589	0.526	0.9661	NA	0.912	1.639	true	S25	0.2734	retained	retained	Ser25 S25 retained
A0A1Q6Z855	48	1	9.551e-14	589	0.5	1	NA	0.9131	1.711	true	S25	0.3878	retained	retained	Ser25 S25 retained
A0A537CBD2	49	1	1.425e-13	588	0.495	0.9746	NA	0.9152	1.624	true	S25	0.3744	retained	retained	Ser25 S25 retained
A0A537FFL9	50	1	1.509e-13	588	0.495	0.9746	NA	0.916	1.633	true	S25	0.3578	retained	retained	Ser25 S25 retained
A0A2E0TA27	51	1	2.009e-13	588	0.57	0.9661	NA	0.9199	1.915	true	S25	0.2192	retained	retained	Ser25 S25 retained
A0A1Q7ZRG3	52	1	1.692e-13	587	0.504	0.9746	NA	0.9184	1.694	true	S25	0.3252	retained	retained	Ser25 S25 retained
A0A4Y6PTL4	53	1	1.011e-13	586	0.516	1	NA	0.91	1.774	true	S25	0.1608	retained	retained	Ser25 S25 retained
A0AA39CK22	54	1	3.043e-14	586	0.495	1.025	NA	0.9064	1.9	true	S25	0.4399	retained	retained	Ser25 S25 retained
A0A1Q7P511	55	1	1.897e-13	584	0.478	0.9746	NA	0.9156	1.599	true	S25	0.3452	retained	retained	Ser25 S25 retained
A0A972J6F3	56	1	1.346e-13	583	0.508	1	NA	0.9143	1.68	true	S25	0.219	retained	retained	Ser25 S25 retained
A0A1B4PUF7	57	1	1.134e-13	582	0.577	0.9831	NA	0.9098	1.882	true	S25	0.3253	retained	retained	Ser25 S25 retained
A0A929HJY0	58	1	1.509e-13	582	0.504	0.9746	NA	0.9114	1.828	true	S25	0.3079	retained	retained	Ser25 S25 retained
A0A1L3MJD6	59	1	1.792e-13	582	0.53	0.9746	NA	0.9196	1.548	true	S25	0.3381	retained	retained	Ser25 S25 retained
A0A3M3EW83	60	1	4.809e-14	582	0.52	1.025	NA	0.9052	1.883	true	S49	0.3218	retained	retained	Ser25 S49 retained
A0A7C1XEQ1	61	1	4.051e-14	580	0.52	1.025	NA	0.9073	1.895	true	S25	0.2079	retained	retained	Ser25 S25 retained
A0A4P2QHI4	62	1	1.425e-13	580	0.533	1	NA	0.9147	1.64	true	S25	0.4471	retained	retained	Ser25 S25 retained
A0A2E9SLD8	63	1	4.542e-14	579	0.487	1.025	NA	0.906	1.888	true	S25	0.2842	retained	retained	Ser25 S25 retained
A0A5Q2Q6U2	64	1	1.425e-13	579	0.547	0.9746	NA	0.9112	1.806	true	S26	0.3488	retained	retained	Ser25 S26 retained
A0A1Q7MNQ7	65	1	2.674e-13	579	0.478	0.9746	NA	0.9177	1.571	true	S25	0.3297	retained	retained	Ser25 S25 retained
A0A0J5ZEC8	66	1	1.425e-13	578	0.551	0.9831	NA	0.9085	1.887	true	S25	0.2964	retained	retained	Ser25 S25 retained
A0A537EAJ2	67	1	2.674e-13	578	0.486	0.9746	NA	0.9144	1.623	true	S25	0.3758	retained	retained	Ser25 S25 retained
A0A7V4UVV9	68	1	1.509e-13	578	0.5	1	NA	0.9116	1.695	true	S25	0.3778	retained	retained	Ser25 S25 retained
A0A537EST4	69	1	2.385e-13	578	0.504	0.9746	NA	0.912	1.706	true	S434	0.5245	retained	retained	Ser25 S434 retained
A0A3N6NI46	70	1	1.792e-13	577	0.568	0.9831	NA	0.9091	1.888	true	S25	0.3559	retained	retained	Ser25 S25 retained
A0A937CGR1	71	1	1.792e-13	577	0.47	1.008	NA	0.9201	1.907	true	S48	0.3755	retained	retained	Ser25 S48 retained
A0A537DMS7	72	1	3.174e-13	576	0.469	0.9746	NA	0.9158	1.602	true	S25	0.4189	retained	retained	Ser25 S25 retained
A0A2H9SED5	73	1	2.252e-13	576	0.466	1	NA	0.9197	1.769	true	S25	0.3164	retained	retained	Ser25 S25 retained
A0A1E3RTK4	74	1	2.831e-13	575	0.508	0.9661	NA	0.9212	1.741	true	S25	0.1371	retained	retained	Ser25 S25 retained
A0A2E5YLE5	75	1	2.674e-13	574	0.483	1	NA	0.9199	1.743	true	S25	0.2779	retained	retained	Ser25 S25 retained
A0A1J5IN43	76	1	3.361e-13	574	0.535	0.9661	NA	0.9112	1.821	true	S25	0.3039	retained	retained	Ser25 S25 retained
A0A2G3K0C0	77	1	6.401e-14	573	0.545	1.025	NA	0.909	1.893	true	S25	0.3901	retained	retained	Ser25 S25 retained
A0A951AUW2	78	1	3.174e-13	572	0.482	0.9661	NA	0.9164	1.845	true	S25	0.06907	retained	retained	Ser25 S25 retained
A0A7G9L2X8	79	1	3.361e-13	571	0.526	0.9661	NA	0.9195	1.577	true	S25	0.2589	retained	retained	Ser25 S25 retained
A0A0H5BBM8	80	1	3.558e-13	570	0.517	0.9661	NA	0.9104	1.746	true	S25	0.2103	retained	retained	Ser25 S25 retained
A0A956GPI9	81	1	3.558e-13	570	0.526	0.9661	NA	0.9169	1.796	true	S27	0.149	retained	retained	Ser25 S27 retained
A0AAU3FUI2	82	1	3.558e-13	570	0.526	0.9661	NA	0.9174	1.558	true	S25	0.09284	retained	retained	Ser25 S25 retained
X7ZVG2	83	1	3.174e-13	570	0.5	0.9661	NA	0.9197	1.758	true	S25	0.0575	retained	retained	Ser25 S25 retained
A0A1Y5Q0Y3	84	1	8.519e-14	569	0.528	1.025	NA	0.9097	1.711	true	S49	0.3033	retained	retained	Ser25 S49 retained
A0A562DMF6	85	1	1.271e-13	569	0.508	1.017	NA	0.9191	1.555	true	S25	0.2088	retained	retained	Ser25 S25 retained
A6SUW8	86	1	2.252e-13	568	0.535	0.9661	NA	0.9053	1.682	true	S25	0.5284	retained	retained	Ser25 S25 retained
A0A9W3JZ81	87	1	2.674e-13	568	0.56	0.9831	NA	0.9071	1.889	true	S25	0.3215	retained	retained	Ser25 S25 retained
A0A1F1TTG7	88	1	3.768e-13	568	0.517	0.9661	NA	0.92	1.776	true	S25	0.2945	retained	retained	Ser25 S25 retained
A0A0E4H235	89	1	3.768e-13	568	0.508	0.9661	NA	0.9196	1.745	true	S25	0.1776	retained	retained	Ser25 S25 retained
A0A7Y8GW29	90	1	8.046e-14	567	0.495	1.025	NA	0.9057	1.922	true	S25	0.2264	retained	retained	Ser25 S25 retained
A0A518CPW6	91	1	2.525e-13	567	0.47	0.9915	NA	0.9039	1.932	true	S45	0.2698	retained	retained	Ser25 S45 retained
A0A2W2EYS6	92	1	4.224e-13	567	0.513	0.9746	NA	0.9158	1.571	true	S25	0.07784	retained	retained	Ser25 S25 retained
A0A537HXX3	93	1	4.736e-13	566	0.47	0.9915	NA	0.914	1.713	true	S25	0.2967	retained	retained	Ser25 S25 retained
A0A2D9XUH0	94	1	3.174e-13	566	0.469	0.9746	NA	0.9104	1.765	true	S25	0.3361	retained	retained	Ser25 S25 retained
A0A7Y9E157	95	1	3.99e-13	566	0.482	0.9661	NA	0.9173	1.758	true	S25	0.1724	retained	retained	Ser25 S25 retained
E8UZY0	96	1	5.015e-13	565	0.47	0.9915	NA	0.9224	1.675	true	S25	0.2623	retained	retained	Ser25 S25 retained
A0A845FYT2	97	1	1.897e-13	565	0.584	1	NA	0.897	1.807	true	A25	0.5302	lost	lost	Ser25 A not in expected {S}
A0A6H1W2X4	98	1	4.473e-13	564	0.5	0.9661	NA	0.919	1.756	true	S25	0.4378	retained	retained	Ser25 S25 retained
A0A3B0WVW7	99	1	1.509e-13	564	0.52	1.025	NA	0.9125	1.717	true	S34	0.3957	retained	retained	Ser25 S34 retained
U2PT98	100	1	5.623e-13	564	0.543	0.9661	NA	0.9128	1.889	true	S51	0.2099	retained	retained	Ser25 S51 retained
A0A5C1ANS6	101	1	5.015e-13	563	0.469	0.9746	NA	0.9144	1.761	true	S25	0.4384	retained	retained	Ser25 S25 retained
A0A9P6PBL1	102	1	1.425e-13	562	0.508	1.034	NA	0.9138	1.867	true	S48	0.2585	retained	retained	Ser25 S48 retained
A0A1W1DU36	103	1	2.998e-13	561	0.5	1	NA	0.8994	1.975	true	S25	0.2726	retained	retained	Ser25 S25 retained
A0A2U1C6Y1	104	1	1.271e-13	561	0.52	1.025	NA	0.9127	1.895	true	S38	0.29	retained	retained	Ser25 S38 retained
A0A354R7E5	105	1	5.623e-13	560	0.49	0.9153	NA	0.8554	1.607	true	S25	0.2222	retained	retained	Ser25 S25 retained
A0A380WAE4	106	1	7.924e-13	560	0.452	0.9915	NA	0.9199	1.581	true	S25	0.3816	retained	retained	Ser25 S25 retained
A0A7C4STN4	107	1	3.361e-13	560	0.504	1.025	NA	0.9202	1.85	true	S25	0.2408	retained	retained	Ser25 S25 retained
C3XBD9	108	1	4.736e-13	560	0.535	0.9661	NA	0.9105	1.907	true	S42	0.5636	retained	retained	Ser25 S42 retained
J6IZ40	109	1	6.304e-13	560	0.491	0.9661	NA	0.9126	1.955	true	S72	0.2333	retained	retained	Ser25 S72 retained
A0A1H3GIF9	110	1	5.623e-13	560	0.5	0.9661	NA	0.9151	1.589	true	S25	0.103	retained	retained	Ser25 S25 retained
A0A917JY36	111	1	6.304e-13	559	0.478	0.9746	NA	0.9095	1.881	true	S26	0.2362	retained	retained	Ser25 S26 retained
D4XAJ7	112	1	5.31e-13	559	0.556	0.9746	NA	0.909	1.715	true	S45	0.5009	retained	retained	Ser25 S45 retained
E0N8L5	113	1	6.675e-13	559	0.521	0.9746	NA	0.9127	1.832	true	S70	0.1824	retained	retained	Ser25 S70 retained
A0A2D5Y189	114	1	9.407e-13	558	0.504	0.9746	NA	0.9159	1.717	true	S25	0.2335	retained	retained	Ser25 S25 retained
A0A495HZN3	115	1	1.598e-13	558	0.52	1.025	NA	0.9133	1.888	true	S25	0.2631	retained	retained	Ser25 S25 retained
A0A4Q5NR85	116	1	7.484e-13	558	0.469	0.9576	NA	0.9197	1.763	true	S25	0.2399	retained	retained	Ser25 S25 retained
A0A4R5TWA7	117	1	6.304e-13	558	0.517	0.9661	NA	0.9142	1.615	true	S25	0.4804	retained	retained	Ser25 S25 retained
A0A1Y0BY55	118	1	7.484e-13	558	0.486	0.9746	NA	0.9204	1.738	true	S25	0.1656	retained	retained	Ser25 S25 retained
A0A7K3LIM3	119	1	5.015e-13	558	0.517	0.9661	NA	0.9053	1.829	true	S25	0.1036	retained	retained	Ser25 S25 retained
A0A0A0BMQ5	120	1	9.961e-13	557	0.5	0.9661	NA	0.9208	1.764	true	S30	0.3744	retained	retained	Ser25 S30 retained
A0A450ZE47	121	1	1.598e-13	557	0.495	1.025	NA	0.9073	1.904	true	S74	0.4175	retained	retained	Ser25 S74 retained
A0A286EHZ7	122	1	8.884e-13	556	0.486	0.9746	NA	0.9179	1.549	true	S25	0.08296	retained	retained	Ser25 S25 retained
A0A2E3NF17	123	1	5.623e-13	556	0.478	0.9746	NA	0.9112	1.812	true	S25	0.23	retained	retained	Ser25 S25 retained
A0A6P2CDE7	124	1	5.954e-13	556	0.486	0.9746	NA	0.9072	1.613	true	S25	0.2071	retained	retained	Ser25 S25 retained
G0AAT4	125	1	1.692e-13	556	0.52	1.025	NA	0.9096	1.716	true	S62	0.6292	retained	retained	Ser25 S62 retained
A0A3A8JLZ9	126	1	5.31e-13	555	0.457	1	NA	0.9109	1.693	true	S25	0.202	retained	retained	Ser25 S25 retained
A0A7C7QZS8	127	1	7.924e-13	554	0.432	1	NA	0.9128	1.782	true	S25	0.2941	retained	retained	Ser25 S25 retained
A0A895YBB4	128	1	9.961e-13	554	0.473	0.9661	NA	0.9197	1.757	true	S25	0.07777	retained	retained	Ser25 S25 retained
A0A7K0BXZ1	129	1	7.068e-13	554	0.508	0.9661	NA	0.9117	1.635	true	S25	0.4366	retained	retained	Ser25 S25 retained
A0A2E3SMX6	130	1	7.484e-13	553	0.469	0.9746	NA	0.8935	1.774	true	S25	0.1418	retained	retained	Ser25 S25 retained
A0A357BTC8	131	1	1.182e-12	553	0.469	0.9746	NA	0.9159	1.867	true	S25	0.1806	retained	retained	Ser25 S25 retained
A0A7W0HR21	132	1	2.831e-13	553	0.495	1.008	NA	0.9072	1.818	true	S25	0.1606	retained	retained	Ser25 S25 retained
A0A316ASK6	133	1	7.484e-13	553	0.478	0.9746	NA	0.8927	1.787	true	S71	0.1689	retained	retained	Ser25 S71 retained
A0A7Z0K9A5	134	1	4.224e-13	553	0.495	1.025	NA	0.9191	1.759	true	S25	0.1785	retained	retained	Ser25 S25 retained
A0A961FD44	135	1	9.407e-13	552	0.5	0.9661	NA	0.911	1.889	true	S25	0.2037	retained	retained	Ser25 S25 retained
A0A8T7KAF8	136	1	5.954e-13	552	0.474	0.9831	NA	0.9058	1.812	true	S24	0.1991	retained	retained	Ser25 S24 retained
A0A139D473	137	1	8.884e-13	551	0.482	0.9661	NA	0.9095	1.887	true	S25	0.3193	retained	retained	Ser25 S25 retained
A0A9E4MP87	138	1	1.055e-12	551	0.5	0.9661	NA	0.915	1.603	true	S25	0.2512	retained	retained	Ser25 S25 retained
A0A940QIR5	139	1	1.055e-12	551	0.474	1	NA	0.9163	1.772	true	S25	0.303	retained	retained	Ser25 S25 retained
A0A6L4YBF8	140	1	1.117e-12	551	0.457	1	NA	0.9154	1.765	true	S45	0.3177	retained	retained	Ser25 S45 retained
A0A0W0VG54	141	1	8.391e-13	551	0.521	0.9746	NA	0.903	1.743	true	S49	0.2669	retained	retained	Ser25 S49 retained
A0A1B1BEP8	142	1	9.961e-13	551	0.517	0.9661	NA	0.9147	1.619	true	S55	0.3752	retained	retained	Ser25 S55 retained
A0A1V5QXN3	143	1	6.675e-13	550	0.5	0.9831	NA	0.8941	2	true	S25	0.282	retained	retained	Ser25 S25 retained
A0A2D4SRC0	144	1	1.574e-12	550	0.486	0.9746	NA	0.917	1.902	true	S25	0.1009	retained	retained	Ser25 S25 retained
A0A960PLB6	145	1	8.391e-13	549	0.469	0.9746	NA	0.9045	1.846	true	S25	0.1158	retained	retained	Ser25 S25 retained
A0AAW8EPG2	146	1	2.831e-13	548	0.495	1.025	NA	0.9076	1.917	true	S25	0.3261	retained	retained	Ser25 S25 retained
A0A1F9API6	147	1	1.404e-12	548	0.432	1	NA	0.92	1.752	true	S25	0.3336	retained	retained	Ser25 S25 retained
A0A1Q7A8P0	148	1	1.404e-12	548	0.434	0.9746	NA	0.9092	1.698	true	S25	0.3986	retained	retained	Ser25 S25 retained
C6M2F7	149	1	1.117e-12	548	0.521	0.9746	NA	0.9082	1.849	true	S47	0.2367	retained	retained	Ser25 S47 retained
A0A4R6VI13	150	1	1.326e-12	548	0.482	0.9661	NA	0.9173	1.556	true	S25	0.1574	retained	retained	Ser25 S25 retained
A0A1C4VEB4	151	1	4.473e-13	548	0.491	1.017	NA	0.9155	1.763	true	S320	0.2216	retained	retained	Ser25 S320 retained
A0A1M7XY14	152	1	1.574e-12	547	0.491	0.9661	NA	0.9127	1.91	true	S25	0.1533	retained	retained	Ser25 S25 retained
A0AB37U538	153	1	1.404e-12	547	0.526	0.9661	NA	0.9156	1.583	true	S25	0.3602	retained	retained	Ser25 S25 retained
A0A0W0XH37	154	1	1.326e-12	547	0.495	0.9746	NA	0.91	1.874	true	S39	0.1736	retained	retained	Ser25 S39 retained
A0A923TNC7	155	1	1.404e-12	547	0.473	0.9661	NA	0.9164	1.578	true	S25	0.2871	retained	retained	Ser25 S25 retained
A0A2H5B0T4	156	1	1.574e-12	547	0.5	0.9661	NA	0.92	1.547	true	S25	0.1568	retained	retained	Ser25 S25 retained
F8A4S3	157	1	1.868e-12	547	0.491	0.9661	NA	0.9201	1.773	true	S28	0.5325	retained	retained	Ser25 S28 retained
A0A510V087	158	1	1.978e-12	547	0.508	0.9661	NA	0.9208	1.766	true	S28	0.1136	retained	retained	Ser25 S28 retained
A0A960QEB0	159	1	1.182e-12	546	0.491	0.9661	NA	0.9018	1.952	true	S25	0.2948	retained	retained	Ser25 S25 retained
A0AA37UKQ7	160	1	3.768e-13	546	0.52	1.025	NA	0.9092	1.634	true	S25	0.3333	retained	retained	Ser25 S25 retained
A0A6L9S2L1	161	1	1.252e-12	546	0.447	0.9661	NA	0.9128	1.786	true	S25	0.2401	retained	retained	Ser25 S25 retained
A0A960AEZ3	162	1	1.667e-12	546	0.491	0.9661	NA	0.918	1.574	true	S25	0.465	retained	retained	Ser25 S25 retained
A0A1G9TMH6	163	1	1.326e-12	546	0.491	0.9661	NA	0.9152	1.571	true	S25	0.1555	retained	retained	Ser25 S25 retained
A0A9D9E0L1	164	1	1.117e-12	545	0.456	0.9831	NA	0.8939	1.916	true	S25	0.2541	retained	retained	Ser25 S25 retained
A0A4Q2TAS9	165	1	1.978e-12	545	0.482	0.9661	NA	0.9194	1.561	true	S25	0.1832	retained	retained	Ser25 S25 retained
A0A4R2JLQ8	166	1	1.404e-12	545	0.464	0.9661	NA	0.917	1.547	true	S25	0.1948	retained	retained	Ser25 S25 retained
A0A0H5CSH0	167	1	1.182e-12	545	0.482	0.9661	NA	0.9116	1.651	true	S26	0.4537	retained	retained	Ser25 S26 retained
T0ZHU4	168	1	8.391e-13	544	0.544	0.9492	NA	0.8723	2.107	true	S25	0.2009	retained	retained	Ser25 S25 retained
A0A1F9BPQ1	169	1	8.884e-13	544	0.432	1	NA	0.9064	1.858	true	S25	0.4903	retained	retained	Ser25 S25 retained
A0A1X7CAT6	170	1	2.095e-12	544	0.5	0.9661	NA	0.9204	1.548	true	S25	0.4546	retained	retained	Ser25 S25 retained
A0A975MIG1	171	1	5.954e-13	544	0.471	1.025	NA	0.9175	1.588	true	S25	0.2381	retained	retained	Ser25 S25 retained
A0A402DR51	172	1	2.218e-12	544	0.482	0.9661	NA	0.9205	1.752	true	S28	0.2867	retained	retained	Ser25 S28 retained
A0A1Q8BJ07	173	1	1.574e-12	543	0.513	0.9407	NA	0.8847	1.697	true	S21	0.3114	retained	retained	Ser25 S21 retained
A0A2V8T945	174	1	1.574e-12	543	0.486	0.9746	NA	0.9077	1.967	true	S25	0.2477	retained	retained	Ser25 S25 retained
A0A538N4S7	175	1	1.868e-12	543	0.482	0.9661	NA	0.9184	1.549	true	S25	0.2532	retained	retained	Ser25 S25 retained
A0A1G6R1R9	176	1	2.218e-12	542	0.5	0.9661	NA	0.9098	1.737	true	S25	0.1674	retained	retained	Ser25 S25 retained
A0A1M3EMY0	177	1	2.487e-12	542	0.444	0.9915	NA	0.9188	1.813	true	S28	0.1327	retained	retained	Ser25 S28 retained
A0A1G0ZRM3	178	1	2.788e-12	542	0.417	0.9746	NA	0.9167	1.879	true	S25	0.1227	retained	retained	Ser25 S25 retained
A0A7V9DVE6	179	1	2.095e-12	542	0.469	0.9746	NA	0.9184	1.557	true	S25	0.1685	retained	retained	Ser25 S25 retained
E5AN51	180	1	4.736e-13	542	0.516	1.034	NA	0.9129	1.883	true	S48	0.3332	retained	retained	Ser25 S48 retained
A0AB33VFQ7	181	1	4.224e-13	542	0.508	1.017	NA	0.9077	1.907	true	S84	0.6465	retained	retained	Ser25 S84 retained
A0A6G3DCG1	182	1	1.978e-12	541	0.508	0.9661	NA	0.9149	1.593	true	S25	0.2399	retained	retained	Ser25 S25 retained
A0A850DK61	183	1	3.99e-13	541	0.441	1.017	NA	0.9024	1.642	true	S25	0.1531	retained	retained	Ser25 S25 retained
A0A511JCK4	184	1	2.788e-12	541	0.5	0.9661	NA	0.9207	1.773	true	S28	0.3068	retained	retained	Ser25 S28 retained
A0A3M1Z6A1	185	1	2.487e-12	540	0.5	0.9661	NA	0.9139	1.897	true	S25	0.2216	retained	retained	Ser25 S25 retained
A0A3D4WVD5	186	1	2.095e-12	540	0.469	0.9746	NA	0.9136	1.687	true	S25	0.1636	retained	retained	Ser25 S25 retained
A0A1D3DYD7	187	1	1.868e-12	540	0.517	0.9661	NA	0.9119	1.596	true	S25	0.1674	retained	retained	Ser25 S25 retained
A0A833M6G0	188	1	1.486e-12	540	0.474	1	NA	0.9113	1.824	true	S25	0.02789	retained	retained	Ser25 S25 retained
A0A9D6ZM43	189	1	1.182e-12	540	0.482	0.9661	NA	0.8962	1.754	true	S25	0.2983	retained	retained	Ser25 S25 retained
H8KXH0	190	1	1.404e-12	540	0.495	0.9746	NA	0.885	1.777	true	S57	0.1572	retained	retained	Ser25 S57 retained
A0A7W7G7Z9	191	1	2.349e-12	540	0.491	0.9661	NA	0.9208	1.734	true	S34	0.3038	retained	retained	Ser25 S34 retained
A0A062X005	192	1	1.978e-12	540	0.491	0.9661	NA	0.9124	1.601	true	S25	0.3007	retained	retained	Ser25 S25 retained
A0A653T900	193	1	1.326e-12	540	0.464	0.9661	NA	0.9051	1.848	true	S25	0.2822	retained	retained	Ser25 S25 retained
A0A2V6CE69	194	1	2.487e-12	539	0.408	0.9746	NA	0.9156	1.858	true	S25	0.2645	retained	retained	Ser25 S25 retained
A0A4V1BDW7	195	1	2.487e-12	539	0.5	0.9661	NA	0.9161	1.6	true	S25	0.2839	retained	retained	Ser25 S25 retained
A0A3D1CW71	196	1	1.868e-12	538	0.47	0.9915	NA	0.896	1.83	true	S25	0.1457	retained	retained	Ser25 S25 retained
A0A395M3M6	197	1	1.868e-12	538	0.469	0.9746	NA	0.9068	1.891	true	S25	0.5726	retained	retained	Ser25 S25 retained
A0A7Y2PA35	198	1	7.068e-13	538	0.471	1.025	NA	0.9011	1.94	true	S25	0.2321	retained	retained	Ser25 S25 retained
A0A1I1I7N6	199	1	1.117e-12	538	0.495	0.9915	NA	0.8917	2.032	true	S43	0.2373	retained	retained	Ser25 S43 retained
A0A5E4Y3Y2	200	1	4.473e-13	538	0.508	1.034	NA	0.9105	1.883	true	S25	0.2638	retained	retained	Ser25 S25 retained
A0A918R5Y9	201	1	2.349e-12	538	0.5	0.9661	NA	0.9118	1.62	true	S41	0.2219	retained	retained	Ser25 S41 retained
A0A4Q5T8L7	202	1	2.487e-12	538	0.473	0.9661	NA	0.9147	1.651	true	S25	0.3747	retained	retained	Ser25 S25 retained
A0A2T6L7F2	203	1	2.487e-12	538	0.473	0.9661	NA	0.9186	1.764	true	S39	0.22	retained	retained	Ser25 S39 retained
A0A948G1R4	204	1	2.952e-12	537	0.4	0.9746	NA	0.9132	1.912	true	S25	0.3158	retained	retained	Ser25 S25 retained
A0A0Q1B199	205	1	1.978e-12	537	0.469	0.9746	NA	0.9064	1.969	true	S25	0.3555	retained	retained	Ser25 S25 retained
A0A929D4T2	206	1	2.487e-12	537	0.464	0.9661	NA	0.9115	1.642	true	S25	0.1778	retained	retained	Ser25 S25 retained
L8P0Z5	207	1	2.095e-12	537	0.473	0.9661	NA	0.906	1.802	true	S26	0.313	retained	retained	Ser25 S26 retained
A0A1V5KP05	208	1	1.404e-12	537	0.435	0.9915	NA	0.9063	1.801	true	S25	0.3006	retained	retained	Ser25 S25 retained
F8AZB5	209	1	2.349e-12	537	0.473	0.9661	NA	0.9152	1.597	true	S25	0.1456	retained	retained	Ser25 S25 retained
A0A1G7CB15	210	1	2.349e-12	537	0.491	0.9661	NA	0.9125	1.657	true	S90	0.4824	retained	retained	Ser25 S90 retained
A0A1G9PPG5	211	1	1.765e-12	537	0.486	0.9746	NA	0.8928	1.895	true	S142	0.1577	retained	retained	Ser25 S142 retained
A0A8T3KMG0	212	1	2.349e-12	536	0.443	0.9746	NA	0.9003	1.768	true	S25	0.1303	retained	retained	Ser25 S25 retained
A0A7C6KZ59	213	1	2.487e-12	536	0.444	0.9915	NA	0.9102	1.799	true	S25	0.2943	retained	retained	Ser25 S25 retained
A0A3M0ZIH5	214	1	2.788e-12	536	0.482	0.9831	NA	0.9136	1.901	true	S27	0.3053	retained	retained	Ser25 S27 retained
A0A6C1SX81	215	1	2.349e-12	536	0.443	0.9746	NA	0.9036	1.791	true	S25	0.2004	retained	retained	Ser25 S25 retained
A0A968TUE1	216	1	7.068e-13	536	0.446	1.025	NA	0.9097	1.896	true	S25	0.2498	retained	retained	Ser25 S25 retained
A0A961S9W9	217	1	3.929e-12	536	0.46	0.9746	NA	0.922	1.747	true	S25	0.4051	retained	retained	Ser25 S25 retained
A0A1H6YRE2	218	1	2.952e-12	536	0.464	0.9661	NA	0.9182	1.555	true	S28	0.2318	retained	retained	Ser25 S28 retained
A0A1Q7ASG4	219	1	1.978e-12	535	0.426	0.9746	NA	0.8978	1.739	true	S25	0.2822	retained	retained	Ser25 S25 retained
A0A8J6LTK2	220	1	2.952e-12	535	0.478	0.9746	NA	0.9144	1.602	true	S25	0.1189	retained	retained	Ser25 S25 retained
A0A7C2EQ04	221	1	3.126e-12	535	0.491	0.9831	NA	0.9149	1.898	true	S45	0.1475	retained	retained	Ser25 S45 retained
A0A3T0Y984	222	1	9.961e-13	535	0.495	1.008	NA	0.9138	1.615	true	S40	0.4695	retained	retained	Ser25 S40 retained
A0A365ZGK0	223	1	2.952e-12	535	0.447	0.9661	NA	0.9171	1.561	true	S25	0.4236	retained	retained	Ser25 S25 retained
A0A7X7F9N7	224	1	2.633e-12	534	0.411	1.008	NA	0.9138	1.846	true	S25	0.1704	retained	retained	Ser25 S25 retained
E6W3Q9	225	1	3.126e-12	534	0.443	0.9746	NA	0.9138	1.624	true	S25	0.216	retained	retained	Ser25 S25 retained
A0A543AWS3	226	1	3.711e-12	534	0.482	0.9661	NA	0.9219	1.542	true	S25	0.1865	retained	retained	Ser25 S25 retained
A0A2A9F0U0	227	1	3.505e-12	534	0.5	0.9661	NA	0.9183	1.566	true	S49	0.1961	retained	retained	Ser25 S49 retained
A0A939XGU5	228	1	2.095e-12	533	0.521	0.9746	NA	0.8763	1.839	true	S25	0.2096	retained	retained	Ser25 S25 retained
A0A948C8U0	229	1	3.126e-12	533	0.377	0.9661	NA	0.9131	1.906	true	S25	0.04234	retained	retained	Ser25 S25 retained
A0A937LHY9	230	1	2.487e-12	533	0.426	0.9746	NA	0.9136	1.704	true	S25	0.2743	retained	retained	Ser25 S25 retained
A0A5C6E1X9	231	1	2.633e-12	533	0.438	0.9661	NA	0.9076	1.936	true	S28	0.1857	retained	retained	Ser25 S28 retained
A0A2E5IBU2	232	1	1.182e-12	533	0.479	1.025	NA	0.9181	1.805	true	S41	0.1767	retained	retained	Ser25 S41 retained
A0A5J4KD92	233	1	2.788e-12	533	0.5	0.9661	NA	0.9057	1.934	true	S25	0.1396	retained	retained	Ser25 S25 retained
A0A1Y2K3Z0	234	1	7.924e-13	533	0.479	1.042	NA	0.9106	1.948	true	S40	0.4575	retained	retained	Ser25 S40 retained
A0A518GJL3	235	1	2.633e-12	533	0.415	1	NA	0.9051	1.753	true	S56	0.2992	retained	retained	Ser25 S56 retained
A0A1X1MH73	236	1	3.126e-12	533	0.491	0.9831	NA	0.9182	1.769	true	S25	0.2578	retained	retained	Ser25 S25 retained
A0A345SYU4	237	1	3.505e-12	533	0.5	0.9661	NA	0.9181	1.574	true	S25	0.3309	retained	retained	Ser25 S25 retained
A0A455U071	238	1	9.407e-13	533	0.504	1.025	NA	0.9076	1.87	true	S325	0.2941	retained	retained	Ser25 S325 retained
A0A1G1PQ70	239	1	3.126e-12	532	0.452	0.9915	NA	0.904	1.626	true	S25	0.3629	retained	retained	Ser25 S25 retained
A0A960WDI9	240	1	3.126e-12	532	0.449	1	NA	0.9102	1.924	true	S25	0.3469	retained	retained	Ser25 S25 retained
A0A7X7A0W9	241	1	3.126e-12	532	0.469	0.9746	NA	0.9127	1.899	true	S25	0.3366	retained	retained	Ser25 S25 retained
A0A9Q4CU88	242	1	4.665e-12	532	0.486	0.9746	NA	0.9183	1.589	true	S25	0.2475	retained	retained	Ser25 S25 retained
A0A7Y8MLW9	243	1	1.326e-12	531	0.582	0.8729	NA	0.7997	1.786	true	S25	0.3947	retained	retained	Ser25 S25 retained
A0A944UGC7	244	1	2.952e-12	531	0.436	1.008	NA	0.9117	1.761	true	S25	0.2529	retained	retained	Ser25 S25 retained
A0AA48KFW1	245	1	3.126e-12	531	0.508	0.9661	NA	0.9034	1.783	true	S25	0.319	retained	retained	Ser25 S25 retained
A0A944EAL2	246	1	3.505e-12	531	0.456	0.9661	NA	0.9138	1.604	true	S25	0.341	retained	retained	Ser25 S25 retained
A0A8J7HKL6	247	1	2.349e-12	531	0.412	0.9661	NA	0.9015	1.926	true	S25	0.2139	retained	retained	Ser25 S25 retained
A0A7J5UNL4	248	1	4.406e-12	531	0.447	0.9661	NA	0.9213	1.757	true	S33	0.2316	retained	retained	Ser25 S33 retained
A0A7J9V2R9	249	1	4.161e-12	531	0.447	0.9661	NA	0.9198	1.546	true	S33	0.4955	retained	retained	Ser25 S33 retained
A0A1C6RBZ0	250	1	4.161e-12	531	0.491	0.9661	NA	0.9193	1.546	true	S25	0.1064	retained	retained	Ser25 S25 retained
A0A971QLZ6	251	1	4.406e-12	530	0.443	0.9746	NA	0.9129	1.705	true	S25	0.1724	retained	retained	Ser25 S25 retained
A0A948BXP4	252	1	2.788e-12	530	0.417	0.9746	NA	0.9014	1.901	true	S25	0.4644	retained	retained	Ser25 S25 retained
A0A7C5JNI3	253	1	3.126e-12	530	0.41	0.9915	NA	0.9048	1.979	true	S25	0.2252	retained	retained	Ser25 S25 retained
A0A9D7A2I1	254	1	2.633e-12	530	0.432	1	NA	0.9109	1.777	true	S25	0.3068	retained	retained	Ser25 S25 retained
A0A6G3CV13	255	1	3.505e-12	530	0.464	0.9661	NA	0.9108	1.626	true	S25	0.3	retained	retained	Ser25 S25 retained
A0A838S2L1	256	1	1.486e-12	530	0.466	1.017	NA	0.9175	1.566	true	S25	0.2201	retained	retained	Ser25 S25 retained
A0A0P7CHA1	257	1	3.505e-12	530	0.464	0.9661	NA	0.9147	1.773	true	S25	0.1368	retained	retained	Ser25 S25 retained
A0A970Z6J5	258	1	3.711e-12	529	0.456	0.9661	NA	0.9124	1.867	true	S25	0.1103	retained	retained	Ser25 S25 retained
A0A2W5PQ05	259	1	1.404e-12	529	0.462	1.025	NA	0.9073	1.811	true	S25	0.1544	retained	retained	Ser25 S25 retained
J7LG94	260	1	1.486e-12	529	0.416	1.017	NA	0.9089	1.821	true	S25	0.1827	retained	retained	Ser25 S25 retained
A0A4R4SHF9	261	1	1.765e-12	529	0.458	1.017	NA	0.9146	1.61	true	S25	0.2936	retained	retained	Ser25 S25 retained
A0A656Y0M7	262	1	4.939e-12	529	0.464	0.9661	NA	0.9184	1.791	true	S28	0.5821	retained	retained	Ser25 S28 retained
A0A328HJX5	263	1	3.929e-12	529	0.46	0.9746	NA	0.9159	1.773	true	S25	0.2091	retained	retained	Ser25 S25 retained
A0A7C3YYK8	264	1	4.665e-12	528	0.365	0.9746	NA	0.9017	1.751	true	S25	0.3175	retained	retained	Ser25 S25 retained
A0A7W1YKF9	265	1	3.505e-12	528	0.473	0.9661	NA	0.9006	1.915	true	S25	0.1536	retained	retained	Ser25 S25 retained
A0A9D7T448	266	1	3.505e-12	528	0.4	1.017	NA	0.9164	1.886	true	S25	0.1487	retained	retained	Ser25 S25 retained
A0A952R5E7	267	1	4.406e-12	528	0.487	0.9915	NA	0.9109	1.671	true	S25	0.1103	retained	retained	Ser25 S25 retained
A0A2E2UYM1	268	1	2.218e-12	528	0.481	0.9322	NA	0.8867	2.188	true	S25	0.2248	retained	retained	Ser25 S25 retained
B0B512	269	1	3.505e-12	528	0.434	0.9746	NA	0.9105	1.625	true	S25	0.5508	retained	retained	Ser25 S25 retained
A0A2S6SAJ2	270	1	8.391e-13	528	0.426	1.034	NA	0.9099	1.807	true	S32	0.4436	retained	retained	Ser25 S32 retained
A0A7C6CG65	271	1	5.23e-12	528	0.526	0.9661	NA	0.9187	1.771	true	S25	0.3076	retained	retained	Ser25 S25 retained
A0A2E3QYM1	272	1	4.161e-12	528	0.434	0.9746	NA	0.9055	1.889	true	S25	0.4976	retained	retained	Ser25 S25 retained
A0A538TM87	273	1	4.406e-12	527	0.469	0.9746	NA	0.913	1.837	true	S25	0.3137	retained	retained	Ser25 S25 retained
A0A2E6DTN8	274	1	3.711e-12	527	0.434	0.9746	NA	0.9055	1.959	true	S25	0.2683	retained	retained	Ser25 S25 retained
A0A564WG02	275	1	3.126e-12	527	0.406	1	NA	0.9003	1.711	true	S32	0.2839	retained	retained	Ser25 S32 retained
A0A7W6SS67	276	1	5.538e-12	527	0.396	0.9831	NA	0.9101	1.837	true	A27	0.3508	lost	lost	Ser25 A not in expected {S}
A0A941QWL2	277	1	2.998e-13	527	0.537	1.025	NA	0.9103	1.923	true	S25	0.3723	retained	retained	Ser25 S25 retained
A0A021VLT3	278	1	1.765e-12	527	0.491	1	NA	0.9128	1.764	true	S24	0.2717	retained	retained	Ser25 S24 retained
A0A2H0FX64	279	1	1.868e-12	526	0.469	0.9746	NA	0.8773	1.803	true	S25	0.57	retained	retained	Ser25 S25 retained
A0A1F5BMC4	280	1	1.574e-12	526	0.432	1	NA	0.9045	1.759	true	S25	0.4488	retained	retained	Ser25 S25 retained
A0A078BMB1	281	1	2.218e-12	526	0.512	0.9915	NA	0.9096	1.738	true	S35	0.3184	retained	retained	Ser25 S35 retained
A0A0D0NU10	282	1	4.939e-12	526	0.464	0.9661	NA	0.9173	1.57	true	S25	0.403	retained	retained	Ser25 S25 retained
B0RCH0	283	1	4.939e-12	526	0.495	0.9746	NA	0.9129	1.61	true	S48	0.4138	retained	retained	Ser25 S48 retained
A0A1R4F1N7	284	1	5.23e-12	526	0.482	0.9661	NA	0.9178	1.794	true	S32	0.4795	retained	retained	Ser25 S32 retained
A0A925HXC6	285	1	4.406e-12	525	0.408	0.9746	NA	0.8955	1.722	true	S25	0.1275	retained	retained	Ser25 S25 retained
A0A9E5WK72	286	1	1.326e-12	525	0.479	1.025	NA	0.9102	1.878	true	S25	0.1685	retained	retained	Ser25 S25 retained
A0A2E1N0A2	287	1	4.406e-12	525	0.385	0.9661	NA	0.9072	1.879	true	S25	0.04869	retained	retained	Ser25 S25 retained
A0A9E2D5S4	288	1	4.406e-12	525	0.434	0.9746	NA	0.9071	1.836	true	S25	0.3012	retained	retained	Ser25 S25 retained
A0A7C3RGY0	289	1	7.371e-12	525	0.417	0.9746	NA	0.9205	1.752	true	S25	0.2877	retained	retained	Ser25 S25 retained
A0A3E1HM39	290	1	1.868e-12	525	0.446	1.025	NA	0.9211	1.725	true	S25	0.1093	retained	retained	Ser25 S25 retained
A0A6G1SYE2	291	1	5.538e-12	525	0.41	0.9915	NA	0.9138	1.798	true	S45	0.371	retained	retained	Ser25 S45 retained
A0A7Z1AIU2	292	1	4.406e-12	525	0.456	0.9661	NA	0.9168	1.746	true	S36	0.2809	retained	retained	Ser25 S36 retained
A0A1J5NMR1	293	1	4.939e-12	525	0.483	1	NA	0.9106	1.75	true	S153	0.2738	retained	retained	Ser25 S153 retained
A0AAU2GW02	294	1	2.218e-12	524	0.453	1.008	NA	0.9144	1.597	true	S25	0.3098	retained	retained	Ser25 S25 retained
A0A2W2MK05	295	1	4.665e-12	524	0.46	0.9746	NA	0.9117	1.635	true	S25	0.3909	retained	retained	Ser25 S25 retained
E0QMG7	296	1	8.264e-12	523	0.426	0.9746	NA	0.9052	1.662	true	S26	0.3197	retained	retained	Ser25 S26 retained
A0A260RE55	297	1	4.665e-12	523	0.482	0.9661	NA	0.9104	1.799	true	S25	0.2715	retained	retained	Ser25 S25 retained
A0A3N4Z4J4	298	1	5.864e-12	523	0.456	0.9661	NA	0.915	1.808	true	S37	0.2429	retained	retained	Ser25 S37 retained
A0A1G1JD21	299	1	7.371e-12	522	0.426	0.9746	NA	0.8981	1.797	true	S25	0.1941	retained	retained	Ser25 S25 retained
A0A558AYC4	300	1	5.538e-12	522	0.473	0.9661	NA	0.9064	1.875	true	S25	0.3494	retained	retained	Ser25 S25 retained
A0A1V1WWC0	301	1	4.406e-12	522	0.421	0.9661	NA	0.9039	1.906	true	S25	0.7125	retained	retained	Ser25 S25 retained
A0A3M1VCU8	302	1	3.711e-12	522	0.401	0.9915	NA	0.9072	1.837	true	S25	0.2084	retained	retained	Ser25 S25 retained
A0A3M2IV38	303	1	7.805e-12	522	0.473	0.9661	NA	0.9189	1.772	true	S28	0.3229	retained	retained	Ser25 S28 retained
A0A150XU73	304	1	4.161e-12	521	0.434	0.9746	NA	0.8824	1.676	true	S25	0.2397	retained	retained	Ser25 S25 retained
A0A651GSF1	305	1	2.349e-12	521	0.421	1.025	NA	0.9133	1.684	true	S25	0.1622	retained	retained	Ser25 S25 retained
A0A9Q5C8E1	306	1	5.015e-13	521	0.503	1.161	NA	0.9033	1.963	true	S53	0.3108	retained	retained	Ser25 S53 retained
A0A7V4E529	307	1	6.209e-12	520	0.445	0.9322	NA	0.8633	1.705	true	S25	0.2566	retained	retained	Ser25 S25 retained
A0A1Y5DT59	308	1	5.538e-12	520	0.394	0.9661	NA	0.9019	1.884	true	S25	0.1622	retained	retained	Ser25 S25 retained
A0A7C2EIX1	309	1	7.805e-12	520	0.456	0.9661	NA	0.9138	1.852	true	S25	0.2613	retained	retained	Ser25 S25 retained
A0A285R3N2	310	1	4.939e-12	520	0.456	0.9661	NA	0.9104	1.642	true	S25	0.4337	retained	retained	Ser25 S25 retained
A0A2D9FVX4	311	1	7.805e-12	520	0.478	0.9746	NA	0.9098	1.851	true	S25	0.3105	retained	retained	Ser25 S25 retained
A0A225E4I2	312	1	1.667e-12	520	0.446	1.025	NA	0.9028	1.991	true	S25	0.2692	retained	retained	Ser25 S25 retained
A0A098SAP8	313	1	5.538e-12	519	0.443	0.9746	NA	0.8902	1.963	true	S25	0.3282	retained	retained	Ser25 S25 retained
A0A1G6K3C1	314	1	7.805e-12	519	0.482	0.9661	NA	0.9149	1.784	true	S25	0.3722	retained	retained	Ser25 S25 retained
A0A549SXJ8	315	1	5.23e-12	519	0.443	0.9746	NA	0.9083	1.617	true	S25	0.2333	retained	retained	Ser25 S25 retained
N2BLS0	316	1	8.264e-12	519	0.417	0.9746	NA	0.9081	1.995	true	S49	0.1746	retained	retained	Ser25 S49 retained
A0A7X9P9Q1	317	1	5.538e-12	519	0.469	0.9746	NA	0.8994	1.742	true	S25	0.2828	retained	retained	Ser25 S25 retained
M5RNP5	318	1	5.538e-12	519	0.412	0.9661	NA	0.906	1.746	true	S28	0.3041	retained	retained	Ser25 S28 retained
A0A949F4W0	319	1	6.574e-12	518	0.381	1	NA	0.9035	1.678	true	S25	0.5849	retained	retained	Ser25 S25 retained
A0A6H1U350	320	1	7.371e-12	518	0.46	0.9746	NA	0.9107	1.859	true	S25	0.2176	retained	retained	Ser25 S25 retained
A0A1Q7WYQ2	321	1	5.23e-12	518	0.422	0.9831	NA	0.9061	1.846	true	S25	0.6198	retained	retained	Ser25 S25 retained
A0A2V5SZB7	322	1	8.75e-12	518	0.403	0.9661	NA	0.9108	1.806	true	S25	0.1575	retained	retained	Ser25 S25 retained
A0A0M2TYX0	323	1	6.961e-12	517	0.379	0.9831	NA	0.9008	1.716	true	S25	0.2472	retained	retained	Ser25 S25 retained
A0A6I4MGS0	324	1	8.264e-12	517	0.447	0.9661	NA	0.9103	1.8	true	S25	0.2477	retained	retained	Ser25 S25 retained
A0A3D8IPM7	325	1	9.811e-12	517	0.405	0.9831	NA	0.9153	1.896	true	S56	0.2214	retained	retained	Ser25 S56 retained
K9EXG1	326	1	4.161e-12	517	0.504	1.008	NA	0.9164	1.609	true	S37	0.6133	retained	retained	Ser25 S37 retained
A0A1H9IPB2	327	1	1.055e-12	517	0.478	1.169	NA	0.909	1.884	true	S46	0.4232	retained	retained	Ser25 S46 retained
C3J8F4	328	1	7.805e-12	516	0.467	0.9237	NA	0.8943	1.784	true	S25	0.3304	retained	retained	Ser25 S25 retained
A0A0R2XIQ5	329	1	9.811e-12	516	0.469	0.9576	NA	0.9167	1.75	true	S25	0.355	retained	retained	Ser25 S25 retained
A0A2V5PTA0	330	1	9.265e-12	516	0.405	0.9831	NA	0.914	1.885	true	S25	0.2459	retained	retained	Ser25 S25 retained
A0A1Q5N6A2	331	1	8.75e-12	516	0.477	0.9576	NA	0.9166	1.572	true	S25	0.3446	retained	retained	Ser25 S25 retained
A0A0M8VFU3	332	1	8.264e-12	516	0.5	0.9661	NA	0.9107	1.623	true	S39	0.3351	retained	retained	Ser25 S39 retained
A0A7X6QBE4	333	1	6.961e-12	515	0.504	0.9068	NA	0.8444	1.538	true	S25	0.4702	retained	retained	Ser25 S25 retained
A0A2S8FIZ3	334	1	5.864e-12	515	0.464	0.9661	NA	0.8933	1.993	true	S25	0.1847	retained	retained	Ser25 S25 retained
A0A419V2R9	335	1	3.126e-12	515	0.429	1.025	NA	0.9132	1.662	true	S25	0.2364	retained	retained	Ser25 S25 retained
A0A523DTG8	336	1	5.864e-12	515	0.4	0.9746	NA	0.9047	1.829	true	S25	0.4319	retained	retained	Ser25 S25 retained
F6FTX9	337	1	1.165e-11	515	0.473	0.9661	NA	0.9186	1.569	true	S50	0.5371	retained	retained	Ser25 S50 retained
A0A934EA90	338	1	1.039e-11	514	0.482	0.9661	NA	0.8882	1.79	true	S21	0.114	retained	retained	Ser25 S21 retained
A0A7C6I1A2	339	1	9.265e-12	514	0.448	0.9831	NA	0.912	1.847	true	S25	0.2732	retained	retained	Ser25 S25 retained
A0A3M0I607	340	1	3.505e-12	514	0.45	1.017	NA	0.903	1.824	true	S25	0.394	retained	retained	Ser25 S25 retained
A0A3C0MWW1	341	1	1.1e-11	513	0.443	0.9746	NA	0.898	1.615	true	S25	0.2766	retained	retained	Ser25 S25 retained
A0A6J4L8K6	342	1	5.864e-12	513	0.418	0.9915	NA	0.8981	1.763	true	S25	0.3626	retained	retained	Ser25 S25 retained
A0A7V9F784	343	1	4.665e-12	513	0.475	1.017	NA	0.9133	1.593	true	S25	0.1418	retained	retained	Ser25 S25 retained
A0A1I5XEG1	344	1	4.939e-12	513	0.429	1.025	NA	0.9119	1.681	true	S25	0.1717	retained	retained	Ser25 S25 retained
A0A2W4M4Q8	345	1	1.326e-12	512	0.504	1.042	NA	0.8939	2.009	true	S25	0.3255	retained	retained	Ser25 S25 retained
A0A849EWF6	346	1	1.233e-11	512	0.426	0.9746	NA	0.9134	1.594	true	S25	0.3455	retained	retained	Ser25 S25 retained
A0A1X4G7W3	347	1	8.75e-12	512	0.408	0.9746	NA	0.902	1.887	true	S25	0.225	retained	retained	Ser25 S25 retained
A0A255R2I3	348	1	7.805e-12	512	0.477	0.9576	NA	0.9065	1.929	true	S28	0.2613	retained	retained	Ser25 S28 retained
A0A3M2LT85	349	1	5.538e-12	512	0.436	1.008	NA	0.914	1.592	true	S25	0.2802	retained	retained	Ser25 S25 retained
A0A0M9UKZ0	350	1	4.406e-12	512	0.425	1.017	NA	0.9115	1.8	true	S434	0.3581	retained	retained	Ser25 S434 retained
A0A3D5VB91	351	1	6.961e-12	511	0.4	1.017	NA	0.9045	1.958	true	S25	0.2374	retained	retained	Ser25 S25 retained
A0A9D5MXF9	352	1	1.233e-11	511	0.405	0.9831	NA	0.9125	1.839	true	S25	0.2465	retained	retained	Ser25 S25 retained
A0A318CLZ0	353	1	8.264e-12	511	0.408	0.9746	NA	0.9019	1.864	true	S25	0.2253	retained	retained	Ser25 S25 retained
R7LDU8	354	1	1.039e-11	510	0.482	0.9661	NA	0.8871	1.746	true	S25	0.2844	retained	retained	Ser25 S25 retained
A0A942M6E3	355	1	1.1e-11	510	0.391	0.9746	NA	0.9074	1.82	true	S25	0.177	retained	retained	Ser25 S25 retained
A0A428ZD98	356	1	1.039e-11	510	0.4	0.9746	NA	0.913	1.611	true	S25	0.5371	retained	retained	Ser25 S25 retained
A0A842HEX0	357	1	6.961e-12	510	0.416	1.017	NA	0.9093	1.925	true	S25	0.3077	retained	retained	Ser25 S25 retained
A0AAU3S8P6	358	1	9.811e-12	510	0.456	0.9661	NA	0.9079	1.632	true	S25	0.2968	retained	retained	Ser25 S25 retained
A0A533BAN5	359	1	9.811e-12	510	0.456	0.9661	NA	0.9022	1.984	true	S54	0.5115	retained	retained	Ser25 S54 retained
A0A1Q5PLE0	360	1	1.383e-11	510	0.5	0.9661	NA	0.913	1.624	true	S36	0.29	retained	retained	Ser25 S36 retained
A0A418QRS3	361	1	9.265e-12	509	0.486	0.9746	NA	0.8815	1.664	true	S25	0.2437	retained	retained	Ser25 S25 retained
A0A7C5JN15	362	1	7.805e-12	509	0.418	0.9915	NA	0.8998	1.614	true	S25	0.3977	retained	retained	Ser25 S25 retained
A0A2T2RFF5	363	1	1.233e-11	509	0.4	0.9746	NA	0.9144	1.755	true	S25	0.296	retained	retained	Ser25 S25 retained
A0A938MSP0	364	1	4.406e-12	509	0.429	1.025	NA	0.912	1.904	true	S25	0.2506	retained	retained	Ser25 S25 retained
A0A0U3WJ99	365	1	1.039e-11	509	0.482	0.9661	NA	0.8955	1.983	true	S25	0.4293	retained	retained	Ser25 S25 retained
A0A0C5BI73	366	1	1.641e-11	509	0.456	0.9661	NA	0.9169	1.578	true	S25	0.2272	retained	retained	Ser25 S25 retained
A0A4P6JX98	367	1	4.665e-12	509	0.483	1.017	NA	0.9013	1.994	true	S25	0.2116	retained	retained	Ser25 S25 retained
A0A0P0EHW8	368	1	1.1e-11	509	0.438	0.9661	NA	0.9071	1.831	true	S25	0.3091	retained	retained	Ser25 S25 retained
A0A3N4ZIP1	369	1	1.306e-11	509	0.447	0.9661	NA	0.9143	1.595	true	S55	0.3612	retained	retained	Ser25 S55 retained
A0A662QSS7	370	1	1.165e-11	509	0.373	0.9746	NA	0.9023	1.726	true	S282	0.3024	retained	retained	Ser25 S282 retained
A0A315ZA47	371	1	1.039e-11	508	0.473	0.9492	NA	0.8798	1.604	true	S25	0.4708	retained	retained	Ser25 S25 retained
A0A6N6PKH6	372	1	1.464e-11	508	0.422	0.9831	NA	0.9134	1.845	true	S25	0.1382	retained	retained	Ser25 S25 retained
A0A1H2URW2	373	1	1.738e-11	508	0.4	0.9746	NA	0.9147	1.836	true	S25	0.197	retained	retained	Ser25 S25 retained
A0A2M9CVY8	374	1	1.306e-11	508	0.464	0.9492	NA	0.8836	1.575	true	S57	0.2709	retained	retained	Ser25 S57 retained
A0A2W4QF61	375	1	2.349e-12	507	0.495	0.9746	NA	0.8441	2.059	true	S25	0.358	retained	retained	Ser25 S25 retained
G1VAF6	376	1	1.1e-11	507	0.469	0.9576	NA	0.8806	1.805	true	S25	0.315	retained	retained	Ser25 S25 retained
A0A2G9XZG5	377	1	1.738e-11	507	0.365	0.9746	NA	0.9146	1.87	true	S25	0.519	retained	retained	Ser25 S25 retained
A0A2E9KL34	378	1	1.1e-11	507	0.389	1	NA	0.9137	1.732	true	S27	0.2235	retained	retained	Ser25 S27 retained
A0A1G3BFU1	379	1	1.039e-11	507	0.384	0.9915	NA	0.9026	1.966	true	S25	0.2311	retained	retained	Ser25 S25 retained
A0A1J5D0Y8	380	1	1.306e-11	507	0.477	0.9576	NA	0.9017	1.977	true	S24	0.2644	retained	retained	Ser25 S24 retained
A0A5M6CXU7	381	1	1.306e-11	507	0.398	0.9576	NA	0.9069	1.731	true	S28	0.3118	retained	retained	Ser25 S28 retained
A0A2N2UYE0	382	1	1.039e-11	507	0.429	0.9661	NA	0.899	1.81	true	S26	1.224	retained	retained	Ser25 S26 retained
A0A258QK37	383	1	6.961e-12	506	0.561	0.8898	NA	0.8338	1.545	true	S25	0.6048	retained	retained	Ser25 S25 retained
I9IB76	384	1	1.039e-11	506	0.431	0.9831	NA	0.8883	1.885	true	S25	0.2056	retained	retained	Ser25 S25 retained
A0A7X8VQB3	385	1	2.063e-11	506	0.432	1	NA	0.9099	1.726	true	S25	0.2599	retained	retained	Ser25 S25 retained
A0A3E0Q5P5	386	1	1.55e-11	506	0.403	0.9661	NA	0.9001	1.977	true	S25	0.3103	retained	retained	Ser25 S25 retained
A0A3N9NQ12	387	1	1.383e-11	506	0.426	0.9746	NA	0.9058	1.921	true	S25	0.3773	retained	retained	Ser25 S25 retained
A0A960SBA0	388	1	1.039e-11	506	0.495	0.9746	NA	0.8947	1.953	true	S25	0.2767	retained	retained	Ser25 S25 retained
A0A0D6KLJ1	389	1	1.039e-11	506	0.394	0.9661	NA	0.8979	1.956	true	S40	0.1742	retained	retained	Ser25 S40 retained
S3Z4T0	390	1	6.574e-12	506	0.441	1.017	NA	0.9085	1.673	true	S35	0.172	retained	retained	Ser25 S35 retained
A0A9W6GF18	391	1	1.55e-11	505	0.429	0.9661	NA	0.9082	1.915	true	S25	0.3491	retained	retained	Ser25 S25 retained
A0A1B1T9L2	392	1	1.464e-11	505	0.431	0.9831	NA	0.9055	1.801	true	S40	0.2526	retained	retained	Ser25 S40 retained
A0A1Q8L1V2	393	1	6.961e-12	505	0.416	1.017	NA	0.9158	1.753	true	S35	0.3049	retained	retained	Ser25 S35 retained
C6HUX1	394	1	1.1e-11	505	0.426	0.9746	NA	0.9002	1.971	true	S25	0.2383	retained	retained	Ser25 S25 retained
A0A8J2UC05	395	1	1.55e-11	504	0.433	0.9576	NA	0.8809	1.586	true	S25	0.3808	retained	retained	Ser25 S25 retained
A0A4Q3RNP5	396	1	1.738e-11	504	0.415	0.9576	NA	0.8811	1.596	true	S25	0.2206	retained	retained	Ser25 S25 retained
A0A496DU89	397	1	1.1e-11	504	0.464	0.9492	NA	0.8832	1.64	true	S25	0.2279	retained	retained	Ser25 S25 retained
A0A353ZNX8	398	1	1.306e-11	504	0.504	0.9407	NA	0.8802	1.678	true	S21	0.2718	retained	retained	Ser25 S21 retained
A0A928H5D3	399	1	1.949e-11	504	0.386	1.008	NA	0.9144	1.852	true	S25	0.4719	retained	retained	Ser25 S25 retained
A0A2E7SRQ1	400	1	1.84e-11	504	0.391	0.9746	NA	0.9093	1.923	true	S25	0.7461	retained	retained	Ser25 S25 retained
A0A2A2R618	401	1	2.063e-11	504	0.377	0.9661	NA	0.9118	1.929	true	S26	0.1864	retained	retained	Ser25 S26 retained
A0A1I1VYI3	402	1	9.811e-12	503	0.464	0.9661	NA	0.8785	2.103	true	S25	0.5433	retained	retained	Ser25 S25 retained
A0A9E8LW15	403	1	5.538e-12	503	0.433	1.017	NA	0.9065	1.925	true	S25	0.1956	retained	retained	Ser25 S25 retained
A0A0W1ADM3	404	1	6.574e-12	503	0.38	1.025	NA	0.9074	1.718	true	S47	0.2741	retained	retained	Ser25 S47 retained
A0A2M9CE83	405	1	2.185e-11	503	0.464	0.9661	NA	0.9153	1.613	true	S36	0.3405	retained	retained	Ser25 S36 retained
C4RE22	406	1	1.464e-11	503	0.523	0.9068	NA	0.8698	2.149	true	S25	0.205	retained	retained	Ser25 S25 retained
A0A1X9SU23	407	1	1.55e-11	502	0.391	0.9746	NA	0.8835	1.837	true	S25	0.131	retained	retained	Ser25 S25 retained
A0A2T0Y4M6	408	1	2.594e-11	502	0.447	0.9661	NA	0.9204	1.771	true	S50	0.4227	retained	retained	Ser25 S50 retained
A0A928H133	409	1	2.908e-11	502	0.438	0.9661	NA	0.9095	1.83	true	S82	0.158	retained	retained	Ser25 S82 retained
A0A365XPG3	410	1	1.738e-11	501	0.451	0.9576	NA	0.8807	1.6	true	S25	0.1697	retained	retained	Ser25 S25 retained
A0A9D7TX72	411	1	1.738e-11	501	0.451	0.9576	NA	0.8804	1.598	true	S25	0.2266	retained	retained	Ser25 S25 retained
A0A1F3IW72	412	1	2.063e-11	501	0.371	0.9576	NA	0.891	1.739	true	S25	0.2152	retained	retained	Ser25 S25 retained
A0A842X7V7	413	1	1.641e-11	501	0.384	0.9915	NA	0.8942	1.786	true	S25	0.2191	retained	retained	Ser25 S25 retained
A0A6N2D468	414	1	1.55e-11	501	0.443	0.9746	NA	0.888	1.963	true	S25	0.4149	retained	retained	Ser25 S25 retained
A0A2T0WXI5	415	1	1.383e-11	501	0.428	0.9492	NA	0.8833	1.64	true	S25	0.3149	retained	retained	Ser25 S25 retained
A0A3R6PA64	416	1	1.464e-11	501	0.482	0.9492	NA	0.8853	1.836	true	S25	0.2137	retained	retained	Ser25 S25 retained
A0A7Y5H849	417	1	3.079e-11	501	0.447	0.9661	NA	0.9137	1.852	true	S25	0.2374	retained	retained	Ser25 S25 retained
A0A9X7JV14	418	1	2.185e-11	501	0.447	0.9661	NA	0.9081	1.75	true	S25	0.1998	retained	retained	Ser25 S25 retained
X0V6G8	419	1	2.185e-11	501	0.473	0.9661	NA	0.9057	1.887	true	S24	0.3775	retained	retained	Ser25 S24 retained
A0A497XMZ5	420	1	4.939e-12	501	0.421	1.025	NA	0.902	1.919	true	S25	0.3832	retained	retained	Ser25 S25 retained
A0A4Q5UMG3	421	1	2.185e-11	500	0.433	0.9576	NA	0.8817	1.798	true	S25	0.2782	retained	retained	Ser25 S25 retained
A0A918UVB6	422	1	1.949e-11	500	0.477	0.9576	NA	0.8861	1.778	true	S25	0.3515	retained	retained	Ser25 S25 retained
A0A977Q0Q4	423	1	1.641e-11	500	0.434	0.9746	NA	0.8823	1.867	true	S25	0.4305	retained	retained	Ser25 S25 retained
A0A1Z9QCS8	424	1	5.538e-12	500	0.433	1.017	NA	0.8985	1.784	true	S25	0.2108	retained	retained	Ser25 S25 retained
A0A7X8BY49	425	1	5.864e-12	500	0.404	1.025	NA	0.9026	1.909	true	S25	0.5633	retained	retained	Ser25 S25 retained
A0A2E8G983	426	1	2.185e-11	500	0.394	0.9661	NA	0.9108	1.901	true	S25	0.5865	retained	retained	Ser25 S25 retained
A0A7W5E034	427	1	1.738e-11	500	0.415	1	NA	0.9082	1.706	true	S30	0.2856	retained	retained	Ser25 S30 retained
A0A919G326	428	1	2.594e-11	500	0.447	0.9661	NA	0.9178	1.771	true	S40	0.4162	retained	retained	Ser25 S40 retained
A0A932VS50	429	1	2.449e-11	499	0.417	0.9746	NA	0.9082	1.731	true	S25	0.2003	retained	retained	Ser25 S25 retained
A0A9E5EV37	430	1	3.31e-12	499	0.462	1.025	NA	0.8767	2.13	true	S26	0.2426	retained	retained	Ser25 S26 retained
A0A849X2D0	431	1	1.1e-11	499	0.482	0.9661	NA	0.8823	1.851	true	S25	0.3173	retained	retained	Ser25 S25 retained
A0A935NHF0	432	1	9.265e-12	499	0.422	0.9831	NA	0.8892	1.773	true	S25	0.3066	retained	retained	Ser25 S25 retained
A0A5B9WDG0	433	1	1.383e-11	499	0.423	1	NA	0.8973	1.742	true	S25	0.2643	retained	retained	Ser25 S25 retained
A0A124F944	434	1	1.383e-11	498	0.422	0.9831	NA	0.8883	1.955	true	S25	0.1257	retained	retained	Ser25 S25 retained
A0A9D7HAW3	435	1	1.306e-11	498	0.455	0.9492	NA	0.8777	1.856	true	S25	0.2548	retained	retained	Ser25 S25 retained
A0A061NWM3	436	1	7.371e-12	498	0.413	1.025	NA	0.9105	1.673	true	S52	0.3232	retained	retained	Ser25 S52 retained
A0A2N3G2G7	437	1	3.26e-11	498	0.412	0.9661	NA	0.9204	1.742	true	S30	0.2565	retained	retained	Ser25 S30 retained
A0A1U7CTG5	438	1	2.185e-11	497	0.377	0.9661	NA	0.9037	1.724	true	S25	0.184	retained	retained	Ser25 S25 retained
C4FQU1	439	1	9.811e-12	497	0.438	1.025	NA	0.9109	1.877	true	S43	0.2323	retained	retained	Ser25 S43 retained
A0A951LHV7	440	1	1.233e-11	497	0.416	1.017	NA	0.9158	1.777	true	S25	0.2199	retained	retained	Ser25 S25 retained
A0A1M5SPQ3	441	1	2.313e-11	497	0.456	0.9661	NA	0.8959	2.001	true	S41	0.2933	retained	retained	Ser25 S41 retained
A0A2W4LL78	442	1	3.079e-11	497	0.447	0.9661	NA	0.9183	1.773	true	S30	0.2385	retained	retained	Ser25 S30 retained
A0A970MZ88	443	1	1.383e-11	496	0.438	0.9661	NA	0.8736	1.96	true	S28	0.1742	retained	retained	Ser25 S28 retained
A0A961H681	444	1	2.313e-11	496	0.464	0.9661	NA	0.9048	1.934	true	S25	0.09004	retained	retained	Ser25 S25 retained
A0A0W0ZMK7	445	1	8.75e-12	496	0.388	1.025	NA	0.9084	1.717	true	S25	0.2468	retained	retained	Ser25 S25 retained
A0A7Y9LDU8	446	1	2.185e-11	496	0.481	0.9322	NA	0.8867	1.743	true	S21	0.1472	retained	retained	Ser25 S21 retained
A0A1Z4GM18	447	1	2.449e-11	496	0.408	0.9746	NA	0.904	1.918	true	S66	0.206	retained	retained	Ser25 S66 retained
A0A959LKS3	448	1	2.449e-11	495	0.451	0.9576	NA	0.8797	1.814	true	S25	0.408	retained	retained	Ser25 S25 retained
A0A916HDU2	449	1	2.313e-11	495	0.428	0.9492	NA	0.8883	1.61	true	S25	0.4096	retained	retained	Ser25 S25 retained
A0A0L6HV58	450	1	2.449e-11	495	0.431	0.9831	NA	0.9041	1.859	true	S25	0.2484	retained	retained	Ser25 S25 retained
A0A1V4TMN0	451	1	1.383e-11	495	0.422	0.9831	NA	0.8722	1.747	true	S40	0.2307	retained	retained	Ser25 S40 retained
A0A259TW89	452	1	3.655e-11	495	0.447	0.9661	NA	0.91	1.644	true	S25	0.4818	retained	retained	Ser25 S25 retained
A0A965R6I9	453	1	2.746e-11	494	0.437	0.9492	NA	0.8832	1.755	true	S25	0.09323	retained	retained	Ser25 S25 retained
A0A940F783	454	1	2.449e-11	494	0.46	0.9746	NA	0.9059	1.835	true	S25	0.217	retained	retained	Ser25 S25 retained
A0A3M1Q2L7	455	1	2.063e-11	494	0.449	1	NA	0.8992	1.814	true	S25	0.3051	retained	retained	Ser25 S25 retained
L1MGV7	456	1	2.063e-11	494	0.417	0.9746	NA	0.8863	1.839	true	S43	0.1823	retained	retained	Ser25 S43 retained
A0A535HQI7	457	1	1.55e-11	493	0.415	1	NA	0.8841	1.964	true	S25	0.1533	retained	retained	Ser25 S25 retained
A0A0R3KU37	458	1	2.594e-11	493	0.426	0.9746	NA	0.8928	1.695	true	S25	0.3941	retained	retained	Ser25 S25 retained
W7WN84	459	1	2.313e-11	493	0.542	0.9068	NA	0.8723	1.809	true	S25	0.5669	retained	retained	Ser25 S25 retained
A0A1Z4NKA2	460	1	3.26e-11	493	0.412	0.9661	NA	0.9053	1.91	true	S56	0.2137	retained	retained	Ser25 S56 retained
A0A840H066	461	1	2.449e-11	492	0.45	0.9407	NA	0.8736	1.769	true	S20	0.4114	retained	retained	Ser25 S20 retained
A0A960TEY8	462	1	1.464e-11	492	0.372	1	NA	0.8872	1.937	true	S25	0.3899	retained	retained	Ser25 S25 retained
A0A536E0K5	463	1	2.185e-11	492	0.439	0.9831	NA	0.8909	1.887	true	S24	0.1802	retained	retained	Ser25 S24 retained
A0A0C5W6H2	464	1	2.313e-11	491	0.41	0.9492	NA	0.8809	1.891	true	S25	0.212	retained	retained	Ser25 S25 retained
A0A1D7YUK6	465	1	3.452e-11	491	0.391	0.9746	NA	0.909	1.939	true	S25	0.2711	retained	retained	Ser25 S25 retained
A0A9E6W6B2	466	1	2.594e-11	491	0.344	1.008	NA	0.904	1.971	true	S27	0.2615	retained	retained	Ser25 S27 retained
A0A3M1GEH5	467	1	2.449e-11	491	0.508	0.9831	NA	0.9012	1.919	true	S25	0.4324	retained	retained	Ser25 S25 retained
A0A7X0GHH8	468	1	2.746e-11	491	0.509	0.9322	NA	0.8837	1.794	true	S21	0.5462	retained	retained	Ser25 S21 retained
A0A960FLK5	469	1	1.738e-11	491	0.382	0.9746	NA	0.8859	1.851	true	S25	0.3992	retained	retained	Ser25 S25 retained
A0AAE3KLZ9	470	1	1.55e-11	491	0.408	1.017	NA	0.9083	1.661	true	S25	0.3843	retained	retained	Ser25 S25 retained
A0A163RG25	471	1	3.87e-11	491	0.5	0.9661	NA	0.9118	1.856	true	S381	0.7133	retained	retained	Ser25 S381 retained
A0A2N5ZMM5	472	1	3.26e-11	490	0.472	0.9322	NA	0.8776	1.739	true	S21	0.5566	retained	retained	Ser25 S21 retained
A0A1G6YAK4	473	1	3.655e-11	490	0.442	0.9576	NA	0.8812	1.603	true	S25	0.4546	retained	retained	Ser25 S25 retained
A0A9D8BMJ1	474	1	3.87e-11	490	0.339	0.9746	NA	0.8931	1.644	true	S25	0.1506	retained	retained	Ser25 S25 retained
A0A7Z9WGJ3	475	1	3.079e-11	490	0.377	0.9661	NA	0.904	1.9	true	S25	0.6606	retained	retained	Ser25 S25 retained
A0A2H5WAN0	476	1	4.594e-11	490	0.412	0.9661	NA	0.9055	1.961	true	S25	0.3382	retained	retained	Ser25 S25 retained
A0A7C1YBG8	477	1	1.641e-11	490	0.406	1	NA	0.8999	1.915	true	S25	0.2584	retained	retained	Ser25 S25 retained
A0A0J1BIE2	478	1	2.908e-11	490	0.401	0.9915	NA	0.9033	1.739	true	S28	0.2636	retained	retained	Ser25 S28 retained
A0A519TDA2	479	1	3.452e-11	489	0.46	0.9746	NA	0.8845	1.648	true	S25	0.3303	retained	retained	Ser25 S25 retained
A0A7Y3EQG1	480	1	2.746e-11	489	0.455	0.9492	NA	0.8818	1.868	true	S25	0.1938	retained	retained	Ser25 S25 retained
A0A7X7G3F8	481	1	1.84e-11	489	0.371	1.025	NA	0.9101	1.945	true	S25	0.1672	retained	retained	Ser25 S25 retained
A0A1H7J4K3	482	1	1.55e-11	489	0.391	1.017	NA	0.8995	1.845	true	S25	0.3833	retained	retained	Ser25 S25 retained
A0A956QNH2	483	1	4.865e-11	489	0.426	0.9746	NA	0.9096	1.917	true	S25	0.1502	retained	retained	Ser25 S25 retained
A0A2R7QIN7	484	1	3.26e-11	489	0.5	0.9322	NA	0.8829	1.598	true	S21	0.4081	retained	retained	Ser25 S21 retained
A0A4P5QU08	485	1	1.55e-11	489	0.413	1.025	NA	0.9122	1.849	true	S37	0.3715	retained	retained	Ser25 S37 retained
A0A5B9QKW6	486	1	2.908e-11	489	0.364	1	NA	0.9067	1.898	true	S26	0.3464	retained	retained	Ser25 S26 retained
A0A6P0VTE4	487	1	2.313e-11	489	0.431	0.9237	NA	0.8841	1.995	true	S25	0.2072	retained	retained	Ser25 S25 retained
A0A7G5XBI5	488	1	3.87e-11	488	0.442	0.9576	NA	0.8781	1.604	true	S25	0.1924	retained	retained	Ser25 S25 retained
A0A1B9E085	489	1	3.655e-11	488	0.439	0.9831	NA	0.8808	1.687	true	S25	0.2535	retained	retained	Ser25 S25 retained
A0A937JTD3	490	1	3.655e-11	488	0.408	0.9746	NA	0.8971	1.994	true	S25	0.3	retained	retained	Ser25 S25 retained
W7DLT8	491	1	4.339e-11	487	0.449	0.9237	NA	0.8772	2.002	true	S25	0.3271	retained	retained	Ser25 S25 retained
A0A2A2Y2P2	492	1	2.908e-11	487	0.403	1.008	NA	0.9108	1.848	true	S25	0.4252	retained	retained	Ser25 S25 retained
A0A9D6PL82	493	1	4.098e-11	487	0.365	0.9746	NA	0.9053	1.745	true	S25	0.3031	retained	retained	Ser25 S25 retained
A0A2D7KNM5	494	1	4.339e-11	486	0.467	0.9068	NA	0.8546	1.618	true	S25	0.4295	retained	retained	Ser25 S25 retained
A0A3D4CJW0	495	1	3.079e-11	486	0.446	0.9492	NA	0.8763	1.741	true	S25	0.3384	retained	retained	Ser25 S25 retained
A0A537ZCT5	496	1	2.746e-11	486	0.35	0.9915	NA	0.8912	1.798	true	S25	0.3193	retained	retained	Ser25 S25 retained
A0A388PWD8	497	1	1.641e-11	486	0.587	0.822	NA	0.8471	2.316	true	S25	0.7283	retained	retained	Ser25 S25 retained
A0A7V2F6J0	498	1	5.775e-11	486	0.452	0.9746	NA	0.9023	1.974	true	S25	0.2997	retained	retained	Ser25 S25 retained
A0A521GYG4	499	1	5.151e-11	486	0.322	1	NA	0.9107	1.725	true	G25	0.1773	lost	lost	Ser25 G not in expected {S}
A0A9X2ZSP7	500	1	4.339e-11	486	0.44	1	NA	0.8996	1.816	true	S25	0.3982	retained	retained	Ser25 S25 retained
A0A355ITR4	501	1	3.452e-11	485	0.437	0.9492	NA	0.8861	1.835	true	S25	0.7224	retained	retained	Ser25 S25 retained
A0A3D9FXC7	502	1	3.87e-11	485	0.428	0.9492	NA	0.8808	1.675	true	S25	0.2099	retained	retained	Ser25 S25 retained
A6GVV2	503	1	4.098e-11	485	0.431	0.9831	NA	0.8794	1.674	true	S25	0.2892	retained	retained	Ser25 S25 retained
A0A9D2RIF9	504	1	3.26e-11	485	0.473	0.9492	NA	0.8821	1.817	true	S27	0.105	retained	retained	Ser25 S27 retained
A0A8I2G8T0	505	1	4.098e-11	485	0.408	0.9746	NA	0.8922	2.015	true	S25	0.1971	retained	retained	Ser25 S25 retained
A0AA46ADI5	506	1	4.339e-11	485	0.448	0.9831	NA	0.897	1.963	true	S25	0.1895	retained	retained	Ser25 S25 retained
A0A964KSE9	507	1	2.449e-11	485	0.404	1.025	NA	0.9169	1.798	true	S25	0.1493	retained	retained	Ser25 S25 retained
A0A7V1RDY6	508	1	2.746e-11	485	0.391	0.9746	NA	0.8736	1.706	true	S26	0.1499	retained	retained	Ser25 S26 retained
A0A101HTK6	509	1	5.775e-11	485	0.447	0.9661	NA	0.9071	1.722	true	S25	0.1865	retained	retained	Ser25 S25 retained
A0A974SIW7	510	1	4.865e-11	485	0.464	0.9492	NA	0.8912	1.972	true	S24	0.2756	retained	retained	Ser25 S24 retained
A0A2A5FKV0	511	1	2.594e-11	484	0.446	0.9492	NA	0.8717	1.727	true	S25	0.255	retained	retained	Ser25 S25 retained
W8VUN2	512	1	3.87e-11	484	0.464	0.9492	NA	0.8833	1.886	true	S25	0.18	retained	retained	Ser25 S25 retained
A0A3C1G2F2	513	1	4.339e-11	484	0.367	0.9915	NA	0.8997	1.791	true	S25	0.3882	retained	retained	Ser25 S25 retained
A0A660SL37	514	1	2.594e-11	484	0.316	0.9915	NA	0.8852	1.896	true	S25	0.2356	retained	retained	Ser25 S25 retained
D9PML9	515	1	5.151e-11	484	0.481	0.9322	NA	0.8821	1.903	true	S21	0.2436	retained	retained	Ser25 S21 retained
A0A9X1S339	516	1	3.079e-11	484	0.45	1.034	NA	0.8991	1.974	true	S25	0.09198	retained	retained	Ser25 S25 retained
A0A936N915	517	1	2.594e-11	484	0.383	1.017	NA	0.9069	1.825	true	S25	0.1868	retained	retained	Ser25 S25 retained
A0A6B1GIZ6	518	1	1.464e-11	484	0.441	1.017	NA	0.8999	1.951	true	S25	0.3233	retained	retained	Ser25 S25 retained
A0A7C1BBY4	519	1	2.594e-11	483	0.391	0.9746	NA	0.8756	1.826	true	S25	0.7083	retained	retained	Ser25 S25 retained
A0A0D0IV58	520	1	3.26e-11	483	0.46	0.9746	NA	0.8728	1.834	true	S25	0.4093	retained	retained	Ser25 S25 retained
A0A2E6IME0	521	1	3.655e-11	483	0.446	0.9492	NA	0.8791	1.885	true	S25	0.2266	retained	retained	Ser25 S25 retained
A0A1M7MSU4	522	1	5.151e-11	483	0.449	0.9237	NA	0.8874	1.85	true	S25	0.1999	retained	retained	Ser25 S25 retained
A0A662C8E0	523	1	4.098e-11	483	0.419	0.9492	NA	0.8837	1.638	true	S25	0.1385	retained	retained	Ser25 S25 retained
A0A661C7T3	524	1	5.454e-11	483	0.385	0.9661	NA	0.9048	1.943	true	S30	0.4627	retained	retained	Ser25 S30 retained
A0A7H9CHD8	525	1	3.655e-11	482	0.4	0.9746	NA	0.8778	1.765	true	S25	0.2143	retained	retained	Ser25 S25 retained
A0A255TPX1	526	1	3.452e-11	482	0.464	0.9492	NA	0.8722	1.672	true	S25	0.3036	retained	retained	Ser25 S25 retained
A0A7C5P1F6	527	1	2.313e-11	482	0.422	0.9831	NA	0.8832	2.011	true	S25	0.1377	retained	retained	Ser25 S25 retained
A0A3A4PHH0	528	1	5.151e-11	482	0.366	1.017	NA	0.9107	1.866	true	S25	0.3994	retained	retained	Ser25 S25 retained
A0A2P8FF38	529	1	5.454e-11	482	0.438	0.9661	NA	0.8756	1.64	true	S65	0.222	retained	retained	Ser25 S65 retained
A0A4R2AVJ6	530	1	5.454e-11	482	0.398	0.9576	NA	0.8971	1.883	true	S24	0.2276	retained	retained	Ser25 S24 retained
A0A4R6TRF5	531	1	4.865e-11	481	0.431	0.9237	NA	0.8807	1.909	true	S25	0.1407	retained	retained	Ser25 S25 retained
A0A415DSA0	532	1	4.594e-11	481	0.446	0.9492	NA	0.8795	1.679	true	S25	0.1663	retained	retained	Ser25 S25 retained
A0A1H6LNY9	533	1	5.151e-11	481	0.437	0.9492	NA	0.882	1.681	true	S25	0.1764	retained	retained	Ser25 S25 retained
A0A520UJJ6	534	1	4.339e-11	481	0.401	0.9492	NA	0.88	1.902	true	S25	0.3299	retained	retained	Ser25 S25 retained
A0A1H1M1D6	535	1	4.865e-11	481	0.412	0.9237	NA	0.8819	1.87	true	S25	0.1842	retained	retained	Ser25 S25 retained
A0A521YDX2	536	1	3.26e-11	481	0.47	1.008	NA	0.9069	1.788	true	S24	0.2373	retained	retained	Ser25 S24 retained
A0A1M4WK73	537	1	2.185e-11	481	0.438	1.025	NA	0.9033	1.738	true	S25	0.2457	retained	retained	Ser25 S25 retained
A0A7K1TPA7	538	1	1.84e-11	481	0.404	1.025	NA	0.9059	1.842	true	S25	0.2247	retained	retained	Ser25 S25 retained
A0ABC9PYV4	539	1	1.949e-11	481	0.462	1.025	NA	0.9052	1.885	true	S30	0.1919	retained	retained	Ser25 S30 retained
A0A2S5QW78	540	1	2.063e-11	480	0.513	0.9746	NA	0.858	1.586	true	S25	0.3203	retained	retained	Ser25 S25 retained
A0A937XE27	541	1	6.115e-11	480	0.372	1	NA	0.907	1.955	true	S25	0.2009	retained	retained	Ser25 S25 retained
A0A3D9GS15	542	1	2.746e-11	480	0.421	1.025	NA	0.904	1.928	true	S25	0.1909	retained	retained	Ser25 S25 retained
A0A949VKG9	543	1	3.452e-11	480	0.437	0.9492	NA	0.8735	2.037	true	S41	0.2765	retained	retained	Ser25 S41 retained
A0A1N6EMI2	544	1	1.949e-11	480	0.452	0.9915	NA	0.8856	1.552	true	S21	0.2523	retained	retained	Ser25 S21 retained
A0A6J6ERN4	545	1	3.87e-11	480	0.339	0.9746	NA	0.8893	1.82	true	S37	0.3777	retained	retained	Ser25 S37 retained
A0A2M8WSP9	546	1	5.775e-11	480	0.468	0.9407	NA	0.8844	1.784	true	S21	0.1807	retained	retained	Ser25 S21 retained
A0A7X8JKW8	547	1	4.339e-11	479	0.434	0.9746	NA	0.871	1.811	true	S25	0.5116	retained	retained	Ser25 S25 retained
A0A829QPH4	548	1	3.655e-11	479	0.504	0.8898	NA	0.8513	2.012	true	S25	0.2531	retained	retained	Ser25 S25 retained
A0A2D7N8A4	549	1	4.098e-11	479	0.391	0.9746	NA	0.894	2.001	true	S29	0.1735	retained	retained	Ser25 S29 retained
A0A9J6ZH20	550	1	4.098e-11	479	0.421	0.9661	NA	0.884	2.011	true	S25	0.4267	retained	retained	Ser25 S25 retained
A0A2T0YQE6	551	1	2.449e-11	478	0.456	0.9661	NA	0.8638	1.827	true	S20	0.1364	retained	retained	Ser25 S20 retained
A0A8H2LHD1	552	1	6.115e-11	477	0.41	0.9492	NA	0.8806	1.689	true	S25	0.1647	retained	retained	Ser25 S25 retained
S7VB21	553	1	1.949e-11	477	0.449	1	NA	0.8872	1.935	true	S25	0.1182	retained	retained	Ser25 S25 retained
A0A661BE33	554	1	8.139e-11	477	0.417	0.9746	NA	0.896	2.003	true	S25	0.06644	retained	retained	Ser25 S25 retained
A0A3N5YZ53	555	1	6.475e-11	477	0.468	0.9407	NA	0.8749	1.959	true	S21	0.2013	retained	retained	Ser25 S21 retained
A0A3Q9GL83	556	1	9.126e-11	477	0.472	0.9322	NA	0.8846	1.582	true	S21	0.4245	retained	retained	Ser25 S21 retained
A0A7W3Z7J9	557	1	7.26e-11	476	0.473	0.9492	NA	0.8806	1.705	true	S25	0.2462	retained	retained	Ser25 S25 retained
A0A7C8AGW2	558	1	9.126e-11	476	0.391	0.9746	NA	0.9009	1.837	true	S25	0.5041	retained	retained	Ser25 S25 retained
A0A7C5BSN4	559	1	5.454e-11	476	0.447	0.9661	NA	0.874	1.97	true	S54	0.2444	retained	retained	Ser25 S54 retained
A0A845M2D8	560	1	7.26e-11	476	0.451	0.9576	NA	0.8864	1.985	true	S24	0.2802	retained	retained	Ser25 S24 retained
A0A1H6T0Y3	561	1	6.856e-11	475	0.41	0.9492	NA	0.881	1.691	true	S25	0.2484	retained	retained	Ser25 S25 retained
A0A924B295	562	1	7.26e-11	475	0.408	0.9746	NA	0.8814	1.968	true	S25	0.2355	retained	retained	Ser25 S25 retained
A0A1F5VNC4	563	1	5.454e-11	475	0.417	0.9746	NA	0.8867	1.944	true	S25	0.2337	retained	retained	Ser25 S25 retained
A0A1V4QGK1	564	1	1.147e-10	475	0.318	0.9831	NA	0.9101	1.889	true	S182	1.178	retained	retained	Ser25 S182 retained
A0A7W1ILS5	565	1	8.618e-11	474	0.366	0.9492	NA	0.8859	1.736	true	S25	0.2195	retained	retained	Ser25 S25 retained
A0A3N5FUZ5	566	1	3.26e-11	474	0.396	0.9831	NA	0.8723	1.943	true	S25	0.432	retained	retained	Ser25 S25 retained
A0A352ED75	567	1	7.687e-11	474	0.394	0.9237	NA	0.875	1.746	true	S25	0.1747	retained	retained	Ser25 S25 retained
A0A255ZPZ1	568	1	7.687e-11	474	0.428	0.9492	NA	0.8816	1.656	true	S25	0.1942	retained	retained	Ser25 S25 retained
A0A0S4MYF3	569	1	5.454e-11	474	0.404	1.025	NA	0.9102	1.939	true	S27	0.2254	retained	retained	Ser25 S27 retained
A0A6J6I0D9	570	1	8.139e-11	474	0.4	0.9746	NA	0.89	1.834	true	S25	0.3575	retained	retained	Ser25 S25 retained
X0VXQ6	571	1	6.856e-11	474	0.431	0.9831	NA	0.8977	1.956	true	S39	0.2652	retained	retained	Ser25 S39 retained
A0A970XGR3	572	1	1.362e-10	474	0.356	0.9746	NA	0.9143	1.813	true	S25	0.1664	retained	retained	Ser25 S25 retained
A0A5N6MV18	573	1	8.139e-11	474	0.477	0.9407	NA	0.8822	1.799	true	S21	0.3303	retained	retained	Ser25 S21 retained
A0A9D8QZH1	574	1	6.856e-11	473	0.423	0.9407	NA	0.8712	1.908	true	S25	0.2559	retained	retained	Ser25 S25 retained
A0A1F9WY36	575	1	1.215e-10	473	0.356	0.9746	NA	0.9004	1.742	true	S38	0.4349	retained	retained	Ser25 S38 retained
A0AA96J7C2	576	1	8.139e-11	472	0.401	0.9492	NA	0.8827	1.877	true	S25	0.191	retained	retained	Ser25 S25 retained
A0A9D7UGH3	577	1	4.594e-11	472	0.363	1.025	NA	0.9044	1.841	true	S25	0.08405	retained	retained	Ser25 S25 retained
A0A315X8K3	578	1	7.26e-11	472	0.473	0.9661	NA	0.8715	1.939	true	S21	0.3725	retained	retained	Ser25 S21 retained
A0A8K2A172	579	1	4.339e-11	472	0.425	1.017	NA	0.9031	1.901	true	S25	0.285	retained	retained	Ser25 S25 retained
A0A969GD38	580	1	3.452e-11	472	0.414	1.042	NA	0.8988	1.741	true	S25	0.3245	retained	retained	Ser25 S25 retained
A0A9X1R083	581	1	9.663e-11	471	0.449	0.9237	NA	0.8792	1.676	true	S25	0.07668	retained	retained	Ser25 S25 retained
A0A7C1ZKK4	582	1	8.139e-11	471	0.401	0.9492	NA	0.8846	1.717	true	S25	0.3727	retained	retained	Ser25 S25 retained
E3D018	583	1	2.908e-11	471	0.404	1.025	NA	0.8949	1.667	true	S25	0.1988	retained	retained	Ser25 S25 retained
A0A7Y0QQA6	584	1	3.26e-11	471	0.465	0.9831	NA	0.8798	1.631	true	S21	0.3162	retained	retained	Ser25 S21 retained
A0A7W7W9N6	585	1	3.87e-11	471	0.491	0.9831	NA	0.8856	1.594	true	S21	0.2671	retained	retained	Ser25 S21 retained
W8X542	586	1	1.286e-10	471	0.452	0.9746	NA	0.8998	1.985	true	S36	0.2914	retained	retained	Ser25 S36 retained
A0A0H2KKF9	587	1	1.215e-10	471	0.454	0.9322	NA	0.8871	1.755	true	S21	0.3489	retained	retained	Ser25 S21 retained
A0A7C5FRU5	588	1	6.856e-11	471	0.408	0.9746	NA	0.8717	1.928	true	S91	0.2965	retained	retained	Ser25 S91 retained
A0A924D7R2	589	1	1.083e-10	470	0.431	0.9831	NA	0.881	1.67	true	S25	0.1467	retained	retained	Ser25 S25 retained
A0A0S9QMB3	590	1	3.87e-11	470	0.406	1.042	NA	0.9047	1.777	true	S25	0.174	retained	retained	Ser25 S25 retained
A0A418ML21	591	1	6.856e-11	470	0.377	0.9661	NA	0.8811	2.083	true	S25	0.2192	retained	retained	Ser25 S25 retained
A0AAV8UJL5	592	1	6.475e-11	470	0.405	0.9831	NA	0.8901	1.994	true	S31	0.544	retained	retained	Ser25 S31 retained
A0A7X6K7S6	593	1	4.865e-11	470	0.486	0.9746	NA	0.8834	1.602	true	S21	0.4576	retained	retained	Ser25 S21 retained
A0A371PV02	594	1	4.865e-11	470	0.413	1.025	NA	0.9036	1.734	true	S67	0.403	retained	retained	Ser25 S67 retained
A0A376FKL2	595	1	6.961e-12	469	0.736	0.8051	NA	0.711	1.933	true	S25	0.3736	retained	retained	Ser25 S25 retained
A0A4V2AUY5	596	1	1.362e-10	469	0.46	0.9576	NA	0.8781	1.632	true	S25	0.3513	retained	retained	Ser25 S25 retained
A0AAW7D636	597	1	8.618e-11	469	0.417	0.9746	NA	0.8776	1.727	true	S25	0.2129	retained	retained	Ser25 S25 retained
A0A972XY00	598	1	9.663e-11	469	0.41	0.9492	NA	0.8803	1.691	true	S25	0.2987	retained	retained	Ser25 S25 retained
A0A9C8NV91	599	1	5.454e-11	469	0.359	0.9661	NA	0.8855	1.935	true	S25	0.1732	retained	retained	Ser25 S25 retained
A0A965G4N4	600	1	1.215e-10	469	0.37	0.9831	NA	0.8997	1.924	true	S25	0.3828	retained	retained	Ser25 S25 retained
U5D568	601	1	1.812e-10	469	0.385	0.9661	NA	0.9077	1.918	true	S26	0.3543	retained	retained	Ser25 S26 retained
A0A7C1KNV9	602	1	4.865e-11	469	0.381	1	NA	0.8799	1.902	true	S25	0.2121	retained	retained	Ser25 S25 retained
A0A1Z9HM47	603	1	3.452e-11	468	0.454	0.9322	NA	0.8345	1.699	true	S25	0.5759	retained	retained	Ser25 S25 retained
A0A0S7Y3S7	604	1	8.139e-11	468	0.379	0.9831	NA	0.8884	1.909	true	S25	0.2461	retained	retained	Ser25 S25 retained
M1ZCP6	605	1	2.908e-11	468	0.413	1.025	NA	0.8992	2.066	true	S25	0.4403	retained	retained	Ser25 S25 retained
A0AA37SXI5	606	1	1.617e-10	468	0.377	0.9661	NA	0.9082	1.866	true	S25	0.5291	retained	retained	Ser25 S25 retained
A0AAP3SGL9	607	1	1.215e-10	468	0.415	0.9576	NA	0.8912	1.83	true	S25	0.2467	retained	retained	Ser25 S25 retained
A0A3M0WJ04	608	1	4.594e-11	468	0.413	1.025	NA	0.8973	1.977	true	S25	0.2173	retained	retained	Ser25 S25 retained
A0A1L5NR41	609	1	1.023e-10	468	0.424	0.9576	NA	0.8835	2.027	true	S24	0.1706	retained	retained	Ser25 S24 retained
A0A563VWP5	610	1	7.687e-11	468	0.418	0.9915	NA	0.8825	1.939	true	S70	0.2071	retained	retained	Ser25 S70 retained
R5AUE5	611	1	9.663e-11	467	0.509	0.9153	NA	0.8616	1.787	true	S21	0.186	retained	retained	Ser25 S21 retained
A0A9Q4C6Q2	612	1	9.663e-11	467	0.429	0.9661	NA	0.8755	1.962	true	S25	0.3625	retained	retained	Ser25 S25 retained
A0A2E2UG01	613	1	1.083e-10	467	0.387	0.9831	NA	0.8759	1.823	true	S25	0.2269	retained	retained	Ser25 S25 retained
A0A2S1LLX9	614	1	1.215e-10	467	0.401	0.9492	NA	0.8775	1.708	true	S25	0.2069	retained	retained	Ser25 S25 retained
A0A7V2QM04	615	1	5.151e-11	467	0.42	1.008	NA	0.9032	1.845	true	S24	0.3147	retained	retained	Ser25 S24 retained
A0A1V4ZBJ4	616	1	3.26e-11	467	0.393	1.034	NA	0.8726	1.714	true	S45	0.3291	retained	retained	Ser25 S45 retained
A0A6P1DJL9	617	1	1.215e-10	466	0.41	0.9492	NA	0.8764	1.722	true	S25	0.2083	retained	retained	Ser25 S25 retained
A0A444WCZ5	618	1	1.286e-10	466	0.401	0.9492	NA	0.8798	1.694	true	S25	0.2984	retained	retained	Ser25 S25 retained
D1CH98	619	1	9.126e-11	466	0.403	0.9661	NA	0.8877	1.856	true	S25	0.2583	retained	retained	Ser25 S25 retained
A0A7V4AWT1	620	1	1.442e-10	466	0.359	0.9661	NA	0.8985	1.91	true	S25	0.2752	retained	retained	Ser25 S25 retained
A0A0P8A8J1	621	1	1.527e-10	466	0.382	0.9746	NA	0.8984	1.892	true	S25	0.4247	retained	retained	Ser25 S25 retained
A0A3C0PCR4	622	1	9.663e-11	465	0.354	0.9322	NA	0.8499	1.879	true	S25	0.2739	retained	retained	Ser25 S25 retained
A0A349BUT9	623	1	1.215e-10	465	0.375	0.9492	NA	0.8766	1.744	true	S25	0.2046	retained	retained	Ser25 S25 retained
A0A9C9K1R7	624	1	5.151e-11	465	0.353	0.9831	NA	0.865	2.068	true	S25	0.2041	retained	retained	Ser25 S25 retained
A0A938IH16	625	1	9.663e-11	465	0.387	0.9831	NA	0.8753	1.87	true	S25	0.103	retained	retained	Ser25 S25 retained
A0A7T5EHG1	626	1	1.023e-10	465	0.421	0.9661	NA	0.8775	1.931	true	S25	0.4275	retained	retained	Ser25 S25 retained
A0A2T2T171	627	1	1.812e-10	465	0.423	1	NA	0.9014	1.807	true	S25	0.36	retained	retained	Ser25 S25 retained
A0A661C7R5	628	1	1.083e-10	464	0.444	0.9153	NA	0.8485	1.81	true	S19	0.2798	retained	retained	Ser25 S19 retained
A0A1F1DT89	629	1	1.023e-10	464	0.428	0.9492	NA	0.878	1.819	true	S25	0.3178	retained	retained	Ser25 S25 retained
A0A523XLK2	630	1	1.442e-10	464	0.295	0.9746	NA	0.8973	1.967	true	S25	0.191	retained	retained	Ser25 S25 retained
A0A9D5Q1U2	631	1	1.617e-10	464	0.339	0.9746	NA	0.8987	1.909	true	S25	0.4638	retained	retained	Ser25 S25 retained
A0A7V5H501	632	1	1.215e-10	464	0.408	0.9746	NA	0.8921	2.002	true	S25	0.6771	retained	retained	Ser25 S25 retained
A0A1H9HQ76	633	1	9.663e-11	464	0.412	0.9661	NA	0.8763	2.12	true	S25	0.3752	retained	retained	Ser25 S25 retained
A0A529X4L7	634	1	1.712e-10	464	0.442	0.9576	NA	0.891	1.976	true	S24	0.1654	retained	retained	Ser25 S24 retained
A0A174VIF2	635	1	1.617e-10	463	0.451	0.9576	NA	0.8741	1.652	true	S25	0.4005	retained	retained	Ser25 S25 retained
H7EI54	636	1	2.313e-11	463	0.446	1.025	NA	0.881	1.974	true	S25	0.6439	retained	retained	Ser25 S25 retained
A0A962CWD8	637	1	3.452e-11	463	0.413	1.025	NA	0.8889	1.802	true	S25	0.1323	retained	retained	Ser25 S25 retained
A0A6N8HKE3	638	1	1.023e-10	463	0.421	0.9661	NA	0.8702	2.015	true	S25	0.4498	retained	retained	Ser25 S25 retained
A0A1H2B6I1	639	1	9.126e-11	463	0.391	0.9746	NA	0.8746	2.141	true	S25	0.3523	retained	retained	Ser25 S25 retained
A0A5C5ZYP3	640	1	1.527e-10	463	0.436	0.9322	NA	0.8779	1.934	true	S21	0.3547	retained	retained	Ser25 S21 retained
A0A3P8JRM0	641	1	2.908e-11	462	0.855	0.822	NA	0.7744	1.502	true	P4	1.929	lost	lost	Ser25 P not in expected {S}
A0A958FX22	642	1	1.442e-10	462	0.438	0.9661	NA	0.8759	1.752	true	S21	0.2298	retained	retained	Ser25 S21 retained
A0A5N7Z833	643	1	1.812e-10	462	0.401	0.9492	NA	0.8857	1.662	true	S25	0.2123	retained	retained	Ser25 S25 retained
A0A8J4A4F5	644	1	1.617e-10	462	0.389	1	NA	0.8962	1.597	true	S25	0.301	retained	retained	Ser25 S25 retained
A0AAE4A2V6	645	1	1.362e-10	462	0.472	0.9322	NA	0.8702	1.876	true	S21	0.1766	retained	retained	Ser25 S21 retained
A0A7V5SHX6	646	1	1.527e-10	462	0.387	0.9831	NA	0.8998	1.974	true	S25	0.1726	retained	retained	Ser25 S25 retained
A0A1N7PFW6	647	1	5.775e-11	462	0.375	1.017	NA	0.8819	1.799	true	S25	0.3208	retained	retained	Ser25 S25 retained
A0A2J7TEY2	648	1	2.032e-10	462	0.407	0.9576	NA	0.8957	1.881	true	S24	0.274	retained	retained	Ser25 S24 retained
A0A9E2Z7I3	649	1	2.032e-10	462	0.278	0.9746	NA	0.9065	1.695	true	S33	0.2768	retained	retained	Ser25 S33 retained
A0A7C5ADG4	650	1	1.617e-10	462	0.353	0.9576	NA	0.8977	1.945	true	S73	0.3244	retained	retained	Ser25 S73 retained
A0A9E0XDV4	651	1	9.663e-11	461	0.44	1	NA	0.8917	1.963	true	S25	0.1928	retained	retained	Ser25 S25 retained
A0A1F4S5Y7	652	1	1.812e-10	461	0.373	0.9746	NA	0.8943	1.867	true	S25	0.2408	retained	retained	Ser25 S25 retained
A0A920D859	653	1	1.083e-10	461	0.421	0.9661	NA	0.8704	1.996	true	S25	0.3509	retained	retained	Ser25 S25 retained
Q9F5E9	654	1	1.919e-10	461	0.385	0.9661	NA	0.8943	1.938	true	S49	0.1666	retained	retained	Ser25 S49 retained
A0A1W9P678	655	1	1.712e-10	460	0.347	0.9746	NA	0.8846	1.75	true	S25	0.2856	retained	retained	Ser25 S25 retained
A0A950DNW9	656	1	3.032e-10	460	0.359	0.9661	NA	0.9117	1.756	true	S25	0.3028	retained	retained	Ser25 S25 retained
E7G3H7	657	1	1.812e-10	460	0.339	0.9746	NA	0.8907	1.942	true	S44	0.2811	retained	retained	Ser25 S44 retained
A0A968HEG5	658	1	5.775e-11	460	0.396	1.025	NA	0.8917	1.977	true	S25	0.2687	retained	retained	Ser25 S25 retained
A0A644V0S1	659	1	1.712e-10	460	0.379	0.9831	NA	0.893	2.004	true	S59	0.134	retained	retained	Ser25 S59 retained
A0A8J2BI68	660	1	3.4e-10	460	0.368	0.9661	NA	0.911	1.898	true	S88	0.3581	retained	retained	Ser25 S88 retained
A0A1H7TG69	661	1	7.687e-11	460	0.438	1.025	NA	0.8955	1.981	true	S319	0.2265	retained	retained	Ser25 S319 retained
A0A357B544	662	1	2.554e-10	459	0.417	0.9746	NA	0.9002	1.941	true	S24	0.1918	retained	retained	Ser25 S24 retained
A0A2H0PJ18	663	1	1.362e-10	459	0.417	0.9746	NA	0.879	1.868	true	S24	0.257	retained	retained	Ser25 S24 retained
A0A7C5TQ62	664	1	1.527e-10	458	0.42	0.9068	NA	0.8222	1.782	true	S25	0.1537	retained	retained	Ser25 S25 retained
A0A7X7TRJ1	665	1	2.152e-10	458	0.4	0.9746	NA	0.8919	1.925	true	S25	0.3179	retained	retained	Ser25 S25 retained
A0A6I3SNQ9	666	1	6.856e-11	458	0.388	1.025	NA	0.8896	2.007	true	S25	0.2753	retained	retained	Ser25 S25 retained
A0A7C3XQY8	667	1	7.26e-11	458	0.338	1	NA	0.8774	2.122	true	S26	0.2278	retained	retained	Ser25 S26 retained
A0A5C7P8J6	668	1	1.617e-10	458	0.4	0.9746	NA	0.8848	1.849	true	S25	0.2527	retained	retained	Ser25 S25 retained
A0A931K982	669	1	1.215e-10	458	0.358	0.9915	NA	0.8932	1.757	true	S25	0.3126	retained	retained	Ser25 S25 retained
A0A654A8K3	670	1	1.527e-10	457	0.495	0.9237	NA	0.8526	1.752	true	S20	0.3021	retained	retained	Ser25 S20 retained
A0A229P290	671	1	1.286e-10	457	0.391	0.9746	NA	0.8706	2.001	true	S25	0.2979	retained	retained	Ser25 S25 retained
A0A072NGA9	672	1	1.527e-10	457	0.359	0.9661	NA	0.8775	1.958	true	S33	0.5579	retained	retained	Ser25 S33 retained
A0A2D4YUF4	673	1	5.454e-11	456	0.401	0.9492	NA	0.8443	2.152	true	S25	0.2485	retained	retained	Ser25 S25 retained
A0A1G9EKS5	674	1	1.362e-10	456	0.429	0.9661	NA	0.8722	1.97	true	S25	0.4784	retained	retained	Ser25 S25 retained
A0A6P1R1B6	675	1	2.554e-10	456	0.389	0.9576	NA	0.8913	1.916	true	S24	0.2962	retained	retained	Ser25 S24 retained
K1YNK3	676	1	2.412e-10	455	0.342	0.9153	NA	0.8429	1.741	true	S25	1.001	retained	retained	Ser25 S25 retained
A0A7C3B2F9	677	1	2.412e-10	455	0.433	0.9576	NA	0.8875	1.954	true	S24	0.1281	retained	retained	Ser25 S24 retained
A0A351UJ63	678	1	1.812e-10	455	0.427	0.9322	NA	0.8952	1.938	true	S25	0.2833	retained	retained	Ser25 S25 retained
A0A9D8HM18	679	1	4.036e-10	455	0.35	0.9661	NA	0.9105	1.898	true	S25	0.2876	retained	retained	Ser25 S25 retained
A0A4Q1SYL0	680	1	1.712e-10	455	0.385	0.9661	NA	0.8728	1.844	true	S25	0.4833	retained	retained	Ser25 S25 retained
A0A368DF99	681	1	2.152e-10	454	0.366	0.9492	NA	0.869	1.711	true	S25	0.2902	retained	retained	Ser25 S25 retained
A0A3D1ASR5	682	1	1.083e-10	454	0.424	0.9576	NA	0.8609	1.744	true	S24	0.3207	retained	retained	Ser25 S24 retained
A0A9E4Q083	683	1	1.919e-10	454	0.41	0.9492	NA	0.8797	1.736	true	S24	0.1329	retained	retained	Ser25 S24 retained
A0AAU7CPG6	684	1	2.152e-10	454	0.391	0.9746	NA	0.8929	1.761	true	S25	0.2804	retained	retained	Ser25 S25 retained
A0A2W1JIN1	685	1	9.126e-11	454	0.363	1.025	NA	0.8996	1.968	true	S25	0.1814	retained	retained	Ser25 S25 retained
F8IET2	686	1	2.554e-10	454	0.403	0.9661	NA	0.8872	1.991	true	S31	0.1949	retained	retained	Ser25 S31 retained
A0A7C0Z5X2	687	1	2.864e-10	453	0.359	0.9661	NA	0.8821	2.096	true	S25	0.3363	retained	retained	Ser25 S25 retained
A0A7Y3XGE1	688	1	2.152e-10	453	0.445	1.008	NA	0.8957	1.808	true	S25	0.2995	retained	retained	Ser25 S25 retained
A0A9D6INY1	689	1	2.594e-11	453	0.38	1.068	NA	0.8895	2.049	true	S26	0.1586	retained	retained	Ser25 S26 retained
A0A7Y5W8K9	690	1	1.617e-10	453	0.391	1.017	NA	0.9049	1.933	true	S25	0.1505	retained	retained	Ser25 S25 retained
A0A927C5T6	691	1	1.527e-10	453	0.396	0.9831	NA	0.8702	1.94	true	S25	0.5265	retained	retained	Ser25 S25 retained
A0A6L9LVP6	692	1	1.712e-10	453	0.412	0.9661	NA	0.8722	1.98	true	S26	0.1814	retained	retained	Ser25 S26 retained
A0A7R6VKH7	693	1	3.211e-10	452	0.396	0.9407	NA	0.8707	1.934	true	S21	0.2438	retained	retained	Ser25 S21 retained
X1PFY1	694	1	7.687e-11	452	0.411	1.008	NA	0.8805	1.993	true	S24	0.1891	retained	retained	Ser25 S24 retained
A0A0X2NQ61	695	1	7.26e-11	452	0.473	0.9661	NA	0.8576	1.883	true	S20	0.132	retained	retained	Ser25 S20 retained
A0A559K5A7	696	1	2.032e-10	452	0.405	0.9831	NA	0.8758	1.914	true	S25	0.3648	retained	retained	Ser25 S25 retained
A0A972H149	697	1	1.712e-10	452	0.394	0.9661	NA	0.8716	1.932	true	S25	0.5964	retained	retained	Ser25 S25 retained
A0A972ZAP5	698	1	2.278e-10	452	0.347	0.9746	NA	0.8922	1.792	true	S25	0.3812	retained	retained	Ser25 S25 retained
A0A924WHR8	699	1	1.812e-10	452	0.406	1	NA	0.8688	2.028	true	S26	0.2629	retained	retained	Ser25 S26 retained
A0A4P5X5I9	700	1	2.705e-10	452	0.4	0.9746	NA	0.89	1.722	true	S36	0.3159	retained	retained	Ser25 S36 retained
A0A1V4QTS9	701	1	3.6e-10	451	0.321	0.9746	NA	0.8948	2.026	true	S25	0.4647	retained	retained	Ser25 S25 retained
A0A2N5MDP4	702	1	2.032e-10	451	0.385	0.9661	NA	0.8682	2.025	true	S25	0.4028	retained	retained	Ser25 S25 retained
A0A1G6CSF3	703	1	1.712e-10	451	0.359	0.9661	NA	0.8699	2.065	true	S26	0.6721	retained	retained	Ser25 S26 retained
A0A1G0L4B9	704	1	1.286e-10	450	0.371	1.025	NA	0.8968	2.011	true	S25	0.2007	retained	retained	Ser25 S25 retained
A0A916QCM8	705	1	1.919e-10	450	0.365	0.9746	NA	0.8682	2.052	true	S25	0.5147	retained	retained	Ser25 S25 retained
A0A4Q7FFB9	706	1	3.6e-10	450	0.41	0.9492	NA	0.8899	1.958	true	S24	0.101	retained	retained	Ser25 S24 retained
A0A2W6BRS7	707	1	2.554e-10	449	0.387	0.9407	NA	0.8443	1.873	true	S21	0.2704	retained	retained	Ser25 S21 retained
A0A5C8GDJ3	708	1	4.274e-10	448	0.278	0.9746	NA	0.8968	1.697	true	S25	0.3111	retained	retained	Ser25 S25 retained
A0A966CXF3	709	1	3.032e-10	448	0.429	0.9661	NA	0.8765	1.98	true	S26	0.1452	retained	retained	Ser25 S26 retained
A0A2T2WME5	710	1	1.712e-10	448	0.339	0.9746	NA	0.8848	1.924	true	S25	0.2718	retained	retained	Ser25 S25 retained
A0A9D2GU06	711	1	3.032e-10	448	0.355	1	NA	0.8889	2.018	true	S26	0.3478	retained	retained	Ser25 S26 retained
A0A2K9NC13	712	1	3.6e-10	448	0.383	0.9492	NA	0.8852	1.991	true	S24	0.1671	retained	retained	Ser25 S24 retained
A0A971AAW0	713	1	2.864e-10	447	0.367	0.9915	NA	0.8807	1.871	true	S25	0.3222	retained	retained	Ser25 S25 retained
A0A928AJ37	714	1	3.6e-10	447	0.419	0.9492	NA	0.8815	1.791	true	S27	0.5442	retained	retained	Ser25 S27 retained
A0A7C5VXG7	715	1	4.036e-10	447	0.428	0.9492	NA	0.8844	1.988	true	S24	0.332	retained	retained	Ser25 S24 retained
A0AA35TMD8	716	1	2.864e-10	447	0.347	0.9746	NA	0.8711	1.737	true	S37	0.1805	retained	retained	Ser25 S37 retained
A0AAE6BFM7	717	1	4.274e-10	447	0.407	0.9576	NA	0.8831	2.018	true	S24	0.2379	retained	retained	Ser25 S24 retained
A0A9D8DAJ8	718	1	4.525e-10	447	0.421	0.9661	NA	0.9074	1.895	true	S130	0.2996	retained	retained	Ser25 S130 retained
A0A3D6DN83	719	1	1.527e-10	446	0.707	0.7542	NA	0.6957	1.564	true	S25	0.1812	retained	retained	Ser25 S25 retained
A0A357AWL3	720	1	3.812e-10	446	0.389	0.9576	NA	0.8762	1.987	true	S26	0.0942	retained	retained	Ser25 S26 retained
A0A3B8XY89	721	1	1.023e-10	446	0.4	1.017	NA	0.8835	2.04	true	S25	0.6218	retained	retained	Ser25 S25 retained
A0A5C4T051	722	1	2.554e-10	446	0.396	0.9831	NA	0.8725	2.132	true	S25	0.4415	retained	retained	Ser25 S25 retained
A0A1G6GDH8	723	1	4.274e-10	446	0.427	0.9915	NA	0.8926	1.839	true	S26	0.2186	retained	retained	Ser25 S26 retained
A0A8T4FLR3	724	1	2.278e-10	446	0.428	0.9492	NA	0.863	1.972	true	S24	0.1972	retained	retained	Ser25 S24 retained
A0A933UTR5	725	1	5.688e-10	446	0.373	0.9746	NA	0.8984	1.883	true	S57	0.2675	retained	retained	Ser25 S57 retained
A0A1J4SZ19	726	1	3.6e-10	445	0.42	0.9068	NA	0.8402	2.008	true	S25	0.1781	retained	retained	Ser25 S25 retained
A0A2N0LTR9	727	1	2.705e-10	445	0.407	0.9576	NA	0.8677	1.733	true	S24	0.128	retained	retained	Ser25 S24 retained
A0A933B1B6	728	1	5.688e-10	445	0.356	0.9746	NA	0.8997	1.899	true	S25	0.09783	retained	retained	Ser25 S25 retained
A0A7V6B742	729	1	3.211e-10	445	0.385	0.9661	NA	0.8828	1.98	true	S26	0.217	retained	retained	Ser25 S26 retained
A0A6A7L5U3	730	1	3.6e-10	445	0.347	0.9746	NA	0.8696	1.859	true	S26	0.1895	retained	retained	Ser25 S26 retained
A0A7C6JHB0	731	1	4.791e-10	445	0.41	0.9492	NA	0.8865	1.984	true	S24	0.0953	retained	retained	Ser25 S24 retained
X1MT21	732	1	3.4e-10	444	0.407	0.8729	NA	0.7988	1.619	true	S25	0.467	retained	retained	Ser25 S25 retained
A0A2E5G897	733	1	5.073e-10	444	0.383	0.9492	NA	0.8999	1.745	true	S25	0.1445	retained	retained	Ser25 S25 retained
A0A1G4AKD1	734	1	6.753e-10	444	0.391	0.9746	NA	0.896	1.957	true	S25	0.2003	retained	retained	Ser25 S25 retained
A0A3N9MLR6	735	1	4.525e-10	443	0.327	0.9576	NA	0.8863	1.772	true	S25	0.5097	retained	retained	Ser25 S25 retained
A0A6L8V169	736	1	3.812e-10	443	0.396	0.9831	NA	0.8746	1.957	true	S25	0.3856	retained	retained	Ser25 S25 retained
A0A978SZ92	737	1	1.617e-10	443	0.4	1.017	NA	0.8841	1.879	true	S27	0.3646	retained	retained	Ser25 S27 retained
A0A969MXU3	738	1	5.372e-10	442	0.414	0.9407	NA	0.8698	1.94	true	S21	0.2161	retained	retained	Ser25 S21 retained
M1WPY3	739	1	1.442e-10	442	0.408	1.017	NA	0.8815	1.91	true	S29	0.122	retained	retained	Ser25 S29 retained
A0A3A4VEX3	740	1	4.525e-10	442	0.421	0.9661	NA	0.8859	1.999	true	S321	0.6053	retained	retained	Ser25 S321 retained
A0A7Y2G0D0	741	1	1.442e-10	441	0.304	0.9746	NA	0.8385	2.029	true	S25	0.09056	retained	retained	Ser25 S25 retained
E8R2X0	742	1	4.525e-10	441	0.359	0.9661	NA	0.8903	1.795	true	S25	0.2023	retained	retained	Ser25 S25 retained
A0A832PUY8	743	1	3.211e-10	440	0.45	0.9407	NA	0.8569	1.868	true	S21	0.2176	retained	retained	Ser25 S21 retained
B1XKN2	744	1	2.412e-10	440	0.365	0.9746	NA	0.894	2.016	true	S26	0.1879	retained	retained	Ser25 S26 retained
A0A927BV08	745	1	3.6e-10	438	0.377	0.9661	NA	0.8696	1.94	true	S25	0.5618	retained	retained	Ser25 S25 retained
A0A518ES18	746	1	4.036e-10	437	0.368	0.9661	NA	0.8623	1.955	true	S24	0.1877	retained	retained	Ser25 S24 retained
A0A961AAJ9	747	1	9.517e-10	437	0.385	0.9661	NA	0.8944	2.001	true	S25	0.619	retained	retained	Ser25 S25 retained
A0A2W1LE48	748	1	5.688e-10	437	0.37	0.9831	NA	0.8767	1.975	true	S25	0.5884	retained	retained	Ser25 S25 retained
A0A7V3HNY4	749	1	2.152e-10	436	0.353	0.9831	NA	0.8625	1.772	true	S24	0.3776	retained	retained	Ser25 S24 retained
A0A6M0BJ81	750	1	4.791e-10	436	0.378	0.9407	NA	0.8377	1.88	true	S26	0.7001	retained	retained	Ser25 S26 retained
A0A1G2ZFG7	751	1	6.753e-10	436	0.368	0.9661	NA	0.8679	1.711	true	S25	0.3917	retained	retained	Ser25 S25 retained
A0A7W0I4T6	752	1	5.372e-10	436	0.396	0.9831	NA	0.8686	1.998	true	S25	0.3422	retained	retained	Ser25 S25 retained
A0A5C8M1P5	753	1	5.073e-10	436	0.405	0.9831	NA	0.8712	1.958	true	S25	0.3491	retained	retained	Ser25 S25 retained
A0A387G2W6	754	1	8.016e-10	436	0.41	0.9492	NA	0.8821	1.976	true	S24	0.09382	retained	retained	Ser25 S24 retained
A0A831U6D5	755	1	5.073e-10	434	0.466	0.8898	NA	0.8447	1.986	true	S17	0.3524	retained	retained	Ser25 S17 retained
A0A1I3UI47	756	1	8.488e-10	434	0.398	0.9576	NA	0.8859	1.985	true	S24	0.1692	retained	retained	Ser25 S24 retained
A0A3B9N7L2	757	1	6.377e-10	433	0.35	1.017	NA	0.8957	2.039	true	S27	0.5468	retained	retained	Ser25 S27 retained
A3ITB4	758	1	7.15e-10	433	0.376	0.9915	NA	0.8904	1.993	true	S26	0.269	retained	retained	Ser25 S26 retained
B9KA30	759	1	8.016e-10	432	0.359	0.9661	NA	0.8753	1.993	true	S36	0.6559	retained	retained	Ser25 S36 retained
Q55382	760	1	8.488e-10	432	0.356	0.9746	NA	0.8931	2.002	true	S26	0.2221	retained	retained	Ser25 S26 retained
H0HXF5	761	1	1.196e-09	432	0.412	0.9237	NA	0.8688	1.934	true	S20	0.2375	retained	retained	Ser25 S20 retained
A0A1K1LGH8	762	1	7.15e-10	432	0.361	1.008	NA	0.9016	1.961	true	S35	0.05508	retained	retained	Ser25 S35 retained
A0A7Z7YS82	763	1	5.688e-10	431	0.446	0.8729	NA	0.7918	1.831	true	S28	0.1887	retained	retained	Ser25 S28 retained
A0A0Q1ATI6	764	1	7.15e-10	431	0.373	0.9746	NA	0.8764	1.819	true	S25	0.4523	retained	retained	Ser25 S25 retained
A0A1Z8ZQ59	765	1	6.377e-10	431	0.359	0.9661	NA	0.869	1.806	true	S25	0.1308	retained	retained	Ser25 S25 retained
A0AAN1BLP5	766	1	9.517e-10	431	0.41	0.9492	NA	0.8808	1.987	true	S24	0.1462	retained	retained	Ser25 S24 retained
A0A9E5L3M9	767	1	8.488e-10	430	0.375	0.9492	NA	0.8699	1.694	true	S25	0.5883	retained	retained	Ser25 S25 retained
A0A7Y3NQ83	768	1	6.753e-10	430	0.33	0.9746	NA	0.8742	1.928	true	S25	0.7519	retained	retained	Ser25 S25 retained
A0A2G9YC34	769	1	1.13e-09	430	0.339	0.9746	NA	0.8954	1.929	true	S25	0.2403	retained	retained	Ser25 S25 retained
A0A3N5JIY2	770	1	2.001e-09	429	0.347	0.9746	NA	0.9013	1.813	true	S25	0.382	retained	retained	Ser25 S25 retained
A0A075WV36	771	1	2.864e-10	429	0.338	1.025	NA	0.8803	1.971	true	S25	0.2281	retained	retained	Ser25 S25 retained
A0A0E3UJD2	772	1	1.008e-09	429	0.394	0.9661	NA	0.8802	1.886	true	S34	0.1393	retained	retained	Ser25 S34 retained
A0A2E4IX17	773	1	1.008e-09	428	0.401	0.9068	NA	0.8353	1.798	true	S25	0.4918	retained	retained	Ser25 S25 retained
A0A6V8EQN5	774	1	5.688e-10	428	0.4	0.9746	NA	0.8571	2.026	true	S23	0.2767	retained	retained	Ser25 S23 retained
A0A552Q3D0	775	1	4.274e-10	428	0.352	1.008	NA	0.8897	1.952	true	S26	0.1795	retained	retained	Ser25 S26 retained
A0A377PT88	776	1	1.008e-09	428	0.341	1.068	NA	0.8785	2.143	true	S84	0.4252	retained	retained	Ser25 S84 retained
A0A7X7KAP5	777	1	3.6e-10	427	0.461	0.9915	NA	0.8655	1.615	true	S21	0.2244	retained	retained	Ser25 S21 retained
A0A8J2XBT4	778	1	7.15e-10	427	0.377	0.9661	NA	0.8831	2.069	true	S33	0.3459	retained	retained	Ser25 S33 retained
A0A2M8G0J9	779	1	1.592e-09	426	0.373	0.9746	NA	0.8898	2.038	true	S25	0.4052	retained	retained	Ser25 S25 retained
A0A933Y2C7	780	1	4.791e-10	426	0.452	0.9746	NA	0.8671	1.896	true	S24	0.1254	retained	retained	Ser25 S24 retained
A0A843TAS5	781	1	6.023e-10	426	0.403	0.9661	NA	0.8637	1.744	true	S26	0.3592	retained	retained	Ser25 S26 retained
A0A7C3X7I4	782	1	1.592e-09	425	0.427	0.9322	NA	0.8765	1.932	true	S21	0.2397	retained	retained	Ser25 S21 retained
A0A7C7KQF6	783	1	5.688e-10	425	0.442	0.9576	NA	0.863	2.022	true	S25	0.04587	retained	retained	Ser25 S25 retained
A0A7C4G088	784	1	3.211e-10	425	0.361	1.008	NA	0.8794	1.914	true	S25	0.3164	retained	retained	Ser25 S25 retained
A0A6P0MLT0	785	1	6.023e-10	425	0.38	0.9576	NA	0.8848	2.113	true	S26	0.5069	retained	retained	Ser25 S26 retained
A0A9D5KBE0	786	1	6.023e-10	425	0.321	0.9746	NA	0.8549	1.962	true	S78	0.3393	retained	retained	Ser25 S78 retained
A0A917KBM4	787	1	1.267e-09	424	0.41	0.9492	NA	0.86	1.819	true	S21	0.3259	retained	retained	Ser25 S21 retained
A0A975EKR1	788	1	1.008e-09	423	0.33	0.9746	NA	0.868	1.795	true	S35	0.421	retained	retained	Ser25 S35 retained
A0A2M7XEQ0	789	1	4.525e-10	423	0.418	0.9915	NA	0.8505	1.831	true	S21	0.3102	retained	retained	Ser25 S21 retained
A0A7C5UIX6	790	1	1.267e-09	423	0.356	0.9746	NA	0.8675	1.807	true	S26	0.2535	retained	retained	Ser25 S26 retained
A0A6I3IIF2	791	1	1.341e-09	423	0.442	0.9576	NA	0.8601	1.82	true	S21	0.2583	retained	retained	Ser25 S21 retained
A0A7V1EH44	792	1	1.686e-09	423	0.254	1	NA	0.9117	1.867	true	S66	0.2961	retained	retained	Ser25 S66 retained
A0A2S8WML0	793	1	1.89e-09	422	0.324	0.9661	NA	0.879	1.796	true	S21	0.1445	retained	retained	Ser25 S21 retained
A0A939WKR8	794	1	1.89e-09	421	0.519	0.8814	NA	0.8405	1.837	true	S15	0.3732	retained	retained	Ser25 S15 retained
B8IZG2	795	1	1.89e-09	421	0.377	0.9661	NA	0.8796	2.027	true	S24	0.284	retained	retained	Ser25 S24 retained
A0A2P1PQP6	796	1	5.372e-10	421	0.394	0.9661	NA	0.8748	2.131	true	S24	0.342	retained	retained	Ser25 S24 retained
A0A2G6DUA4	797	1	1.42e-09	421	0.423	0.9407	NA	0.8603	1.833	true	S21	0.2456	retained	retained	Ser25 S21 retained
B2HPX5	798	1	4.274e-10	421	0.384	0.9915	NA	0.8849	2.022	true	S26	0.4265	retained	retained	Ser25 S26 retained
A0A974YEU8	799	1	1.504e-09	420	0.375	0.9492	NA	0.863	1.946	true	S24	0.3676	retained	retained	Ser25 S24 retained
A0A1Q4R5C6	800	1	6.377e-10	420	0.356	0.9746	NA	0.8856	1.829	true	S26	0.1467	retained	retained	Ser25 S26 retained
A0A7Y2G3H6	801	1	1.13e-09	419	0.394	0.9661	NA	0.8587	1.947	true	S24	0.2311	retained	retained	Ser25 S24 retained
A0A5R9G688	802	1	1.42e-09	419	0.35	0.9661	NA	0.8694	1.979	true	S25	0.5713	retained	retained	Ser25 S25 retained
A0A1G1DH05	803	1	1.13e-09	418	0.466	0.8729	NA	0.8087	1.569	true	S13	0.1318	retained	retained	Ser25 S13 retained
A0A2D6ZY61	804	1	2.001e-09	418	0.333	0.9153	NA	0.8317	2.04	true	S25	0.434	retained	retained	Ser25 S25 retained
A0AAE3HJ88	805	1	1.592e-09	418	0.318	0.9831	NA	0.8725	1.889	true	S28	0.3463	retained	retained	Ser25 S28 retained
A0A7Y4WIX9	806	1	1.89e-09	417	0.318	0.9831	NA	0.8693	1.865	true	S25	0.3535	retained	retained	Ser25 S25 retained
A0A4S4BPA3	807	1	1.785e-09	417	0.359	0.9661	NA	0.874	2.11	true	S25	0.4277	retained	retained	Ser25 S25 retained
A0A9E6R4U3	808	1	2.376e-09	417	0.383	0.9492	NA	0.8769	2.057	true	S24	0.06193	retained	retained	Ser25 S24 retained
A0A351AF89	809	1	8.016e-10	416	0.293	0.9831	NA	0.8456	1.802	true	S26	0.1403	retained	retained	Ser25 S26 retained
A0A6I7PYT5	810	1	4.791e-10	416	0.447	0.9661	NA	0.8467	2.064	true	S20	0.1409	retained	retained	Ser25 S20 retained
A0A8S8XSL9	811	1	1.067e-09	416	0.39	0.9322	NA	0.8413	2.33	true	S27	0.4748	retained	retained	Ser25 S27 retained
A0A1M6NCU1	812	1	2.119e-09	416	0.37	0.9831	NA	0.8746	1.862	true	S47	0.328	retained	retained	Ser25 S47 retained
A0A6M0FD74	813	1	8.488e-10	416	0.339	0.9746	NA	0.8821	2.085	true	S26	0.5307	retained	retained	Ser25 S26 retained
A0A1G1HLN3	814	1	2.664e-09	415	0.4	0.9322	NA	0.8651	1.945	true	S21	0.4091	retained	retained	Ser25 S21 retained
A0A4U8TIX4	815	1	1.008e-09	415	0.343	1.085	NA	0.882	2.119	true	S25	0.3118	retained	retained	Ser25 S25 retained
A0A1V5KZ57	816	1	1.42e-09	414	0.338	1.025	NA	0.9004	1.936	true	S25	0.2278	retained	retained	Ser25 S25 retained
A0A2M9LDW1	817	1	1.686e-09	414	0.363	1.025	NA	0.8765	2.147	true	S25	0.2133	retained	retained	Ser25 S25 retained
A0A843JPN2	818	1	1.785e-09	413	0.419	0.9492	NA	0.8396	1.96	true	S21	0.2153	retained	retained	Ser25 S21 retained
A0A938J754	819	1	2.244e-09	413	0.333	0.9915	NA	0.8814	2.136	true	S25	0.3329	retained	retained	Ser25 S25 retained
A0A1Y0H1Z5	820	1	1.13e-09	412	0.355	0.9068	NA	0.8041	2.162	true	S26	0.1972	retained	retained	Ser25 S26 retained
A0AA35RRQ6	821	1	2.119e-09	412	0.362	0.9576	NA	0.8636	1.727	true	S24	0.213	retained	retained	Ser25 S24 retained
A0A934RRZ2	822	1	2.516e-09	412	0.298	0.9661	NA	0.8697	1.79	true	S25	0.2778	retained	retained	Ser25 S25 retained
A0A352W1V2	823	1	2.987e-09	411	0.333	0.9661	NA	0.8873	1.925	true	S25	0.5454	retained	retained	Ser25 S25 retained
M1WT79	824	1	2.664e-09	411	0.373	0.9068	NA	0.8531	1.989	true	S19	0.1988	retained	retained	Ser25 S19 retained
A0A1I6NSD9	825	1	1.504e-09	411	0.315	0.9661	NA	0.8628	2.126	true	S25	0.2019	retained	retained	Ser25 S25 retained
A0A969JK96	826	1	2.244e-09	411	0.318	0.9576	NA	0.8658	1.747	true	S24	0.06652	retained	retained	Ser25 S24 retained
A0A6P0X207	827	1	2.664e-09	411	0.341	0.9915	NA	0.8809	2.134	true	S26	0.544	retained	retained	Ser25 S26 retained
A0A948SQQ3	828	1	2.244e-09	410	0.392	0.9492	NA	0.8616	1.851	true	S21	0.2066	retained	retained	Ser25 S21 retained
A0A8T3RS54	829	1	2.119e-09	410	0.327	0.9576	NA	0.8659	1.84	true	S24	0.1833	retained	retained	Ser25 S24 retained
A0A350M1E9	830	1	2.821e-09	409	0.364	0.9068	NA	0.8342	1.772	true	S25	0.4352	retained	retained	Ser25 S25 retained
A0A946TX58	831	1	6.377e-10	409	0.364	1	NA	0.8619	1.824	true	S24	0.08143	retained	retained	Ser25 S24 retained
A5YSZ1	832	1	5.073e-10	409	0.341	1.042	NA	0.8646	2.025	true	S26	0.2586	retained	retained	Ser25 S26 retained
J2ZMY5	833	1	1.89e-09	409	0.39	0.9322	NA	0.839	2.148	true	S21	0.4062	retained	retained	Ser25 S21 retained
A0A1C3RF24	834	1	4.457e-09	408	0.389	0.9576	NA	0.8807	1.96	true	S24	0.1816	retained	retained	Ser25 S24 retained
A0A6L6VFG8	835	1	1.42e-09	407	0.327	1.008	NA	0.8731	2.134	true	S24	0.3203	retained	retained	Ser25 S24 retained
A0A847B0I0	836	1	8.488e-10	406	0.365	1.042	NA	0.8734	2.078	true	S25	0.2355	retained	retained	Ser25 S25 retained
A0A7W2AH88	837	1	1.42e-09	406	0.347	1.025	NA	0.8735	2.124	true	S25	0.3892	retained	retained	Ser25 S25 retained
A0A7V3AG74	838	1	2.244e-09	405	0.347	1.025	NA	0.8941	1.945	true	S25	0.2531	retained	retained	Ser25 S25 retained
A0A2V5YTI1	839	1	1.89e-09	404	0.401	0.8644	NA	0.7763	2.02	true	S25	0.3354	retained	retained	Ser25 S25 retained
A0A2V7XY49	840	1	5.602e-09	403	0.245	0.9661	NA	0.8682	1.621	true	A22	0.3344	lost	lost	Ser25 A not in expected {S}
A0A327SWE7	841	1	5.602e-09	403	0.254	0.9661	NA	0.8909	1.761	true	A25	0.787	lost	lost	Ser25 A not in expected {S}
A0A933WRI8	842	1	3.162e-09	402	0.415	0.8559	NA	0.7772	1.803	true	S25	0.2728	retained	retained	Ser25 S25 retained
A0A2R6T866	843	1	3.162e-09	402	0.3	0.9576	NA	0.862	1.901	true	S24	0.3099	retained	retained	Ser25 S24 retained
A0A660SI28	844	1	3.546e-09	400	0.304	0.9746	NA	0.8682	1.921	true	S25	0.1609	retained	retained	Ser25 S25 retained
A0A212KLL9	845	1	1.504e-09	400	0.381	1	NA	0.8899	1.869	true	S56	0.1651	retained	retained	Ser25 S56 retained
A0A117LBH8	846	1	2.987e-09	399	0.494	0.7712	NA	0.7014	1.656	true	S26	0.3622	retained	retained	Ser25 S26 retained
A0A2E4RJ95	847	1	3.546e-09	399	0.418	0.9322	NA	0.853	2.099	true	S20	0.2612	retained	retained	Ser25 S20 retained
A0A2M8BAC8	848	1	2.664e-09	399	0.254	0.9661	NA	0.8732	2.09	true	T24	1.393	lost	lost	Ser25 T not in expected {S}
A0A2S2DS19	849	1	3.975e-09	398	0.485	0.8898	NA	0.8187	1.833	true	S16	0.3269	retained	retained	Ser25 S16 retained
A0A1F9XCE1	850	1	4.997e-09	398	0.353	0.9576	NA	0.8629	1.901	true	S24	0.1795	retained	retained	Ser25 S24 retained
A0A917I5F2	851	1	1.592e-09	398	0.367	0.9915	NA	0.8446	2.03	true	S25	0.3659	retained	retained	Ser25 S25 retained
A0A353BBM3	852	1	3.162e-09	397	0.505	0.7712	NA	0.7032	1.592	true	S25	0.1914	retained	retained	Ser25 S25 retained
A0A359G521	853	1	2.987e-09	397	0.462	0.7881	NA	0.714	1.678	true	S27	0.4489	retained	retained	Ser25 S27 retained
A0A7V2V0E7	854	1	3.754e-09	396	0.296	1	NA	0.8722	1.959	true	S25	0.5348	retained	retained	Ser25 S25 retained
A0A831WXD7	855	1	4.997e-09	396	0.373	0.9746	NA	0.8545	2.039	true	S34	0.3679	retained	retained	Ser25 S34 retained
A0A7Y1UHI7	856	1	7.457e-09	392	0.245	1	NA	0.8706	1.949	true	G25	0.3514	lost	lost	Ser25 G not in expected {S}
A0A660ZSU4	857	1	9.925e-09	392	0.284	0.9831	NA	0.8915	1.515	true	C189	0.2748	lost	lost	Ser25 C not in expected {S}
A0A1G2DY75	858	1	9.373e-09	389	0.302	0.9237	NA	0.8484	1.794	true	S25	0.3123	retained	retained	Ser25 S25 retained
A0A389M220	859	1	2.987e-09	389	0.366	1.017	NA	0.8932	1.843	true	S28	0.4041	retained	retained	Ser25 S28 retained
A0A315EME4	860	1	2.376e-09	387	0.444	0.9915	NA	0.8394	1.832	true	S21	0.1998	retained	retained	Ser25 S21 retained
A0A6A8QMG4	861	1	1.051e-08	387	0.407	0.9153	NA	0.8506	1.871	true	S20	0.3705	retained	retained	Ser25 S20 retained
A0A1X6P9R9	862	1	3.349e-09	387	0.33	0.9746	NA	0.8475	2.115	true	S342	0.8422	retained	retained	Ser25 S342 retained
A0A971GZQ6	863	1	9.373e-09	385	0.431	0.8051	NA	0.742	2.047	true	S25	0.3549	retained	retained	Ser25 S25 retained
A0A7J4USM7	864	1	7.042e-09	385	0.368	1.034	NA	0.8584	2.202	true	S24	0.3191	retained	retained	Ser25 S24 retained
A0A939HR71	865	1	5.291e-09	385	0.333	0.9915	NA	0.865	2.026	true	S26	0.5322	retained	retained	Ser25 S26 retained
A0A8T4S8P2	866	1	1.504e-09	383	0.311	1.034	NA	0.8522	2.108	true	S25	0.2782	retained	retained	Ser25 S25 retained
A0A371QWI8	867	1	8.852e-09	382	0.353	0.9576	NA	0.8389	2.089	true	S24	0.8622	retained	retained	Ser25 S24 retained
A0A961GKB1	868	1	9.373e-09	381	0.41	0.8051	NA	0.7255	1.626	true	S25	0.08931	retained	retained	Ser25 S25 retained
W5Y3N3	869	1	1.178e-08	381	0.348	0.9492	NA	0.85	1.959	true	S24	0.3839	retained	retained	Ser25 S24 retained
A0AAE9Z3B5	870	1	5.602e-09	381	0.33	0.9746	NA	0.8641	2.094	true	S26	0.384	retained	retained	Ser25 S26 retained
A0A1M6VPA3	871	1	9.925e-09	380	0.383	0.9492	NA	0.8506	2.004	true	-	NA	unresolved	unresolved	Ser25: reference position aligned to a gap
A0A4U3KXX0	872	1	5.932e-09	380	0.297	1.025	NA	0.8784	1.911	true	S25	0.2885	retained	retained	Ser25 S25 retained
A0A2G9ZB13	873	1	1.321e-08	379	0.361	0.9153	NA	0.7941	1.536	true	S26	0.06019	retained	retained	Ser25 S26 retained
A0A2P9AGB9	874	1	1.113e-08	379	0.458	0.8136	NA	0.8062	2.608	true	S24	0.6368	retained	retained	Ser25 S24 retained
A0A502GCH1	875	1	6.651e-09	379	0.344	1.008	NA	0.8891	1.873	true	S29	0.3333	retained	retained	Ser25 S29 retained
A0A537FM12	876	1	5.602e-09	377	0.51	0.8305	NA	0.7753	1.88	true	S8	0.3326	retained	retained	Ser25 S8 retained
A0A9D9KYD2	877	1	4.997e-09	377	0.436	0.9322	NA	0.8215	1.968	true	S14	0.257	retained	retained	Ser25 S14 retained
A0A7Y7CN84	878	1	5.602e-09	376	0.41	0.9492	NA	0.8519	2.008	true	S20	0.3809	retained	retained	Ser25 S20 retained
A0A3A4ZHS3	879	1	1.758e-08	374	0.31	0.9831	NA	0.8636	2.027	true	C475	0.6719	lost	lost	Ser25 C not in expected {S}
A0A7C4YR40	880	1	3.115e-08	371	0.301	0.9831	NA	0.8699	2.034	true	S25	0.9234	retained	retained	Ser25 S25 retained
A0A7Z1TT40	881	1	1.481e-08	369	0.21	0.9661	NA	0.8445	2.184	true	M26	0.1946	lost	lost	Ser25 M not in expected {S}
A0A937IL27	882	1	1.758e-08	366	0.258	0.9831	NA	0.8425	1.925	true	S26	0.5149	retained	retained	Ser25 S26 retained
G7VEE1	883	1	7.896e-09	366	0.358	0.9915	NA	0.8474	2.07	true	S49	0.3717	retained	retained	Ser25 S49 retained
A0A1G8EZX4	884	1	4.146e-08	361	0.252	0.9407	NA	0.8304	2.091	true	Y27	0.1732	lost	lost	Ser25 Y not in expected {S}
A0A258FBX6	885	1	4.209e-09	359	0.555	0.839	NA	0.6841	1.629	true	S25	0.2365	retained	retained	Ser25 S25 retained
X1HSN6	886	1	4.922e-08	359	0.446	0.8729	NA	0.8144	1.792	true	S13	0.3981	retained	retained	Ser25 S13 retained
A0A1E4JK61	887	1	2.244e-09	359	0.438	1.025	NA	0.7704	1.596	true	-	NA	unresolved	unresolved	Ser25: reference position aligned to a gap
G8SAU3	888	1	3.698e-08	357	0.495	0.8559	NA	0.8041	1.806	true	S11	0.1191	retained	retained	Ser25 S11 retained
A0AAE0RZH4	889	1	5.518e-08	351	0.397	0.7458	NA	0.7404	2.471	true	S27	0.171	retained	retained	Ser25 S27 retained
A0A2W5TS02	890	1	3.298e-08	350	0.283	0.9576	NA	0.8599	1.959	true	G21	1.113	lost	lost	Ser25 G not in expected {S}
A0A7X7GE77	891	1	3.492e-08	348	0.327	0.9576	NA	0.8352	2.063	true	S24	0.4408	retained	retained	Ser25 S24 retained
A0A2E7MXB7	892	1	3.915e-08	345	0.295	0.9746	NA	0.8363	2.023	true	S24	0.3225	retained	retained	Ser25 S24 retained
A0A7X9FSH7	893	1	9.232e-08	345	0.213	0.9915	NA	0.8746	2.084	true	F28	0.4548	lost	lost	Ser25 F not in expected {S}
A0A9N8HYZ6	894	1	4.39e-08	344	0.342	0.9153	NA	0.8177	2.645	true	S24	0.3528	retained	retained	Ser25 S24 retained
A0A251XP31	895	1	3.298e-08	340	0.471	0.7542	NA	0.6587	1.678	true	S25	0.4605	retained	retained	Ser25 S25 retained
A0A2N2BW33	896	1	3.915e-08	339	0.371	1.025	NA	0.8053	1.583	true	-	NA	unresolved	unresolved	Ser25: reference position aligned to a gap
A0A1V6B5S1	897	1	1.16e-07	338	0.42	0.8475	NA	0.7898	1.664	true	S13	0.2023	retained	retained	Ser25 S13 retained
A0A9D2AX88	898	1	6.936e-08	338	0.444	0.9153	NA	0.805	1.994	true	S12	0.3387	retained	retained	Ser25 S12 retained
A0A950ZEB2	899	1	3.115e-08	338	0.206	1.025	NA	0.8345	1.818	true	A22	0.4207	lost	lost	Ser25 A not in expected {S}
A0A965CE52	900	1	4.922e-08	336	0.51	0.8475	NA	0.7586	1.548	true	S4	0.2876	retained	retained	Ser25 S4 retained
A0A959TJE5	901	1	1.096e-07	335	0.526	0.8051	NA	0.7718	1.926	true	S11	0.2827	retained	retained	Ser25 S11 retained
A0A512D522	902	1	5.518e-08	335	0.453	0.9153	NA	0.8072	1.739	true	S11	0.1542	retained	retained	Ser25 S11 retained
A0A3E0NDN9	903	1	8.719e-08	334	0.311	1.034	NA	0.8448	2.032	true	S35	0.4199	retained	retained	Ser25 S35 retained
A0A9N8DZ52	904	1	9.775e-08	332	0.351	0.9153	NA	0.8239	2.424	true	S24	0.1975	retained	retained	Ser25 S24 retained
A0A3M1SAZ3	905	1	2.584e-07	327	0.414	0.7966	NA	0.7574	1.511	true	S7	0.5669	retained	retained	Ser25 S7 retained
A0A833KZW1	906	1	2.177e-07	327	0.33	0.8729	NA	0.7984	1.689	true	S14	0.3593	retained	retained	Ser25 S14 retained
A0A1H8SGK4	907	1	2.897e-07	327	0.285	0.8898	NA	0.8303	2.275	true	F24	0.1479	lost	lost	Ser25 F not in expected {S}
A0A9E4H8I9	908	1	1.545e-07	326	0.309	0.9576	NA	0.8357	1.796	true	S22	0.2346	retained	retained	Ser25 S22 retained
A0A6B3N2X4	909	1	3.068e-07	323	0.469	0.7034	NA	0.6771	1.627	true	S26	0.3808	retained	retained	Ser25 S26 retained
A0A9E5QSF6	910	1	7.344e-08	323	0.367	0.9915	NA	0.812	1.978	true	S19	0.3402	retained	retained	Ser25 S19 retained
A0A5Q3L567	911	1	1.229e-07	323	0.313	0.9746	NA	0.8452	1.988	true	S24	0.2617	retained	retained	Ser25 S24 retained
A0A953BDI4	912	1	1.635e-07	322	0.433	0.8983	NA	0.8089	2.047	true	S14	0.2926	retained	retained	Ser25 S14 retained
A0A2N9VT76	913	1	4.578e-07	322	0.388	0.8729	NA	0.7995	2.001	true	S13	0.06297	retained	retained	Ser25 S13 retained
A0A355E4F1	914	1	2.897e-07	320	0.256	0.9915	NA	0.864	2.121	true	C26	1.606	lost	lost	Ser25 C not in expected {S}
A0A537KC32	915	1	4.323e-07	319	0.424	0.839	NA	0.7799	1.833	true	S12	0.2995	retained	retained	Ser25 S12 retained
A0A382C2T8	916	1	2.736e-07	319	0.418	0.8305	NA	0.7797	1.686	true	S9	0.373	retained	retained	Ser25 S9 retained
X5ZUW8	917	1	2.736e-07	318	0.438	0.7542	NA	0.6614	1.784	true	S24	0.4121	retained	retained	Ser25 S24 retained
A0A7X9CCH9	918	1	2.897e-07	318	0.424	0.8983	NA	0.8	1.816	true	S11	0.07705	retained	retained	Ser25 S11 retained
A0ABD5DG65	919	1	1.16e-07	317	0.909	0.6525	NA	0.6054	1.573	true	S25	0.3361	retained	retained	Ser25 S25 retained
G2FK10	920	1	5.754e-07	316	0.425	0.8559	NA	0.7986	1.865	true	S11	0.1737	retained	retained	Ser25 S11 retained
A0A354FBL7	921	1	5.435e-07	315	0.394	0.8814	NA	0.8067	1.887	true	S12	0.4013	retained	retained	Ser25 S12 retained
A0A9E2LPF8	922	1	6.093e-07	312	0.432	0.822	NA	0.7649	1.371	true	S3	0.2667	retained	retained	Ser25 S3 retained
A0A3D9SMZ6	923	1	7.659e-07	312	0.434	0.839	NA	0.7989	1.743	true	S11	0.1258	retained	retained	Ser25 S11 retained
A0A838HPC6	924	1	7.233e-07	311	0.39	0.8898	NA	0.7969	1.88	true	S12	0.2672	retained	retained	Ser25 S12 retained
A0A4V1SKP4	925	1	7.233e-07	307	0.494	0.7881	NA	0.7376	1.361	true	S53	0.689	retained	retained	Ser25 S53 retained
A0A3D3FEI4	926	1	5.754e-07	305	0.435	0.8559	NA	0.7792	1.753	true	S10	0.112	retained	retained	Ser25 S10 retained
A0A4Q3CWU5	927	1	1.019e-06	303	0.417	0.7712	NA	0.7368	1.333	true	S4	0.4717	retained	retained	Ser25 S4 retained
A0AAP2DSP8	928	1	4.323e-07	303	0.457	0.7966	NA	0.6882	2.117	true	S25	0.4096	retained	retained	Ser25 S25 retained
A0A947IUD5	929	1	1.357e-06	303	0.419	0.7881	NA	0.7595	1.394	true	S3	0.3719	retained	retained	Ser25 S3 retained
A0A328TRI2	930	1	5.754e-07	300	0.65	0.678	NA	0.6359	1.356	true	S6	0.2129	retained	retained	Ser25 S6 retained
A0A348ZKH7	931	1	1.21e-06	298	0.442	0.8051	NA	0.7575	1.66	true	S6	0.1746	retained	retained	Ser25 S6 retained
A0A9X2E0X7	932	1	7.659e-07	298	0.381	0.822	NA	0.7608	1.161	true	S3	0.3746	retained	retained	Ser25 S3 retained
A0A1R0KFQ7	933	1	4.578e-07	298	0.22	0.9237	NA	0.7784	2.698	true	S151	0.8851	retained	retained	Ser25 S151 retained
J9R8L9	934	1	1.706e-06	297	0.413	0.7373	NA	0.7368	1.244	true	S3	0.2135	retained	retained	Ser25 S3 retained
A0A535CBE3	935	1	5.754e-07	297	0.446	0.8729	NA	0.765	1.711	true	S9	0.1801	retained	retained	Ser25 S9 retained
M3IDC8	936	1	9.092e-07	295	0.458	0.7203	NA	0.6312	1.911	true	S20	0.5702	retained	retained	Ser25 S20 retained
A0AA96Y9C8	937	1	9.092e-07	294	0.226	1.008	NA	0.8402	2.116	true	G29	0.5242	lost	lost	Ser25 G not in expected {S}
A0A2V5V3P5	938	1	3.021e-06	291	0.44	0.7881	NA	0.7673	2.064	true	S8	0.5709	retained	retained	Ser25 S8 retained
A0A847VWB6	939	1	1.611e-06	290	0.224	0.9831	NA	0.8569	2.092	true	G31	0.2618	lost	lost	Ser25 G not in expected {S}
A0A5R2N031	940	1	2.144e-06	288	0.493	0.7034	NA	0.6482	1.714	true	S24	0.2548	retained	retained	Ser25 S24 retained
A0A6N2UY69	941	1	2.144e-06	286	0.326	0.8559	NA	0.7634	1.765	true	S12	0.3813	retained	retained	Ser25 S12 retained
X0SHK5	942	1	3.587e-06	285	0.53	0.6864	NA	0.662	1.611	true	S25	0.3187	retained	retained	Ser25 S25 retained
A0A1V3RR42	943	1	2.404e-06	283	0.426	0.7542	NA	0.7158	1.155	true	-	NA	unresolved	unresolved	Ser25: reference position aligned to a gap
A0A9D7LD94	944	1	1.437e-06	283	0.186	1.042	NA	0.8431	2.081	true	A31	0.8984	lost	lost	Ser25 A not in expected {S}
U5C5F7	945	1	1.521e-06	282	0.44	0.8475	NA	0.7402	1.394	true	S10	0.6328	retained	retained	Ser25 S10 retained
A0A380FKC6	946	1	1.611e-06	279	0.431	0.8644	NA	0.746	1.644	true	S6	0.5375	retained	retained	Ser25 S6 retained
A0A0K2RLG3	947	1	9.628e-07	275	0.478	0.7966	NA	0.6623	2.192	true	S25	0.6525	retained	retained	Ser25 S25 retained
A0A4Q3TUH4	948	1	7.544e-06	270	0.602	0.7034	NA	0.6439	1.619	true	S25	0.1818	retained	retained	Ser25 S25 retained
Q21QU6	949	1	3.199e-06	268	0.456	0.7797	NA	0.6727	1.711	true	S25	0.3266	retained	retained	Ser25 S25 retained
A0A3D5NJT8	950	1	9.482e-06	264	0.56	0.6949	NA	0.6326	1.618	true	S25	0.1832	retained	retained	Ser25 S25 retained
A0A535E255	951	1	5.668e-06	264	0.229	0.9237	NA	0.8393	2.266	true	G32	0.7662	lost	lost	Ser25 G not in expected {S}
A0A7J4VAU6	952	1	1.68e-05	259	0.5	0.7119	NA	0.6565	1.592	true	S25	0.3503	retained	retained	Ser25 S25 retained
A0A1G3BSJ9	953	1	2.507e-05	257	0.43	0.6695	NA	0.6168	1.605	true	S19	0.4833	retained	retained	Ser25 S19 retained
A0A9D8HKM7	954	1	1.68e-05	247	0.303	0.8644	NA	0.752	1.612	true	S6	0.2948	retained	retained	Ser25 S6 retained
A0A6B2YMM0	955	1	2.507e-05	247	0.226	1.008	NA	0.8233	2.426	true	G38	0.3961	lost	lost	Ser25 G not in expected {S}
A0A7V4HIS7	956	1	8.458e-06	246	0.349	0.8729	NA	0.6608	2.182	true	S25	0.5492	retained	retained	Ser25 S25 retained
A0A352CCF7	957	1	3.741e-05	244	0.46	0.7542	NA	0.7025	1.063	true	-	NA	unresolved	unresolved	Ser25: reference position aligned to a gap
A0A259GRH8	958	1	9.628e-07	242	0.521	0.9746	NA	0.6396	2.015	true	S25	0.242	retained	retained	Ser25 S25 retained
A0A510Y851	959	1	1.994e-05	235	0.303	0.8644	NA	0.736	1.605	true	-	NA	unresolved	unresolved	Ser25: reference position aligned to a gap
A0A660VIN1	960	1	0.0001047	232	0.43	0.6695	NA	0.609	1.572	true	S21	0.4184	retained	retained	Ser25 S21 retained
A0A970CIU2	961	1	8.82e-05	231	0.512	0.6949	NA	0.6331	1.612	true	S25	0.3458	retained	retained	Ser25 S25 retained
A0A6P0N529	962	1	3.961e-05	231	0.284	0.8644	NA	0.7507	1.574	true	S14	0.4562	retained	retained	Ser25 S14 retained
A0A3D5S1H9	963	1	8.82e-05	228	0.436	0.7373	NA	0.6916	1.403	true	-	NA	unresolved	unresolved	Ser25: reference position aligned to a gap
A0A7R8WSY0	964	1	5.668e-06	227	0.307	1.076	NA	0.7312	2.608	true	A120	1.82	lost	lost	Ser25 A not in expected {S}
A0A853KAJ9	965	1	8.33e-05	223	0.295	0.8305	NA	0.7306	1.65	true	S3	0.2924	retained	retained	Ser25 S3 retained
A0A1Q7WAW2	966	1	0.0001109	220	0.519	0.6525	NA	0.5985	1.651	true	S25	0.3879	retained	retained	Ser25 S25 retained
A0A1V5CX11	967	1	0.0001174	219	0.423	0.7203	NA	0.6796	1.239	true	-	NA	unresolved	unresolved	Ser25: reference position aligned to a gap
A0A2M8PJP7	968	1	0.0001752	217	0.372	0.7966	NA	0.7417	1.531	true	S3	0.541	retained	retained	Ser25 S3 retained
A0A6M0AXB9	969	1	0.0001964	215	0.481	0.6695	NA	0.6028	1.738	true	S25	0.2297	retained	retained	Ser25 S25 retained
A0A238DJU6	970	1	1.192e-05	209	0.341	0.9915	NA	0.7095	3.104	true	S76	0.4838	retained	retained	Ser25 S76 retained
A0A965FY46	971	1	0.0002768	207	0.397	0.7034	NA	0.6791	1.424	true	-	NA	unresolved	unresolved	Ser25: reference position aligned to a gap
A0A533XLQ9	972	1	0.0003901	205	0.385	0.7034	NA	0.6638	1.147	true	-	NA	unresolved	unresolved	Ser25: reference position aligned to a gap
A0A3L7PZ50	973	1	0.0006911	203	0.434	0.6441	NA	0.6244	1.8	true	S25	0.3721	retained	retained	Ser25 S25 retained
A0A8J4H4K3	974	1	0.001373	169	0.145	0.8136	NA	0.649	3.051	true	Y16	0.6872	lost	lost	Ser25 Y not in expected {S}
A0A952ZZ66	975	1	0.003842	168	0.164	0.822	NA	0.7199	2.127	true	A16	1.092	lost	lost	Ser25 A not in expected {S}
A0A7S0C022	976	1	0.0006527	168	0.2	0.9746	NA	0.7115	2.997	true	S65	0.4723	retained	retained	Ser25 S65 retained
A0A7C1E0J6	977	1	0.002048	147	0.145	0.8136	NA	0.553	2.606	true	R18	2.268	lost	lost	Ser25 R not in expected {S}
A0A819KD03	978	1	0.01277	145	0.17	0.6949	NA	0.568	2.573	true	V32	0.777	lost	lost	Ser25 V not in expected {S}
A0A842I546	979	1	0.005415	136	0.214	0.7119	NA	0.5563	3.345	true	M75	1.566	lost	lost	Ser25 M not in expected {S}
A0A813VBN0	980	1	0.00483	136	0.147	0.7458	NA	0.5706	2.73	true	V32	0.9135	lost	lost	Ser25 V not in expected {S}
A0AAE2XX56	981	1	0.01799	134	0.172	0.6864	NA	0.5882	2.433	true	V495	1.707	lost	lost	Ser25 V not in expected {S}
A0A815WHS4	982	1	0.03784	127	0.168	0.6525	NA	0.5507	2.719	true	C39	1.376	lost	lost	Ser25 C not in expected {S}
A0A9E7JUY5	983	1	0.01905	114	0.118	0.9322	NA	0.5718	2.525	true	V87	1.17	lost	lost	Ser25 V not in expected {S}
A0A842SVQ8	984	1	0.02536	113	0.123	0.8898	NA	0.5513	2.825	true	R235	1.581	lost	lost	Ser25 R not in expected {S}
A0A842VBW1	985	1	0.04493	111	0.121	0.6949	NA	0.549	2.854	true	R80	1.58	lost	lost	Ser25 R not in expected {S}
A0A842R4V0	986	1	0.05037	108	0.113	0.6695	NA	0.544	2.973	true	H209	1.959	lost	lost	Ser25 H not in expected {S}
A0A497PEI2	987	1	0.09448	108	0.136	0.7458	NA	0.6044	2.337	true	R477	0.9861	lost	lost	Ser25 R not in expected {S}
A0AA36N852	988	1	0.05647	103	0.07	0.8475	NA	0.558	2.677	true	L18	0.46	lost	lost	Ser25 L not in expected {S}
X1IBF2	989	1	0.07959	102	0.152	0.7203	NA	0.545	2.775	true	R86	1.49	lost	lost	Ser25 R not in expected {S}
A0A0F9H972	990	1	0.2228	100	0.135	0.6864	NA	0.5505	2.973	true	R164	1.522	lost	lost	Ser25 R not in expected {S}
A0AAD4LTH5	991	0.999	0.08427	98	0.063	0.8051	NA	0.5838	2.815	true	T286	1.204	lost	lost	Ser25 T not in expected {S}
A0A841HX17	992	0.999	0.04757	97	0.163	0.7797	NA	0.5539	3.298	true	V197	0.8992	lost	lost	Ser25 V not in expected {S}
A0A812V984	993	0.999	0.1332	97	0.108	0.7797	NA	0.5799	3.336	true	L43	0.8608	lost	lost	Ser25 L not in expected {S}
A0A316UPT5	994	0.999	0.1059	97	0.085	0.6949	NA	0.5878	2.762	true	A188	0.6937	lost	lost	Ser25 A not in expected {S}
L8HFS5	995	0.998	0.1	95	0.076	0.7797	NA	0.5817	2.643	true	E410	1.54	lost	lost	Ser25 E not in expected {S}
A0A524DPD2	996	0.998	0.04757	94	0.147	0.7458	NA	0.5529	2.577	true	R263	1.393	lost	lost	Ser25 R not in expected {S}
E0VNU9	997	0.994	0.1877	87	0.152	0.7203	NA	0.5791	2.352	true	F76	1.046	lost	lost	Ser25 F not in expected {S}
X1G7I9	998	0.986	0.2645	81	0.085	0.7966	NA	0.5508	2.716	true	R260	1.495	lost	lost	Ser25 R not in expected {S}
A0A0E9NJQ8	999	0.956	0.2359	73	0.113	0.8983	NA	0.5709	3.343	true	W259	1.458	lost	lost	Ser25 W not in expected {S}
A0A1S3TQZ8	1000	0.692	0.2104	57	0.115	0.9576	NA	0.5905	3.063	true	L59	1.593	lost	lost	Ser25 L not in expected {S}
