job_A	MGYP000663418353.pdb.gz	61.8	118	1	118	1	118	1.309e-15	657	1	1.0	0.9365	
job_A	MGYP002624301405.pdb.gz	59.1	115	1	115	1	115	7.279e-15	626	1	0.9746	0.9664	
job_A	MGYP003558629309.pdb.gz	57.7	116	1	116	1	116	1.15e-14	622	1	0.9831	0.9134	
job_A	MGYP002153357048.pdb.gz	55.1	116	1	116	16	131	1.817e-14	610	1	0.9831	0.8227	
job_A	MGYP000712290244.pdb.gz	58.1	117	1	117	1	117	1.924e-14	606	1	0.9915	1.0	
job_A	MGYP003379816952.pdb.gz	61.2	116	1	116	1	116	1.817e-14	605	1	0.9831	0.9134	
job_A	MGYP000318103955.pdb.gz	53	115	1	115	1	115	4.047e-14	604	1	0.9746	1.0	
job_A	MGYP000684059130.pdb.gz	53.5	114	1	114	1	114	4.804e-14	602	1	0.9661	0.958	
job_A	MGYP000920840783.pdb.gz	57.3	115	1	115	23	137	5.386e-14	600	1	0.9746	0.8156	
job_A	MGYP001056050630.pdb.gz	53.3	120	1	117	39	158	1.15e-14	599	1	1.0169	0.7317	
job_A	MGYP000713488576.pdb.gz	50.4	115	1	115	1	115	5.087e-14	595	1	0.9746	0.9914	
job_A	MGYP003749573623.pdb.gz	53	115	1	115	1	115	3.409e-14	594	1	0.9746	0.9914	
job_A	MGYP002656006116.pdb.gz	59.3	118	1	118	1	118	3.822e-14	594	1	1.0	0.9365	
job_A	MGYP003327014575.pdb.gz	53.9	115	1	115	1	115	7.169e-14	593	1	0.9746	0.8582	
job_A	MGYP000591817579.pdb.gz	57.7	116	1	116	8	123	8.511e-14	587	1	0.9831	0.928	
job_A	MGYP001348245762.pdb.gz	58.9	117	1	117	14	130	9.542e-14	586	1	0.9915	0.8731	
job_A	MGYP000712222559.pdb.gz	55	118	1	115	1	118	3.822e-14	585	1	1.0	0.9916	
job_A	MGYP002793663010.pdb.gz	54.7	115	1	115	1	115	8.511e-14	585	1	0.9746	0.8647	
job_A	MGYP001103618473.pdb.gz	49.5	115	1	115	1	115	5.703e-14	584	1	0.9746	1.0	
job_A	MGYP001308197836.pdb.gz	51.3	115	1	115	1	115	1.199e-13	584	1	0.9746	1.0	
job_A	MGYP000719230548.pdb.gz	56.1	114	1	114	1	114	7.169e-14	583	1	0.9661	0.9661	
job_A	MGYP000645068468.pdb.gz	52.6	114	1	114	1	114	6.039e-14	583	1	0.9661	0.9344	
job_A	MGYP003575466384.pdb.gz	53.9	115	1	115	42	156	1.895e-13	580	1	0.9746	0.7233	
job_A	MGYP001422121323.pdb.gz	51.2	121	1	118	49	169	2.157e-14	580	1	1.0254	0.6954	
job_A	MGYP003322920064.pdb.gz	47.9	121	1	118	1	121	3.219e-14	578	1	1.0254	0.7516	
job_A	MGYP002572355671.pdb.gz	53.9	115	1	115	1	115	1.895e-13	577	1	0.9746	1.0	
job_A	MGYP001817225142.pdb.gz	50.4	115	1	115	1	115	1.345e-13	577	1	0.9746	0.9914	
job_A	MGYP000375818775.pdb.gz	52.8	121	1	118	28	148	3.041e-14	577	1	1.0254	0.7857	
job_A	MGYP001151108538.pdb.gz	48.6	115	1	115	1	115	1.508e-13	576	1	0.9746	1.0	
job_A	MGYP001092925704.pdb.gz	53	115	1	115	1	115	1.01e-13	576	1	0.9746	0.9583	
job_A	MGYP000981740537.pdb.gz	52	121	1	118	8	128	5.087e-14	576	1	1.0254	0.8521	
job_A	MGYP000627243117.pdb.gz	52.5	118	1	118	1	118	6.394e-14	575	1	1.0	0.9219	
job_A	MGYP000158446366.pdb.gz	52.5	116	1	116	1	116	1.69e-13	574	1	0.9831	0.9206	
job_A	MGYP000922309069.pdb.gz	45.7	118	1	118	1	118	1.69e-13	574	1	1.0	0.9008	
job_A	MGYP001425965118.pdb.gz	54.3	116	3	118	2	117	1.79e-13	574	1	0.9831	0.8855	
job_A	MGYP003983860531.pdb.gz	50.8	116	1	116	1	116	1.69e-13	572	1	0.9831	0.9748	
job_A	MGYP001328647784.pdb.gz	51.3	115	1	115	1	115	2.382e-13	571	1	0.9746	1.0	
job_A	MGYP003573567219.pdb.gz	51.3	115	1	115	1	115	2.523e-13	569	1	0.9746	0.9914	
job_A	MGYP001329481488.pdb.gz	53.9	113	1	113	1	113	2.25e-13	568	1	0.9576	1.0	
job_A	MGYP001390797120.pdb.gz	44.3	115	1	115	1	115	2.523e-13	567	1	0.9746	1.0	
job_A	MGYP001571684861.pdb.gz	44.3	115	1	115	1	115	3.171e-13	567	1	0.9746	1.0	
job_A	MGYP000453956768.pdb.gz	50	116	1	116	1	116	1.508e-13	567	1	0.9831	1.0	
job_A	MGYP001825260310.pdb.gz	48.6	115	1	115	1	115	2.125e-13	567	1	0.9746	0.9914	
job_A	MGYP000342714147.pdb.gz	44.3	115	1	115	1	115	2.523e-13	567	1	0.9746	0.9583	
job_A	MGYP003391257552.pdb.gz	52.1	115	1	115	1	115	2.25e-13	567	1	0.9746	0.9274	
job_A	MGYP002661734308.pdb.gz	53.7	121	1	118	36	156	5.703e-14	567	1	1.0254	0.7516	
job_A	MGYP000400674313.pdb.gz	48.6	115	1	115	1	115	2.995e-13	566	1	0.9746	0.8915	
job_A	MGYP003228010955.pdb.gz	47.4	116	1	116	1	116	3.555e-13	565	1	0.9831	0.7296	
job_A	MGYP003586476575.pdb.gz	53.7	121	1	118	35	155	7.169e-14	564	1	1.0254	0.7246	
job_A	MGYP001604883903.pdb.gz	47.8	115	1	115	1	115	4.732e-13	562	1	0.9746	1.0	
job_A	MGYP001821858063.pdb.gz	53.2	109	1	109	1	109	2.382e-13	562	1	0.9237	0.7569	
job_A	MGYP001012170205.pdb.gz	50.4	121	1	118	37	157	6.771e-14	562	1	1.0254	0.7469	
job_A	MGYP000075344152.pdb.gz	54.5	121	1	118	58	178	6.394e-14	562	1	1.0254	0.6612	
job_A	MGYP003576472188.pdb.gz	45.7	118	1	118	1	118	4.22e-13	561	1	1.0	0.9916	
job_A	MGYP000223272754.pdb.gz	50	118	1	118	1	118	2.995e-13	561	1	1.0	0.9916	
job_A	MGYP001402378845.pdb.gz	45.2	117	1	117	1	117	1.69e-13	561	1	0.9915	0.9141	
job_A	MGYP000269686265.pdb.gz	45.6	116	1	116	1	116	3.986e-13	560	1	0.9831	0.9831	
job_A	MGYP004003979281.pdb.gz	50.4	115	1	115	1	115	2.995e-13	560	1	0.9746	0.7099	
job_A	MGYP001403706410.pdb.gz	50.4	115	1	115	1	115	5.617e-13	559	1	0.9746	0.9746	
job_A	MGYP001294902899.pdb.gz	53.2	109	1	109	1	109	3.555e-13	558	1	0.9237	1.0	
job_A	MGYP000022163062.pdb.gz	49.5	121	1	118	1	121	9.542e-14	558	1	1.0254	0.938	
job_A	MGYP001825459011.pdb.gz	42.7	117	1	117	1	117	4.732e-13	557	1	0.9915	1.0	
job_A	MGYP000415487411.pdb.gz	50	114	1	114	1	114	5.305e-13	557	1	0.9661	0.9661	
job_A	MGYP001041294181.pdb.gz	50	120	1	118	26	145	3.555e-13	557	1	1.0169	0.7407	
job_A	MGYP002054898465.pdb.gz	52.1	115	1	115	10	124	5.305e-13	556	1	0.9746	0.8333	
job_A	MGYP000457085850.pdb.gz	50.8	118	1	117	1	118	4.22e-13	556	1	1.0	0.7329	
job_A	MGYP003316564074.pdb.gz	51.3	115	1	115	39	153	4.732e-13	556	1	0.9746	0.7012	
job_A	MGYP003570978910.pdb.gz	50	118	1	118	1	118	3.555e-13	555	1	1.0	0.9365	
job_A	MGYP000972457010.pdb.gz	47.3	114	1	114	1	114	4.22e-13	554	1	0.9661	0.9744	
job_A	MGYP001287226198.pdb.gz	45.3	119	1	118	1	119	6.298e-13	554	1	1.0085	1.0	
job_A	MGYP002725781318.pdb.gz	46.6	118	1	115	1	118	7.061e-13	554	1	1.0	0.9916	
job_A	MGYP001292661535.pdb.gz	45.2	115	1	115	1	115	6.298e-13	554	1	0.9746	0.92	
job_A	MGYP001475344962.pdb.gz	48.6	109	1	109	1	109	4.469e-13	553	1	0.9237	1.0	
job_A	MGYP000002897401.pdb.gz	50.8	114	1	114	1	114	1.181e-12	553	1	0.9661	0.9661	
job_A	MGYP000404276504.pdb.gz	45.7	118	1	118	1	118	5.01e-13	553	1	1.0	1.0	
job_A	MGYP001563532470.pdb.gz	44.3	115	1	115	1	115	6.298e-13	553	1	0.9746	0.9746	
job_A	MGYP003321794768.pdb.gz	50.9	108	1	108	1	108	5.617e-13	552	1	0.9153	1.0	
job_A	MGYP001598439181.pdb.gz	40.8	115	1	115	1	115	6.298e-13	552	1	0.9746	0.9914	
job_A	MGYP001601605517.pdb.gz	42.6	115	1	115	1	115	5.305e-13	552	1	0.9746	0.9914	
job_A	MGYP000356753217.pdb.gz	48.3	118	1	118	42	159	3.764e-13	552	1	1.0	0.7239	
job_A	MGYP000430457134.pdb.gz	61.8	110	1	110	38	147	2.007e-13	552	1	0.9322	0.6077	
job_A	MGYP001606821868.pdb.gz	47.8	115	1	115	4	118	7.917e-13	551	1	0.9746	0.92	
job_A	MGYP000638610917.pdb.gz	51.8	137	1	118	1	137	1.79e-13	551	1	1.161	0.8671	
job_A	MGYP000694238484.pdb.gz	45.2	115	1	115	1	115	5.948e-13	550	1	0.9746	0.9914	
job_A	MGYP000103159175.pdb.gz	44.4	117	1	117	1	117	7.917e-13	550	1	0.9915	1.0	
job_A	MGYP001376066264.pdb.gz	53.3	118	1	118	1	118	1.054e-12	550	1	1.0	1.0	
job_A	MGYP001060208049.pdb.gz	48.3	118	1	118	1	118	7.061e-13	550	1	1.0	1.0	
job_A	MGYP001787631810.pdb.gz	51.6	118	1	118	1	118	5.617e-13	550	1	1.0	0.9916	
job_A	MGYP000853111839.pdb.gz	47.9	121	1	118	1	121	2.007e-13	550	1	1.0254	0.938	
job_A	MGYP000164375132.pdb.gz	53	115	1	115	1	115	9.951e-13	550	1	0.9746	0.8582	
job_A	MGYP002724429324.pdb.gz	40	115	1	115	1	115	6.298e-13	549	1	0.9746	1.0	
job_A	MGYP001614325963.pdb.gz	39.3	117	1	117	1	117	8.383e-13	549	1	0.9915	1.0	
job_A	MGYP000697627011.pdb.gz	49.5	123	1	118	1	123	1.69e-13	549	1	1.0424	1.0	
job_A	MGYP000615536075.pdb.gz	48.7	121	1	118	1	121	1.895e-13	549	1	1.0254	0.9603	
job_A	MGYP000585587891.pdb.gz	50.9	110	1	110	47	156	5.305e-13	549	1	0.9322	0.7006	
job_A	MGYP000100161621.pdb.gz	46	113	1	113	1	113	1.054e-12	548	1	0.9576	0.876	
job_A	MGYP000436253957.pdb.gz	47.8	115	1	115	30	144	1.116e-12	548	1	0.9746	0.777	
job_A	MGYP002356366584.pdb.gz	57	114	5	118	1	114	4.22e-13	548	1	0.9661	0.7403	
job_A	MGYP002651831525.pdb.gz	48.3	120	1	117	57	176	2.523e-13	548	1	1.0169	0.6593	
job_A	MGYP001579751948.pdb.gz	41.7	115	1	115	3	117	8.876e-13	547	1	0.9746	0.9504	
job_A	MGYP003377599039.pdb.gz	51.2	119	3	118	35	153	1.424e-13	547	1	1.0085	0.7532	
job_A	MGYP001598327328.pdb.gz	52.5	116	1	116	1	116	1.181e-12	546	1	0.9831	0.9831	
job_A	MGYP000527034641.pdb.gz	48.7	121	1	118	1	121	1.69e-13	546	1	1.0254	0.9918	
job_A	MGYP001182013980.pdb.gz	46	115	1	115	1	115	9.951e-13	546	1	0.9746	0.7419	
job_A	MGYP001146782831.pdb.gz	43.4	115	1	115	1	115	8.876e-13	545	1	0.9746	0.9914	
job_A	MGYP000545342881.pdb.gz	41.7	115	1	115	1	115	8.383e-13	545	1	0.9746	0.9914	
job_A	MGYP000458403935.pdb.gz	41	117	1	117	1	117	8.876e-13	545	1	0.9915	1.0	
job_A	MGYP003382742344.pdb.gz	41.5	118	1	115	1	118	7.917e-13	545	1	1.0	1.0	
job_A	MGYP000423840645.pdb.gz	49.5	115	1	115	1	115	1.402e-12	545	1	0.9746	0.8214	
job_A	MGYP001415677350.pdb.gz	50.4	121	1	118	1	121	2.382e-13	544	1	1.0254	0.938	
job_A	MGYP002887363840.pdb.gz	52.1	115	1	115	35	149	8.876e-13	544	1	0.9746	0.7143	
job_A	MGYP000917350809.pdb.gz	44.9	118	1	118	1	118	5.948e-13	543	1	1.0	0.9916	
job_A	MGYP000856686651.pdb.gz	50.4	115	1	115	9	123	1.181e-12	543	1	0.9746	0.8456	
job_A	MGYP000609115953.pdb.gz	44.3	115	1	115	1	115	1.325e-12	542	1	0.9746	0.9914	
job_A	MGYP000480172304.pdb.gz	42.1	114	1	114	1	114	1.251e-12	542	1	0.9661	0.958	
job_A	MGYP000093056791.pdb.gz	54.4	123	1	118	1	123	1.508e-13	542	1	1.0424	0.9462	
job_A	MGYP003946117303.pdb.gz	47.3	114	1	114	1	114	1.116e-12	542	1	0.9661	0.8636	
job_A	MGYP001025664304.pdb.gz	47.4	118	1	118	24	141	5.305e-13	542	1	1.0	0.8138	
job_A	MGYP003440045299.pdb.gz	53.9	115	1	115	37	150	7.477e-13	542	1	0.9746	0.7667	
job_A	MGYP000883072472.pdb.gz	42.6	115	1	115	1	115	1.251e-12	541	1	0.9746	0.9914	
job_A	MGYP001490600771.pdb.gz	42.3	118	1	115	1	118	1.181e-12	541	1	1.0	0.9916	
job_A	MGYP000699270788.pdb.gz	47.1	121	1	118	39	159	3.986e-13	541	1	1.0254	0.7202	
job_A	MGYP002782525138.pdb.gz	41.7	115	1	115	1	115	1.116e-12	540	1	0.9746	0.9829	
job_A	MGYP003295157574.pdb.gz	45.2	115	1	115	1	115	1.116e-12	540	1	0.9746	0.9664	
job_A	MGYP002813486152.pdb.gz	49.5	119	1	116	3	121	5.617e-13	540	1	1.0085	0.9154	
job_A	MGYP000440973743.pdb.gz	51.2	121	1	118	39	159	2.671e-13	540	1	1.0254	0.7562	
job_A	MGYP000376677603.pdb.gz	46.6	120	1	117	1	120	4.732e-13	539	1	1.0169	1.0	
job_A	MGYP001809676018.pdb.gz	43.4	115	1	115	1	115	1.325e-12	539	1	0.9746	0.8984	
job_A	MGYP002738942707.pdb.gz	44.3	115	1	115	7	121	1.867e-12	539	1	0.9746	0.8915	
job_A	MGYP002619717580.pdb.gz	52.6	114	1	114	3	116	1.485e-12	539	1	0.9661	0.8507	
job_A	MGYP000678053849.pdb.gz	52.8	121	1	118	13	133	4.732e-13	539	1	1.0254	0.8521	
job_A	MGYP001568335654.pdb.gz	44.3	115	1	115	1	115	1.977e-12	538	1	0.9746	0.9914	
job_A	MGYP001082696806.pdb.gz	44.7	114	1	114	1	114	1.054e-12	538	1	0.9661	0.9661	
job_A	MGYP001048775435.pdb.gz	46.2	121	1	118	1	121	4.22e-13	538	1	1.0254	0.903	
job_A	MGYP000984397545.pdb.gz	52.3	107	1	107	1	107	1.181e-12	537	1	0.9068	0.9907	
job_A	MGYP001119428792.pdb.gz	53	113	3	115	2	114	1.181e-12	537	1	0.9576	0.9912	
job_A	MGYP001497146253.pdb.gz	42.6	115	1	115	1	115	1.977e-12	537	1	0.9746	0.9746	
job_A	MGYP001796485178.pdb.gz	51.2	119	1	118	18	136	1.763e-12	537	1	1.0085	0.8623	
job_A	MGYP003343117141.pdb.gz	38.5	114	1	114	1	114	1.867e-12	536	1	0.9661	0.9828	
job_A	MGYP001490889004.pdb.gz	44.3	115	1	115	1	115	1.867e-12	536	1	0.9746	0.9746	
job_A	MGYP000414163556.pdb.gz	49.1	120	1	117	1	120	4.469e-13	536	1	1.0169	1.0	
job_A	MGYP001287121213.pdb.gz	40.9	122	1	118	1	122	2.828e-13	536	1	1.0339	0.9242	
job_A	MGYP001139996924.pdb.gz	44.3	115	1	115	1	115	1.251e-12	535	1	0.9746	0.9914	
job_A	MGYP001201087438.pdb.gz	46	115	1	115	1	115	2.216e-12	535	1	0.9746	0.9746	
job_A	MGYP001320448728.pdb.gz	46.9	115	1	115	1	115	1.867e-12	535	1	0.9746	0.9664	
job_A	MGYP000564559727.pdb.gz	46.9	115	1	115	1	115	1.665e-12	535	1	0.9746	0.9664	
job_A	MGYP000228404206.pdb.gz	48.6	115	1	115	1	115	1.977e-12	535	1	0.9746	0.8582	
job_A	MGYP000290376861.pdb.gz	47.9	121	1	118	47	167	4.22e-13	535	1	1.0254	0.6994	
job_A	MGYP001559879655.pdb.gz	44.3	115	1	115	1	115	1.867e-12	534	1	0.9746	0.9914	
job_A	MGYP000561645559.pdb.gz	46	115	1	115	1	115	2.216e-12	534	1	0.9746	0.9914	
job_A	MGYP000498166249.pdb.gz	40.8	115	1	115	1	115	2.485e-12	534	1	0.9746	0.9583	
job_A	MGYP000300015266.pdb.gz	41.8	117	1	117	1	115	8.876e-13	533	1	0.9915	1.0174	
job_A	MGYP002683649790.pdb.gz	40.8	115	1	115	1	115	1.665e-12	533	1	0.9746	1.0	
job_A	MGYP001771016542.pdb.gz	43.8	114	1	114	1	114	2.346e-12	533	1	0.9661	0.9661	
job_A	MGYP000963490511.pdb.gz	46.9	113	3	115	2	114	1.402e-12	533	1	0.9576	0.9496	
job_A	MGYP000282913720.pdb.gz	40	115	1	115	1	115	2.093e-12	533	1	0.9746	0.9664	
job_A	MGYP001548782846.pdb.gz	50.4	121	1	118	1	121	6.669e-13	533	1	1.0254	0.9837	
job_A	MGYP003576238486.pdb.gz	50.4	115	1	115	22	136	1.402e-12	533	1	0.9746	0.7986	
job_A	MGYP001060991336.pdb.gz	41.3	121	1	118	42	162	7.061e-13	533	1	1.0254	0.7202	
job_A	MGYP000014694787.pdb.gz	50	114	1	114	52	165	1.402e-12	533	1	0.9661	0.6746	
job_A	MGYP001494345531.pdb.gz	45.9	122	1	118	50	171	2.828e-13	533	1	1.0339	0.674	
job_A	MGYP000262096574.pdb.gz	42.6	115	1	115	1	115	2.216e-12	532	1	0.9746	1.0	
job_A	MGYP002628003601.pdb.gz	46.5	116	1	116	1	116	1.763e-12	532	1	0.9831	0.9667	
job_A	MGYP000215212816.pdb.gz	52.5	116	1	115	1	116	1.977e-12	532	1	0.9831	0.8722	
job_A	MGYP000299510621.pdb.gz	46.2	121	1	118	38	158	8.383e-13	532	1	1.0254	0.7423	
job_A	MGYP001014743219.pdb.gz	47.8	115	1	115	44	158	2.093e-12	532	1	0.9746	0.7055	
job_A	MGYP001274810269.pdb.gz	40	115	1	115	1	115	1.867e-12	531	1	0.9746	0.9914	
job_A	MGYP000494623141.pdb.gz	39.4	114	1	114	1	114	1.977e-12	531	1	0.9661	0.9828	
job_A	MGYP000653862430.pdb.gz	38.2	115	1	115	1	115	2.216e-12	531	1	0.9746	0.9746	
job_A	MGYP000655916503.pdb.gz	41.7	115	1	115	1	115	2.786e-12	531	1	0.9746	0.9746	
job_A	MGYP000027919866.pdb.gz	48.6	115	1	115	1	115	2.346e-12	531	1	0.9746	0.9664	
job_A	MGYP001064211614.pdb.gz	46.9	115	1	115	1	115	2.216e-12	531	1	0.9746	0.9504	
job_A	MGYP001443613308.pdb.gz	38.4	117	1	117	7	123	2.093e-12	531	1	0.9915	0.9512	
job_A	MGYP002522875018.pdb.gz	48.6	113	1	113	15	127	1.054e-12	531	1	0.9576	0.8898	
job_A	MGYP003606556641.pdb.gz	47.9	121	1	118	1	121	4.469e-13	531	1	1.0254	0.9453	
job_A	MGYP000847814768.pdb.gz	42.1	114	1	114	1	114	2.786e-12	531	1	0.9661	0.8837	
job_A	MGYP003621543984.pdb.gz	51.7	112	1	112	1	112	1.181e-12	530	1	0.9492	1.0	
job_A	MGYP001260111501.pdb.gz	42.6	115	1	115	1	115	2.346e-12	530	1	0.9746	0.9914	
job_A	MGYP000443650856.pdb.gz	48.2	116	1	115	1	116	1.665e-12	530	1	0.9831	0.9831	
job_A	MGYP001769778750.pdb.gz	46.4	114	1	114	1	114	2.631e-12	530	1	0.9661	0.95	
job_A	MGYP000586211701.pdb.gz	45.6	116	1	115	1	116	2.093e-12	530	1	0.9831	0.9667	
job_A	MGYP001305244204.pdb.gz	48.6	115	1	115	1	115	2.093e-12	530	1	0.9746	0.8779	
job_A	MGYP001545175995.pdb.gz	51.2	121	1	118	1	121	7.477e-13	530	1	1.0254	0.6994	
job_A	MGYP001602490221.pdb.gz	42.6	115	1	115	1	115	1.665e-12	529	1	0.9746	0.9914	
job_A	MGYP001550464211.pdb.gz	45.6	114	1	114	1	114	3.501e-12	529	1	0.9661	0.958	
job_A	MGYP000069166787.pdb.gz	45.2	115	1	115	1	115	2.346e-12	529	1	0.9746	0.9583	
job_A	MGYP001148207864.pdb.gz	44.1	120	1	117	1	120	7.061e-13	529	1	1.0169	1.0	
job_A	MGYP000680325329.pdb.gz	43.7	112	1	112	1	112	2.786e-12	529	1	0.9492	0.8682	
job_A	MGYP000865983547.pdb.gz	46.6	120	1	117	1	120	1.116e-12	529	1	1.0169	0.916	
job_A	MGYP003326807103.pdb.gz	49.5	105	1	105	1	105	1.763e-12	528	1	0.8898	0.9545	
job_A	MGYP002870487096.pdb.gz	50.4	107	1	107	3	109	2.093e-12	528	1	0.9068	0.9727	
job_A	MGYP000020467249.pdb.gz	42.7	110	1	110	1	110	2.346e-12	528	1	0.9322	0.9821	
job_A	MGYP001226942860.pdb.gz	38.2	115	1	115	1	115	2.786e-12	528	1	0.9746	0.9914	
job_A	MGYP000309573967.pdb.gz	42.1	114	1	114	1	114	3.123e-12	528	1	0.9661	0.9661	
job_A	MGYP001398888243.pdb.gz	44.8	116	1	116	1	116	4.157e-12	527	1	0.9831	1.0	
job_A	MGYP001269066419.pdb.gz	48.2	112	3	114	2	113	1.977e-12	527	1	0.9492	0.9655	
job_A	MGYP001610705966.pdb.gz	44.4	117	1	117	1	117	1.763e-12	527	1	0.9915	1.0	
job_A	MGYP000218041369.pdb.gz	43.1	116	1	115	1	116	2.216e-12	527	1	0.9831	0.9915	
job_A	MGYP001218819113.pdb.gz	42.3	118	1	118	1	118	1.325e-12	527	1	1.0	1.0	
job_A	MGYP000689247603.pdb.gz	49.5	115	1	115	1	115	2.216e-12	527	1	0.9746	0.9664	
job_A	MGYP002626547222.pdb.gz	46.2	121	1	118	1	121	1.116e-12	527	1	1.0254	0.968	
job_A	MGYP000627327929.pdb.gz	40.8	115	1	115	1	115	3.708e-12	526	1	0.9746	0.9664	
job_A	MGYP001072827299.pdb.gz	50.4	119	3	118	2	120	5.305e-13	526	1	1.0085	0.952	
job_A	MGYP002628314050.pdb.gz	43.8	114	1	114	1	114	3.123e-12	526	1	0.9661	0.6867	
job_A	MGYP001349302570.pdb.gz	36.5	115	1	115	1	115	2.786e-12	525	1	0.9746	1.0	
job_A	MGYP003312473590.pdb.gz	45.2	115	1	115	1	115	2.949e-12	525	1	0.9746	0.9746	
job_A	MGYP001456331953.pdb.gz	38.2	115	1	115	1	115	3.708e-12	525	1	0.9746	0.9746	
job_A	MGYP001276469093.pdb.gz	45.2	115	1	115	1	115	2.949e-12	525	1	0.9746	0.9583	
job_A	MGYP000875649671.pdb.gz	44.9	118	1	115	1	118	1.251e-12	525	1	1.0	0.9833	
job_A	MGYP000942397479.pdb.gz	43.4	115	1	115	1	115	2.485e-12	525	1	0.9746	0.935	
job_A	MGYP000546947762.pdb.gz	41.7	115	1	115	1	115	1.977e-12	525	1	0.9746	0.9127	
job_A	MGYP001220249754.pdb.gz	47.4	118	1	117	8	125	3.926e-12	525	1	1.0	0.9077	
job_A	MGYP003606133493.pdb.gz	45.2	115	1	115	11	125	5.225e-12	525	1	0.9746	0.8647	
job_A	MGYP000266679734.pdb.gz	37.9	116	1	116	1	116	3.123e-12	524	1	0.9831	1.0	
job_A	MGYP000079144601.pdb.gz	38.9	118	1	118	1	118	1.572e-12	524	1	1.0	1.0	
job_A	MGYP001598237993.pdb.gz	39.1	115	1	115	1	115	3.123e-12	524	1	0.9746	0.9664	
job_A	MGYP000875773938.pdb.gz	44.7	114	1	114	1	114	5.225e-12	524	1	0.9661	0.95	
job_A	MGYP000188546001.pdb.gz	39.1	115	1	115	1	115	4.935e-12	524	1	0.9746	0.9583	
job_A	MGYP001442225790.pdb.gz	40.8	115	1	115	1	115	3.307e-12	523	1	0.9746	0.9746	
job_A	MGYP000512322367.pdb.gz	43.2	118	1	115	1	118	1.485e-12	523	1	1.0	1.0	
job_A	MGYP003490518991.pdb.gz	40.6	118	1	118	2	119	2.346e-12	523	1	1.0	0.9833	
job_A	MGYP000089896478.pdb.gz	46	115	1	115	1	115	2.485e-12	523	1	0.9746	0.6845	
job_A	MGYP000772175948.pdb.gz	44.8	116	1	114	51	166	3.501e-12	523	1	0.9831	0.6374	
job_A	MGYP001353797232.pdb.gz	45.2	115	1	115	1	114	3.708e-12	522	1	0.9746	1.0088	
job_A	MGYP001029575686.pdb.gz	50.4	113	3	115	2	114	3.501e-12	522	1	0.9576	0.9912	
job_A	MGYP001164180966.pdb.gz	41.7	115	1	115	1	115	3.501e-12	522	1	0.9746	0.9914	
job_A	MGYP001380318693.pdb.gz	37.3	115	1	115	1	115	4.66e-12	522	1	0.9746	0.9914	
job_A	MGYP000651629740.pdb.gz	42.6	115	1	115	1	115	2.631e-12	522	1	0.9746	0.9746	
job_A	MGYP000896495815.pdb.gz	42.6	115	1	115	1	115	3.307e-12	522	1	0.9746	0.9664	
job_A	MGYP001611017670.pdb.gz	44.9	118	1	118	1	118	3.501e-12	522	1	1.0	0.9752	
job_A	MGYP000680410403.pdb.gz	48.7	121	1	118	1	121	1.402e-12	522	1	1.0254	0.9837	
job_A	MGYP000884420137.pdb.gz	46.2	121	1	118	1	121	1.251e-12	522	1	1.0254	0.9237	
job_A	MGYP001546369516.pdb.gz	50.4	113	1	113	1	113	4.157e-12	521	1	0.9576	0.9912	
job_A	MGYP001280703036.pdb.gz	42.9	114	1	114	1	114	3.123e-12	521	1	0.9661	0.9661	
job_A	MGYP000274201082.pdb.gz	45.3	119	1	118	1	119	6.203e-12	521	1	1.0085	1.0	
job_A	MGYP001675862957.pdb.gz	42.2	116	1	115	41	156	4.66e-12	521	1	0.9831	0.7342	
job_A	MGYP003303862188.pdb.gz	42.1	121	1	117	45	165	8.876e-13	521	1	1.0254	0.6875	
job_A	MGYP000383167570.pdb.gz	37.9	116	1	116	1	116	3.501e-12	520	1	0.9831	1.0	
job_A	MGYP001816053925.pdb.gz	40	115	1	115	1	115	3.307e-12	520	1	0.9746	0.9504	
job_A	MGYP000741756842.pdb.gz	39.6	116	1	116	9	124	1.572e-12	520	1	0.9831	0.7342	
job_A	MGYP001474698406.pdb.gz	42.2	109	1	109	1	109	3.926e-12	519	1	0.9237	1.0	
job_A	MGYP001767362115.pdb.gz	40.8	115	1	115	1	115	4.401e-12	519	1	0.9746	0.9914	
job_A	MGYP001598238803.pdb.gz	41.7	115	1	115	1	115	4.157e-12	519	1	0.9746	0.9914	
job_A	MGYP000897644622.pdb.gz	40.1	117	1	117	1	117	4.157e-12	519	1	0.9915	1.0	
job_A	MGYP000382988337.pdb.gz	40.1	117	1	117	1	117	3.926e-12	519	1	0.9915	1.0	
job_A	MGYP001186058317.pdb.gz	45.6	114	1	114	1	114	3.708e-12	519	1	0.9661	0.9661	
job_A	MGYP000076622914.pdb.gz	42.6	115	1	115	1	115	4.157e-12	519	1	0.9746	0.9664	
job_A	MGYP002019890309.pdb.gz	47.8	115	1	115	2	116	3.926e-12	519	1	0.9746	0.9504	
job_A	MGYP001805964078.pdb.gz	44.8	116	1	116	1	116	5.533e-12	519	1	0.9831	0.9062	
job_A	MGYP002630657976.pdb.gz	44.3	115	1	115	50	164	5.533e-12	519	1	0.9746	0.6928	
job_A	MGYP001202547180.pdb.gz	42.4	113	1	113	1	113	5.533e-12	518	1	0.9576	0.9912	
job_A	MGYP001340466081.pdb.gz	41.7	115	1	115	1	115	6.568e-12	518	1	0.9746	1.0	
job_A	MGYP003872500347.pdb.gz	40	115	1	115	1	115	4.401e-12	518	1	0.9746	0.9914	
job_A	MGYP001097428391.pdb.gz	43.8	114	1	114	1	114	7.797e-12	518	1	0.9661	0.9828	
job_A	MGYP000921637139.pdb.gz	43.1	116	1	115	1	116	6.203e-12	518	1	0.9831	1.0	
job_A	MGYP001407797391.pdb.gz	40	115	1	115	1	115	6.203e-12	518	1	0.9746	0.9746	
job_A	MGYP000185712045.pdb.gz	48.7	121	1	118	1	121	1.572e-12	518	1	1.0254	0.9098	
job_A	MGYP001084215061.pdb.gz	43.5	117	1	117	1	117	3.307e-12	518	1	0.9915	0.7697	
job_A	MGYP001766342376.pdb.gz	42.9	114	1	114	42	155	8.256e-12	518	1	0.9661	0.7081	
job_A	MGYP001985532219.pdb.gz	48.6	115	1	115	47	161	3.708e-12	518	1	0.9746	0.6765	
job_A	MGYP001420839302.pdb.gz	46.2	108	1	108	1	108	4.157e-12	517	1	0.9153	1.0	
job_A	MGYP001610238554.pdb.gz	46.6	118	1	118	1	116	1.763e-12	517	1	1.0	1.0085	
job_A	MGYP001180495305.pdb.gz	44.7	114	1	114	1	114	5.533e-12	517	1	0.9661	0.95	
job_A	MGYP001819725518.pdb.gz	48.2	114	1	114	3	116	5.225e-12	517	1	0.9661	0.8769	
job_A	MGYP002726388131.pdb.gz	46.6	120	1	117	9	128	1.867e-12	517	1	1.0169	0.8955	
job_A	MGYP000685457000.pdb.gz	39.8	118	1	117	1	118	3.501e-12	516	1	1.0	1.0	
job_A	MGYP000853340001.pdb.gz	43.1	116	1	115	1	116	7.797e-12	516	1	0.9831	0.9831	
job_A	MGYP003580025381.pdb.gz	47.8	115	1	115	1	115	6.955e-12	516	1	0.9746	0.9055	
job_A	MGYP001101226063.pdb.gz	49.1	114	1	114	1	114	4.157e-12	516	1	0.9661	0.8906	
job_A	MGYP003335887121.pdb.gz	45.6	114	2	115	5	118	5.533e-12	516	1	0.9661	0.8382	
job_A	MGYP001553405540.pdb.gz	46.5	116	1	115	30	145	6.203e-12	516	1	0.9831	0.8	
job_A	MGYP001235774590.pdb.gz	41.7	115	1	115	23	137	7.364e-12	516	1	0.9746	0.7823	
job_A	MGYP001086989404.pdb.gz	38.2	115	1	115	1	115	6.955e-12	515	1	0.9746	1.0	
job_A	MGYP001287835726.pdb.gz	42.6	115	1	115	1	115	6.955e-12	515	1	0.9746	0.9914	
job_A	MGYP000227013019.pdb.gz	44	118	1	118	1	118	6.568e-12	515	1	1.0	1.0	
job_A	MGYP000877426410.pdb.gz	44.3	115	1	115	1	115	1.164e-11	515	1	0.9746	0.9664	
job_A	MGYP001243351924.pdb.gz	49.1	118	1	115	1	118	3.501e-12	515	1	1.0	0.9916	
job_A	MGYP001229786595.pdb.gz	42.6	115	1	115	1	115	5.533e-12	515	1	0.9746	0.9583	
job_A	MGYP002766428097.pdb.gz	47.3	114	1	114	1	114	5.858e-12	515	1	0.9661	0.9048	
job_A	MGYP000212155109.pdb.gz	45.7	118	1	115	1	118	3.123e-12	515	1	1.0	0.831	
job_A	MGYP000617673704.pdb.gz	43.8	114	1	114	25	138	3.926e-12	515	1	0.9661	0.8028	
job_A	MGYP000482083840.pdb.gz	40.5	116	1	116	53	168	8.742e-12	515	1	0.9831	0.6905	
job_A	MGYP001186184905.pdb.gz	44	109	1	109	1	109	4.66e-12	514	1	0.9237	1.0	
job_A	MGYP001475081285.pdb.gz	37	116	1	115	1	116	5.533e-12	514	1	0.9831	0.9915	
job_A	MGYP000291096110.pdb.gz	44.9	118	1	118	1	118	4.66e-12	514	1	1.0	0.9916	
job_A	MGYP001350449274.pdb.gz	42.6	115	1	115	1	115	6.568e-12	514	1	0.9746	0.9426	
job_A	MGYP000974757279.pdb.gz	43.8	114	1	114	1	114	3.926e-12	514	1	0.9661	0.8976	
job_A	MGYP001202875467.pdb.gz	44.7	114	1	114	1	114	7.364e-12	514	1	0.9661	0.8837	
job_A	MGYP001025025837.pdb.gz	50	114	1	114	1	114	4.935e-12	514	1	0.9661	0.8085	
job_A	MGYP000968867285.pdb.gz	33.9	115	1	115	1	115	7.797e-12	513	1	0.9746	0.9914	
job_A	MGYP000353809618.pdb.gz	42.2	116	1	116	1	116	6.955e-12	513	1	0.9831	1.0	
job_A	MGYP001165211278.pdb.gz	40.6	118	1	115	1	118	3.123e-12	513	1	1.0	1.0	
job_A	MGYP001578355871.pdb.gz	48.3	122	1	118	1	122	1.251e-12	513	1	1.0339	1.0	
job_A	MGYP000875875048.pdb.gz	45.2	115	1	115	1	115	7.797e-12	513	1	0.9746	0.935	
job_A	MGYP001101504502.pdb.gz	44	118	1	118	4	121	7.797e-12	513	1	1.0	0.944	
job_A	MGYP001408983552.pdb.gz	44.4	108	1	108	49	156	4.935e-12	513	1	0.9153	0.6923	
job_A	MGYP000657108309.pdb.gz	40.1	117	1	117	1	115	4.157e-12	512	1	0.9915	1.0174	
job_A	MGYP000461346548.pdb.gz	36.5	115	1	115	1	115	6.568e-12	512	1	0.9746	0.9914	
job_A	MGYP002642115962.pdb.gz	44	118	1	115	1	118	5.858e-12	512	1	1.0	1.0	
job_A	MGYP001323105997.pdb.gz	44.8	116	1	115	1	116	7.797e-12	512	1	0.9831	0.9831	
job_A	MGYP000213594335.pdb.gz	42.2	116	1	115	1	114	3.123e-12	512	1	0.9831	0.9748	
job_A	MGYP001172530349.pdb.gz	38.2	115	1	115	46	160	6.568e-12	512	1	0.9746	0.6183	
job_A	MGYP000303556505.pdb.gz	40.8	115	1	115	1	114	5.533e-12	511	1	0.9746	1.0	
job_A	MGYP003395550006.pdb.gz	40.8	115	1	115	1	115	8.742e-12	511	1	0.9746	0.9746	
job_A	MGYP001814583098.pdb.gz	41.7	115	1	115	1	115	4.66e-12	511	1	0.9746	0.9583	
job_A	MGYP002389712691.pdb.gz	45.6	116	1	116	34	149	6.203e-12	511	1	0.9831	0.725	
job_A	MGYP000397481219.pdb.gz	45.6	116	1	116	61	176	8.256e-12	511	1	0.9831	0.6203	
job_A	MGYP001584311867.pdb.gz	39.1	115	1	115	1	115	8.256e-12	510	1	0.9746	0.9914	
job_A	MGYP001335312764.pdb.gz	50.4	105	1	105	11	115	3.926e-12	510	1	0.8898	0.8974	
job_A	MGYP000182057038.pdb.gz	42.6	115	1	115	1	115	7.364e-12	510	1	0.9746	0.9664	
job_A	MGYP000677752922.pdb.gz	40.4	121	1	118	2	122	2.485e-12	510	1	1.0254	0.968	
job_A	MGYP001021160676.pdb.gz	49.5	121	1	118	1	121	1.763e-12	510	1	1.0254	0.9237	
job_A	MGYP000660353284.pdb.gz	47.2	108	1	108	1	106	5.858e-12	509	1	0.9153	1.0189	
job_A	MGYP003321099535.pdb.gz	34.7	115	1	115	1	115	1.038e-11	509	1	0.9746	0.9914	
job_A	MGYP000571792137.pdb.gz	42.4	113	3	115	2	114	4.66e-12	509	1	0.9576	0.9496	
job_A	MGYP001480295448.pdb.gz	44.9	118	1	118	1	118	6.955e-12	509	1	1.0	0.9833	
job_A	MGYP001581832147.pdb.gz	40.8	115	1	115	2	116	9.256e-12	509	1	0.9746	0.9583	
job_A	MGYP003997199435.pdb.gz	37.1	121	1	118	1	121	4.935e-12	509	1	1.0254	1.0	
job_A	MGYP000872484347.pdb.gz	43.4	115	1	115	1	115	6.203e-12	509	1	0.9746	0.8156	
job_A	MGYP000865382436.pdb.gz	46.7	109	1	109	1	109	9.256e-12	509	1	0.9237	0.7267	
job_A	MGYP003302195218.pdb.gz	42.1	114	1	114	1	114	1.099e-11	509	1	0.9661	0.6909	
job_A	MGYP000437436386.pdb.gz	46.7	109	1	109	21	129	8.256e-12	509	1	0.9237	0.6527	
job_A	MGYP001386325023.pdb.gz	45.3	108	1	108	6	113	6.568e-12	508	1	0.9153	0.9558	
job_A	MGYP001273761646.pdb.gz	35.9	114	1	114	1	114	9.256e-12	508	1	0.9661	0.9744	
job_A	MGYP000523302935.pdb.gz	40.6	118	1	117	1	118	3.708e-12	508	1	1.0	1.0	
job_A	MGYP001166132646.pdb.gz	42.3	118	1	118	1	118	9.801e-12	508	1	1.0	1.0	
job_A	MGYP001430897623.pdb.gz	40.3	114	1	114	1	114	7.364e-12	508	1	0.9661	0.9661	
job_A	MGYP001173202776.pdb.gz	41.7	115	1	115	1	114	1.099e-11	507	1	0.9746	1.0088	
job_A	MGYP001571961028.pdb.gz	40.8	115	1	115	1	115	9.256e-12	507	1	0.9746	0.9914	
job_A	MGYP000719450396.pdb.gz	46.5	116	1	115	1	116	4.66e-12	507	1	0.9831	0.9831	
job_A	MGYP001000636406.pdb.gz	40	120	1	117	1	120	5.225e-12	507	1	1.0169	1.0	
job_A	MGYP002395210238.pdb.gz	35	117	1	117	1	117	1.038e-11	507	1	0.9915	0.9213	
job_A	MGYP000938870253.pdb.gz	43.9	116	1	116	1	116	6.568e-12	507	1	0.9831	0.9062	
job_A	MGYP001460319155.pdb.gz	42.6	115	1	115	44	158	9.801e-12	507	1	0.9746	0.6805	
job_A	MGYP001349614630.pdb.gz	35.6	115	1	115	1	115	1.232e-11	506	1	0.9746	0.9914	
job_A	MGYP001338597014.pdb.gz	40	115	1	115	1	114	7.364e-12	506	1	0.9746	0.9829	
job_A	MGYP002859360575.pdb.gz	39.1	115	1	115	1	115	8.256e-12	506	1	0.9746	0.9746	
job_A	MGYP001465291709.pdb.gz	40.5	116	1	116	1	116	4.66e-12	506	1	0.9831	0.8992	
job_A	MGYP002639876983.pdb.gz	40.5	116	1	116	1	116	1.038e-11	506	1	0.9831	0.8992	
job_A	MGYP003586044381.pdb.gz	46.9	115	1	115	1	115	8.256e-12	506	1	0.9746	0.8779	
job_A	MGYP000933127970.pdb.gz	44.1	120	3	118	2	121	3.501e-12	506	1	1.0169	0.8889	
job_A	MGYP000973808190.pdb.gz	46.9	115	1	115	1	114	6.203e-12	506	1	0.9746	0.7823	
job_A	MGYP003507244195.pdb.gz	41.7	115	1	115	1	115	8.742e-12	505	1	0.9746	1.0	
job_A	MGYP001608012623.pdb.gz	38.5	114	1	114	1	114	1.099e-11	505	1	0.9661	0.9661	
job_A	MGYP003340501516.pdb.gz	46.9	115	1	115	1	115	1.305e-11	505	1	0.9746	0.9583	
job_A	MGYP002627738841.pdb.gz	49.5	111	1	111	1	111	8.742e-12	505	1	0.9407	0.745	
job_A	MGYP001573973281.pdb.gz	47.6	107	1	107	1	107	9.801e-12	504	1	0.9068	0.9907	
job_A	MGYP001066646873.pdb.gz	38	113	1	113	1	113	9.256e-12	504	1	0.9576	1.0	
job_A	MGYP001771177599.pdb.gz	46.9	115	1	115	1	113	5.533e-12	504	1	0.9746	0.9829	
job_A	MGYP001579762616.pdb.gz	35.6	115	1	115	1	115	9.256e-12	504	1	0.9746	0.9746	
job_A	MGYP001340786191.pdb.gz	38.2	115	1	115	1	115	1.839e-11	504	1	0.9746	0.9426	
job_A	MGYP000339306820.pdb.gz	43.6	119	1	116	1	119	6.568e-12	504	1	1.0085	0.937	
job_A	MGYP000223343036.pdb.gz	48.6	113	3	115	2	114	7.797e-12	503	1	0.9576	0.9912	
job_A	MGYP001488741010.pdb.gz	38.4	117	1	117	1	116	8.742e-12	503	1	0.9915	1.0086	
job_A	MGYP000296995114.pdb.gz	38.2	115	1	115	1	115	6.955e-12	503	1	0.9746	0.9914	
job_A	MGYP001419389407.pdb.gz	48.2	116	1	116	1	116	9.801e-12	503	1	0.9831	1.0	
job_A	MGYP001409522923.pdb.gz	44.9	109	1	109	1	109	1.164e-11	503	1	0.9237	0.9316	
job_A	MGYP001037260065.pdb.gz	36.5	115	1	115	1	115	1.099e-11	503	1	0.9746	0.9664	
job_A	MGYP000995984915.pdb.gz	43.1	116	1	116	1	116	7.364e-12	503	1	0.9831	0.8923	
job_A	MGYP001610824981.pdb.gz	47	119	1	118	31	149	4.157e-12	503	1	1.0085	0.7987	
job_A	MGYP001184373521.pdb.gz	38.2	115	1	115	1	115	1.099e-11	502	1	0.9746	1.0	
job_A	MGYP000979042187.pdb.gz	40.8	115	1	115	1	115	1.164e-11	502	1	0.9746	0.9914	
job_A	MGYP000950553893.pdb.gz	41.7	115	1	115	1	115	9.256e-12	502	1	0.9746	0.9746	
job_A	MGYP001219245319.pdb.gz	38.9	118	1	115	1	118	5.533e-12	502	1	1.0	0.9916	
job_A	MGYP000042699283.pdb.gz	40.8	115	1	115	1	115	1.736e-11	502	1	0.9746	0.9583	
job_A	MGYP002152850940.pdb.gz	43.9	116	1	115	23	138	1.64e-11	502	1	0.9831	0.8286	
job_A	MGYP001575441502.pdb.gz	45.3	108	3	110	2	109	9.256e-12	501	1	0.9153	0.9818	
job_A	MGYP000368318944.pdb.gz	45.7	107	1	107	2	108	6.955e-12	501	1	0.9068	0.9469	
job_A	MGYP001432868305.pdb.gz	41.7	115	1	115	1	115	1.038e-11	501	1	0.9746	1.0	
job_A	MGYP001617848874.pdb.gz	39.6	116	1	115	1	116	5.858e-12	501	1	0.9831	1.0	
job_A	MGYP002852510152.pdb.gz	47.8	115	1	115	1	113	6.568e-12	501	1	0.9746	0.9829	
job_A	MGYP003117226488.pdb.gz	44	118	1	115	1	118	5.858e-12	501	1	1.0	1.0	
job_A	MGYP000876612547.pdb.gz	45.5	112	1	112	25	136	8.256e-12	501	1	0.9492	0.7943	
job_A	MGYP000524842755.pdb.gz	40.8	115	1	115	1	113	5.858e-12	500	1	0.9746	1.0088	
job_A	MGYP001626137518.pdb.gz	41.7	115	1	115	1	113	1.164e-11	500	1	0.9746	1.0	
job_A	MGYP001381830253.pdb.gz	39.1	115	1	115	1	115	1.463e-11	500	1	0.9746	0.9914	
job_A	MGYP001003032119.pdb.gz	41.7	115	1	115	1	115	1.099e-11	500	1	0.9746	0.9746	
job_A	MGYP001317621764.pdb.gz	38.2	115	1	115	1	115	1.232e-11	500	1	0.9746	0.8846	
job_A	MGYP001397468208.pdb.gz	41.3	116	1	116	1	116	1.463e-11	500	1	0.9831	0.8923	
job_A	MGYP002392918749.pdb.gz	43.7	112	1	112	54	165	1.232e-11	500	1	0.9492	0.655	
job_A	MGYP001131309830.pdb.gz	61.7	94	1	94	1	94	4.66e-12	499	1	0.7966	1.0	
job_A	MGYP001804880835.pdb.gz	42.3	111	5	115	1	111	9.801e-12	499	1	0.9407	1.0	
job_A	MGYP000124274924.pdb.gz	36.7	117	1	117	1	117	7.797e-12	499	1	0.9915	1.0	
job_A	MGYP002654447493.pdb.gz	41.7	115	1	115	2	114	1.164e-11	499	1	0.9746	0.9746	
job_A	MGYP001497658774.pdb.gz	40.3	114	1	114	1	114	1.381e-11	499	1	0.9661	0.95	
job_A	MGYP000656317812.pdb.gz	38.5	114	2	115	33	146	1.463e-11	499	1	0.9661	0.7808	
job_A	MGYP000658913528.pdb.gz	43.4	115	1	115	1	113	7.797e-12	498	1	0.9746	1.0177	
job_A	MGYP001026178552.pdb.gz	37.6	117	1	117	1	117	1.305e-11	498	1	0.9915	1.0	
job_A	MGYP000905596061.pdb.gz	41.7	115	1	115	1	115	1.839e-11	498	1	0.9746	0.9746	
job_A	MGYP001046100432.pdb.gz	39.4	114	1	114	1	114	2.183e-11	498	1	0.9661	0.9661	
job_A	MGYP002858708423.pdb.gz	44	118	1	118	1	116	6.568e-12	498	1	1.0	0.7973	
job_A	MGYP000900406026.pdb.gz	44.5	119	3	118	2	120	4.401e-12	498	1	1.0085	0.7041	
job_A	MGYP001810702241.pdb.gz	44.3	115	1	115	1	113	9.256e-12	497	1	0.9746	1.0088	
job_A	MGYP000483420198.pdb.gz	40	115	1	115	1	115	2.744e-11	497	1	0.9746	0.9746	
job_A	MGYP000508566967.pdb.gz	41.3	116	1	116	1	116	2.183e-11	497	1	0.9831	0.9748	
job_A	MGYP001626209861.pdb.gz	41.3	121	1	118	1	121	3.708e-12	497	1	1.0254	1.0	
job_A	MGYP001193447214.pdb.gz	35.8	120	1	117	1	120	5.225e-12	497	1	1.0169	0.9836	
job_A	MGYP000014693907.pdb.gz	39.1	115	1	115	1	115	1.947e-11	497	1	0.9746	0.9426	
job_A	MGYP001217825443.pdb.gz	43.8	121	1	118	1	121	4.66e-12	497	1	1.0254	0.9453	
job_A	MGYP002758381536.pdb.gz	44.4	117	2	115	9	125	6.203e-12	497	1	0.9915	0.8731	
job_A	MGYP002750986630.pdb.gz	44.2	113	1	112	38	150	1.839e-11	497	1	0.9576	0.7434	
job_A	MGYP003832994049.pdb.gz	45.8	109	1	109	10	118	1.947e-11	497	1	0.9237	0.677	
job_A	MGYP000070269979.pdb.gz	55.8	102	1	102	1	102	6.955e-12	496	1	0.8644	1.0	
job_A	MGYP000117096403.pdb.gz	49.5	107	1	107	4	110	1.736e-11	496	1	0.9068	0.9386	
job_A	MGYP000390653798.pdb.gz	38.2	115	1	115	1	115	2.311e-11	496	1	0.9746	1.0	
job_A	MGYP000371397829.pdb.gz	40.1	112	1	112	1	112	1.305e-11	496	1	0.9492	0.9655	
job_A	MGYP000914513253.pdb.gz	41.9	112	1	112	1	112	1.164e-11	496	1	0.9492	0.9655	
job_A	MGYP001365463482.pdb.gz	40	115	1	115	1	115	2.311e-11	496	1	0.9746	0.9914	
job_A	MGYP003758534799.pdb.gz	40	115	1	115	1	115	1.64e-11	496	1	0.9746	0.9746	
job_A	MGYP001328633511.pdb.gz	41.7	115	1	115	1	115	1.736e-11	496	1	0.9746	0.9664	
job_A	MGYP000250468801.pdb.gz	37.3	115	1	115	1	115	1.305e-11	496	1	0.9746	0.9583	
job_A	MGYP003307827633.pdb.gz	39.1	115	1	115	4	118	1.164e-11	496	1	0.9746	0.9127	
job_A	MGYP000644509457.pdb.gz	40.8	120	1	117	1	118	3.501e-12	496	1	1.0169	0.9302	
job_A	MGYP003394197791.pdb.gz	37.3	115	1	115	1	115	1.736e-11	495	1	0.9746	0.9914	
job_A	MGYP003328079396.pdb.gz	37.3	115	1	115	2	116	2.183e-11	495	1	0.9746	0.9829	
job_A	MGYP001242602155.pdb.gz	39.1	115	1	115	1	114	1.64e-11	495	1	0.9746	0.9664	
job_A	MGYP001401661767.pdb.gz	37.5	120	1	117	2	121	8.742e-12	495	1	1.0169	0.9449	
job_A	MGYP000674431579.pdb.gz	37.9	116	1	116	24	139	2.061e-11	495	1	0.9831	0.8227	
job_A	MGYP003473903230.pdb.gz	35	114	1	114	21	134	2.591e-11	495	1	0.9661	0.8085	
job_A	MGYP003363120453.pdb.gz	48.1	110	1	110	60	169	1.947e-11	495	1	0.9322	0.6471	
job_A	MGYP000456893841.pdb.gz	39.1	115	1	115	1	115	2.183e-11	494	1	0.9746	0.9746	
job_A	MGYP001125600904.pdb.gz	38.3	120	1	117	1	120	7.797e-12	494	1	1.0169	0.9524	
job_A	MGYP000116386945.pdb.gz	43.1	116	1	116	1	116	2.061e-11	494	1	0.9831	0.8467	
job_A	MGYP001005533699.pdb.gz	40.3	114	1	114	1	114	1.947e-11	494	1	0.9661	0.8028	
job_A	MGYP000607290887.pdb.gz	39.1	115	1	115	1	113	8.742e-12	493	1	0.9746	1.0177	
job_A	MGYP000052997395.pdb.gz	44.7	114	1	114	1	112	1.736e-11	493	1	0.9661	0.9828	
job_A	MGYP000960761534.pdb.gz	36.9	119	1	118	1	119	9.256e-12	493	1	1.0085	1.0	
job_A	MGYP000907421861.pdb.gz	42.8	119	1	116	1	119	1.305e-11	493	1	1.0085	1.0	
job_A	MGYP001358313149.pdb.gz	42.9	114	1	114	2	115	2.744e-11	493	1	0.9661	0.95	
job_A	MGYP003542256305.pdb.gz	48.7	117	1	116	1	117	1.251e-12	493	1	0.9915	0.959	
job_A	MGYP001416051258.pdb.gz	40	115	1	115	1	115	2.061e-11	493	1	0.9746	0.935	
job_A	MGYP001591832594.pdb.gz	45.2	115	1	115	1	115	1.64e-11	493	1	0.9746	0.8984	
job_A	MGYP000995251371.pdb.gz	44.3	115	1	115	16	130	1.549e-11	493	1	0.9746	0.8779	
job_A	MGYP002674806348.pdb.gz	44.9	118	1	118	1	117	1.164e-11	493	1	1.0	0.8194	
job_A	MGYP000393472942.pdb.gz	40	115	1	115	1	115	2.447e-11	492	1	0.9746	1.0	
job_A	MGYP003799497283.pdb.gz	39.3	117	1	117	1	117	2.311e-11	492	1	0.9915	1.0	
job_A	MGYP001605904627.pdb.gz	37.3	115	1	115	1	115	1.736e-11	492	1	0.9746	0.9583	
job_A	MGYP000272634753.pdb.gz	35.6	115	1	115	1	115	2.311e-11	492	1	0.9746	0.9583	
job_A	MGYP001251455439.pdb.gz	37.3	115	1	115	4	118	1.736e-11	492	1	0.9746	0.935	
job_A	MGYP003344567519.pdb.gz	39.1	115	1	115	15	129	2.447e-11	492	1	0.9746	0.8712	
job_A	MGYP000667869368.pdb.gz	43.4	115	1	114	16	130	1.64e-11	492	1	0.9746	0.8099	
job_A	MGYP001384161078.pdb.gz	42.6	115	1	115	1	114	1.099e-11	491	1	0.9746	1.0088	
job_A	MGYP001187930371.pdb.gz	33.9	115	1	115	1	115	2.183e-11	491	1	0.9746	1.0	
job_A	MGYP001253499005.pdb.gz	36.5	115	1	115	1	115	3.652e-11	491	1	0.9746	0.9914	
job_A	MGYP000271121353.pdb.gz	37.6	117	1	117	2	116	2.905e-11	491	1	0.9915	1.0086	
job_A	MGYP001767308194.pdb.gz	36.9	119	1	116	1	119	7.797e-12	491	1	1.0085	1.0	
job_A	MGYP001601998745.pdb.gz	39.1	120	1	117	1	119	6.203e-12	491	1	1.0169	1.0084	
job_A	MGYP001382959941.pdb.gz	37.3	115	1	115	1	115	1.839e-11	491	1	0.9746	0.9504	
job_A	MGYP000002899587.pdb.gz	43.4	115	1	115	2	116	1.232e-11	491	1	0.9746	0.8984	
job_A	MGYP000328753560.pdb.gz	40.5	116	1	115	1	116	1.549e-11	491	1	0.9831	0.8992	
job_A	MGYP002759375153.pdb.gz	45.4	121	1	118	1	119	2.485e-12	491	1	1.0254	0.8705	
job_A	MGYP003508630099.pdb.gz	41	112	1	112	1	112	1.736e-11	490	1	0.9492	0.9825	
job_A	MGYP000600255393.pdb.gz	43.9	116	1	116	1	114	1.164e-11	490	1	0.9831	0.9915	
job_A	MGYP001068820270.pdb.gz	40.8	115	1	115	29	143	2.183e-11	490	1	0.9746	0.7278	
job_A	MGYP001398483067.pdb.gz	44.5	110	1	110	1	109	1.099e-11	489	1	0.9322	1.0092	
job_A	MGYP000174277230.pdb.gz	42.3	118	1	115	1	116	6.568e-12	489	1	1.0	1.0172	
job_A	MGYP001492951562.pdb.gz	41.8	117	1	117	1	117	2.311e-11	489	1	0.9915	1.0	
job_A	MGYP000854568639.pdb.gz	36.4	118	1	117	1	118	9.801e-12	489	1	1.0	1.0	
job_A	MGYP001501588984.pdb.gz	38.1	118	1	115	1	118	9.801e-12	489	1	1.0	1.0	
job_A	MGYP003694584287.pdb.gz	41.2	114	1	114	1	114	3.652e-11	489	1	0.9661	0.8702	
job_A	MGYP002481249750.pdb.gz	35.5	118	1	118	39	156	2.905e-11	489	1	1.0	0.7421	
job_A	MGYP001548961032.pdb.gz	46	113	1	113	1	111	1.947e-11	488	1	0.9576	1.0089	
job_A	MGYP001556897565.pdb.gz	48.6	109	7	115	2	110	2.061e-11	488	1	0.9237	0.9478	
job_A	MGYP001282499902.pdb.gz	43.5	117	3	117	2	118	1.463e-11	488	1	0.9915	0.9915	
job_A	MGYP001131188416.pdb.gz	40.6	118	1	115	1	118	1.232e-11	488	1	1.0	1.0	
job_A	MGYP001774219432.pdb.gz	40.3	114	1	114	1	112	9.256e-12	488	1	0.9661	0.95	
job_A	MGYP003623144165.pdb.gz	35.5	118	1	118	8	123	1.463e-11	488	1	1.0	0.9365	
job_A	MGYP003558567074.pdb.gz	44	109	1	109	49	157	2.311e-11	488	1	0.9237	0.6943	
job_A	MGYP002589376011.pdb.gz	39.2	112	1	112	1	109	1.64e-11	487	1	0.9492	0.9912	
job_A	MGYP001092987933.pdb.gz	40.4	121	1	118	3	123	1.038e-11	487	1	1.0254	0.9308	
job_A	MGYP002870146492.pdb.gz	34.7	121	1	118	26	146	1.099e-11	487	1	1.0254	0.8121	
job_A	MGYP001388121436.pdb.gz	48.6	115	1	115	2	114	1.381e-11	486	1	0.9746	0.9426	
job_A	MGYP000430367008.pdb.gz	47.6	107	1	107	36	142	3.867e-11	486	1	0.9068	0.7431	
job_A	MGYP001062147785.pdb.gz	42.9	114	1	114	9	122	3.076e-11	486	1	0.9661	0.6867	
job_A	MGYP002783462086.pdb.gz	53.3	103	1	103	1	103	2.744e-11	485	1	0.8729	0.9904	
job_A	MGYP001591890184.pdb.gz	41.7	115	1	115	1	115	5.77e-11	485	1	0.9746	0.9583	
job_A	MGYP001408718334.pdb.gz	38.5	114	1	114	1	112	1.64e-11	484	1	0.9661	1.0	
job_A	MGYP000930773256.pdb.gz	40.6	118	1	115	1	118	2.061e-11	484	1	1.0	1.0	
job_A	MGYP000092701379.pdb.gz	43.8	114	3	115	2	115	3.652e-11	484	1	0.9661	0.95	
job_A	MGYP000389622905.pdb.gz	50	116	1	116	1	113	1.736e-11	484	1	0.9831	0.9355	
job_A	MGYP001050163669.pdb.gz	36.3	121	1	118	7	126	8.256e-12	484	1	1.0254	0.9237	
job_A	MGYP001823261091.pdb.gz	38.2	115	1	115	4	118	2.905e-11	484	1	0.9746	0.8333	
job_A	MGYP003575538794.pdb.gz	46.4	114	1	114	1	114	3.449e-11	484	1	0.9661	0.8085	
job_A	MGYP003179318281.pdb.gz	48.1	110	1	110	1	105	2.183e-11	483	1	0.9322	1.0092	
job_A	MGYP001076935004.pdb.gz	27.8	115	1	115	1	115	3.449e-11	483	1	0.9746	0.9914	
job_A	MGYP001627648196.pdb.gz	37.9	116	1	115	1	116	2.591e-11	483	1	0.9831	0.9915	
job_A	MGYP001465373720.pdb.gz	34.7	115	1	115	1	115	2.744e-11	483	1	0.9746	0.9746	
job_A	MGYP000294823001.pdb.gz	40.8	120	1	117	1	120	1.463e-11	483	1	1.0169	1.0	
job_A	MGYP001469392223.pdb.gz	39.8	118	1	118	1	117	2.183e-11	482	1	1.0	1.0085	
job_A	MGYP001412632783.pdb.gz	41.5	118	1	118	1	116	2.183e-11	481	1	1.0	1.0172	
job_A	MGYP001451521163.pdb.gz	40.8	115	1	115	1	115	5.146e-11	481	1	0.9746	0.9426	
job_A	MGYP000530730058.pdb.gz	46.2	121	1	118	1	121	9.801e-12	481	1	1.0254	0.968	
job_A	MGYP000733731922.pdb.gz	38.2	123	1	118	1	123	9.256e-12	481	1	1.0424	0.9762	
job_A	MGYP000052923898.pdb.gz	45	120	1	117	1	120	1.305e-11	481	1	1.0169	0.9023	
job_A	MGYP001318465020.pdb.gz	41.1	124	1	118	2	123	4.935e-12	481	1	1.0508	0.9185	
job_A	MGYP000279342162.pdb.gz	41.5	113	2	114	15	127	5.146e-11	481	1	0.9576	0.8248	
job_A	MGYP000882926472.pdb.gz	43.4	115	1	115	2	116	3.652e-11	481	1	0.9746	0.7986	
job_A	MGYP000944347458.pdb.gz	44.9	118	1	118	2	115	2.447e-11	480	1	1.0	0.9916	
job_A	MGYP003729673145.pdb.gz	39.2	107	1	107	23	129	3.449e-11	480	1	0.9068	0.7985	
job_A	MGYP001334877676.pdb.gz	39.1	115	1	115	1	114	2.311e-11	479	1	0.9746	1.0088	
job_A	MGYP001210701625.pdb.gz	43.3	113	1	113	2	112	5.449e-11	479	1	0.9576	0.9741	
job_A	MGYP000589581645.pdb.gz	38.1	118	1	118	1	118	3.076e-11	479	1	1.0	1.0	
job_A	MGYP000176173014.pdb.gz	40.8	115	1	115	1	115	3.449e-11	479	1	0.9746	0.9055	
job_A	MGYP001356545753.pdb.gz	55.5	99	1	99	1	99	1.839e-11	478	1	0.839	0.99	
job_A	MGYP001183163832.pdb.gz	45.1	113	1	113	1	112	5.77e-11	478	1	0.9576	1.0	
job_A	MGYP001772859877.pdb.gz	37.3	115	1	115	1	113	5.449e-11	478	1	0.9746	0.9829	
job_A	MGYP003313923610.pdb.gz	42.7	110	1	110	1	110	3.257e-11	478	1	0.9322	0.9016	
job_A	MGYP001307216910.pdb.gz	37	116	1	116	1	116	8.132e-11	478	1	0.9831	0.9431	
job_A	MGYP000101639029.pdb.gz	40	115	1	115	1	115	4.335e-11	478	1	0.9746	0.935	
job_A	MGYP002152439860.pdb.gz	41.3	121	1	118	19	139	1.736e-11	478	1	1.0254	0.8462	
job_A	MGYP002513071025.pdb.gz	41.9	112	1	112	43	154	3.652e-11	478	1	0.9492	0.7179	
job_A	MGYP003299305323.pdb.gz	42.3	111	2	112	46	156	4.094e-11	478	1	0.9407	0.6937	
job_A	MGYP000489057108.pdb.gz	37.3	115	1	115	51	165	5.146e-11	478	1	0.9746	0.6845	
job_A	MGYP001188477533.pdb.gz	41.3	116	3	115	2	115	1.839e-11	477	1	0.9831	1.0087	
job_A	MGYP000731124586.pdb.gz	46.4	112	3	114	2	111	2.591e-11	477	1	0.9492	0.9655	
job_A	MGYP001008404628.pdb.gz	36.7	117	1	117	1	117	6.469e-11	477	1	0.9915	1.0	
job_A	MGYP001253331381.pdb.gz	35	114	1	114	1	113	3.449e-11	477	1	0.9661	0.958	
job_A	MGYP002635964558.pdb.gz	49.5	115	5	116	2	116	2.744e-11	477	1	0.9746	0.9583	
job_A	MGYP000122578360.pdb.gz	48.6	115	3	115	2	111	1.947e-11	477	1	0.9746	0.8915	
job_A	MGYP002866512973.pdb.gz	37.3	115	1	115	20	134	5.77e-11	477	1	0.9746	0.8519	
job_A	MGYP000341259559.pdb.gz	37.5	120	1	117	55	174	2.183e-11	477	1	1.0169	0.663	
job_A	MGYP003598836758.pdb.gz	49.1	120	1	117	1	117	4.935e-12	476	1	1.0169	0.9677	
job_A	MGYP001584054414.pdb.gz	34.7	115	1	115	1	115	5.146e-11	476	1	0.9746	0.8273	
job_A	MGYP001202619041.pdb.gz	41.7	115	1	115	2	112	3.867e-11	475	1	0.9746	1.0	
job_A	MGYP001811460164.pdb.gz	42.8	119	1	118	1	117	2.311e-11	475	1	1.0085	1.0171	
job_A	MGYP001305837349.pdb.gz	43.5	117	1	116	1	117	5.77e-11	475	1	0.9915	0.975	
job_A	MGYP001618432743.pdb.gz	38.8	121	1	117	1	121	2.905e-11	475	1	1.0254	1.0	
job_A	MGYP001444282675.pdb.gz	40.4	121	1	118	1	121	1.549e-11	475	1	1.0254	0.9453	
job_A	MGYP000307457670.pdb.gz	45.2	117	1	116	1	115	3.257e-11	475	1	0.9915	0.907	
job_A	MGYP000750409937.pdb.gz	39.4	114	1	114	1	114	3.257e-11	475	1	0.9661	0.8444	
job_A	MGYP000446641756.pdb.gz	45.8	109	1	109	1	109	4.86e-11	474	1	0.9237	1.0	
job_A	MGYP001166920314.pdb.gz	34.4	116	3	118	2	117	5.146e-11	474	1	0.9831	0.9915	
job_A	MGYP002725692671.pdb.gz	43.3	113	3	115	2	114	7.68e-11	474	1	0.9576	0.9658	
job_A	MGYP002626199514.pdb.gz	37.1	121	1	118	1	121	2.447e-11	474	1	1.0254	0.9918	
job_A	MGYP001112630534.pdb.gz	39.4	119	1	116	1	118	1.839e-11	474	1	1.0085	0.952	
job_A	MGYP001469226191.pdb.gz	41.7	115	1	115	2	116	2.905e-11	474	1	0.9746	0.8456	
job_A	MGYP001433661534.pdb.gz	41.5	113	1	113	1	112	7.253e-11	473	1	0.9576	1.0	
job_A	MGYP000504063898.pdb.gz	42.9	114	1	114	1	112	6.109e-11	473	1	0.9661	0.9828	
job_A	MGYP003455780035.pdb.gz	39.2	112	1	112	25	136	4.59e-11	473	1	0.9492	0.8116	
job_A	MGYP001586094056.pdb.gz	36.5	115	1	115	9	123	6.109e-11	473	1	0.9746	0.7325	
job_A	MGYP001463920266.pdb.gz	42.5	108	1	108	1	106	4.335e-11	472	1	0.9153	1.0189	
job_A	MGYP001209279741.pdb.gz	37.3	115	1	115	1	113	4.59e-11	472	1	0.9746	1.0177	
job_A	MGYP000335272727.pdb.gz	40.5	116	1	115	1	115	4.335e-11	472	1	0.9831	0.9831	
job_A	MGYP000078110388.pdb.gz	38.1	118	1	115	1	118	1.64e-11	472	1	1.0	1.0	
job_A	MGYP001544911288.pdb.gz	48.6	111	5	115	1	111	6.109e-11	472	1	0.9407	0.9328	
job_A	MGYP001441720120.pdb.gz	34.2	114	1	114	1	113	4.094e-11	472	1	0.9661	0.958	
job_A	MGYP001575972917.pdb.gz	40	115	1	115	1	115	5.146e-11	472	1	0.9746	0.8984	
job_A	MGYP000069290436.pdb.gz	44.6	112	1	112	1	110	4.59e-11	471	1	0.9492	0.9655	
job_A	MGYP002766204656.pdb.gz	38.7	116	1	116	1	108	2.183e-11	471	1	0.9831	0.9508	
job_A	MGYP001081752533.pdb.gz	40	115	1	115	1	115	6.109e-11	471	1	0.9746	0.9426	
job_A	MGYP001262095600.pdb.gz	38.8	121	1	117	2	122	2.905e-11	471	1	1.0254	0.9918	
job_A	MGYP003351693085.pdb.gz	37.2	118	1	115	4	121	4.094e-11	471	1	1.0	0.9516	
job_A	MGYP000854515838.pdb.gz	41.3	121	1	117	1	120	2.447e-11	471	1	1.0254	0.968	
job_A	MGYP001608759339.pdb.gz	40.5	111	5	115	1	111	5.77e-11	470	1	0.9407	1.0	
job_A	MGYP000235424517.pdb.gz	36.2	116	1	116	1	114	8.61e-11	470	1	0.9831	1.0	
job_A	MGYP000179980643.pdb.gz	39.4	114	1	114	1	113	8.132e-11	470	1	0.9661	0.9828	
job_A	MGYP001484948065.pdb.gz	33	115	1	115	1	115	7.68e-11	470	1	0.9746	0.9746	
job_A	MGYP000571294062.pdb.gz	35.9	114	1	114	1	114	1.36e-10	470	1	0.9661	0.9421	
job_A	MGYP000035236406.pdb.gz	46	115	1	115	1	113	4.094e-11	470	1	0.9746	0.935	
job_A	MGYP000914773650.pdb.gz	41	112	1	112	40	151	6.469e-11	470	1	0.9492	0.7226	
job_A	MGYP001336986639.pdb.gz	42.6	115	3	117	2	115	4.86e-11	469	1	0.9746	1.0	
job_A	MGYP000734893898.pdb.gz	43.1	116	1	116	2	115	4.094e-11	469	1	0.9831	0.9748	
job_A	MGYP001381794729.pdb.gz	43.4	115	1	115	1	110	3.652e-11	468	1	0.9746	1.0455	
job_A	MGYP001101388364.pdb.gz	38.9	118	1	115	1	116	1.736e-11	468	1	1.0	1.0172	
job_A	MGYP000474717287.pdb.gz	42.3	118	1	115	1	116	3.076e-11	468	1	1.0	1.0172	
job_A	MGYP001494043881.pdb.gz	33.9	112	1	112	1	112	5.77e-11	468	1	0.9492	0.9573	
job_A	MGYP003395226829.pdb.gz	41.8	122	1	117	1	120	3.257e-11	468	1	1.0339	0.9919	
job_A	MGYP000273225153.pdb.gz	43.1	116	1	116	1	115	6.109e-11	468	1	0.9831	0.8992	
job_A	MGYP001409795895.pdb.gz	41.9	112	2	113	31	142	7.253e-11	468	1	0.9492	0.6292	
job_A	MGYP001774171597.pdb.gz	35.6	115	1	115	1	113	5.77e-11	467	1	0.9746	0.9914	
job_A	MGYP001084004822.pdb.gz	42.1	121	1	118	1	121	2.744e-11	467	1	1.0254	0.9837	
job_A	MGYP001009844288.pdb.gz	43.4	115	1	115	36	146	6.85e-11	467	1	0.9746	0.777	
job_A	MGYP001413826188.pdb.gz	39	110	1	110	1	108	6.469e-11	466	1	0.9322	1.0185	
job_A	MGYP001599930040.pdb.gz	43.4	115	1	115	8	120	8.132e-11	466	1	0.9746	0.9055	
job_A	MGYP001576662878.pdb.gz	39.1	115	1	115	31	145	1.441e-10	466	1	0.9746	0.777	
job_A	MGYP000561861551.pdb.gz	37.9	116	1	116	1	112	6.109e-11	465	1	0.9831	1.0175	
job_A	MGYP001562213553.pdb.gz	33.9	115	1	114	1	115	7.68e-11	465	1	0.9746	0.9664	
job_A	MGYP001040121223.pdb.gz	38.8	121	1	118	13	133	3.652e-11	465	1	1.0254	0.8963	
job_A	MGYP001438970418.pdb.gz	33.9	115	1	115	1	114	7.68e-11	464	1	0.9746	1.0088	
job_A	MGYP001313550677.pdb.gz	39.1	115	1	115	2	112	6.469e-11	464	1	0.9746	0.9914	
job_A	MGYP001574398845.pdb.gz	33	115	1	115	1	115	1.082e-10	464	1	0.9746	0.9583	
job_A	MGYP001604472189.pdb.gz	36.5	115	1	115	1	113	9.117e-11	464	1	0.9746	0.9583	
job_A	MGYP000450850656.pdb.gz	37.6	117	1	115	2	118	7.68e-11	464	1	0.9915	0.8478	
job_A	MGYP001385838703.pdb.gz	41.5	113	1	113	1	112	1.441e-10	463	1	0.9576	1.0	
job_A	MGYP001791842162.pdb.gz	36.5	123	1	118	1	123	2.744e-11	463	1	1.0424	1.0	
job_A	MGYP001436902098.pdb.gz	37.3	115	1	115	2	116	1.146e-10	463	1	0.9746	0.9055	
job_A	MGYP001577518661.pdb.gz	39.4	119	2	114	3	111	2.905e-11	463	1	1.0085	0.9154	
job_A	MGYP002028420170.pdb.gz	38.5	109	1	109	24	132	1.146e-10	462	1	0.9237	0.8258	
job_A	MGYP001765326947.pdb.gz	47.2	108	1	108	1	106	6.469e-11	461	1	0.9153	1.0189	
job_A	MGYP001353196011.pdb.gz	37.3	115	1	115	1	113	1.213e-10	461	1	0.9746	1.0088	
job_A	MGYP001476117456.pdb.gz	37.6	117	2	118	3	117	5.77e-11	461	1	0.9915	1.0	
job_A	MGYP001235118497.pdb.gz	39.8	118	1	118	1	114	7.68e-11	461	1	1.0	0.9916	
job_A	MGYP001438211048.pdb.gz	31.8	116	1	116	2	117	1.917e-10	461	1	0.9831	0.9587	
job_A	MGYP001596133097.pdb.gz	36.2	116	1	115	1	116	9.117e-11	461	1	0.9831	0.9062	
job_A	MGYP003352313931.pdb.gz	41	112	3	114	2	113	1.213e-10	461	1	0.9492	0.8116	
job_A	MGYP001568956455.pdb.gz	36.5	115	1	115	1	111	1.146e-10	460	1	0.9746	1.0088	
job_A	MGYP001562618411.pdb.gz	38.4	117	1	115	1	113	5.146e-11	460	1	0.9915	1.0263	
job_A	MGYP000700299672.pdb.gz	44.3	115	1	115	1	113	7.68e-11	460	1	0.9746	0.9664	
job_A	MGYP000303648698.pdb.gz	35.8	120	1	117	1	120	5.146e-11	460	1	1.0169	0.9231	
job_A	MGYP001307016772.pdb.gz	40.1	112	1	112	40	151	1.811e-10	460	1	0.9492	0.7417	
job_A	MGYP001576602910.pdb.gz	57.8	95	1	95	6	100	7.253e-11	459	1	0.8051	0.95	
job_A	MGYP001292434816.pdb.gz	46.6	105	3	107	2	105	7.253e-11	459	1	0.8898	0.9545	
job_A	MGYP000641173398.pdb.gz	34.2	114	1	114	1	112	9.653e-11	459	1	0.9661	0.9828	
job_A	MGYP001814236643.pdb.gz	37.3	115	1	115	1	113	1.36e-10	458	1	0.9746	0.9914	
job_A	MGYP001597798959.pdb.gz	37.9	116	1	116	1	114	1.022e-10	458	1	0.9831	1.0	
job_A	MGYP000400243994.pdb.gz	38.8	121	1	117	1	119	3.867e-11	458	1	1.0254	1.0168	
job_A	MGYP001175241728.pdb.gz	40.5	116	1	116	1	116	1.213e-10	458	1	0.9831	0.8992	
job_A	MGYP001466124739.pdb.gz	37.6	109	1	109	42	150	1.441e-10	458	1	0.9237	0.7267	
job_A	MGYP001009921151.pdb.gz	53	115	1	115	1	109	2.311e-11	457	1	0.9746	1.0088	
job_A	MGYP001248946771.pdb.gz	33.6	116	1	115	1	115	1.146e-10	457	1	0.9831	1.0	
job_A	MGYP000960389703.pdb.gz	40.6	118	1	115	1	116	5.77e-11	457	1	1.0	1.0172	
job_A	MGYP001294783319.pdb.gz	38.7	116	1	116	2	113	1.146e-10	457	1	0.9831	1.0	
job_A	MGYP001109553262.pdb.gz	41.6	120	1	117	1	119	3.867e-11	457	1	1.0169	1.0084	
job_A	MGYP002759878044.pdb.gz	49.1	116	5	117	1	116	4.59e-11	457	1	0.9831	0.8722	
job_A	MGYP001178149983.pdb.gz	38.3	112	3	114	2	113	1.285e-10	457	1	0.9492	0.6222	
job_A	MGYP003396049983.pdb.gz	38.2	115	1	115	1	115	1.811e-10	456	1	0.9746	1.0	
job_A	MGYP001060494499.pdb.gz	31.3	115	1	115	1	114	1.811e-10	456	1	0.9746	0.9664	
job_A	MGYP001026927894.pdb.gz	40	115	1	115	2	116	1.36e-10	456	1	0.9746	0.8984	
job_A	MGYP003300951531.pdb.gz	40.3	109	5	113	1	109	2.276e-10	455	1	0.9237	1.0	
job_A	MGYP000988286662.pdb.gz	40.5	111	5	115	1	111	1.36e-10	455	1	0.9407	0.9911	
job_A	MGYP000580106367.pdb.gz	38.5	114	3	116	2	113	1.285e-10	455	1	0.9661	0.9828	
job_A	MGYP000367119091.pdb.gz	38	121	1	118	1	119	3.652e-11	455	1	1.0254	1.0168	
job_A	MGYP000849533897.pdb.gz	34.7	115	1	115	7	121	1.525e-10	455	1	0.9746	0.9274	
job_A	MGYP001123485189.pdb.gz	38.7	116	3	118	2	115	8.132e-11	454	1	0.9831	1.0087	
job_A	MGYP000495272766.pdb.gz	41.8	117	5	118	1	117	6.85e-11	454	1	0.9915	0.9832	
job_A	MGYP001155556973.pdb.gz	38.1	118	1	118	1	114	1.441e-10	454	1	1.0	0.9752	
job_A	MGYP000155526897.pdb.gz	41	112	3	114	2	111	2.03e-10	453	1	0.9492	0.9655	
job_A	MGYP001373149853.pdb.gz	38.9	118	1	115	1	116	1.022e-10	453	1	1.0	1.0172	
job_A	MGYP000313953815.pdb.gz	39.6	121	1	118	1	119	2.744e-11	453	1	1.0254	1.0	
job_A	MGYP001573995124.pdb.gz	33.9	115	1	115	1	115	2.552e-10	453	1	0.9746	0.9504	
job_A	MGYP002788942609.pdb.gz	45.2	115	1	115	1	113	1.146e-10	453	1	0.9746	0.935	
job_A	MGYP000712373054.pdb.gz	44	118	3	117	2	117	5.146e-11	453	1	1.0	0.9593	
job_A	MGYP001202720935.pdb.gz	34.7	121	1	117	1	121	1.213e-10	453	1	1.0254	0.9758	
job_A	MGYP003568517793.pdb.gz	47.1	123	1	118	16	134	2.061e-11	453	1	1.0424	0.8849	
job_A	MGYP000364291979.pdb.gz	55.3	94	1	94	2	95	5.77e-11	452	1	0.7966	0.9895	
job_A	MGYP000235858072.pdb.gz	37.3	115	1	115	3	117	2.861e-10	452	1	0.9746	0.8846	
job_A	MGYP001613718565.pdb.gz	35.5	121	1	118	37	157	9.653e-11	452	1	1.0254	0.7423	
job_A	MGYP001268258737.pdb.gz	38.3	107	1	107	26	130	1.71e-10	451	1	0.9068	0.7926	
job_A	MGYP001198471768.pdb.gz	39.2	112	3	114	2	113	1.615e-10	451	1	0.9492	0.6188	
job_A	MGYP001262358303.pdb.gz	43.1	109	1	109	1	107	2.03e-10	450	1	0.9237	1.0	
job_A	MGYP001412585887.pdb.gz	40.5	111	5	115	1	111	2.552e-10	450	1	0.9407	1.0	
job_A	MGYP001258438048.pdb.gz	30.1	116	1	115	1	116	1.71e-10	450	1	0.9831	0.9915	
job_A	MGYP000637464319.pdb.gz	40.7	113	3	114	2	114	1.811e-10	450	1	0.9576	0.7902	
job_A	MGYP000257331300.pdb.gz	43.7	112	1	112	1	109	9.117e-11	449	1	0.9492	0.9912	
job_A	MGYP001264949169.pdb.gz	35.3	116	1	115	1	116	1.213e-10	449	1	0.9831	0.9667	
job_A	MGYP001568868348.pdb.gz	35.1	108	3	110	2	109	1.71e-10	448	1	0.9153	0.9818	
job_A	MGYP000089802507.pdb.gz	32.1	115	1	115	1	115	1.811e-10	448	1	0.9746	1.0	
job_A	MGYP003232653430.pdb.gz	42.1	121	1	118	1	119	1.463e-11	448	1	1.0254	0.9453	
job_A	MGYP001229163236.pdb.gz	46.6	105	3	107	2	105	1.441e-10	447	1	0.8898	0.9375	
job_A	MGYP001136898754.pdb.gz	40.8	115	2	114	3	111	6.85e-11	447	1	0.9746	1.0	
job_A	MGYP000277020359.pdb.gz	35.3	113	3	115	2	114	2.702e-10	447	1	0.9576	0.9496	
job_A	MGYP000747740614.pdb.gz	34.7	115	1	115	2	112	1.615e-10	447	1	0.9746	0.92	
job_A	MGYP000962900676.pdb.gz	40.3	114	1	114	2	115	1.811e-10	447	1	0.9661	0.8382	
job_A	MGYP001375296994.pdb.gz	51.5	95	1	95	1	95	9.653e-11	446	1	0.8051	0.9896	
job_A	MGYP000026060064.pdb.gz	37.3	115	1	115	2	114	1.525e-10	446	1	0.9746	1.0	
job_A	MGYP000531076449.pdb.gz	33	115	1	115	1	113	1.71e-10	446	1	0.9746	0.9504	
job_A	MGYP001820135371.pdb.gz	41.2	114	1	112	2	114	9.653e-11	446	1	0.9661	0.8201	
job_A	MGYP001183414200.pdb.gz	41.3	116	1	115	307	420	7.68e-11	446	1	0.9831	0.2755	
job_A	MGYP000715794781.pdb.gz	38.2	115	1	115	2	114	1.082e-10	445	1	0.9746	0.9664	
job_A	MGYP001132526905.pdb.gz	37.3	115	2	116	47	157	1.917e-10	445	1	0.9746	0.7233	
job_A	MGYP000712842639.pdb.gz	40.1	112	1	112	1	112	3.808e-10	444	1	0.9492	1.0	
job_A	MGYP000459957234.pdb.gz	41.5	106	3	108	2	105	2.861e-10	443	1	0.8983	1.0095	
job_A	MGYP001558814773.pdb.gz	38.9	113	3	115	2	110	2.276e-10	443	1	0.9576	0.9912	
job_A	MGYP000361941147.pdb.gz	37	116	1	116	3	114	2.861e-10	443	1	0.9831	1.0	
job_A	MGYP002286153029.pdb.gz	45.8	120	3	113	2	119	2.061e-11	442	1	1.0169	0.9091	
job_A	MGYP003623557707.pdb.gz	36.2	113	3	114	2	114	1.917e-10	442	1	0.9576	0.8248	
job_A	MGYP001034675142.pdb.gz	40.3	114	3	116	2	111	2.276e-10	441	1	0.9661	1.0088	
job_A	MGYP000690318803.pdb.gz	35.9	114	1	114	1	110	3.597e-10	441	1	0.9661	1.0	
job_A	MGYP002629439971.pdb.gz	31.3	118	1	118	1	114	2.15e-10	441	1	1.0	1.0351	
job_A	MGYP000049536413.pdb.gz	40.8	115	1	115	1	113	3.597e-10	441	1	0.9746	0.9829	
job_A	MGYP001569375236.pdb.gz	33	118	1	115	1	117	1.917e-10	440	1	1.0	1.0	
job_A	MGYP001255488731.pdb.gz	35.1	111	5	115	2	112	4.787e-10	439	1	0.9407	0.9737	
job_A	MGYP001385701547.pdb.gz	34.8	112	1	112	1	111	3.597e-10	439	1	0.9492	0.9739	
job_A	MGYP002028527430.pdb.gz	39.8	118	1	118	5	117	1.082e-10	439	1	1.0	1.0085	
job_A	MGYP000195901438.pdb.gz	38	121	1	116	1	121	2.552e-10	439	1	1.0254	0.9758	
job_A	MGYP000734060805.pdb.gz	40.9	110	3	112	2	111	4.521e-10	439	1	0.9322	0.719	
job_A	MGYP000875324301.pdb.gz	38	113	1	113	1	111	2.15e-10	438	1	0.9576	1.018	
job_A	MGYP000203635693.pdb.gz	43.4	115	1	115	1	108	2.03e-10	438	1	0.9746	0.9583	
job_A	MGYP002868462914.pdb.gz	43.3	113	3	115	2	112	2.861e-10	438	1	0.9576	0.904	
job_A	MGYP001791479689.pdb.gz	37.1	121	1	118	1	119	9.653e-11	438	1	1.0254	0.8643	
job_A	MGYP001276055304.pdb.gz	35.4	110	1	110	4	112	2.552e-10	437	1	0.9322	0.9821	
job_A	MGYP001124492952.pdb.gz	41.1	119	3	118	2	118	1.082e-10	437	1	1.0085	1.0085	
job_A	MGYP003967999437.pdb.gz	37.2	110	1	110	1	109	3.03e-10	436	1	0.9322	1.0	
job_A	MGYP001489237986.pdb.gz	42.1	114	5	118	1	114	3.597e-10	436	1	0.9661	0.9194	
job_A	MGYP000603516051.pdb.gz	35.6	115	1	115	6	116	4.787e-10	436	1	0.9746	0.92	
job_A	MGYP001821855514.pdb.gz	38.3	120	1	117	1	120	2.861e-10	436	1	1.0169	0.9231	
job_A	MGYP003644483186.pdb.gz	35.6	115	1	115	8	118	5.069e-10	436	1	0.9746	0.7718	
job_A	MGYP001475170211.pdb.gz	36	111	5	115	2	112	5.367e-10	435	1	0.9407	0.9823	
job_A	MGYP002642606852.pdb.gz	37.7	114	1	114	1	110	5.683e-10	435	1	0.9661	1.0	
job_A	MGYP001550414553.pdb.gz	40.3	114	8	118	1	114	1.285e-10	435	1	0.9661	0.95	
job_A	MGYP000108798108.pdb.gz	34.7	121	1	115	2	121	1.441e-10	435	1	1.0254	0.8705	
job_A	MGYP000665585217.pdb.gz	48.9	98	1	98	1	98	3.03e-10	434	1	0.8305	0.9899	
job_A	MGYP001943034031.pdb.gz	35.3	116	1	116	1	112	3.208e-10	434	1	0.9831	1.0087	
job_A	MGYP000025778043.pdb.gz	37.1	113	3	115	2	112	4.27e-10	434	1	0.9576	0.9741	
job_A	MGYP001396800232.pdb.gz	34.5	110	1	110	1	108	6.746e-10	433	1	0.9322	1.0092	
job_A	MGYP000733483586.pdb.gz	43.2	118	3	115	2	115	1.71e-10	432	1	1.0	1.0172	
job_A	MGYP001828271342.pdb.gz	37.3	115	1	115	1	111	6.371e-10	432	1	0.9746	0.9504	
job_A	MGYP001558177090.pdb.gz	36.6	120	1	118	1	120	6.746e-10	432	1	1.0169	0.96	
job_A	MGYP001039426055.pdb.gz	41.4	111	5	115	1	111	8.48e-10	432	1	0.9407	0.7708	
job_A	MGYP001061524370.pdb.gz	36.6	112	1	110	45	154	8.61e-11	430	1	0.9492	0.7179	
job_A	MGYP001137407818.pdb.gz	33	109	1	109	1	109	1.34e-09	429	1	0.9237	1.0	
job_A	MGYP000033709189.pdb.gz	38.3	107	1	107	1	106	4.521e-10	429	1	0.9068	0.9817	
job_A	MGYP001610021528.pdb.gz	41.4	111	5	115	1	111	7.564e-10	429	1	0.9407	0.9328	
job_A	MGYP000053040178.pdb.gz	38	113	3	115	2	114	8.48e-10	429	1	0.9576	0.8188	
job_A	MGYP001452873478.pdb.gz	41.2	109	1	109	1	108	7.143e-10	428	1	0.9237	1.0093	
job_A	MGYP003474959232.pdb.gz	31.4	121	1	118	1	120	2.552e-10	428	1	1.0254	1.0	
job_A	MGYP001810649272.pdb.gz	48.5	101	1	101	2	102	3.808e-10	427	1	0.8559	0.9902	
job_A	MGYP001209281014.pdb.gz	41.1	107	1	107	1	103	4.27e-10	427	1	0.9068	1.0	
job_A	MGYP001268996342.pdb.gz	36.8	114	1	114	1	110	5.367e-10	427	1	0.9661	0.9828	
job_A	MGYP001465834158.pdb.gz	36.9	111	5	115	2	112	8.48e-10	427	1	0.9407	0.8952	
job_A	MGYP000485606886.pdb.gz	33.9	115	1	115	1	111	8.48e-10	425	1	0.9746	1.0268	
job_A	MGYP000947189854.pdb.gz	33	115	1	115	2	111	5.069e-10	425	1	0.9746	1.0268	
job_A	MGYP001801899995.pdb.gz	35	114	3	116	2	111	5.069e-10	425	1	0.9661	1.0088	
job_A	MGYP001381213833.pdb.gz	40.7	113	3	115	2	110	6.746e-10	425	1	0.9576	1.0	
job_A	MGYP001497288186.pdb.gz	35.7	112	3	113	2	113	8.48e-10	425	1	0.9492	0.9825	
job_A	MGYP001419426540.pdb.gz	47.8	115	3	117	2	112	8.48e-10	424	1	0.9746	1.0268	
job_A	MGYP000327153583.pdb.gz	51.5	95	1	95	34	128	4.27e-10	424	1	0.8051	0.7422	
job_A	MGYP001778032151.pdb.gz	37.2	118	2	115	26	143	1.007e-09	424	1	1.0	0.7108	
job_A	MGYP001264439962.pdb.gz	35.5	107	1	107	1	106	6.017e-10	422	1	0.9068	0.9554	
job_A	MGYP001191158616.pdb.gz	43.8	105	3	107	2	105	6.371e-10	422	1	0.8898	0.9375	
job_A	MGYP000518803196.pdb.gz	27.8	115	1	115	1	113	8.48e-10	422	1	0.9746	0.9914	
job_A	MGYP001770997264.pdb.gz	38.7	116	1	116	2	111	4.032e-10	422	1	0.9831	0.9667	
job_A	MGYP001119409710.pdb.gz	42.8	98	1	98	2	99	6.017e-10	421	1	0.8305	0.98	
job_A	MGYP000187442477.pdb.gz	40.9	105	3	107	2	104	9.508e-10	421	1	0.8898	0.9722	
job_A	MGYP001547459277.pdb.gz	36.6	112	3	114	2	109	8.979e-10	421	1	0.9492	0.9825	
job_A	MGYP001486499175.pdb.gz	41.2	97	1	97	1	97	6.371e-10	421	1	0.822	0.651	
job_A	MGYP001618890759.pdb.gz	34.7	115	3	117	2	112	8.48e-10	420	1	0.9746	1.0268	
job_A	MGYP003646126890.pdb.gz	41.5	113	1	112	1	109	4.787e-10	420	1	0.9576	1.0	
job_A	MGYP001369144872.pdb.gz	34.2	114	1	114	1	114	1.34e-09	420	1	0.9661	0.9661	
job_A	MGYP001569451279.pdb.gz	36.3	121	1	115	2	117	1.917e-10	420	1	1.0254	1.0	
job_A	MGYP001774057850.pdb.gz	33.6	119	3	118	2	118	3.808e-10	420	1	1.0085	0.9597	
job_A	MGYP000656096485.pdb.gz	38.2	123	1	118	1	123	4.521e-10	420	1	1.0424	0.8849	
job_A	MGYP003472380253.pdb.gz	36.4	118	3	118	2	114	5.069e-10	419	1	1.0	1.0351	
job_A	MGYP000653932762.pdb.gz	40	120	1	117	1	114	3.03e-10	419	1	1.0169	0.9677	
job_A	MGYP000280093185.pdb.gz	50.5	97	1	97	1	97	8.009e-10	418	1	0.822	0.9898	
job_A	MGYP001446271396.pdb.gz	40.5	101	1	101	19	119	6.371e-10	418	1	0.8559	0.8487	
job_A	MGYP001794950680.pdb.gz	39.8	118	1	115	6	121	4.032e-10	418	1	1.0	0.9752	
job_A	MGYP000899892769.pdb.gz	37.7	122	1	118	1	120	2.861e-10	418	1	1.0339	1.0	
job_A	MGYP001000619464.pdb.gz	40.3	114	3	116	2	111	8.979e-10	418	1	0.9661	0.9268	
job_A	MGYP001815259505.pdb.gz	46.8	111	3	112	2	112	3.808e-10	417	1	0.9407	0.9487	
job_A	MGYP001815081285.pdb.gz	34.7	115	2	116	14	124	1.195e-09	417	1	0.9746	0.8712	
job_A	MGYP000511854692.pdb.gz	32.7	113	3	115	42	151	1.007e-09	417	1	0.9576	0.6278	
job_A	MGYP000214271962.pdb.gz	52.7	91	1	91	1	91	7.564e-10	416	1	0.7712	1.0	
job_A	MGYP003418001829.pdb.gz	36.8	114	3	116	2	111	1.265e-09	415	1	0.9661	0.9913	
job_A	MGYP001578920651.pdb.gz	33.9	115	1	115	9	123	1.783e-09	415	1	0.9746	0.8712	
job_A	MGYP003306230335.pdb.gz	35.1	111	1	110	17	124	9.508e-10	414	1	0.9407	0.888	
job_A	MGYP001361256311.pdb.gz	42.9	107	1	107	1	105	1.34e-09	413	1	0.9068	0.9817	
job_A	MGYP001054298051.pdb.gz	35.3	113	3	115	2	111	1.195e-09	413	1	0.9576	1.0089	
job_A	MGYP000462883953.pdb.gz	38.4	117	1	115	2	112	6.371e-10	413	1	0.9915	0.936	
job_A	MGYP000938172392.pdb.gz	31.8	116	1	116	1	111	1.419e-09	413	1	0.9831	0.8593	
job_A	MGYP000272860221.pdb.gz	36.8	114	3	116	2	111	1.591e-09	412	1	0.9661	1.0088	
job_A	MGYP000961314921.pdb.gz	38.9	113	2	114	23	135	2.374e-09	412	1	0.9576	0.689	
job_A	MGYP000112653613.pdb.gz	36.1	119	3	118	2	120	6.371e-10	411	1	1.0085	0.9917	
job_A	MGYP001310256285.pdb.gz	38.3	107	1	107	1	104	3.208e-10	410	1	0.9068	0.9817	
job_A	MGYP001276436448.pdb.gz	33.6	107	1	107	1	105	2.374e-09	410	1	0.9068	0.964	
job_A	MGYP001585463430.pdb.gz	36.4	118	1	117	1	118	1.34e-09	410	1	1.0	0.8429	
job_A	MGYP002700545487.pdb.gz	40.6	118	1	115	9	123	8.009e-10	409	1	1.0	0.9008	
job_A	MGYP002795414414.pdb.gz	56.4	85	5	89	5	89	1.419e-09	408	1	0.7203	0.9444	
job_A	MGYP000347192504.pdb.gz	39.1	97	1	97	2	98	1.066e-09	408	1	0.822	0.9604	
job_A	MGYP002631282103.pdb.gz	37.5	112	3	114	2	109	2.117e-09	408	1	0.9492	1.0	
job_A	MGYP001553148683.pdb.gz	35.9	114	1	114	8	117	1.591e-09	408	1	0.9661	0.9268	
job_A	MGYP000090019979.pdb.gz	31.3	118	1	118	1	114	1.888e-09	407	1	1.0	1.0261	
job_A	MGYP001812127732.pdb.gz	36.2	113	3	115	2	110	2.374e-09	407	1	0.9576	0.9339	
job_A	MGYP002629559329.pdb.gz	37.7	114	3	115	2	115	2.984e-09	407	1	0.9661	0.6369	
job_A	MGYP003568063053.pdb.gz	42.1	95	1	95	1	95	1.419e-09	406	1	0.8051	1.0	
job_A	MGYP000443745726.pdb.gz	33	115	1	115	1	115	2.513e-09	406	1	0.9746	0.92	
job_A	MGYP000324319184.pdb.gz	52.6	93	1	93	3	95	1.265e-09	405	1	0.7881	0.9118	
job_A	MGYP000501129706.pdb.gz	28	114	1	114	1	114	1.591e-09	405	1	0.9661	0.95	
job_A	MGYP001819663576.pdb.gz	35.3	113	3	115	2	110	2e-09	405	1	0.9576	0.9339	
job_A	MGYP000117908294.pdb.gz	34.7	121	1	118	1	120	1.129e-09	405	1	1.0254	0.9918	
job_A	MGYP000247619042.pdb.gz	40.6	118	1	115	3	117	7.143e-10	405	1	1.0	0.8194	
job_A	MGYP000120118728.pdb.gz	36.2	113	3	115	2	110	2e-09	404	1	0.9576	1.0	
job_A	MGYP001325240599.pdb.gz	29.5	115	1	115	1	113	1.195e-09	404	1	0.9746	1.0088	
job_A	MGYP001578287933.pdb.gz	29.1	120	1	117	7	124	1.888e-09	404	1	1.0169	0.9449	
job_A	MGYP000632827027.pdb.gz	38	113	1	113	1	109	2.661e-09	404	1	0.9576	0.7687	
job_A	MGYP002548784669.pdb.gz	35.3	113	3	115	2	112	1.34e-09	403	1	0.9576	1.0089	
job_A	MGYP003619818088.pdb.gz	36.8	114	3	116	2	111	2.242e-09	403	1	0.9661	1.0088	
job_A	MGYP000128880199.pdb.gz	44.5	110	3	107	2	111	6.746e-10	403	1	0.9322	0.9735	
job_A	MGYP001322118042.pdb.gz	37	116	1	115	3	116	1.502e-09	403	1	0.9831	0.9915	
job_A	MGYP002634334933.pdb.gz	34.8	112	3	114	2	112	3.345e-09	402	1	0.9492	0.7517	
job_A	MGYP001087098931.pdb.gz	35.1	111	1	109	1	108	1.684e-09	401	1	0.9407	1.0278	
job_A	MGYP001794301224.pdb.gz	33.6	113	3	115	2	110	3.159e-09	401	1	0.9576	1.0	
job_A	MGYP001013012444.pdb.gz	36.3	110	1	109	1	110	2.818e-09	401	1	0.9322	0.9735	
job_A	MGYP001265144366.pdb.gz	38.9	118	3	117	2	115	8.48e-10	401	1	1.0	1.0261	
job_A	MGYP000859095898.pdb.gz	31.8	113	3	115	2	110	2.984e-09	400	1	0.9576	1.0	
job_A	MGYP000735526430.pdb.gz	28.8	118	1	118	1	115	1.783e-09	400	1	1.0	1.0261	
job_A	MGYP001812361221.pdb.gz	35.3	113	3	115	2	110	2.661e-09	399	1	0.9576	1.0	
job_A	MGYP001585974582.pdb.gz	30.9	113	3	115	2	110	3.159e-09	399	1	0.9576	1.0	
job_A	MGYP000875810425.pdb.gz	35.7	98	1	98	1	98	2.513e-09	398	1	0.8305	0.9899	
job_A	MGYP000905311103.pdb.gz	32.7	113	3	115	2	110	2.984e-09	398	1	0.9576	1.0	
job_A	MGYP001312462556.pdb.gz	36.4	118	3	117	2	115	1.007e-09	398	1	1.0	1.0261	
job_A	MGYP001791372109.pdb.gz	25.8	112	3	114	2	113	5.926e-09	398	1	0.9492	0.9412	
job_A	MGYP000877281162.pdb.gz	36.3	121	2	117	33	147	8.979e-10	398	1	1.0254	0.8231	
job_A	MGYP001442305314.pdb.gz	35.8	117	1	115	1	110	1.591e-09	397	1	0.9915	0.9915	
job_A	MGYP000108963167.pdb.gz	33.3	114	2	115	31	140	3.971e-09	397	1	0.9661	0.7917	
job_A	MGYP001297351028.pdb.gz	32.7	113	3	115	2	114	5.286e-09	396	1	0.9576	0.9826	
job_A	MGYP001607614763.pdb.gz	27.2	121	1	118	1	117	1.34e-09	396	1	1.0254	0.9308	
job_A	MGYP003894873637.pdb.gz	49.1	118	3	115	2	116	2.861e-10	395	1	1.0	0.9916	
job_A	MGYP000184199231.pdb.gz	32.7	116	1	116	5	114	3.542e-09	395	1	0.9831	0.9431	
job_A	MGYP000930323255.pdb.gz	33.3	120	2	118	3	116	8.009e-10	393	1	1.0169	1.0	
job_A	MGYP001463687556.pdb.gz	35.8	120	1	117	1	116	1.783e-09	392	1	1.0169	1.0345	
job_A	MGYP001588749017.pdb.gz	21.8	133	1	115	1	131	2.984e-09	392	1	1.1271	1.0153	
job_A	MGYP003784464257.pdb.gz	34.5	107	1	107	1	104	1.265e-09	391	1	0.9068	0.8492	
job_A	MGYP000439325676.pdb.gz	30.1	116	1	116	1	112	5.597e-09	390	1	0.9831	1.0087	
job_A	MGYP000600318738.pdb.gz	43.2	97	1	97	1	95	3.159e-09	389	1	0.822	1.0211	
job_A	MGYP003681925374.pdb.gz	34.4	116	3	115	2	110	2e-09	389	1	0.9831	1.0	
job_A	MGYP002654471974.pdb.gz	33.3	114	1	114	1	108	3.971e-09	389	1	0.9661	0.9661	
job_A	MGYP001201736307.pdb.gz	26.9	115	1	115	2	111	4.453e-09	388	1	0.9746	0.9829	
job_A	MGYP000890700644.pdb.gz	33.9	109	1	108	2	103	3.345e-09	387	1	0.9237	1.0583	
job_A	MGYP000366941696.pdb.gz	33.3	114	3	116	2	111	8.844e-09	387	1	0.9661	1.0088	
job_A	MGYP001583131851.pdb.gz	34.5	113	3	115	2	110	5.926e-09	387	1	0.9576	0.9826	
job_A	MGYP000601566596.pdb.gz	40.3	109	1	109	1	100	1.066e-09	386	1	0.9237	1.0187	
job_A	MGYP002819350626.pdb.gz	43.1	95	1	95	1	95	4.205e-09	385	1	0.8051	1.0	
job_A	MGYP000480602906.pdb.gz	35	117	3	118	2	114	5.597e-09	385	1	0.9915	0.936	
job_A	MGYP001606482771.pdb.gz	31.8	113	3	115	2	110	8.352e-09	384	1	0.9576	1.0	
job_A	MGYP002261187326.pdb.gz	29.6	118	1	118	1	114	8.352e-09	384	1	1.0	1.0261	
job_A	MGYP001465317519.pdb.gz	51.3	109	12	117	38	146	2.661e-09	384	1	0.9237	0.6728	
job_A	MGYP002590489926.pdb.gz	38.7	124	1	115	2	123	2.818e-09	383	1	1.0508	0.9118	
job_A	MGYP001433903636.pdb.gz	42.8	91	1	91	1	91	6.645e-09	382	1	0.7712	1.0	
job_A	MGYP001626286133.pdb.gz	35.8	117	3	117	2	114	3.159e-09	382	1	0.9915	1.0263	
job_A	MGYP000915258496.pdb.gz	40.1	117	1	116	3	116	5.286e-09	382	1	0.9915	0.975	
job_A	MGYP000984057933.pdb.gz	29.5	115	1	115	1	115	5.286e-09	381	1	0.9746	0.9664	
job_A	MGYP001163554859.pdb.gz	38.9	113	3	115	2	113	1.246e-08	377	1	0.9576	0.9187	
job_A	MGYP001560795164.pdb.gz	32.7	113	3	115	2	110	1.112e-08	376	1	0.9576	1.0	
job_A	MGYP001185086610.pdb.gz	33.9	112	1	107	1	112	6.645e-09	375	1	0.9492	0.9655	
job_A	MGYP001042940575.pdb.gz	31.9	119	1	115	1	115	5.926e-09	375	1	1.0085	0.952	
job_A	MGYP000136937184.pdb.gz	41.9	93	1	93	3	95	7.036e-09	369	1	0.7881	0.7881	
job_A	MGYP000571209536.pdb.gz	42	107	12	118	1	107	1.177e-08	369	1	0.9068	0.7329	
job_A	MGYP002349563447.pdb.gz	24.1	116	1	115	3	116	3.295e-08	365	1	0.9831	1.0	
job_A	MGYP001400224749.pdb.gz	30.7	114	3	116	2	110	1.757e-08	364	1	0.9661	1.0179	
job_A	MGYP001031016244.pdb.gz	46	102	14	115	1	102	1.969e-08	363	1	0.8644	0.9903	
job_A	MGYP001608600911.pdb.gz	28.9	114	3	116	2	111	3.694e-08	362	1	0.9661	1.0088	
job_A	MGYP001549864614.pdb.gz	27.3	106	2	107	9	114	2.621e-08	362	1	0.8983	0.906	
job_A	MGYP000901056893.pdb.gz	33.8	118	1	118	2	117	2.476e-08	362	1	1.0	0.9672	
job_A	MGYP001557231581.pdb.gz	23.4	115	1	115	2	116	1.659e-08	361	1	0.9746	0.9055	
job_A	MGYP000598438643.pdb.gz	29.2	113	3	115	2	110	4.142e-08	360	1	0.9576	0.9826	
job_A	MGYP001550073744.pdb.gz	53.6	95	22	116	1	95	3.295e-08	355	1	0.8051	0.9794	
job_A	MGYP000091104882.pdb.gz	30.1	116	1	115	1	109	2.338e-08	355	1	0.9831	0.9915	
job_A	MGYP000229686000.pdb.gz	45	102	14	115	3	100	2.338e-08	354	1	0.8644	1.0099	
job_A	MGYP001236928873.pdb.gz	28	114	3	115	2	108	3.694e-08	353	1	0.9661	1.0	
job_A	MGYP001773423530.pdb.gz	39.8	103	13	115	2	104	4.917e-08	351	1	0.8729	0.9626	
job_A	MGYP001496934231.pdb.gz	37.1	105	3	107	2	102	5.513e-08	349	1	0.8898	0.9813	
job_A	MGYP003565232360.pdb.gz	37.8	103	13	115	1	103	5.837e-08	349	1	0.8729	0.9035	
job_A	MGYP001196164649.pdb.gz	31.5	114	3	115	2	112	5.513e-08	349	1	0.9661	0.9913	
job_A	MGYP001818173147.pdb.gz	51.6	89	1	89	1	89	2.476e-08	347	1	0.7542	1.0	
job_A	MGYP001034148094.pdb.gz	44.9	89	1	89	1	89	4.142e-08	347	1	0.7542	0.9889	
job_A	MGYP000620680335.pdb.gz	26.6	109	1	109	1	104	6.544e-08	347	1	0.9237	1.0481	
job_A	MGYP000592445490.pdb.gz	25.7	105	1	105	1	101	7.337e-08	345	1	0.8898	1.0294	
job_A	MGYP003332783269.pdb.gz	36.4	107	3	109	2	104	1.48e-08	345	1	0.9068	1.0288	
job_A	MGYP000162043724.pdb.gz	31.9	122	1	115	1	114	1.177e-08	345	1	1.0339	1.0	
job_A	MGYP001028136094.pdb.gz	27.8	115	3	116	2	110	9.223e-08	342	1	0.9746	1.0	
job_A	MGYP001432943632.pdb.gz	27.2	125	1	118	1	119	1.48e-08	339	1	1.0593	1.0081	
job_A	MGYP001380506629.pdb.gz	33.3	105	11	115	1	105	1.543e-07	335	1	0.8898	0.9545	
job_A	MGYP002005712085.pdb.gz	35.5	107	3	109	2	107	9.766e-08	333	1	0.9068	1.0	
job_A	MGYP003394430473.pdb.gz	42.1	95	21	115	1	95	1.3e-07	330	1	0.8051	0.9896	
job_A	MGYP000370026614.pdb.gz	30.5	121	3	118	2	115	2.775e-08	329	1	1.0254	1.0431	
job_A	MGYP001408437899.pdb.gz	24.6	126	1	118	1	122	4.142e-08	327	1	1.0678	0.9844	
job_A	MGYP003297440419.pdb.gz	37.9	108	3	109	5	109	1.177e-08	326	1	0.9153	0.9643	
job_A	MGYP001450443817.pdb.gz	40.4	89	3	91	2	90	2.303e-07	325	1	0.7542	0.978	
job_A	MGYP001817257266.pdb.gz	46.7	92	24	115	1	92	2.175e-07	325	1	0.7797	0.9684	
job_A	MGYP000515860100.pdb.gz	35	97	3	99	2	96	2.303e-07	323	1	0.822	0.8151	
job_A	MGYP000565448139.pdb.gz	29.4	119	5	115	2	120	3.245e-07	317	1	1.0085	0.937	
job_A	MGYP001079599001.pdb.gz	32.4	114	11	115	11	124	1.832e-07	317	1	0.9661	0.8976	
job_A	MGYP002637975515.pdb.gz	39	87	3	89	2	88	4.843e-07	316	1	0.7373	0.9886	
job_A	MGYP000954835985.pdb.gz	23.5	123	1	116	6	126	1.832e-07	315	1	1.0424	0.7785	
job_A	MGYP001065410830.pdb.gz	47.1	87	3	89	2	88	3.065e-07	312	1	0.7373	0.9886	
job_A	MGYP003610190543.pdb.gz	23.6	114	3	115	2	109	3.436e-07	312	1	0.9661	1.0364	
job_A	MGYP001549804833.pdb.gz	52.1	92	27	118	1	92	4.319e-07	311	1	0.7797	1.0	
job_A	MGYP000388838930.pdb.gz	49.4	95	24	118	1	95	6.087e-07	311	1	0.8051	0.9794	
job_A	MGYP002525343086.pdb.gz	27.2	121	2	114	3	119	1.095e-07	311	1	1.0254	0.9837	
job_A	MGYP001423067951.pdb.gz	31	103	3	105	2	98	4.843e-07	310	1	0.8729	1.0404	
job_A	MGYP001132415866.pdb.gz	38.7	93	23	115	1	93	6.446e-07	309	1	0.7881	1.0	
job_A	MGYP001768317445.pdb.gz	42.7	96	20	115	1	96	2.894e-07	308	1	0.8136	0.9897	
job_A	MGYP000851850789.pdb.gz	44	93	21	113	1	93	3.436e-07	307	1	0.7881	0.9894	
job_A	MGYP001102397273.pdb.gz	22.1	122	1	118	15	135	1.832e-07	307	1	1.0339	0.8356	
job_A	MGYP000772459955.pdb.gz	41.3	116	1	116	1	107	1.3e-07	305	1	0.9831	0.9667	
job_A	MGYP000107880020.pdb.gz	39.3	99	20	118	1	99	4.843e-07	304	1	0.839	0.99	
job_A	MGYP002725792884.pdb.gz	42.8	91	25	115	1	91	1.078e-06	300	1	0.7712	0.9891	
job_A	MGYP003610572528.pdb.gz	38.8	90	25	114	1	90	1.28e-06	299	1	0.7627	0.9474	
job_A	MGYP001550650456.pdb.gz	46.3	95	21	115	1	95	1.018e-06	299	1	0.8051	0.8261	
job_A	MGYP001325868576.pdb.gz	25	124	1	117	3	124	3.065e-07	297	1	1.0508	0.8212	
job_A	MGYP003545672627.pdb.gz	41.9	93	24	115	1	93	1.52e-06	295	1	0.7881	1.0	
job_A	MGYP003485195898.pdb.gz	45.3	97	18	114	1	97	6.087e-07	295	1	0.822	0.951	
job_A	MGYP000175260748.pdb.gz	65.3	78	7	84	7	84	9.084e-07	293	1	0.661	0.9176	
job_A	MGYP001383928861.pdb.gz	46.5	88	28	115	1	88	1.52e-06	292	1	0.7458	0.9888	
job_A	MGYP003395381157.pdb.gz	41.1	85	5	89	7	91	2.401e-06	290	1	0.7203	0.9239	
job_A	MGYP000205897519.pdb.gz	40.6	91	25	115	1	91	2.401e-06	289	1	0.7712	0.8585	
job_A	MGYP003612754262.pdb.gz	28.2	92	1	92	2	91	2.692e-06	285	1	0.7797	0.7419	
job_A	MGYP000450984787.pdb.gz	39.1	97	22	115	1	97	1.52e-06	284	1	0.822	1.0	
job_A	MGYP003424428035.pdb.gz	43.4	99	16	114	2	98	1.435e-06	283	1	0.839	0.9706	
job_A	MGYP000080908710.pdb.gz	49.4	85	1	85	1	85	1.356e-06	281	1	0.7203	0.9884	
job_A	MGYP000936369165.pdb.gz	43.7	96	26	118	1	96	1.28e-06	281	1	0.8136	0.768	
job_A	MGYP001158815484.pdb.gz	44	100	16	115	1	97	7.227e-07	280	1	0.8475	0.8621	
job_A	MGYP001556192721.pdb.gz	38.9	95	21	115	1	93	1.609e-06	279	1	0.8051	1.0	
job_A	MGYP000650488849.pdb.gz	26.1	107	1	101	1	104	1.142e-06	279	1	0.9068	0.877	
job_A	MGYP002719132472.pdb.gz	35.7	112	10	118	2	106	3.065e-07	272	1	0.9492	1.0	
job_A	MGYP002780370924.pdb.gz	60.8	69	19	87	1	69	3.019e-06	271	1	0.5847	0.9452	
job_A	MGYP000974552777.pdb.gz	40.6	86	27	112	2	87	4.77e-06	269	1	0.7288	0.9348	
job_A	MGYP001619447262.pdb.gz	40.7	103	11	104	2	104	2.023e-06	269	1	0.8729	0.8803	
job_A	MGYP001285321625.pdb.gz	50.5	99	22	117	23	118	1.435e-06	269	1	0.839	0.7984	
job_A	MGYP000492981275.pdb.gz	20.4	122	2	118	159	272	7.227e-07	269	1	1.0339	0.4469	
job_A	MGYP001069243133.pdb.gz	38.2	81	7	87	6	84	4.77e-06	268	1	0.6864	0.9529	
job_A	MGYP000670712814.pdb.gz	43.7	96	25	117	3	98	3.384e-06	268	1	0.8136	0.9231	
job_A	MGYP003307115567.pdb.gz	38.5	96	5	100	1	93	2.023e-06	266	1	0.8136	0.8649	
job_A	MGYP003612942833.pdb.gz	37.7	106	16	118	1	106	1.28e-06	266	1	0.8983	0.9298	
job_A	MGYP001323217263.pdb.gz	44.2	95	22	116	1	91	6.722e-06	263	1	0.8051	1.0215	
job_A	MGYP001550590033.pdb.gz	28.7	94	1	94	1	90	1.804e-06	263	1	0.7966	0.9592	
job_A	MGYP002763281412.pdb.gz	39.2	102	19	117	1	102	2.851e-06	263	1	0.8644	0.8226	
job_A	MGYP002789460456.pdb.gz	39.1	92	25	116	3	94	1.335e-05	262	1	0.7797	0.9388	
job_A	MGYP001454155043.pdb.gz	44.7	85	1	85	1	85	5.662e-06	261	1	0.7203	0.9884	
job_A	MGYP001611370565.pdb.gz	31.4	89	3	91	2	85	8.45e-06	259	1	0.7542	1.023	
job_A	MGYP002779868120.pdb.gz	50	74	21	94	1	74	7.536e-06	256	1	0.6271	1.0	
job_A	MGYP003317154766.pdb.gz	34.9	106	16	118	1	106	3.196e-06	256	1	0.8983	0.9907	
job_A	MGYP001026406846.pdb.gz	44.3	97	23	116	1	95	1.414e-05	249	1	0.822	0.951	
job_A	MGYP001587515833.pdb.gz	38.8	85	7	91	1	82	1.678e-05	245	1	0.7203	1.0119	
job_A	MGYP003755371487.pdb.gz	38.8	90	26	115	2	89	1.585e-05	242	1	0.7627	1.0	
job_A	MGYP000155445652.pdb.gz	19	110	1	105	1	104	3.794e-06	241	1	0.9322	1.0185	
job_A	MGYP000117851892.pdb.gz	29.6	91	1	91	1	86	1.125e-05	240	1	0.7712	1.0581	
job_A	MGYP000605884937.pdb.gz	45.3	86	33	118	2	87	1.777e-05	240	1	0.7288	0.9053	
job_A	MGYP001035662460.pdb.gz	23.5	106	3	108	2	101	9.473e-06	239	1	0.8983	1.0495	
job_A	MGYP000371440114.pdb.gz	36.4	85	19	103	1	85	2.973e-05	237	1	0.7203	0.7391	
job_A	MGYP003629905675.pdb.gz	20.5	102	1	97	1	99	1.261e-05	236	1	0.8644	0.8793	
job_A	MGYP003507731129.pdb.gz	35.8	81	25	105	3	81	1.497e-05	235	1	0.6864	0.9759	
job_A	MGYP001215256353.pdb.gz	38.1	97	27	118	2	98	2.365e-05	233	1	0.822	0.9798	
job_A	MGYP001290479627.pdb.gz	37.5	88	28	115	1	88	7.423e-05	231	1	0.7458	0.967	
job_A	MGYP001290366797.pdb.gz	48.8	88	34	118	1	88	2.234e-05	226	1	0.7458	0.9462	
job_A	MGYP001576372681.pdb.gz	21.4	121	1	118	2	115	1.062e-05	226	1	1.0254	0.903	
job_A	MGYP000874951961.pdb.gz	40	80	5	84	5	84	0.0001108	225	1	0.678	0.9412	
job_A	MGYP001270658909.pdb.gz	44.3	88	34	118	2	89	2.808e-05	225	1	0.7458	0.9263	
job_A	MGYP002529983607.pdb.gz	30.4	105	3	107	1	97	2.234e-05	225	1	0.8898	0.9375	
job_A	MGYP001309868102.pdb.gz	37.5	96	28	118	2	97	8.322e-05	216	1	0.8136	0.9697	
job_A	MGYP001028043457.pdb.gz	34.4	116	3	115	2	100	2.504e-05	216	1	0.9831	1.16	
job_A	MGYP003465524236.pdb.gz	47.7	88	34	118	2	89	4.437e-05	216	1	0.7458	0.8627	
job_A	MGYP001401741280.pdb.gz	48.2	87	35	118	1	87	5.267e-05	215	1	0.7373	0.956	
job_A	MGYP000168720153.pdb.gz	36.6	90	27	116	2	87	0.0001653	213	1	0.7627	0.989	
job_A	MGYP001619289505.pdb.gz	15.5	109	1	101	9	109	1.191e-05	213	1	0.9237	0.9083	
job_A	MGYP001179686676.pdb.gz	36.9	84	33	116	2	85	0.0002467	204	1	0.7119	0.8936	
job_A	MGYP001617411013.pdb.gz	32.9	85	31	115	2	86	0.0003681	199	1	0.7203	0.8854	
job_A	MGYP001134400116.pdb.gz	49.3	73	7	79	8	80	0.0003897	197	1	0.6186	0.9125	
job_A	MGYP003475810618.pdb.gz	42.7	103	11	113	2	88	6.621e-05	195	1	0.8729	1.1573	
job_A	MGYP001555451345.pdb.gz	22.9	87	12	98	2	85	0.00022	182	1	0.7373	0.725	
job_A	MGYP001203843869.pdb.gz	41.8	86	37	118	1	85	0.00022	180	1	0.7288	0.8776	
job_A	MGYP000420385187.pdb.gz	41.5	77	38	114	1	77	0.000437	179	1	0.6525	0.9167	
job_A	MGYP001580597017.pdb.gz	37.5	80	38	117	1	80	0.000437	170	1	0.678	1.0	
job_A	MGYP001014827946.pdb.gz	28.1	103	16	118	5	99	0.0006158	170	1	0.8729	1.0404	
job_A	MGYP000860884084.pdb.gz	49.2	67	7	73	7	73	0.000437	165	1	0.5678	0.9178	
job_A	MGYP000485263243.pdb.gz	42.1	76	5	80	5	79	0.001825	165	1	0.6441	0.9268	
job_A	MGYP001235838670.pdb.gz	41.8	74	42	115	15	88	0.001452	164	1	0.6271	0.8409	
job_A	MGYP003349245791.pdb.gz	42.1	64	7	70	8	71	0.00541	156	1	0.5424	0.8889	
job_A	MGYP001320141292.pdb.gz	22.6	84	7	86	71	150	0.0006904	151	1	0.7119	0.5385	
job_A	MGYP004158156879.pdb.gz	13.1	99	3	93	2	99	0.001295	150	1	0.839	0.9802	
job_A	MGYP000435589758.pdb.gz	31.4	70	25	94	14	78	0.004304	141	1	0.5932	0.7609	
job_A	MGYP002761284556.pdb.gz	16.8	107	5	99	1	103	0.003839	140	1	0.9068	0.8992	
job_A	MGYP001613136996.pdb.gz	13.3	90	13	95	3	89	0.004825	139	1	0.7627	0.9474	
job_A	MGYP000539450182.pdb.gz	12.3	89	2	86	6	85	0.001933	134	1	0.7542	0.978	
job_A	MGYP000433379527.pdb.gz	13.9	93	2	89	5	88	0.003625	133	1	0.7881	1.022	
job_A	MGYP003400262069.pdb.gz	10.1	89	5	91	28	114	0.008548	130	1	0.7542	0.7607	
job_A	MGYP001113589654.pdb.gz	12.5	96	1	91	5	91	0.01276	126	1	0.8136	0.5246	
job_A	MGYP001120131775.pdb.gz	16.3	92	11	98	9	97	0.006065	119	1	0.7797	0.8519	
job_A	MGYP002395992013.pdb.gz	12.9	108	1	103	1	100	0.01138	119	1	0.9153	0.931	
job_A	MGYP001099382163.pdb.gz	18.7	96	9	99	2	91	0.01074	118	1	0.8136	0.9143	
job_A	MGYP001766249560.pdb.gz	11.2	89	7	89	71	154	0.008548	117	1	0.7542	0.5742	
job_A	MGYP000162016139.pdb.gz	9.2	97	1	94	7	91	0.01798	115	1	0.822	0.9898	
job_A	MGYP002762611310.pdb.gz	12	91	1	89	2	87	0.009051	114	1	0.7712	0.3085	
job_A	MGYP000660358911.pdb.gz	17.1	105	1	99	1	94	0.01903	113	1	0.8898	0.2043	
job_A	MGYP001277633377.pdb.gz	10	100	7	100	7	97	0.04752	108	1	0.8475	1.0309	
job_A	MGYP000144276331.pdb.gz	7.9	101	2	89	18	111	0.04488	108	1	0.8559	0.7594	
job_A	MGYP001325762143.pdb.gz	14.5	103	1	99	2	96	0.01603	108	1	0.8729	0.7744	
job_A	MGYP001571330130.pdb.gz	12.5	104	1	99	35	129	0.03008	105	1	0.8814	0.1962	
job_A	MGYP001041902706.pdb.gz	8.1	98	1	95	2	89	0.04003	101	1	0.8305	1.0316	
job_A	MGYP000022789153.pdb.gz	13.3	90	4	89	14	97	0.05328	101	1	0.7627	0.1761	
job_A	MGYP003735552117.pdb.gz	9.6	93	1	89	16	100	0.02841	100	1	0.7881	0.1816	
job_A	MGYP001609482773.pdb.gz	12.9	93	9	99	2	91	0.03571	98	0.999	0.7881	0.6327	
job_A	MGYP003320194717.pdb.gz	11.9	92	1	89	362	444	0.05032	98	0.999	0.7797	0.2004	
job_A	MGYP001612667431.pdb.gz	13.4	104	1	99	1	95	0.02534	97	0.999	0.8814	0.2076	
job_A	MGYP001136471510.pdb.gz	14.8	108	3	91	1	99	0.05032	95	0.998	0.9153	1.0909	
job_A	MGYP003804803867.pdb.gz	10.7	102	2	99	11	103	0.04003	94	0.998	0.8644	0.2	
job_A	MGYP000698699076.pdb.gz	12.7	102	1	99	9	102	0.04239	92	0.997	0.8644	0.1984	
job_A	MGYP001615139562.pdb.gz	13.4	104	1	99	1	94	0.03781	91	0.997	0.8814	0.8189	
job_A	MGYP001066846788.pdb.gz	10.1	99	4	89	36	131	0.06698	91	0.997	0.839	0.4626	
job_A	MGYP001420997202.pdb.gz	12	100	1	96	55	144	0.1256	90	0.996	0.8475	0.6757	
job_A	MGYP001287096610.pdb.gz	8.9	89	1	88	451	531	0.1187	87	0.994	0.7542	0.1636	
job_A	MGYP001604799069.pdb.gz	14.8	108	1	94	1	102	0.00541	86	0.993	0.9153	1.0485	
job_A	MGYP001138973333.pdb.gz	10.9	137	7	91	207	339	0.09439	86	0.993	1.161	0.4018	
job_A	MGYP003548866104.pdb.gz	13.1	114	3	102	1	106	0.04488	84	0.991	0.9661	0.8321	
job_A	MGYP001555862826.pdb.gz	13.6	73	23	95	371	441	0.1121	84	0.991	0.6186	0.1637	
job_A	MGYP001385332915.pdb.gz	11.8	101	3	100	1	89	0.09439	82	0.988	0.8559	1.0632	
job_A	MGYP001133801279.pdb.gz	10.9	110	12	99	14	119	0.03571	81	0.986	0.9322	0.4527	
job_A	MGYP000577791375.pdb.gz	9.6	93	9	99	3	91	0.2495	80	0.984	0.7881	0.6691	
job_A	MGYP000862625223.pdb.gz	8.4	95	1	89	7	91	0.06698	80	0.984	0.8051	0.1866	
job_A	MGYP000897819958.pdb.gz	9.1	98	5	94	437	526	0.07509	79	0.981	0.8305	0.1846	
job_A	MGYP001304154015.pdb.gz	14.5	96	1	89	23	116	0.04488	78	0.978	0.8136	0.8205	
job_A	MGYP000072946423.pdb.gz	10	90	3	87	3	88	0.3137	77	0.975	0.7627	0.1789	
job_A	MGYP000406156027.pdb.gz	11.8	118	4	95	3	113	0.07509	74	0.961	1.0	0.8741	
job_A	MGYP000939287327.pdb.gz	12.6	71	21	89	828	896	1.042	74	0.961	0.6017	0.0791	
job_A	MGYP000512326626.pdb.gz	15.5	90	8	94	2	80	0.4421	72	0.949	0.7627	0.3913	
job_A	MGYP002833242840.pdb.gz	11.5	95	4	91	63	153	0.133	71	0.941	0.8051	0.4299	
job_A	MGYP001437676840.pdb.gz	7.9	88	1	87	3	81	0.623	67	0.9	0.7458	0.386	
job_A	MGYP003571418024.pdb.gz	6.8	146	3	99	27	169	2.07	48	0.411	1.2373	0.4695	
job_A	MGYP000193012188.pdb.gz	7.1	126	1	100	87	211	2.602	46	0.353	1.0678	0.3206	
job_A	Q0TLK2	99.1	118	1	118	1	118	1.612e-20	839	1	1.0	0.9365	
job_A	B7NI91	100	118	1	118	1	118	1.914e-20	833	1	1.0	0.9365	
job_A	B4SUA6	95.7	118	1	118	1	118	2.856e-20	830	1	1.0	0.9365	
job_A	B1IQK9	100	118	1	118	1	118	2.027e-20	830	1	1.0	0.9365	
job_A	B1XCA6	100	118	1	118	1	118	2.548e-20	828	1	1.0	0.9365	
job_A	B5YZG7	100	118	1	118	1	118	2.406e-20	828	1	1.0	0.9365	
job_A	B1LGT2	100	118	1	118	1	118	2.406e-20	827	1	1.0	0.9365	
job_A	Q3Z5M9	100	118	1	118	1	118	2.698e-20	826	1	1.0	0.9365	
job_A	P65663	95.7	118	1	118	1	118	3.391e-20	826	1	1.0	0.9365	
job_A	A7ZHM0	100	118	1	118	1	118	2.698e-20	826	1	1.0	0.9365	
job_A	A7ZW80	100	118	1	118	1	118	3.203e-20	825	1	1.0	0.9365	
job_A	P0A792	100	118	1	118	1	118	3.391e-20	824	1	1.0	0.9365	
job_A	B7LGJ3	100	118	1	118	1	118	2.856e-20	824	1	1.0	0.9365	
job_A	B7UIH9	100	118	1	118	1	118	3.203e-20	824	1	1.0	0.9365	
job_A	A1A7H7	100	118	1	118	1	118	3.203e-20	823	1	1.0	0.9365	
job_A	Q326A6	100	118	1	118	1	118	3.203e-20	823	1	1.0	0.9365	
job_A	C0Q5P2	95.7	118	1	118	1	118	4.263e-20	823	1	1.0	0.9365	
job_A	Q0T870	100	118	1	118	1	118	3.391e-20	822	1	1.0	0.9365	
job_A	B5FIX6	94.9	118	1	118	1	118	4.513e-20	822	1	1.0	0.9365	
job_A	A9MZS9	95.7	118	1	118	1	118	4.263e-20	822	1	1.0	0.9365	
job_A	B4TXN2	95.7	118	1	118	1	118	4.263e-20	822	1	1.0	0.9365	
job_A	B5F831	95.7	118	1	118	1	118	4.779e-20	821	1	1.0	0.9365	
job_A	P0C7I4	100	118	1	118	1	118	3.802e-20	820	1	1.0	0.9365	
job_A	P0A790	100	118	1	118	1	118	3.802e-20	820	1	1.0	0.9365	
job_A	P0A791	100	118	1	118	1	118	4.263e-20	820	1	1.0	0.9365	
job_A	B6HZA6	100	118	1	118	1	118	4.026e-20	820	1	1.0	0.9365	
job_A	B7M172	100	118	1	118	1	118	3.802e-20	820	1	1.0	0.9365	
job_A	B7MNZ3	100	118	1	118	1	118	4.513e-20	819	1	1.0	0.9365	
job_A	Q5PDB9	95.7	118	1	118	1	118	5.358e-20	819	1	1.0	0.9365	
job_A	A8ALF1	95.7	118	1	118	1	118	5.673e-20	818	1	1.0	0.9365	
job_A	B5RHB9	95.7	118	1	118	1	118	5.673e-20	818	1	1.0	0.9365	
job_A	Q32K78	100	118	1	118	1	118	4.263e-20	818	1	1.0	0.9365	
job_A	B7LW38	100	118	1	118	1	118	4.779e-20	818	1	1.0	0.9365	
job_A	B5BL63	95.7	118	1	118	1	118	5.358e-20	818	1	1.0	0.9365	
job_A	Q1RG60	100	118	1	118	1	118	4.779e-20	816	1	1.0	0.9365	
job_A	B5R3E4	95.7	118	1	118	1	118	6.007e-20	816	1	1.0	0.9365	
job_A	P0A793	100	118	1	118	1	118	4.779e-20	816	1	1.0	0.9365	
job_A	B4TK03	95.7	118	1	118	1	118	6.361e-20	816	1	1.0	0.9365	
job_A	B2U2X8	100	118	1	118	1	118	4.779e-20	816	1	1.0	0.9365	
job_A	B7N801	100	118	1	118	1	118	5.358e-20	815	1	1.0	0.9365	
job_A	Q57T75	95.7	118	1	118	1	118	6.735e-20	815	1	1.0	0.9365	
job_A	C4ZRM4	100	118	1	118	1	118	5.673e-20	814	1	1.0	0.9365	
job_A	P65662	95.7	118	1	118	1	118	8.466e-20	812	1	1.0	0.9365	
job_A	B7MBB4	100	118	1	118	1	118	6.361e-20	812	1	1.0	0.9365	
job_A	A9MPM3	95.7	118	1	118	1	118	1.193e-19	806	1	1.0	0.9365	
job_A	A4W6N6	91.5	118	1	118	1	118	3.744e-19	786	1	1.0	0.9365	
job_A	A7MGP8	87.2	118	1	118	1	118	6.634e-19	777	1	1.0	0.9365	
job_A	B2VD17	77.9	118	1	118	1	118	5.503e-18	738	1	1.0	0.9365	
job_A	B4EUD1	79.6	118	1	118	1	118	7.756e-18	736	1	1.0	0.9365	
job_A	C6DC49	78.8	118	1	118	1	118	6.533e-18	734	1	1.0	0.9365	
job_A	Q7N871	76.2	118	1	118	1	118	1.298e-17	728	1	1.0	0.9365	
job_A	Q1C3V6	77.9	118	1	118	1	118	1.727e-17	723	1	1.0	0.9365	
job_A	Q6D1X4	75.2	121	1	118	1	121	8.696e-18	718	1	1.0254	0.9603	
job_A	A4TPV3	77.9	118	1	118	1	118	2.577e-17	717	1	1.0	0.9365	
job_A	A7FM24	78.8	118	1	118	1	118	2.729e-17	716	1	1.0	0.9365	
job_A	B2K532	78.8	118	1	118	1	118	2.729e-17	712	1	1.0	0.9365	
job_A	A8GIZ8	79.6	118	1	118	1	118	2.89e-17	712	1	1.0	0.9365	
job_A	B1JK37	78.8	118	1	118	1	118	2.729e-17	711	1	1.0	0.9365	
job_A	A1JJN6	78.8	118	1	118	1	118	3.632e-17	707	1	1.0	0.9365	
job_A	Q66EG5	78.8	118	1	118	1	118	3.846e-17	706	1	1.0	0.9365	
job_A	Q8ZBK6	77.9	118	1	118	1	118	4.072e-17	705	1	1.0	0.9365	
job_A	Q1CLW2	77.9	118	1	118	1	118	4.312e-17	704	1	1.0	0.9365	
job_A	C5B9K4	76.2	118	1	118	1	118	4.566e-17	698	1	1.0	0.9365	
job_A	Q2NVR4	77.1	118	1	118	1	118	1.017e-16	687	1	1.0	0.9365	
job_A	A9R1G4	77.9	118	1	118	1	118	1.017e-16	685	1	1.0	0.9365	
job_A	B8GNA7	57.6	118	1	118	1	118	2.968e-15	627	1	1.0	0.9365	
job_A	A5WHA7	63.5	118	1	118	1	118	3.524e-15	621	1	1.0	0.9365	
job_A	B7I7B4	56.7	118	1	118	1	118	3.951e-15	617	1	1.0	0.9365	
job_A	A1VKS5	58.2	115	1	115	1	115	5.895e-15	614	1	0.9746	0.9055	
job_A	C4L931	56.1	121	1	118	1	121	1.878e-15	613	1	1.0254	0.9603	
job_A	B0VTX3	56.7	118	1	118	1	118	5.258e-15	611	1	1.0	0.9365	
job_A	Q4FVB6	61.8	118	1	118	1	118	5.258e-15	608	1	1.0	0.9365	
job_A	B7GYR1	56.7	118	1	118	1	118	7.41e-15	607	1	1.0	0.9365	
job_A	Q87EV8	53.9	115	1	115	1	115	9.863e-15	605	1	0.9746	0.9127	
job_A	B8GYS2	55	118	1	118	1	118	1.044e-14	604	1	1.0	1.0	
job_A	B0T725	55.9	118	1	118	1	118	1.313e-14	603	1	1.0	1.0	
job_A	Q1QED7	61.8	118	1	118	1	118	7.846e-15	603	1	1.0	0.9365	
job_A	A1AUV5	49.1	118	1	118	1	118	1.24e-14	598	1	1.0	0.9008	
job_A	Q02FU1	52	121	1	118	1	121	5.258e-15	597	1	1.0254	0.9603	
job_A	Q7NXI9	58.2	115	1	115	1	115	1.044e-14	596	1	0.9746	0.9127	
job_A	Q31FF9	52.8	121	1	118	1	121	6.61e-15	594	1	1.0254	0.938	
job_A	Q6F8I6	56.7	118	1	118	1	118	1.747e-14	593	1	1.0	0.9365	
job_A	B0V8G1	56.7	118	1	118	1	118	1.747e-14	593	1	1.0	0.9365	
job_A	Q9RWF1	52.5	118	1	118	1	118	2.196e-14	591	1	1.0	0.9833	
job_A	Q21LV5	52	121	1	118	1	121	1.171e-14	591	1	1.0254	0.9603	
job_A	Q1IYG7	53	115	1	115	1	115	2.761e-14	590	1	0.9746	0.9583	
job_A	Q1H3S3	57.3	115	1	115	1	115	1.472e-14	590	1	0.9746	0.9127	
job_A	A3M2W9	56.7	118	1	118	1	118	2.074e-14	590	1	1.0	0.9365	
job_A	Q7WHJ6	56.5	115	1	115	1	115	1.558e-14	589	1	0.9746	0.9426	
job_A	Q605G8	56.7	118	1	118	1	118	1.39e-14	589	1	1.0	0.9365	
job_A	Q9A602	55	118	1	118	1	118	2.923e-14	588	1	1.0	1.0	
job_A	Q7VXF8	55.6	115	1	115	1	115	1.959e-14	588	1	0.9746	0.9426	
job_A	B4SRY6	49.5	121	1	118	1	121	6.998e-15	588	1	1.0254	0.9603	
job_A	Q1QSZ7	52	121	1	118	1	121	1.106e-14	588	1	1.0254	0.9603	
job_A	B0RTT9	49.5	121	1	118	1	121	6.61e-15	588	1	1.0254	0.9603	
job_A	A5G3A2	51.6	118	1	118	1	118	2.074e-14	587	1	1.0	0.8939	
job_A	C6E3N6	50.8	118	1	118	1	118	2.923e-14	587	1	1.0	0.8806	
job_A	C1D7F0	55.6	115	1	115	1	115	3.095e-14	586	1	0.9746	0.9055	
job_A	B4RH30	52.5	118	1	118	1	118	3.278e-14	585	1	1.0	1.0	
job_A	A1SSG7	53.7	121	1	118	1	121	9.863e-15	585	1	1.0254	0.9603	
job_A	Q3BUL4	48.7	121	1	118	1	121	8.797e-15	585	1	1.0254	0.9603	
job_A	A6VCI7	52	121	1	118	1	121	1.106e-14	585	1	1.0254	0.9603	
job_A	B5E844	51.6	118	1	118	1	118	2.607e-14	585	1	1.0	0.8806	
job_A	A0PV49	50.8	114	1	114	1	114	3.675e-14	585	1	0.9661	0.7972	
job_A	Q0VSR5	52	121	1	118	1	121	1.106e-14	583	1	1.0254	0.9603	
job_A	A4VPM8	52	121	1	118	1	121	1.044e-14	583	1	1.0254	0.9603	
job_A	Q2KY48	57.3	115	1	115	1	115	2.462e-14	582	1	0.9746	0.9426	
job_A	Q2P379	49.5	121	1	118	1	121	9.863e-15	582	1	1.0254	0.9603	
job_A	Q8P9S8	48.7	121	1	118	1	121	1.044e-14	582	1	1.0254	0.9603	
job_A	B2T171	56.8	116	1	115	1	116	1.959e-14	582	1	0.9831	0.9062	
job_A	Q7W972	56.5	115	1	115	1	115	3.675e-14	581	1	0.9746	0.9426	
job_A	B2HUM1	56.7	118	1	118	1	118	3.278e-14	580	1	1.0	0.9365	
job_A	Q9HV68	51.2	121	1	118	1	121	1.558e-14	580	1	1.0254	0.9603	
job_A	Q12F35	56.1	121	1	118	1	121	7.846e-15	580	1	1.0254	0.9603	
job_A	Q47B64	60.3	116	1	116	1	116	3.095e-14	580	1	0.9831	0.9134	
job_A	Q5H0A6	49.5	121	1	118	1	121	1.171e-14	579	1	1.0254	0.9603	
job_A	Q9PGR7	49.5	121	1	118	1	121	1.39e-14	579	1	1.0254	0.9603	
job_A	B2FL70	49.5	121	1	118	1	121	1.39e-14	578	1	1.0254	0.9603	
job_A	A3Q6Y4	49.1	114	1	114	1	114	5.806e-14	577	1	0.9661	0.8444	
job_A	Q4UTV7	48.7	121	1	118	1	121	1.558e-14	576	1	1.0254	0.9603	
job_A	C5C713	52.6	114	1	114	1	114	6.51e-14	575	1	0.9661	0.7862	
job_A	Q5SKN7	50	114	1	114	1	114	7.299e-14	573	1	0.9661	0.95	
job_A	Q3SH81	54.5	121	1	118	1	121	9.863e-15	573	1	1.0254	0.9603	
job_A	B8JAL2	53.5	114	1	114	1	114	4.362e-14	573	1	0.9661	0.8702	
job_A	Q72L22	50	114	1	114	1	114	8.183e-14	571	1	0.9661	0.95	
job_A	B0U1Q4	50.4	121	1	118	1	121	2.326e-14	571	1	1.0254	0.9603	
job_A	Q0C2E7	58.6	116	1	116	1	116	7.728e-14	570	1	0.9831	0.9831	
job_A	Q848I5	52	121	1	118	1	121	2.462e-14	570	1	1.0254	0.9603	
job_A	A3MLN3	57.7	116	1	115	1	116	4.362e-14	570	1	0.9831	0.9062	
job_A	Q63W98	57.7	116	1	115	1	116	4.362e-14	570	1	0.9831	0.9062	
job_A	A4T5N4	49.1	114	1	114	1	114	9.174e-14	570	1	0.9661	0.8507	
job_A	C5BN52	50.4	121	1	118	1	121	4.362e-14	569	1	1.0254	0.9603	
job_A	Q8PLK9	48.7	121	1	118	1	121	2.326e-14	569	1	1.0254	0.9603	
job_A	Q143J3	56.8	116	1	115	1	116	3.675e-14	569	1	0.9831	0.9062	
job_A	Q2LSQ4	48.6	115	1	115	1	115	6.893e-14	568	1	0.9746	0.9914	
job_A	A6VUR3	50.4	121	1	118	1	121	4.362e-14	568	1	1.0254	0.9603	
job_A	A1TG34	50	114	1	114	1	114	9.174e-14	568	1	0.9661	0.8444	
job_A	A1RAZ4	54.3	114	1	114	1	114	1.089e-13	568	1	0.9661	0.7972	
job_A	C1D1G6	53	115	1	115	1	115	1.153e-13	567	1	0.9746	0.9583	
job_A	A3NSK7	57.7	116	1	115	1	116	4.891e-14	567	1	0.9831	0.9062	
job_A	P65661	48.3	120	1	117	1	120	4.362e-14	567	1	1.0169	0.8633	
job_A	B7V1E3	52	121	1	118	1	121	3.47e-14	566	1	1.0254	0.9603	
job_A	A9EUF9	54.2	118	1	118	1	118	9.174e-14	566	1	1.0	0.9147	
job_A	A4G215	54.3	114	1	114	1	114	4.619e-14	565	1	0.9661	0.958	
job_A	Q3A3I8	47.8	117	1	117	1	117	9.714e-14	565	1	0.9915	0.8931	
job_A	Q6ALV4	46.9	115	1	115	1	115	8.664e-14	564	1	0.9746	0.9664	
job_A	Q2T096	56.8	116	1	115	1	116	6.148e-14	564	1	0.9831	0.9062	
job_A	Q1CXC6	46.9	115	1	115	1	115	8.183e-14	564	1	0.9746	0.8846	
job_A	B1Y852	51.2	121	1	118	1	121	3.278e-14	564	1	1.0254	0.9237	
job_A	B0K363	46.1	117	1	117	1	117	1.153e-13	563	1	0.9915	1.0	
job_A	B0KC92	46.1	117	1	117	1	117	1.153e-13	563	1	0.9915	1.0	
job_A	Q8XVU6	52.1	115	1	115	1	115	6.893e-14	563	1	0.9746	0.9583	
job_A	A5U8S6	48.3	120	1	117	1	120	5.179e-14	563	1	1.0169	0.8633	
job_A	A2SAE9	57.7	116	1	115	1	116	6.893e-14	562	1	0.9831	0.9062	
job_A	B1JWS9	56	116	1	115	1	116	6.893e-14	562	1	0.9831	0.9062	
job_A	A7H796	52.6	114	1	114	1	114	7.728e-14	562	1	0.9661	0.8702	
job_A	P9WIL3	48.3	120	1	117	1	120	5.806e-14	562	1	1.0169	0.8633	
job_A	B2GGA2	50.8	114	1	114	1	114	1.721e-13	562	1	0.9661	0.76	
job_A	A3N6X1	56.8	116	1	115	1	116	8.183e-14	561	1	0.9831	0.9062	
job_A	Q47NS4	49.1	114	1	114	1	114	1.293e-13	561	1	0.9661	0.8321	
job_A	P9WIL2	48.3	120	1	117	1	120	6.148e-14	561	1	1.0169	0.8633	
job_A	A1SDW8	47.3	114	1	114	1	114	1.45e-13	561	1	0.9661	0.8201	
job_A	A2SLT3	52.1	115	1	115	1	115	1.153e-13	560	1	0.9746	0.9583	
job_A	Q62LE8	57.7	116	1	115	1	116	8.183e-14	560	1	0.9831	0.9062	
job_A	B4UHC8	53.5	114	1	114	1	114	1.221e-13	560	1	0.9661	0.8702	
job_A	C1AI59	48.3	120	1	117	1	120	6.148e-14	560	1	1.0169	0.8633	
job_A	C0ZPL4	46.9	115	1	115	1	115	1.029e-13	560	1	0.9746	0.777	
job_A	A1V5W9	57.7	116	1	115	1	116	8.183e-14	559	1	0.9831	0.9062	
job_A	B2JEQ8	56	116	1	115	1	116	8.664e-14	559	1	0.9831	0.9062	
job_A	Q2IGV9	52.6	114	1	114	1	114	1.029e-13	559	1	0.9661	0.8702	
job_A	Q3JUY9	57.7	116	1	115	1	116	9.714e-14	558	1	0.9831	0.9062	
job_A	A1KPT6	48.3	120	1	117	1	120	7.299e-14	558	1	1.0169	0.8633	
job_A	Q743Y4	47.5	120	1	117	1	120	7.299e-14	557	1	1.0169	0.8392	
job_A	Q0AMS2	50.8	114	1	114	1	114	3.049e-13	556	1	0.9661	0.9421	
job_A	Q1B2L9	49.1	114	1	114	1	114	2.163e-13	556	1	0.9661	0.8444	
job_A	B8H729	49.1	114	1	114	1	114	2.043e-13	556	1	0.9661	0.8085	
job_A	C1BA76	45.8	120	1	117	1	120	4.891e-14	556	1	1.0169	0.8108	
job_A	Q0S8D4	46.6	120	1	117	1	120	4.891e-14	556	1	1.0169	0.8108	
job_A	Q9ZHI5	55.6	115	1	115	1	115	8.183e-14	555	1	0.9746	0.9583	
job_A	B2UC88	51.6	120	1	117	1	120	4.619e-14	555	1	1.0169	1.0	
job_A	C1DFK0	51.2	121	1	118	1	121	3.675e-14	555	1	1.0254	0.9603	
job_A	A1WBI2	51.2	121	1	118	1	121	4.12e-14	555	1	1.0254	0.9603	
job_A	A1KUB3	50.4	115	1	115	1	115	2.163e-13	555	1	0.9746	0.9055	
job_A	P58286	51.7	114	1	114	1	114	2.291e-13	555	1	0.9661	0.8201	
job_A	A4F6T1	51.7	114	1	114	1	114	2.043e-13	555	1	0.9661	0.6994	
job_A	B4RMD5	50.4	115	1	115	1	115	2.291e-13	554	1	0.9746	0.9055	
job_A	Q5WSM2	49.5	115	1	115	2	116	1.822e-13	553	1	0.9746	0.8647	
job_A	B8I2Z2	50	116	1	116	1	116	2.568e-13	552	1	0.9831	0.9062	
job_A	Q3JCP7	48.7	121	1	118	1	121	5.806e-14	551	1	1.0254	0.9603	
job_A	A9BV13	52	121	1	118	1	121	4.619e-14	551	1	1.0254	0.9603	
job_A	Q9JU49	51.3	115	1	115	1	115	2.719e-13	551	1	0.9746	0.9055	
job_A	A0K9L6	56	116	1	115	1	116	1.369e-13	551	1	0.9831	0.9062	
job_A	Q9AMS6	43.5	117	1	117	1	117	2.719e-13	549	1	0.9915	1.0	
job_A	A0LF66	46	115	1	115	1	115	2.291e-13	549	1	0.9746	0.9274	
job_A	Q5ZRF3	48.6	115	1	115	2	116	2.425e-13	549	1	0.9746	0.8647	
job_A	A1WUU3	49.5	121	1	118	1	121	6.893e-14	548	1	1.0254	0.9603	
job_A	A5CNC0	51.3	115	1	115	1	115	3.832e-13	547	1	0.9746	0.8333	
job_A	A9WT19	46.2	119	1	116	1	119	1.029e-13	546	1	1.0085	0.8623	
job_A	B9MEY1	51.2	121	1	118	1	121	8.183e-14	544	1	1.0254	0.9603	
job_A	B3R6Q3	55	120	1	117	1	120	7.299e-14	543	1	1.0169	1.0	
job_A	B3PCR4	50	118	1	118	1	118	2.425e-13	543	1	1.0	0.9365	
job_A	Q9JZ56	49.5	121	1	118	1	121	1.089e-13	543	1	1.0254	0.9528	
job_A	B1YUU0	55.1	116	1	115	1	116	2.425e-13	543	1	0.9831	0.9062	
job_A	Q39DU8	52	123	1	118	1	122	4.619e-14	542	1	1.0424	0.9609	
job_A	A0QA94	50	114	1	114	1	114	4.058e-13	542	1	0.9661	0.7972	
job_A	B1VHK2	50.8	114	1	114	1	114	3.049e-13	541	1	0.9661	0.8201	
job_A	A6LWN4	45.4	121	1	118	1	121	2.719e-13	540	1	1.0254	0.9758	
job_A	Q12D75	52	121	1	118	1	121	1.029e-13	540	1	1.0254	0.9603	
job_A	Q0BCS7	51.6	122	1	118	1	122	7.299e-14	540	1	1.0339	0.9531	
job_A	A1UMH9	49.1	114	1	114	1	114	4.549e-13	540	1	0.9661	0.8444	
job_A	Q9CD57	49.1	114	1	114	1	114	4.549e-13	540	1	0.9661	0.8028	
job_A	A0PXQ5	43.3	120	1	117	1	120	2.291e-13	539	1	1.0169	0.9756	
job_A	A8M8F2	48.2	114	1	114	1	114	5.101e-13	539	1	0.9661	0.8085	
job_A	Q2JE00	47.4	116	1	116	2	117	5.401e-13	539	1	0.9831	0.7532	
job_A	A4SWK6	53	115	1	115	1	115	3.228e-13	538	1	0.9746	0.9583	
job_A	A5CW02	46.9	115	1	115	1	115	3.418e-13	538	1	0.9746	0.9055	
job_A	Q3A9L2	45.4	121	1	118	1	121	2.163e-13	538	1	1.0254	0.9528	
job_A	A9AHJ2	52.4	122	1	118	1	122	9.714e-14	537	1	1.0339	0.9531	
job_A	Q88Z02	48.2	114	1	114	1	114	6.412e-13	537	1	0.9661	0.8769	
job_A	Q65I58	47.9	121	1	118	1	121	1.721e-13	536	1	1.0254	0.9528	
job_A	Q2RM59	45.6	114	1	114	1	114	9.568e-13	536	1	0.9661	0.8906	
job_A	A0LRC6	48.2	114	1	114	1	114	6.055e-13	536	1	0.9661	0.8382	
job_A	B8ZU50	46.6	120	1	117	1	120	2.719e-13	536	1	1.0169	0.8451	
job_A	Q0RB93	48.2	114	1	114	1	114	6.412e-13	536	1	0.9661	0.6706	
job_A	Q5X0V0	48.6	115	1	115	2	116	6.412e-13	534	1	0.9746	0.8647	
job_A	A8LCM7	48.2	114	1	114	1	114	8.059e-13	534	1	0.9661	0.7651	
job_A	A1AXA6	46	115	1	115	1	115	5.401e-13	533	1	0.9746	0.9664	
job_A	A4JGX2	52.4	122	1	118	1	122	1.153e-13	533	1	1.0339	0.9531	
job_A	Q3AQL9	45.2	115	1	115	1	115	9.036e-13	533	1	0.9746	0.8915	
job_A	B9ML76	41.3	116	1	116	1	116	8.534e-13	532	1	0.9831	0.9062	
job_A	A0K1U2	50.8	114	1	114	1	114	9.036e-13	532	1	0.9661	0.8028	
job_A	A4XCQ3	47.3	114	1	114	1	114	6.789e-13	532	1	0.9661	0.8028	
job_A	B4SCF6	43.4	115	1	115	1	115	1.013e-12	531	1	0.9746	0.8984	
job_A	Q826E8	48.7	119	1	116	1	119	4.817e-13	531	1	1.0085	0.8561	
job_A	B4E8E6	52.4	122	1	118	1	122	1.369e-13	530	1	1.0339	0.9531	
job_A	Q1BUH0	52.4	122	1	118	1	122	1.45e-13	530	1	1.0339	0.9531	
job_A	Q21U10	51.2	121	1	118	1	121	1.221e-13	530	1	1.0254	0.8963	
job_A	A7Z5Z2	47.9	121	1	118	1	121	3.418e-13	529	1	1.0254	0.9528	
job_A	P52999	47.1	121	1	118	1	121	3.228e-13	529	1	1.0254	0.9528	
job_A	Q8FU86	43.8	121	1	118	1	121	3.619e-13	529	1	1.0254	0.8897	
job_A	Q0B0P4	47.8	115	1	115	1	115	1.203e-12	528	1	0.9746	0.9746	
job_A	B2V1M0	45.4	121	1	118	1	121	3.619e-13	528	1	1.0254	0.9758	
job_A	Q0AB67	47.1	121	1	118	1	121	1.929e-13	528	1	1.0254	0.9603	
job_A	Q5F8Y9	47.9	121	1	118	1	121	3.228e-13	528	1	1.0254	0.9528	
job_A	A1BDG1	45.2	115	1	115	1	115	1.273e-12	528	1	0.9746	0.8779	
job_A	Q833S7	44.2	122	1	118	1	121	2.719e-13	526	1	1.0339	0.9313	
job_A	Q4JXL3	48.2	114	1	114	1	114	8.534e-13	526	1	0.9661	0.8261	
job_A	B1VSQ0	44.7	114	1	114	1	114	1.428e-12	526	1	0.9661	0.8085	
job_A	Q5Z2U2	46.6	120	1	117	1	120	3.049e-13	524	1	1.0169	0.8633	
job_A	Q2J4S0	49.1	114	1	114	1	114	1.512e-12	524	1	0.9661	0.7125	
job_A	A5D5T6	47.3	114	1	114	1	114	1.695e-12	523	1	0.9661	0.8636	
job_A	A1RDH3	48.3	120	1	117	1	120	5.101e-13	522	1	1.0169	0.8511	
job_A	A3DDV5	42.1	121	1	118	1	121	6.055e-13	521	1	1.0254	0.9603	
job_A	C4ZG24	45.4	121	1	118	1	121	6.055e-13	521	1	1.0254	0.9237	
job_A	A7HZW6	42.6	115	1	115	1	113	8.059e-13	520	1	0.9746	1.0088	
job_A	Q7MVF1	42.8	112	1	112	1	112	1.273e-12	519	1	0.9492	0.9492	
job_A	B2RK28	42.8	112	1	112	1	112	1.273e-12	519	1	0.9492	0.9492	
job_A	B9L6T1	42.1	114	1	114	1	114	1.601e-12	519	1	0.9661	0.9194	
job_A	A5N8N4	38.8	121	1	118	1	121	6.412e-13	519	1	1.0254	0.9528	
job_A	Q4LA33	47.1	121	1	118	1	121	4.817e-13	519	1	1.0254	0.9528	
job_A	Q8KFS0	46	115	1	115	1	115	2.389e-12	519	1	0.9746	0.8984	
job_A	A4QAD0	42.5	120	1	117	1	120	6.789e-13	518	1	1.0169	0.8824	
job_A	Q9X4N0	42.5	120	1	117	1	120	9.036e-13	517	1	1.0169	0.8824	
job_A	P58285	46.2	121	1	118	1	121	9.036e-13	514	1	1.0254	0.9528	
job_A	B3EFC1	42.6	115	1	115	1	115	2.389e-12	514	1	0.9746	0.8984	
job_A	B4S4T8	41.7	115	1	115	1	115	2.529e-12	514	1	0.9746	0.8915	
job_A	Q7NCY1	41.2	114	1	114	1	114	2.389e-12	513	1	0.9661	0.9661	
job_A	C4L6Q2	49.5	121	1	118	1	121	6.789e-13	513	1	1.0254	0.9528	
job_A	Q5KXX4	42.1	121	1	118	1	121	6.412e-13	513	1	1.0254	0.9528	
job_A	Q92AA8	42.9	121	1	118	1	121	1.073e-12	513	1	1.0254	0.9528	
job_A	Q8Y603	43.8	121	1	118	1	121	1.203e-12	513	1	1.0254	0.9528	
job_A	A4XMZ2	42.1	121	1	118	1	121	8.534e-13	511	1	1.0254	0.9453	
job_A	A0QNF3	45.6	114	1	114	1	114	2.256e-12	511	1	0.9661	0.8382	
job_A	P65664	47.1	121	1	118	1	121	7.188e-13	510	1	1.0254	0.9528	
job_A	Q3B208	43.4	115	1	115	1	115	3.179e-12	510	1	0.9746	0.8984	
job_A	B1I1N9	45.6	114	1	114	1	114	2.389e-12	510	1	0.9661	0.8571	
job_A	C1KWK0	42.9	121	1	118	1	121	1.601e-12	509	1	1.0254	0.9528	
job_A	B3ELP8	41.7	115	1	115	1	115	3.565e-12	509	1	0.9746	0.9055	
job_A	A8FEH5	43.8	121	1	118	1	121	9.568e-13	509	1	1.0254	0.9528	
job_A	Q251P1	42.1	121	1	118	1	121	1.428e-12	508	1	1.0254	0.9528	
job_A	A6QK84	47.1	121	1	118	1	121	8.534e-13	508	1	1.0254	0.9528	
job_A	B9E234	38.8	121	1	118	1	121	1.428e-12	508	1	1.0254	0.9528	
job_A	B1YHQ7	46.2	121	1	118	1	121	7.188e-13	507	1	1.0254	0.9528	
job_A	Q2FDR2	47.1	121	1	118	1	121	8.534e-13	507	1	1.0254	0.9528	
job_A	B8DC26	42.9	121	1	118	1	121	1.601e-12	506	1	1.0254	0.9528	
job_A	Q2YWG1	47.1	121	1	118	1	121	9.568e-13	506	1	1.0254	0.9528	
job_A	A7GN78	43.8	121	1	118	1	121	1.013e-12	506	1	1.0254	0.9528	
job_A	B0TBP6	46.4	114	1	114	1	114	5.632e-12	506	1	0.9661	0.8636	
job_A	B0SBX0	43.2	118	1	117	1	118	2.012e-12	505	1	1.0	1.0	
job_A	Q2FV23	47.1	121	1	118	1	121	9.036e-13	505	1	1.0254	0.9528	
job_A	A6U4X7	47.1	121	1	118	1	121	9.036e-13	505	1	1.0254	0.9528	
job_A	B8FZE1	42.1	121	1	118	1	121	1.795e-12	505	1	1.0254	0.9528	
job_A	Q11NE7	43.4	115	1	115	1	115	2.836e-12	504	1	0.9746	1.0	
job_A	B1IEL4	40.4	121	1	118	1	121	1.428e-12	504	1	1.0254	0.9528	
job_A	A0AK05	42.1	121	1	118	1	121	1.695e-12	504	1	1.0254	0.9528	
job_A	C5CEQ3	41.8	117	1	117	1	115	2.836e-12	503	1	0.9915	1.0174	
job_A	A6L4C4	46.4	112	1	112	1	112	3.003e-12	503	1	0.9492	0.9655	
job_A	B0STF1	43.2	118	1	117	1	118	1.695e-12	503	1	1.0	1.0	
job_A	A4SGF2	41.7	115	1	115	1	115	3.774e-12	503	1	0.9746	0.8984	
job_A	A7H0Y2	40.1	117	1	117	1	115	3.003e-12	502	1	0.9915	1.0174	
job_A	O66773	41.6	120	1	117	1	120	1.273e-12	502	1	1.0169	0.9677	
job_A	B9IVR3	43.8	121	1	118	1	121	1.428e-12	502	1	1.0254	0.9528	
job_A	A7FR58	40.4	121	1	118	1	121	1.795e-12	502	1	1.0254	0.9528	
job_A	P65665	47.1	121	1	118	1	121	1.073e-12	502	1	1.0254	0.9528	
job_A	Q71YB5	42.9	121	1	118	1	121	2.256e-12	501	1	1.0254	0.9528	
job_A	Q6GDK6	47.1	121	1	118	1	121	1.203e-12	501	1	1.0254	0.9528	
job_A	Q6HL14	43.8	121	1	118	1	121	1.428e-12	501	1	1.0254	0.9528	
job_A	Q5HL37	42.9	121	1	118	1	121	1.136e-12	501	1	1.0254	0.9453	
job_A	Q7NDK7	41.6	120	1	117	1	120	2.256e-12	500	1	1.0169	0.96	
job_A	Q8NUN3	47.5	120	1	117	1	120	1.601e-12	500	1	1.0169	0.9449	
job_A	A7GAI4	40.4	121	1	118	1	121	1.9e-12	500	1	1.0254	0.9528	
job_A	Q8CVE9	42.2	116	1	115	1	116	1.9e-12	499	1	0.9831	1.0	
job_A	C3L033	40.4	121	1	118	1	121	2.012e-12	499	1	1.0254	0.9528	
job_A	B3QQH1	45.2	115	1	115	1	115	6.315e-12	499	1	0.9746	0.8984	
job_A	Q6G679	47.1	121	1	118	1	121	1.428e-12	498	1	1.0254	0.9528	
job_A	Q81ST1	43.8	121	1	118	1	121	1.695e-12	498	1	1.0254	0.9528	
job_A	Q8CMZ4	43.3	120	1	117	1	120	1.512e-12	498	1	1.0169	0.9375	
job_A	Q81FN5	44.6	121	1	118	1	121	1.601e-12	497	1	1.0254	0.9528	
job_A	B7HHU5	44.6	121	1	118	1	121	1.695e-12	497	1	1.0254	0.9528	
job_A	B7GHT2	42.9	121	1	118	1	121	1.9e-12	497	1	1.0254	0.9528	
job_A	A8ERX9	36.5	115	1	115	1	115	6.315e-12	496	1	0.9746	0.9055	
job_A	B7IPB9	43.8	121	1	118	1	121	1.9e-12	496	1	1.0254	0.9528	
job_A	Q5WGA5	45.9	122	1	118	1	121	2.012e-12	495	1	1.0339	0.9606	
job_A	B7JHQ8	43.8	121	1	118	1	121	2.012e-12	495	1	1.0254	0.9528	
job_A	Q63DJ1	43.8	121	1	118	1	121	2.012e-12	495	1	1.0254	0.9528	
job_A	B1KUY5	39.6	121	1	118	1	121	2.529e-12	495	1	1.0254	0.9528	
job_A	A0RM41	39.1	115	1	115	1	114	6.686e-12	494	1	0.9746	1.0	
job_A	A6L8I7	46.4	112	1	112	1	112	5.632e-12	494	1	0.9492	0.9655	
job_A	A9VMF1	43.8	121	1	118	1	121	2.131e-12	494	1	1.0254	0.9528	
job_A	A4IQ59	42.9	121	1	118	1	121	2.012e-12	494	1	1.0254	0.9528	
job_A	A0RBZ4	43.8	121	1	118	1	121	2.012e-12	494	1	1.0254	0.9528	
job_A	Q64XM2	44	109	1	109	1	109	5.964e-12	493	1	0.9237	0.9316	
job_A	Q8EQD8	42.1	121	1	118	1	121	2.012e-12	493	1	1.0254	0.9528	
job_A	Q5HCV5	47.5	120	1	117	1	120	2.529e-12	493	1	1.0169	0.9449	
job_A	B7HL55	43.8	121	1	118	1	121	2.389e-12	492	1	1.0254	0.9528	
job_A	A5IW22	47.1	121	1	118	1	121	2.256e-12	491	1	1.0254	0.9528	
job_A	C1EN38	43.8	121	1	118	1	121	2.678e-12	491	1	1.0254	0.9528	
job_A	C5D3B1	42.1	121	1	118	1	121	2.678e-12	491	1	1.0254	0.9528	
job_A	B9DKF6	44.6	121	1	118	1	121	2.012e-12	491	1	1.0254	0.9528	
job_A	B3QTQ3	45.2	115	1	115	1	115	7.497e-12	491	1	0.9746	0.8456	
job_A	C3P5R1	43.8	121	1	118	1	121	2.678e-12	490	1	1.0254	0.9528	
job_A	Q052G3	39.6	116	1	115	1	116	3.367e-12	489	1	0.9831	1.0	
job_A	Q89ZR7	44.9	109	1	109	1	109	7.497e-12	489	1	0.9237	0.9316	
job_A	Q9KC85	42.9	121	1	118	1	121	3.367e-12	489	1	1.0254	0.9528	
job_A	Q30TR6	39.1	115	1	115	1	115	7.938e-12	488	1	0.9746	0.9504	
job_A	C3L8P8	43.8	121	1	118	1	121	3.179e-12	488	1	1.0254	0.9528	
job_A	Q73AV2	42.9	121	1	118	1	121	3.179e-12	488	1	1.0254	0.9528	
job_A	Q982G0	39.8	113	3	115	2	114	1.057e-11	488	1	0.9576	0.7533	
job_A	Q04TD7	39.6	116	1	115	1	116	5.024e-12	487	1	0.9831	1.0	
job_A	A7ZFX6	36.7	117	1	117	1	115	7.497e-12	486	1	0.9915	1.0174	
job_A	Q72QN9	42.2	116	1	115	1	116	5.319e-12	486	1	0.9831	1.0	
job_A	Q5LGS0	44	109	1	109	1	109	9.423e-12	486	1	0.9237	0.9316	
job_A	Q2S2P5	44	118	1	118	1	118	9.978e-12	486	1	1.0	0.8082	
job_A	A6GVV2	43.1	116	1	115	1	116	9.978e-12	485	1	0.9831	1.0	
job_A	Q9ZN30	39.4	114	1	114	1	113	9.423e-12	485	1	0.9661	0.9744	
job_A	Q3M782	42	119	1	116	1	119	5.024e-12	484	1	1.0085	0.937	
job_A	Q9EYU1	39.8	113	3	115	2	114	1.406e-11	484	1	0.9576	0.7533	
job_A	O34246	39.6	121	1	118	1	121	3.997e-12	483	1	1.0254	1.0	
job_A	Q29W39	42.9	121	1	118	1	120	3.997e-12	479	1	1.0254	0.9603	
job_A	Q7UQU4	40.7	113	2	114	6	118	1.489e-11	479	1	0.9576	0.7244	
job_A	B6JPC9	37.6	117	1	117	1	116	1.254e-11	478	1	0.9915	1.0086	
job_A	A7IHU0	46.4	112	3	114	2	113	1.577e-11	478	1	0.9492	0.7467	
job_A	Q8YR79	41.6	120	1	117	1	120	5.964e-12	476	1	1.0169	0.9449	
job_A	P56065	38.5	114	1	114	1	113	1.669e-11	475	1	0.9661	0.9744	
job_A	A7H576	40.4	121	1	118	1	120	6.686e-12	474	1	1.0254	0.9603	
job_A	B2J9T1	38.2	115	1	115	1	115	1.982e-11	474	1	0.9746	0.9055	
job_A	B0C321	40	115	1	115	1	115	1.982e-11	474	1	0.9746	0.8779	
job_A	A8FK85	42.9	121	1	118	1	120	5.632e-12	473	1	1.0254	0.9603	
job_A	C0QRI3	43.3	120	1	117	1	120	8.9e-12	473	1	1.0169	0.8571	
job_A	Q1CVC3	37.6	117	1	117	1	116	1.872e-11	472	1	0.9915	1.0086	
job_A	Q5HWH5	42.9	121	1	118	1	120	6.686e-12	471	1	1.0254	0.9603	
job_A	B2UW36	38.4	117	1	117	1	116	2.222e-11	469	1	0.9915	1.0086	
job_A	Q9PIK3	42.9	121	1	118	1	120	7.08e-12	469	1	1.0254	0.9603	
job_A	Q17ZL6	36.7	117	1	117	1	116	2.491e-11	468	1	0.9915	1.0086	
job_A	B8IQG9	43.3	113	3	115	2	114	3.316e-11	468	1	0.9576	0.7434	
job_A	Q7VJB2	36.8	114	1	114	1	113	2.222e-11	467	1	0.9661	0.95	
job_A	A9AUB8	45.1	124	1	118	1	120	2.836e-12	466	1	1.0508	0.992	
job_A	B4U8K0	45.8	120	1	117	1	118	6.315e-12	462	1	1.0169	0.96	
job_A	B7JX32	45.4	121	1	118	1	121	8.9e-12	460	1	1.0254	0.9167	
job_A	B8ELJ7	41	112	3	114	2	113	7.818e-11	457	1	0.9492	0.7226	
job_A	A7HLE9	40.6	118	1	115	1	116	2.638e-11	454	1	1.0	1.0172	
job_A	B2V7Y0	42	119	1	115	1	119	2.793e-11	453	1	1.0085	0.8881	
job_A	A0M786	44	109	1	109	1	109	7.818e-11	452	1	0.9237	0.9397	
job_A	B5Y862	36.6	120	1	117	1	118	3.936e-11	448	1	1.0169	1.0	
job_A	B2IEX5	41.9	112	3	114	2	113	1.102e-10	445	1	0.9492	0.7467	
job_A	A5INN0	35.9	114	1	114	1	110	1.102e-10	443	1	0.9661	1.0	
job_A	B1L8P0	39.4	114	1	114	1	110	1.467e-10	440	1	0.9661	1.0	
job_A	A8F5K4	39.6	116	3	115	2	115	9.281e-11	436	1	0.9831	1.0087	
job_A	Q9X037	35.9	114	1	114	1	110	1.952e-10	434	1	0.9661	1.0	
job_A	Q2VZZ9	38.9	113	3	114	2	114	1.843e-10	433	1	0.9576	0.6278	
job_A	Q3Z8B5	40	110	5	114	1	110	3.084e-10	432	1	0.9322	0.8871	
job_A	Q55382	35.6	115	2	114	3	117	2.067e-10	432	1	0.9746	0.7931	
job_A	A6LJQ5	38.9	118	1	115	1	116	1.308e-10	430	1	1.0	0.9916	
job_A	Q6MHH9	42.1	121	1	118	1	119	5.239e-11	430	1	1.0254	0.9758	
job_A	B6IPF8	37.5	112	3	114	2	113	3.266e-10	427	1	0.9492	0.7368	
job_A	B7K6Z1	37.9	116	2	115	3	118	1.385e-10	424	1	0.9831	0.7436	
job_A	B7IG50	38.3	120	1	117	1	118	1.843e-10	421	1	1.0169	1.0	
job_A	B8IZG2	37.7	114	3	115	2	115	4.602e-10	421	1	0.9661	0.8085	
job_A	B1WSW1	38.9	118	1	115	2	118	2.317e-10	420	1	1.0	0.7815	
job_A	Q3ZXG1	38.1	110	5	114	1	110	8.153e-10	418	1	0.9322	0.8871	
job_A	Q5NF56	32.7	110	1	110	1	109	4.873e-10	410	1	0.9322	0.991	
job_A	Q8U9Q9	39.8	113	3	115	2	114	9.679e-10	408	1	0.9576	0.729	
job_A	A4IWW4	32.7	110	1	110	1	109	6.486e-10	406	1	0.9322	0.991	
job_A	Q0BMQ7	33.6	107	1	107	1	106	9.679e-10	401	1	0.9068	0.964	
job_A	Q14GK9	32.7	110	1	110	1	109	1.025e-09	399	1	0.9322	0.991	
job_A	Q2A4C8	33.6	107	1	107	1	106	1.217e-09	397	1	0.9068	0.964	
job_A	Q18HQ3	39.8	118	1	115	1	114	9.141e-10	396	1	1.0	1.0351	
job_A	B0JNW2	35	117	1	115	2	116	8.153e-10	394	1	0.9915	0.8417	
job_A	A0Q7L4	33.6	107	1	107	1	106	2.417e-09	385	1	0.9068	0.964	
job_A	Q83EA4	31.7	107	1	107	1	106	2.709e-09	383	1	0.9068	0.964	
job_A	Q118E6	34.5	113	1	112	2	114	9.679e-10	376	1	0.9576	0.7152	
job_A	A1RUA9	34.7	118	3	118	2	115	2.282e-09	364	1	1.0	0.9833	
job_A	P54811	17	88	11	95	30	113	0.002083	136	1	0.7458	0.1088	
job_A	Q3ZBT1	13.6	88	11	95	24	107	0.002473	133	1	0.7458	0.1092	
job_A	AF-Q7KN62-3-F1-model_v6	15.9	88	11	95	46	129	0.002206	133	1	0.7458	0.1065	
job_A	P55072	13.6	88	11	95	24	107	0.002773	132	1	0.7458	0.1092	
job_A	P46462	13.6	88	11	95	24	107	0.003908	128	1	0.7458	0.1092	
job_A	P54812	12.8	109	11	104	30	134	0.001858	127	1	0.9237	0.1346	
job_A	Q2FTS5	17.5	80	12	86	2	80	0.008702	126	1	0.678	0.155	
job_A	P03974	13.6	88	11	95	24	107	0.003292	125	1	0.7458	0.1092	
job_A	P23787	12.5	88	11	95	24	107	0.006538	122	1	0.7458	0.1093	
job_A	Q6GL04	12.5	88	11	95	24	107	0.00733	121	1	0.7458	0.1093	
job_A	Q7ZU99	11.3	88	11	95	24	107	0.00733	121	1	0.7458	0.1092	
job_A	P54609	18.1	88	11	95	28	111	0.00733	121	1	0.7458	0.1088	
job_A	Q9SCN8	19.3	88	11	95	29	112	0.004912	121	1	0.7458	0.108	
job_A	Q7KN62	15.9	88	11	95	21	104	0.00733	120	1	0.7458	0.1099	
job_A	P54774	19.3	88	11	95	29	112	0.008702	119	1	0.7458	0.109	
job_A	Q9LZF6	18.1	88	11	95	28	111	0.009214	119	1	0.7458	0.1086	
job_A	Q96372	20.4	88	11	95	29	112	0.01158	116	1	0.7458	0.1093	
job_A	Q01853	15.9	88	11	95	24	107	0.01158	115	1	0.7458	0.1092	
job_A	Q58081	17.6	85	11	89	2	82	0.02052	114	1	0.7203	0.169	
job_A	Q5AWS6	16.3	92	7	95	44	128	0.01033	114	1	0.7797	0.1118	
job_A	O05209	13.8	94	5	89	3	89	0.01226	110	1	0.7966	0.1262	
job_A	Q07590	14.8	94	1	89	36	120	0.01728	110	1	0.7966	0.1205	
job_A	A2BJU0	13.9	79	11	87	4	80	0.02579	109	1	0.6695	0.1574	
job_A	Q8Y2X7	15.2	85	14	87	13	95	0.02173	108	1	0.7203	0.1677	
job_A	Q9P3A7	11.9	92	7	95	43	127	0.01158	108	1	0.7797	0.1129	
job_A	A1RWC3	21.4	84	9	89	2	81	0.01033	107	1	0.7119	0.1644	
job_A	Q58556	18.1	99	1	91	1	87	0.01158	107	1	0.839	0.1096	
job_A	AF-Q8NB90-3-F1-model_v6	16.8	95	7	89	43	132	0.01375	106	1	0.8051	0.1365	
job_A	P25694	13	92	7	95	33	117	0.01456	105	1	0.7797	0.1102	
job_A	Q1GQ92	15.1	99	11	99	18	111	0.008702	104	1	0.839	0.1926	
job_A	Q21222	14.2	91	12	89	50	135	0.05424	103	1	0.7712	0.1257	
job_A	AF-Q8NB90-2-F1-model_v6	16.8	95	7	89	43	132	0.02173	102	1	0.8051	0.1203	
job_A	O28927	17.2	87	9	91	2	84	0.01728	101	1	0.7373	0.1723	
job_A	Q46S32	14.2	98	14	99	18	110	0.01938	97	0.999	0.8305	0.1914	
job_A	A7I5N0	11.8	93	11	99	1	92	0.06082	96	0.999	0.7881	0.1831	
job_A	Q607P2	15.7	89	11	89	9	95	0.02731	96	0.999	0.7542	0.1725	
job_A	Q8SSJ5	13.6	95	7	95	20	106	0.04569	95	0.998	0.8051	0.1218	
job_A	Q8NB90	12.7	94	1	87	42	131	0.01938	95	0.998	0.7966	0.1053	
job_A	Q3UMC0	11.1	90	7	87	42	130	0.03849	94	0.998	0.7627	0.1008	
job_A	Q0KA59	15.8	101	7	99	26	120	0.01158	93	0.998	0.8559	0.1942	
job_A	A7HYS8	13.6	88	7	87	9	93	0.03242	91	0.997	0.7458	0.1743	
job_A	Q2SLV0	16	106	3	99	7	101	0.005507	91	0.997	0.8983	0.2099	
job_A	A3CSY4	13.5	96	9	98	2	90	0.03242	91	0.997	0.8136	0.1893	
job_A	Q12E97	12.7	94	4	90	15	97	0.01226	91	0.997	0.7966	0.184	
job_A	P32794	10.2	88	11	89	32	118	0.1608	91	0.997	0.7458	0.1128	
job_A	A1W9B0	11.7	102	7	99	15	110	0.01632	90	0.996	0.8644	0.1988	
job_A	C5A1L9	16.3	92	12	98	2	87	0.04569	89	0.996	0.7797	0.1829	
job_A	A6UUN0	8.6	92	11	99	2	91	0.05424	89	0.996	0.7797	0.1825	
job_A	O28972	18.2	93	3	91	7	92	0.02436	89	0.996	0.7881	0.1269	
job_A	B6YWT7	14.2	91	12	98	2	87	0.06082	88	0.995	0.7712	0.1809	
job_A	A2SPI9	12.5	96	3	94	1	84	0.01094	88	0.995	0.8136	0.1901	
job_A	Q466X0	12	83	12	89	2	80	0.1354	88	0.995	0.7034	0.164	
job_A	Q21W90	15.3	98	4	94	13	100	0.01375	88	0.995	0.8305	0.1877	
job_A	Q9HPF0	16.3	92	3	89	2	86	0.06439	88	0.995	0.7797	0.124	
job_A	Q55BK0	12.7	102	1	89	25	118	0.05744	87	0.994	0.8644	0.3091	
job_A	Q5JCX3	15.6	83	11	89	1	81	0.1434	87	0.994	0.7034	0.165	
job_A	Q3IP82	11.7	94	9	99	2	88	0.06439	86	0.993	0.7966	0.188	
job_A	A1W631	15.3	98	8	99	14	108	0.03242	86	0.993	0.8305	0.1918	
job_A	Q5X2M8	11.3	88	7	87	19	103	0.06818	85	0.992	0.7458	0.1702	
job_A	Q8U0I2	19.7	91	12	98	2	87	0.04075	84	0.991	0.7712	0.1809	
job_A	Q9V163	15.3	91	12	98	2	87	0.03849	84	0.991	0.7712	0.1809	
job_A	A5IFN1	10.9	91	4	87	21	103	0.05123	84	0.991	0.7712	0.176	
job_A	Q8RNP4	10.9	91	4	87	21	103	0.05123	84	0.991	0.7712	0.176	
job_A	Q0ATA0	13.6	95	4	91	19	103	0.04315	84	0.991	0.8051	0.183	
job_A	A4FZL0	9.6	93	11	98	2	89	0.09075	83	0.99	0.7881	0.1842	
job_A	A9A6M7	9.6	93	11	98	2	89	0.08094	83	0.99	0.7881	0.1842	
job_A	A6URW3	8.6	93	11	98	2	89	0.06439	83	0.99	0.7881	0.1842	
job_A	Q88FH2	10.9	64	25	86	835	896	0.08571	83	0.99	0.5424	0.0708	
job_A	P46468	9.5	147	4	114	341	479	0.02892	83	0.99	1.2458	0.1196	
job_A	Q5ZWR3	10.9	91	4	87	21	103	0.06082	82	0.988	0.7712	0.176	
job_A	Q9KGW3	9.3	64	25	86	835	896	0.09609	82	0.988	0.5424	0.0708	
job_A	Q5BL07	13.4	89	7	89	12	96	0.269	82	0.988	0.7542	0.0693	
job_A	O60058	12.7	94	9	94	6	94	0.1141	81	0.986	0.7966	0.1162	
job_A	P60068	15.3	52	23	73	809	858	0.2021	81	0.986	0.4407	0.0569	
job_A	P9WIV9	12.1	107	5	89	701	804	0.09075	80	0.984	0.9068	0.1328	
job_A	Q9S1H0	15.3	52	23	73	813	862	0.2266	79	0.981	0.4407	0.0566	
job_A	Q58568	9.9	121	3	91	1	113	0.08571	78	0.978	1.0254	0.9098	
job_A	G3GXG9	12.3	89	7	88	12	96	0.1909	78	0.978	0.7542	0.0693	
job_A	A0B6C9	11.4	87	14	94	3	81	0.1518	77	0.975	0.7373	0.1699	
job_A	P9WIV8	12.1	107	5	89	701	804	0.1279	77	0.975	0.9068	0.1328	
job_A	P59962	12.1	107	5	89	701	804	0.1279	77	0.975	0.9068	0.1328	
job_A	O59251	14.2	91	12	98	2	87	0.1017	76	0.971	0.7712	0.1809	
job_A	A4VHV6	18	100	3	94	14	104	0.01728	76	0.971	0.8475	0.1901	
job_A	Q11BH8	9.9	101	7	99	12	106	0.05123	75	0.967	0.8559	0.1984	
job_A	Q6M0E4	10.7	93	11	98	2	89	0.2021	74	0.961	0.7881	0.1842	
job_A	P54934	17.4	86	8	74	597	679	0.05123	73	0.956	0.7288	0.1156	
job_A	P46923	13.7	145	8	105	670	807	0.03433	73	0.956	1.2288	0.1792	
job_A	Q92890	10.7	102	2	89	18	114	0.05424	72	0.949	0.8644	0.3322	
job_A	Q9ES53	10.7	102	2	89	18	114	0.05744	72	0.949	0.8644	0.3322	
job_A	P70362	10.7	102	2	89	18	114	0.05744	72	0.949	0.8644	0.3322	
job_A	C6A2A0	13.1	91	12	98	2	87	0.1354	72	0.949	0.7712	0.1809	
job_A	O28928	11.2	98	1	94	1	84	0.09075	72	0.949	0.8305	0.1944	
job_A	A6VIW6	9.6	93	11	98	2	89	0.2266	72	0.949	0.7881	0.1842	
job_A	C0SP82	12.3	81	11	73	563	641	0.254	72	0.949	0.6864	0.1191	
job_A	P06131	12.9	93	7	80	567	652	0.06818	72	0.949	0.7881	0.136	
job_A	A8IA58	10.8	101	6	99	188	281	0.04569	72	0.949	0.8559	0.1457	
job_A	P20099	14.2	84	8	73	634	714	0.1434	72	0.949	0.7119	0.1081	
job_A	Q8GPG4	17.3	52	23	73	805	854	0.3791	72	0.949	0.4407	0.0571	
job_A	P58362	13.4	149	4	105	669	807	0.03433	71	0.941	1.2627	0.1842	
job_A	P85097	12.4	129	2	105	783	901	0.01456	71	0.941	1.0932	0.143	
job_A	AF-Q5BL07-2-F1-model_v6	11.4	87	7	86	12	94	0.358	71	0.941	0.7373	0.0699	
job_A	O43933	10.5	95	1	88	13	96	0.1909	71	0.941	0.8051	0.074	
job_A	Q21A54	15.9	69	25	89	157	225	0.3381	70	0.933	0.5847	0.3053	
job_A	AF-Q92890-3-F1-model_v6	10.7	102	2	89	18	114	0.06818	70	0.933	0.8644	0.3835	
job_A	O42915	10.2	98	1	89	32	126	0.1803	70	0.933	0.8305	0.2865	
job_A	Q8CVZ3	12	150	4	105	669	807	0.03635	70	0.933	1.2712	0.1854	
job_A	Q9CK41	8.8	79	11	70	678	754	0.2266	70	0.933	0.6695	0.096	
job_A	Q87ZQ4	9.4	74	25	95	836	905	0.2399	70	0.933	0.6271	0.0818	
job_A	Q7XD66	13.3	112	1	91	60	167	0.05424	69	0.923	0.9492	0.6707	
job_A	Q9WYK8	13.6	73	23	90	138	210	0.2848	69	0.923	0.6186	0.3476	
job_A	Q9Z4S6	11.1	54	23	73	902	953	0.3016	69	0.923	0.4576	0.0529	
job_A	D5AKU6	8.9	67	25	87	146	212	0.425	68	0.912	0.5678	0.3116	
job_A	Q9VTF9	12.7	102	1	89	17	111	0.09075	68	0.912	0.8644	0.3228	
job_A	Q19584	11.8	101	1	89	21	118	0.214	68	0.912	0.8559	0.2953	
job_A	P31075	17	47	25	70	671	715	0.599	68	0.912	0.3983	0.0616	
job_A	Q5Y818	22.2	54	19	70	739	789	0.5046	68	0.912	0.4576	0.0638	
job_A	AF-Q92890-1-F1-model_v6	8.1	111	2	102	18	123	0.09609	67	0.9	0.9407	0.3236	
job_A	Q9XAR0	9.9	111	5	95	727	834	0.0722	67	0.9	0.9407	0.1317	
job_A	Q47CW6	12.5	80	11	73	786	863	0.269	67	0.9	0.678	0.0863	
job_A	P42175	10	90	1	73	1075	1156	0.1909	66	0.887	0.7627	0.0733	
job_A	Q187N2	8	75	25	94	139	209	0.1279	65	0.872	0.6356	0.3589	
job_A	A4YIY0	8.7	114	1	100	15	126	0.04315	65	0.872	0.9661	0.5377	
job_A	P19435	11.2	89	7	91	165	239	0.269	65	0.872	0.7542	0.3708	
job_A	Q55752	13.7	109	1	91	223	320	0.04838	65	0.872	0.9237	0.3396	
job_A	P37519	9.8	81	11	75	557	635	0.1702	65	0.872	0.6864	0.1214	
job_A	Q9HR74	9.6	83	11	74	695	775	0.2021	65	0.872	0.7034	0.0992	
job_A	I3R9M9	9.4	85	7	74	841	920	0.3381	65	0.872	0.7203	0.0864	
job_A	D5DKA5	11.6	77	23	95	142	215	0.254	64	0.855	0.6525	0.3548	
job_A	Q9QUL6	9.8	102	2	96	3	87	0.1909	64	0.855	0.8644	0.1371	
job_A	Q7W733	9.3	86	5	70	714	794	0.1279	64	0.855	0.7288	0.1035	
job_A	Q9LET7	11.7	119	11	95	65	182	0.254	64	0.855	1.0085	0.1164	
job_A	Q834M4	8.9	67	25	87	143	209	0.7972	63	0.837	0.5678	0.3175	
job_A	Q74FU6	11.5	78	23	92	770	841	0.254	63	0.837	0.661	0.0924	
job_A	D7AF63	10	110	6	92	741	841	0.1077	63	0.837	0.9322	0.1303	
job_A	P53044	7	99	1	89	21	116	0.2266	62	0.817	0.839	0.2742	
job_A	P46460	9.7	103	2	96	3	87	0.1909	62	0.817	0.8729	0.1384	
job_A	Q5R410	9.8	102	2	96	3	87	0.2266	62	0.817	0.8644	0.1371	
job_A	Q47A87	7.3	123	5	91	720	837	0.1608	62	0.817	1.0424	0.147	
job_A	Q9KTF4	18.9	111	1	95	75	173	0.1141	61	0.795	0.9407	0.4221	
job_A	Q9ZDE1	17	123	1	99	163	268	0.08094	61	0.795	1.0424	0.3844	
job_A	Q72E84	11.7	51	23	72	597	645	1.26	61	0.795	0.4322	0.0738	
job_A	P42434	9.9	121	7	94	596	709	0.06439	61	0.795	1.0254	0.1704	
job_A	P33760	11.7	111	2	97	202	305	0.2399	61	0.795	0.9407	0.1078	
job_A	P9WJQ3	7.8	152	1	89	1081	1224	0.254	61	0.795	1.2881	0.1234	
job_A	A6TJX7	5.5	72	25	91	144	211	0.2399	60	0.772	0.6102	0.3396	
job_A	A9KN62	11.7	68	25	87	146	212	0.45	60	0.772	0.5763	0.3192	
job_A	A0A0H2ZFV1	18.8	122	3	104	98	205	0.03849	60	0.772	1.0339	0.3578	
job_A	Q795Y4	7.8	89	13	79	826	912	0.5046	60	0.772	0.7542	0.0908	
job_A	P73455	10.8	101	5	93	1	90	0.1279	59	0.747	0.8559	1.1222	
job_A	Q8Y7T9	6.6	75	25	95	140	211	0.5046	59	0.747	0.6356	0.3521	
job_A	Q9ZJ38	17.3	104	3	88	113	206	0.1909	59	0.747	0.8814	0.3312	
job_A	Q9X6V6	17.3	121	3	104	98	205	0.08094	59	0.747	1.0254	0.3538	
job_A	P22704	10.2	137	9	100	357	489	0.45	59	0.747	1.161	0.2192	
job_A	P46459	9.8	102	2	96	3	87	0.3016	59	0.747	0.8644	0.1371	
job_A	Q7WTU0	13.2	53	19	70	749	799	1.124	59	0.747	0.4492	0.0621	
job_A	Q99RW4	13	92	13	82	821	910	0.4014	59	0.747	0.7797	0.0935	
job_A	O34720	9.5	84	13	74	822	903	0.5342	59	0.747	0.7119	0.0853	
job_A	O67235	17.3	104	4	90	129	221	0.2266	58	0.72	0.8814	0.4602	
job_A	Q55G31	9.4	116	1	89	27	137	0.1608	58	0.72	0.9831	0.4056	
job_A	P18708	5.8	103	2	96	3	87	0.4765	58	0.72	0.8729	0.1384	
job_A	P81186	10.7	84	7	70	642	718	0.5046	58	0.72	0.7119	0.1113	
job_A	P37600	10.3	97	23	91	664	758	0.425	58	0.72	0.822	0.128	
job_A	Q56350	6.5	91	5	72	714	799	0.2399	58	0.72	0.7712	0.1095	
job_A	P0A1Y4	5.9	67	22	84	836	900	1.124	58	0.72	0.5678	0.0738	
job_A	A5UAE1	8.1	123	5	91	709	826	0.45	57	0.692	1.0424	0.1487	
job_A	A0KIM1	6.9	86	5	70	712	792	0.3791	57	0.692	0.7288	0.1037	
job_A	Q12P44	7.8	89	7	72	714	797	0.3791	57	0.692	0.7542	0.1074	
job_A	A1SWQ0	8.1	86	5	70	713	793	0.358	57	0.692	0.7288	0.1035	
job_A	Q7VRV7	10.2	78	25	94	871	941	1.061	57	0.692	0.661	0.0829	
job_A	O13764	13.7	102	7	91	178	272	0.6342	57	0.692	0.8644	0.1076	
job_A	Q99LC9	8.3	120	1	91	190	298	0.8938	57	0.692	1.0169	0.1223	
job_A	Q6FW67	9.6	104	6	95	194	294	0.599	57	0.692	0.8814	0.1023	
job_A	Q8YSZ4	11.9	109	1	89	273	369	0.254	56	0.663	0.9237	0.2938	
job_A	Q1ACN5	7	141	9	104	379	515	0.599	56	0.663	1.1949	0.2117	
job_A	Q9MUS6	7.9	138	12	104	397	531	0.5046	56	0.663	1.1695	0.2066	
job_A	Q09X26	7.9	138	12	104	381	515	0.5046	56	0.663	1.1695	0.2018	
job_A	P52733	12	141	9	104	394	530	0.5046	56	0.663	1.1949	0.2026	
job_A	A3N277	10.9	91	7	75	712	797	0.358	56	0.663	0.7712	0.11	
job_A	Q7VPJ7	6.5	91	7	75	712	797	0.358	56	0.663	0.7712	0.11	
job_A	A4SPG7	6.9	86	5	70	712	792	0.425	56	0.663	0.7288	0.1037	
job_A	Q8ZCF3	6.9	86	5	70	711	791	0.5046	56	0.663	0.7288	0.1036	
job_A	A9QZL3	5.8	86	5	70	711	791	0.3381	56	0.663	0.7288	0.1036	
job_A	Q46RX3	5.4	129	5	91	714	831	0.269	56	0.663	1.0932	0.1552	
job_A	P56914	2.6	76	23	85	766	837	0.599	56	0.663	0.6441	0.0891	
job_A	O83958	15.7	114	2	99	25	127	0.2021	55	0.632	0.9661	0.3585	
job_A	Q7WIQ1	10.3	126	5	91	712	829	0.1803	55	0.632	1.0678	0.152	
job_A	P39185	6.5	91	5	72	714	799	0.3791	55	0.632	0.7712	0.1095	
job_A	Q487G4	4.6	129	5	91	715	832	0.3016	55	0.632	1.0932	0.155	
job_A	Q2VEI5	7.9	138	12	104	387	521	0.6716	54	0.601	1.1695	0.2009	
job_A	P73448	6.8	87	7	73	596	677	0.3791	54	0.601	0.7373	0.1218	
job_A	Q71EW5	8.7	80	7	70	598	673	0.599	54	0.601	0.678	0.1096	
job_A	A0T0R0	8.6	138	12	104	467	601	0.6716	54	0.601	1.1695	0.1885	
job_A	Q67QZ1	6.4	125	5	91	635	754	0.3791	54	0.601	1.0593	0.1658	
job_A	Q8EIJ1	5.9	84	7	70	711	789	0.6716	54	0.601	0.7119	0.1017	
job_A	B0BR28	10.9	91	7	75	712	797	0.45	54	0.601	0.7712	0.11	
job_A	C6DK59	8.6	93	5	75	711	798	0.4014	54	0.601	0.7881	0.1123	
job_A	A1JL26	5.8	86	5	70	712	792	0.4765	54	0.601	0.7288	0.1035	
job_A	Q8XCX2	9.4	74	25	95	839	908	0.8938	54	0.601	0.6271	0.0815	
job_A	P19319	10.9	110	1	84	1082	1183	0.5046	54	0.601	0.9322	0.0883	
job_A	Q9FWU1	12.1	123	3	91	97	216	0.5046	53	0.569	1.0424	0.5694	
job_A	Q55G32	9.8	112	3	88	32	142	0.6342	53	0.569	0.9492	0.3836	
job_A	Q9CJR6	12.8	132	1	116	67	171	0.2021	53	0.569	1.1186	0.449	
job_A	B3H2D1	10.9	91	7	75	712	797	0.4765	53	0.569	0.7712	0.11	
job_A	B8F7K2	4.8	123	5	91	710	827	0.6342	53	0.569	1.0424	0.1487	
job_A	P33602	7.8	64	25	84	839	900	1.775	53	0.569	0.5424	0.0705	
job_A	Q13608	5.2	133	1	102	190	306	0.5342	53	0.569	1.1271	0.1357	
job_A	A0A369NIV7	14.8	47	25	70	883	927	2.232	53	0.569	0.3983	0.0462	
job_A	C8WLC6	14.8	47	25	70	883	927	2.232	53	0.569	0.3983	0.0462	
job_A	A0A0A8X0K1	5	60	23	70	920	979	1.775	53	0.569	0.5085	0.0573	
job_A	D5SXM0	8.5	70	25	84	166	234	0.4014	52	0.537	0.5932	0.2869	
job_A	A4QLS4	10.1	138	12	104	381	515	0.7529	52	0.537	1.1695	0.2029	
job_A	Q6D5Z2	6.9	86	5	70	711	791	0.7529	52	0.537	0.7288	0.1039	
job_A	A4XWM0	6.2	127	7	94	716	834	0.254	52	0.537	1.0763	0.1523	
job_A	Q8U7P1	8.8	125	5	91	716	833	0.358	52	0.537	1.0593	0.1499	
job_A	B1Y6A6	8.1	86	5	70	734	814	0.7111	52	0.537	0.7288	0.1011	
job_A	D1AFM9	11.1	72	25	91	142	209	0.3791	51	0.505	0.6102	0.3412	
job_A	Q9CKL8	5.7	121	7	91	713	828	1.124	51	0.505	1.0254	0.1461	
job_A	A8GHJ4	6.4	93	5	75	711	798	0.599	51	0.505	0.7881	0.1123	
job_A	C5B7B9	6.5	123	5	91	712	829	0.5657	51	0.505	1.0424	0.1484	
job_A	Q1C5S8	5.8	86	5	70	711	791	0.6342	51	0.505	0.7288	0.1036	
job_A	Q1CK03	5.8	86	5	70	711	791	0.6716	51	0.505	0.7288	0.1036	
job_A	A7FG75	5.9	84	7	70	713	791	0.7111	51	0.505	0.7119	0.1012	
job_A	Q668I0	5.8	86	5	70	711	791	0.6342	51	0.505	0.7288	0.1036	
job_A	B2K970	5.8	86	5	70	711	791	0.6342	51	0.505	0.7288	0.1036	
job_A	Q2SGV7	6.9	86	5	70	713	793	0.6716	51	0.505	0.7288	0.1036	
job_A	B1JSJ0	5.8	86	5	70	711	791	0.6342	51	0.505	0.7288	0.1036	
job_A	A4TMK8	5.8	86	5	70	711	791	0.6716	51	0.505	0.7288	0.1036	
job_A	Q21PN1	5.4	129	5	91	714	831	0.5657	51	0.505	1.0932	0.1552	
job_A	Q06457	4.7	126	5	91	567	687	0.5342	51	0.505	1.0678	0.1455	
job_A	Q8ZDL2	6.7	74	25	95	845	914	1.88	51	0.505	0.6271	0.081	
job_A	Q74Z13	9.9	101	2	86	203	297	0.8938	51	0.505	0.8559	0.0989	
job_A	O31963	10.5	95	1	93	84	154	0.3193	50	0.473	0.8051	0.3585	
job_A	B0TSW5	7.5	93	5	75	709	796	0.7111	50	0.473	0.7881	0.1126	
job_A	Q13I15	6.9	129	5	91	710	827	0.6342	50	0.473	1.0932	0.156	
job_A	Q2W3T1	4.8	123	5	91	710	827	0.599	50	0.473	1.0424	0.1487	
job_A	Q93HX3	4.9	121	7	91	712	827	0.7111	50	0.473	1.0254	0.1463	
job_A	B0URQ3	7.5	93	5	75	710	797	0.6716	50	0.473	0.7881	0.1125	
job_A	C4ZU48	8.6	93	5	75	711	798	0.8442	50	0.473	0.7881	0.1123	
job_A	Q65Q72	7.6	91	7	75	715	800	0.7111	50	0.473	0.7712	0.1096	
job_A	Q0TMN9	7.9	139	12	104	342	476	1.002	50	0.473	1.178	0.118	
job_A	A0T0D8	7.9	138	12	104	432	566	1.124	49	0.442	1.1695	0.1983	
job_A	P39458	9.4	138	5	102	603	728	0.4014	49	0.442	1.1695	0.1893	
job_A	Q4QNJ6	7.3	123	5	91	709	826	0.8938	49	0.442	1.0424	0.1487	
job_A	Q0I5G9	6.9	86	5	70	710	790	0.8442	49	0.442	0.7288	0.104	
job_A	Q8VL02	5.4	91	5	72	710	795	0.8938	49	0.442	0.7712	0.1099	
job_A	Q53176	8.6	93	5	75	714	801	0.6342	49	0.442	0.7881	0.1119	
job_A	A6V924	5.5	127	7	94	716	834	0.4014	49	0.442	1.0763	0.1523	
job_A	Q89EN5	6.2	129	5	91	717	834	0.6342	49	0.442	1.0932	0.1541	
job_A	Q21AR4	6.8	132	5	94	717	837	0.599	49	0.442	1.1186	0.1577	
job_A	B2UBL7	9.3	96	5	75	721	808	0.3016	49	0.442	0.8136	0.1146	
job_A	AF-O43933-2-F1-model_v6	11.3	106	7	91	12	113	1.412	49	0.442	0.8983	0.1103	
job_A	Q6CPV1	8.8	113	2	95	196	294	0.6716	49	0.442	0.9576	0.113	
job_A	Q32I06	5.8	86	5	70	711	791	0.9464	48	0.411	0.7288	0.1039	
job_A	B7M5P6	5.8	86	5	70	711	791	0.9464	48	0.411	0.7288	0.1039	
job_A	B2TV30	5.8	86	5	70	711	791	1.002	48	0.411	0.7288	0.1039	
job_A	Q6LQJ3	10.4	96	5	75	713	800	0.4765	48	0.411	0.8136	0.1157	
job_A	B3R8B4	4.6	129	5	91	714	831	0.7972	48	0.411	1.0932	0.1552	
job_A	B7UX15	4.7	127	7	94	716	834	0.45	48	0.411	1.0763	0.1523	
job_A	C1D9G3	3.5	84	7	70	724	802	1.124	48	0.411	0.7119	0.1001	
job_A	D3RNN8	7.8	51	21	70	812	860	3.145	48	0.411	0.4322	0.0527	
job_A	P54777	6.3	126	1	95	190	299	0.8938	48	0.411	1.0678	0.1288	
job_A	Q20EX2	8.6	138	12	104	696	830	1.334	48	0.411	1.1695	0.1352	
job_A	O30078	12.6	111	11	99	931	1032	0.5046	48	0.411	0.9407	0.0979	
job_A	Q49V53	10	139	12	104	341	475	1.19	48	0.411	1.178	0.1152	
job_A	Q034X1	7.9	138	12	104	341	475	1.334	48	0.411	1.1695	0.1131	
job_A	Q03Q37	11.1	72	25	91	138	206	0.6342	47	0.382	0.6102	0.3462	
job_A	B2Y1V6	5.6	141	9	104	396	532	1.677	47	0.382	1.1949	0.2026	
job_A	A8LLY9	8.3	84	7	70	716	794	1.412	47	0.382	0.7119	0.1011	
job_A	Q250N9	7.1	139	12	104	347	481	1.19	47	0.382	1.178	0.1197	
job_A	Q38UQ3	9.4	138	12	104	341	475	1.583	47	0.382	1.1695	0.1137	
job_A	P9WGY7	7.7	142	9	104	425	561	1.334	47	0.382	1.2034	0.1079	
job_A	A6VQY7	6.5	91	7	75	711	796	1.26	46	0.353	0.7712	0.1102	
job_A	Q9I4G3	4.7	127	7	94	711	829	0.599	46	0.353	1.0763	0.1532	
job_A	B0UCB6	5.3	131	5	99	713	834	0.6342	46	0.353	1.1102	0.1563	
job_A	A7GZP5	10.7	84	7	70	811	889	1.334	46	0.353	0.7119	0.0907	
job_A	A4XI31	10.5	142	9	104	339	475	1.495	46	0.353	1.2034	0.1221	
job_A	A5U053	7.9	139	12	104	427	561	1.583	46	0.353	1.178	0.1056	
job_A	P0A675	7.7	142	9	104	425	561	1.495	46	0.353	1.2034	0.1079	
job_A	C7NCT6	11.1	72	25	91	143	210	0.7972	45	0.326	0.6102	0.3412	
job_A	A9N5G2	5.8	86	5	70	711	791	1.677	45	0.326	0.7288	0.1039	
job_A	B5YWZ7	5.9	84	7	70	713	791	1.495	45	0.326	0.7119	0.1014	
job_A	Q8Z570	4.7	84	7	70	713	791	1.775	45	0.326	0.7119	0.1014	
job_A	A4VJ11	6.2	127	7	94	716	834	0.6716	45	0.326	1.0763	0.1523	
job_A	A9I7M5	5.8	86	5	70	730	810	1.334	45	0.326	0.7288	0.1015	
job_A	A8AEM8	9.2	76	25	94	138	209	1.412	44	0.301	0.6441	0.3619	
job_A	Q9PHM1	14.2	105	1	89	76	168	0.8938	44	0.301	0.8898	0.3818	
job_A	B1LKV2	5.8	86	5	70	711	791	1.583	44	0.301	0.7288	0.1039	
job_A	Q57M92	4.6	86	5	70	711	791	1.775	44	0.301	0.7288	0.1039	
job_A	Q8XE47	5.9	84	7	70	713	791	1.775	44	0.301	0.7119	0.1014	
job_A	A1AD59	5.8	86	5	70	711	791	1.583	44	0.301	0.7288	0.1039	
job_A	B7N5G7	5.8	86	5	70	711	791	1.583	44	0.301	0.7288	0.1039	
job_A	A7ZP28	5.8	86	5	70	711	791	1.583	44	0.301	0.7288	0.1039	
job_A	C0Q0P2	4.6	86	5	70	711	791	1.775	44	0.301	0.7288	0.1039	
job_A	A9MJZ6	5.9	84	7	70	713	791	2.363	44	0.301	0.7119	0.1014	
job_A	B5FNQ2	4.6	86	5	70	711	791	1.775	44	0.301	0.7288	0.1039	
job_A	B7MXN6	5.8	86	5	70	711	791	1.677	44	0.301	0.7288	0.1039	
job_A	Q31Z29	5.8	86	5	70	711	791	1.677	44	0.301	0.7288	0.1039	
job_A	Q5PI61	5.9	84	7	70	713	791	1.99	44	0.301	0.7119	0.1014	
job_A	B5RC85	4.6	86	5	70	711	791	1.775	44	0.301	0.7288	0.1039	
job_A	Q02IZ4	4.7	127	7	94	716	834	0.7972	44	0.301	1.0763	0.1523	
job_A	Q3A9Q8	10.7	139	12	104	341	475	1.88	44	0.301	1.178	0.1207	
job_A	A6TWI9	10.5	142	9	104	339	475	1.99	44	0.301	1.2034	0.1213	
job_A	Q5FM96	9.1	142	12	104	341	475	1.334	44	0.301	1.2034	0.1167	
job_A	B3WAM7	7.9	138	12	104	341	475	1.583	44	0.301	1.1695	0.1131	
job_A	Q4A5S8	7.2	137	9	99	424	556	2.97	44	0.301	1.161	0.0918	
job_A	B8PYF3	9.6	125	1	91	41	160	0.599	43	0.277	1.0593	0.4717	
job_A	A8A268	5.8	86	5	70	711	791	1.88	43	0.277	0.7288	0.1039	
job_A	B7LJU7	5.8	86	5	70	711	791	1.88	43	0.277	0.7288	0.1039	
job_A	Q0T2R8	5.8	86	5	70	711	791	1.88	43	0.277	0.7288	0.1039	
job_A	B4SYT3	5.9	84	7	70	713	791	2.363	43	0.277	0.7119	0.1014	
job_A	B5R233	4.7	84	7	70	713	791	2.108	43	0.277	0.7119	0.1014	
job_A	B4TPE6	5.9	84	7	70	713	791	2.363	43	0.277	0.7119	0.1014	
job_A	Q046D1	9.1	142	12	104	341	475	1.412	43	0.277	1.2034	0.1161	
job_A	O26091	16.8	107	3	90	114	207	0.45	42	0.254	0.9068	0.3397	
job_A	B7UFL9	5.9	84	7	70	713	791	2.232	42	0.254	0.7119	0.1014	
job_A	B7MFB8	5.8	86	5	70	711	791	1.99	42	0.254	0.7288	0.1039	
job_A	B1IY66	5.8	86	5	70	711	791	1.99	42	0.254	0.7288	0.1039	
job_A	Q3Z001	5.8	86	5	70	711	791	1.99	42	0.254	0.7288	0.1039	
job_A	B7LAM9	5.8	86	5	70	711	791	1.99	42	0.254	0.7288	0.1039	
job_A	B1X8A2	10.4	96	5	75	711	798	1.124	42	0.254	0.8136	0.1159	
job_A	Q6LTV9	9.5	94	7	75	713	798	1.061	42	0.254	0.7966	0.1135	
job_A	Q1R9L3	5.8	86	5	70	711	791	1.99	42	0.254	0.7288	0.1039	
job_A	B7NN18	5.9	84	7	70	713	791	2.232	42	0.254	0.7119	0.1014	
job_A	Q8ZNH6	5.9	84	7	70	713	791	2.502	42	0.254	0.7119	0.1014	
job_A	B6I1A4	5.8	86	5	70	711	791	1.99	42	0.254	0.7288	0.1039	
job_A	P33937	10.4	96	5	75	711	798	1.124	42	0.254	0.8136	0.1159	
job_A	Q83QV0	5.8	86	5	70	711	791	1.99	42	0.254	0.7288	0.1039	
job_A	Q8CVW4	6.9	86	5	70	711	791	2.502	42	0.254	0.7288	0.1039	
job_A	A5ED21	10.4	86	7	70	719	797	0.7111	42	0.254	0.7288	0.1031	
job_A	Q9KLR4	8.7	126	5	91	711	828	1.412	41	0.233	1.0678	0.152	
job_A	A4Z0A1	9.8	91	7	72	719	802	0.7972	41	0.233	0.7712	0.1091	
job_A	Q5FFD8	10	139	12	104	353	487	2.805	41	0.233	1.178	0.0985	
job_A	P77374	9.6	83	6	73	685	762	3.734	40	0.214	0.7034	0.1027	
job_A	P56300	8.9	134	8	99	514	642	3.145	40	0.214	1.1356	0.1603	
job_A	A0A061IR73	6.6	120	1	89	190	294	3.145	39	0.196	1.0169	0.1224	
job_A	Q6F0L8	8.3	143	9	104	391	527	3.734	39	0.196	1.2119	0.114	
job_A	Q9C1E9	8.6	127	1	91	26	145	2.649	39	0.196	1.0763	0.0915	
job_A	O83270	5.7	139	12	104	341	475	3.145	39	0.196	1.178	0.0982	
job_A	AF-Q13608-2-F1-model_v6	5.9	135	1	104	190	308	3.526	38	0.179	1.1441	0.1829	
job_A	B5EYU5	8.3	96	5	75	711	798	1.677	38	0.179	0.8136	0.1159	
job_A	B4TAT3	8.3	96	5	75	711	798	1.677	38	0.179	0.8136	0.1159	
job_A	B5BDZ4	8.3	96	5	75	711	798	1.677	38	0.179	0.8136	0.1159	
job_A	Q7SGP2	9.7	154	1	95	374	524	1.26	38	0.179	1.3051	0.1115	
job_A	Q8SSC4	7.4	67	38	99	405	469	3.33	38	0.179	0.5678	0.0419	
job_A	Q0TFN6	9.3	96	5	75	711	798	1.677	37	0.164	0.8136	0.1159	
job_A	A8AE11	8.3	96	5	75	711	798	2.232	37	0.164	0.8136	0.1159	
job_A	Q8RY16	11.7	68	1	61	44	111	3.526	37	0.164	0.5763	0.0723	
job_A	Q4WB37	12.1	115	8	104	122	222	1.495	35	0.138	0.9746	0.4752	
job_A	O68639	6.8	102	2	93	215	294	2.232	35	0.138	0.8644	0.2125	
job_A	Q6BS73	9.8	112	2	88	16	122	0.5657	35	0.138	0.9492	0.0935	
job_A	B2S2I9	7.1	139	12	104	341	475	5.572	35	0.138	1.178	0.0982	
job_A	A9MLP6	8.2	73	25	91	138	207	4.969	34	0.126	0.6186	0.3476	
job_A	P76185	11.6	86	29	104	195	276	0.425	34	0.126	0.7288	0.3018	
job_A	G1X4S3	5.7	121	1	89	245	360	6.614	34	0.126	1.0254	0.1023	
job_A	A5VLL3	9.6	83	30	104	402	475	2.108	34	0.126	0.7034	0.0685	
job_A	B7LTW5	6.4	78	25	91	138	207	3.953	33	0.116	0.661	0.3714	
job_A	Q9P961	10.2	98	8	91	122	208	3.145	33	0.116	0.8305	0.4	
job_A	O53900	8.7	91	22	100	143	228	4.432	31	0.098	0.7712	0.1064	
job_A	Q9FNP1	11.2	98	5	95	13	102	7.852	31	0.098	0.8305	0.0867	
job_A	Q1C8B0	15.2	85	23	102	275	350	4.432	29	0.082	0.7203	0.2429	
job_A	A4TJU6	10.4	105	2	102	272	350	4.969	29	0.082	0.8898	0.3	
job_A	B2K295	11.4	105	2	102	272	350	4.969	29	0.082	0.8898	0.3	
job_A	A9QZ62	14.1	85	23	102	275	350	4.969	28	0.076	0.7203	0.2429	
job_A	Q8EWX0	12.5	72	41	104	480	548	7.416	28	0.076	0.6102	0.0559	
job_A	Q8LN49	12.3	81	14	89	68	145	3.734	27	0.069	0.6864	0.2935	
job_A	Q9XHZ8	12.5	56	39	91	66	117	4.432	27	0.069	0.4746	0.1718	
job_A	Q8U0X0	24.2	33	28	60	2	34	6.614	27	0.069	0.2797	0.0753	
job_A	P75271	7.6	78	30	99	483	551	6.614	27	0.069	0.661	0.0605	
job_A	Q9PQV5	9.3	75	39	104	483	553	8.314	27	0.069	0.6356	0.0575	
job_A	A2AKX3	10.9	82	28	87	1775	1853	6.614	27	0.069	0.6949	0.031	
job_A	Q9FKD5	6.3	63	43	97	216	276	1.99	26	0.063	0.5339	0.2283	
job_A	Q66B20	11.4	105	2	102	272	350	7.852	26	0.063	0.8898	0.3	
job_A	A8F3K2	13.4	52	38	88	25	74	8.314	26	0.063	0.4407	0.1109	
job_A	A6LJR1	15.2	92	1	88	1	76	7.852	24	0.051	0.7797	0.1962	
job_A	B7IG44	10.9	55	38	88	27	76	9.322	24	0.051	0.4661	0.117	
job_A	B6YQC5	20	60	32	88	20	76	8.314	24	0.051	0.5085	0.12	
job_A	Q8X5L8	7.3	95	4	93	106	177	3.145	23	0.045	0.8051	0.121	
job_A	A8G1G4	15.3	65	40	104	136	191	7.852	20	0.029	0.5508	0.189	
job_A	P57153	15.1	66	40	105	139	195	9.87	19	0.024	0.5593	0.1854	
job_A	P59450	14.2	70	40	104	135	190	9.322	18	0.02	0.5932	0.2096	
job_A	A0A0H3GRW9	89.6	116	3	118	2	117	1.172e-18	763	1	0.9831	0.928	
job_A	K0ENC8	46.6	120	1	117	1	120	2.712e-13	527	1	1.0169	0.8571	
job_A	G4M0P7	18.1	88	11	95	21	104	0.002928	133	1	0.7458	0.1096	
job_A	A0A8R1TKB7	14.7	88	11	95	30	113	0.002766	133	1	0.7458	0.1072	
job_A	K7VQA7	17	88	11	95	30	113	0.002612	130	1	0.7458	0.1095	
job_A	Q29RA2	12.5	88	11	95	26	109	0.003283	130	1	0.7458	0.1093	
job_A	A0A1D6KUI9	15.9	88	11	95	32	115	0.003476	130	1	0.7458	0.1086	
job_A	K7LQC6	19.3	88	11	95	29	112	0.002766	128	1	0.7458	0.1092	
job_A	A0A0J9XXY9	14.7	88	11	95	30	113	0.004127	128	1	0.7458	0.1084	
job_A	A0A3P7GHM4	14.7	88	11	95	43	126	0.00437	128	1	0.7458	0.1067	
job_A	Q10RP0	14.7	88	11	95	31	114	0.003681	126	1	0.7458	0.1088	
job_A	I1NAA5	20.4	88	11	95	29	112	0.003681	125	1	0.7458	0.1089	
job_A	A0A1C1C871	15.2	92	7	95	41	125	0.003898	125	1	0.7797	0.1121	
job_A	I1LTL9	19.3	88	11	95	29	112	0.005816	124	1	0.7458	0.109	
job_A	A0A175VYV0	17.3	92	7	95	43	127	0.00437	123	1	0.7797	0.113	
job_A	I1LZ82	17	88	11	95	29	112	0.005188	122	1	0.7458	0.1085	
job_A	A0A1D6GQ42	14.7	88	11	95	32	115	0.005493	121	1	0.7458	0.1085	
job_A	I1JPP3	20.4	88	11	95	29	112	0.006159	120	1	0.7458	0.1089	
job_A	U7Q155	15.2	92	7	95	45	129	0.005493	120	1	0.7797	0.1108	
job_A	A0A0D2GTZ1	15.2	92	7	95	61	145	0.005816	120	1	0.7797	0.1095	
job_A	A0AAF5CYW9	13.6	110	11	104	64	169	0.003476	119	1	0.9322	0.0825	
job_A	Q38B27	13.4	82	11	89	14	94	0.02884	118	1	0.6949	0.1051	
job_A	Q4CVL6	10.4	86	11	95	70	151	0.003898	118	1	0.7288	0.1098	
job_A	I1KCD7	14.7	88	11	95	37	120	0.0103	115	1	0.7458	0.1081	
job_A	A0A0K0EHY8	13.6	110	11	104	30	135	0.005816	114	1	0.9322	0.1361	
job_A	C1H425	13	92	7	95	39	123	0.0103	114	1	0.7797	0.1122	
job_A	A0AAF5DF39	13.1	91	9	89	372	456	0.00437	114	1	0.7712	0.0864	
job_A	A0A913HL69	12.2	90	9	89	64	148	0.004127	113	1	0.7627	0.1208	
job_A	Q4DWB5	13.9	86	7	89	12	93	0.02572	113	1	0.7288	0.1105	
job_A	C0NF61	14.1	92	7	95	39	123	0.01223	112	1	0.7797	0.1225	
job_A	A0A0P0XFK3	12.2	90	11	94	87	172	0.01452	112	1	0.7627	0.0996	
job_A	A0A1D6JNX1	14.7	88	11	95	30	113	0.01452	111	1	0.7458	0.109	
job_A	C6KT34	13.6	88	11	95	27	110	0.01371	111	1	0.7458	0.1063	
job_A	A0A077ZLV1	11.3	88	11	95	29	112	0.01724	109	1	0.7458	0.109	
job_A	K7LTM9	18.1	88	11	95	29	112	0.01825	108	1	0.7458	0.1215	
job_A	I1L8Z3	17	88	11	95	31	114	0.01825	108	1	0.7458	0.1082	
job_A	A0A8M9Q017	11.9	92	7	89	28	117	0.008197	107	1	0.7797	0.1481	
job_A	Q59WG3	13	92	7	95	34	118	0.01452	107	1	0.7797	0.1114	
job_A	A4ICJ9	13	92	7	95	14	98	0.01933	105	1	0.7797	0.1333	
job_A	P90532	12.5	88	11	95	23	106	0.02294	105	1	0.7458	0.111	
job_A	I1JXA0	14.7	88	11	95	37	120	0.0243	105	1	0.7458	0.1081	
job_A	K0F946	13.5	111	8	102	2	108	0.04304	103	1	0.9407	0.1449	
job_A	K7UEH4	13.1	91	11	95	25	111	0.04825	95	0.998	0.7712	0.1152	
job_A	A0A8I6A2A6	11.8	93	7	89	42	131	0.01724	95	0.998	0.7881	0.1041	
job_A	A0A1D6KSC9	14	107	8	91	73	177	0.0103	91	0.997	0.9068	0.6045	
job_A	C1GSK3	10.4	96	5	89	3	93	0.08073	91	0.997	0.8136	0.1273	
job_A	P96281	15.7	95	2	89	9	92	0.09584	88	0.995	0.8051	0.1305	
job_A	Q5F621	10.4	67	25	89	687	751	0.09052	84	0.991	0.5678	0.089	
job_A	Q585X7	13	92	1	91	76	158	0.1075	84	0.991	0.7797	0.1157	
job_A	K7TS12	7.6	130	7	91	61	189	0.3185	84	0.991	1.1017	0.132	
job_A	K7M3G0	14.1	113	1	100	4	108	0.01223	82	0.988	0.9576	0.3857	
job_A	Q8I3L7	10.3	106	1	91	63	163	0.004899	82	0.988	0.8983	0.1514	
job_A	Q5A331	11.9	92	12	94	31	122	0.3185	82	0.988	0.7797	0.1201	
job_A	Q5AMF9	13.8	108	1	90	147	249	0.01825	80	0.984	0.9153	0.4303	
job_A	Q9VK63	11.1	99	4	91	57	154	0.1138	80	0.984	0.839	0.1239	
job_A	D3ZZB2	10.7	93	1	87	13	94	0.1904	80	0.984	0.7881	0.0725	
job_A	Q9I0C8	18.9	58	17	73	659	713	0.1276	79	0.981	0.4915	0.0754	
job_A	K0F4A3	13.4	97	3	82	1	87	0.03424	78	0.978	0.822	0.6178	
job_A	A0A0P0VFH4	11.8	101	1	89	22	113	0.1138	78	0.978	0.8559	0.3117	
job_A	Q9VUC7	12.2	98	1	91	2	86	0.07201	77	0.975	0.8305	0.0974	
job_A	C4J8Y3	11.8	101	1	89	13	104	0.1205	76	0.971	0.8559	0.3258	
job_A	A0A0D2GEP7	15.3	98	1	89	20	114	0.06066	76	0.971	0.8305	0.2579	
job_A	C0P059	11.2	98	1	89	30	124	0.06423	76	0.971	0.8305	0.2444	
job_A	U7PJZ1	10.2	98	1	89	60	154	0.06801	76	0.971	0.8305	0.2284	
job_A	A0A158Q482	13	100	7	97	23	113	0.1276	76	0.971	0.8475	0.1337	
job_A	C0NYV3	9.9	101	7	95	4	96	0.1698	75	0.967	0.8559	0.1341	
job_A	A0A804LYC0	11.3	106	8	91	66	169	0.09052	74	0.961	0.8983	0.6272	
job_A	O25163	14.8	54	23	73	678	727	0.3185	74	0.961	0.4576	0.0678	
job_A	A0A3Q0KUV5	9	99	1	89	13	108	0.05109	73	0.956	0.839	0.3257	
job_A	I1LK05	12.2	98	1	89	31	124	0.1604	73	0.956	0.8305	0.2899	
job_A	Q8ILR6	15.3	98	1	89	22	113	0.1514	72	0.949	0.8305	0.3475	
job_A	A0A0P0WDV8	12.8	101	1	89	13	104	0.1514	72	0.949	0.8559	0.3156	
job_A	A0A0H3GUK9	14.4	83	8	72	634	713	0.143	72	0.949	0.7034	0.107	
job_A	C0NF62	8.9	56	12	67	41	95	0.5974	71	0.941	0.4746	0.5657	
job_A	Q0P854	14.7	88	8	94	156	230	0.1351	71	0.941	0.7458	0.3826	
job_A	A0A804N031	12.5	96	1	89	14	106	0.1698	71	0.941	0.8136	0.3404	
job_A	A0A3P7EX61	13.3	112	1	94	17	119	0.1205	71	0.941	0.9492	0.3489	
job_A	A4ICA6	10.5	104	1	94	8	102	0.1075	71	0.941	0.8814	0.32	
job_A	A0A0P0Y148	7	127	2	89	66	189	0.143	71	0.941	1.0763	0.2714	
job_A	A0A3P7DKK5	7.3	109	12	97	54	154	0.3008	71	0.941	0.9237	0.1453	
job_A	Q328L3	13	84	8	73	596	676	0.2134	70	0.933	0.7119	0.1137	
job_A	Q6DRD5	9.8	102	2	89	18	114	0.08073	69	0.923	0.8644	0.3312	
job_A	I1KQB3	12.2	106	1	94	13	108	0.1904	69	0.923	0.8983	0.3354	
job_A	A8MQW3	13.2	106	1	94	34	129	0.1205	69	0.923	0.8983	0.3118	
job_A	A0A1D6KSD3	13.5	111	1	91	62	168	0.06423	68	0.912	0.9407	0.6607	
job_A	K0EYY0	6	115	7	100	724	833	0.06066	68	0.912	0.9746	0.1376	
job_A	Q9SVK0	12.1	115	1	94	13	108	0.1205	67	0.9	0.9746	0.3651	
job_A	A0A0K0IZH8	13.5	111	2	94	18	119	0.1904	67	0.9	0.9407	0.3469	
job_A	A0A804MBL0	12.8	101	1	89	13	104	0.2683	67	0.9	0.8559	0.3117	
job_A	A0A175WC53	10	150	1	114	24	170	0.06066	67	0.9	1.2712	0.3916	
job_A	A0A0H3GH07	12	125	7	99	418	538	0.03234	67	0.9	1.0593	0.2236	
job_A	A0A0J9YAJ0	3.9	101	4	89	56	148	0.3008	67	0.9	0.8559	0.1348	
job_A	K0EK18	10.2	117	4	89	647	760	0.1276	67	0.9	0.9915	0.1529	
job_A	A0A0N4ULF6	13.3	112	1	94	18	120	0.2683	66	0.887	0.9492	0.3902	
job_A	K0EYK0	9.8	142	6	101	590	726	0.09584	66	0.887	1.2034	0.1935	
job_A	L0T2Z1	11.5	52	23	73	644	693	0.751	66	0.887	0.4407	0.0682	
job_A	G3XCX1	11	109	2	84	1090	1190	0.1138	66	0.887	0.9237	0.0864	
job_A	I1JSI6	12.2	106	1	94	14	109	0.3008	65	0.872	0.8983	0.3593	
job_A	I1K5K8	12.2	106	1	94	13	108	0.3008	65	0.872	0.8983	0.3354	
job_A	I1MDD7	14.8	94	2	89	11	103	0.2683	65	0.872	0.7966	0.2956	
job_A	A0A8R1TLG9	10.5	104	6	97	56	150	0.09584	65	0.872	0.8814	0.1394	
job_A	Q0P855	4.8	103	8	93	720	815	0.2841	65	0.872	0.8729	0.1256	
job_A	Q8ZR20	12.3	81	6	70	631	706	0.2016	64	0.855	0.6864	0.1067	
job_A	Q2FVM1	10.7	84	7	73	1077	1157	0.4003	64	0.855	0.7119	0.0683	
job_A	A0A1C1CST2	16.1	105	7	91	165	264	0.3185	63	0.837	0.8898	0.3977	
job_A	I1M7E7	5.2	115	1	89	78	183	0.2683	63	0.837	0.9746	0.2007	
job_A	D2CK11	12	91	2	87	7	86	0.2016	63	0.837	0.7712	0.0736	
job_A	A0A0D2HN04	16	106	7	91	169	269	0.3372	62	0.817	0.8983	0.3941	
job_A	A0A0D2H9J2	14.4	97	8	94	2	92	0.2841	62	0.817	0.822	0.1376	
job_A	Q8ZLA2	11.4	140	8	94	636	764	0.1604	62	0.817	1.1864	0.1802	
job_A	K7U2U2	12.3	130	3	91	195	321	1.121	62	0.817	1.1017	0.1188	
job_A	Q9HVT6	16.8	107	1	91	30	124	0.1514	61	0.795	0.9068	0.856	
job_A	Q9I0J6	14.9	67	22	86	833	897	0.944	61	0.795	0.5678	0.074	
job_A	F1QMB0	8.4	153	1	101	249	396	0.1904	61	0.795	1.2966	0.1429	
job_A	Q5F638	19.6	117	1	100	45	149	0.09052	60	0.772	0.9915	0.5132	
job_A	A0A0K0ES12	11.1	108	1	94	16	119	0.2393	60	0.772	0.9153	0.3473	
job_A	AF-Q9BVQ7-3-F1-model_v6	15.8	101	4	94	13	103	0.3008	60	0.772	0.8559	0.2577	
job_A	A0A8M9PEX3	11.6	103	1	97	2	88	0.3185	60	0.772	0.8729	0.1379	
job_A	Q32H77	13.1	145	7	105	644	784	0.1604	60	0.772	1.2288	0.1845	
job_A	A0A0H3GUA4	10.9	110	1	84	1083	1184	0.2393	60	0.772	0.9322	0.0882	
job_A	F1QGG3	10	100	2	94	3	86	0.4239	59	0.747	0.8475	0.1339	
job_A	I1NB32	16.3	98	1	81	34	129	0.07201	59	0.747	0.8305	0.1066	
job_A	A0A175VQB0	15.4	110	1	90	165	266	0.06423	58	0.72	0.9322	0.4104	
job_A	Q57092	13.4	134	1	116	68	172	0.1276	58	0.72	1.1356	0.4669	
job_A	A0A8R1XS41	9.9	111	2	94	18	119	0.4488	58	0.72	0.9407	0.3447	
job_A	P45004	9.4	53	24	75	714	764	1.672	58	0.72	0.4492	0.0658	
job_A	P44798	13.4	52	23	73	709	758	1.579	58	0.72	0.4407	0.063	
job_A	A0A175W2F3	3.8	78	11	70	650	725	0.9995	58	0.72	0.661	0.0807	
job_A	A0A0R0KQA1	6	149	4	108	60	203	0.1904	58	0.72	1.2627	0.1424	
job_A	Q8ZP37	10	90	1	73	1083	1164	0.4003	58	0.72	0.7627	0.0722	
job_A	Q5A0H8	10.1	99	1	89	24	119	0.4239	57	0.692	0.839	0.2727	
job_A	AF-P24928-2-F1-model_v6	5	160	7	99	360	514	1.058	57	0.692	1.3559	0.2827	
job_A	A0A077YUX6	11	100	1	96	2	92	0.4239	57	0.692	0.8475	0.1381	
job_A	Q75JI3	12.1	107	3	95	9	105	0.5642	57	0.692	0.9068	0.145	
job_A	A0A0D2GK94	8.5	163	1	89	10	165	0.2534	57	0.692	1.3814	0.2142	
job_A	A0A175WES9	14.1	99	1	91	91	184	0.4753	57	0.692	0.839	0.1158	
job_A	Q38AI5	11.1	99	1	88	9	103	0.5032	56	0.663	0.839	0.3235	
job_A	Q8W1E7	10.2	107	1	89	78	172	0.2134	56	0.663	0.9068	0.1907	
job_A	Q8ZN48	11.3	53	22	73	707	757	1.985	56	0.663	0.4492	0.0662	
job_A	Q0PBP1	8.3	84	5	70	695	773	0.5032	56	0.663	0.7119	0.1002	
job_A	Q9HY76	9.6	83	4	73	575	652	0.7092	55	0.632	0.7034	0.1182	
job_A	A0A1C1CSE6	10.4	162	1	89	10	164	0.2841	55	0.632	1.3729	0.2129	
job_A	Q8ZR90	9.3	129	2	97	523	645	0.2393	55	0.632	1.0932	0.1604	
job_A	A0A077Z1H1	9.2	119	1	94	7	112	0.4003	54	0.601	1.0085	0.4235	
job_A	K0EX86	12.7	110	1	95	73	173	0.1698	54	0.601	0.9322	0.3571	
job_A	A0A1C1CSB2	13.5	96	8	94	2	90	1.121	54	0.601	0.8136	0.1389	
job_A	A0A0R0EXN2	3.9	128	4	91	56	178	0.7952	53	0.569	1.0847	0.166	
job_A	K0EN14	11.8	101	18	117	736	806	0.5642	53	0.569	0.8559	0.1202	
job_A	Q2FVV9	10.8	92	11	82	821	910	0.5329	53	0.569	0.7797	0.0935	
job_A	A0A0H3GT83	9.1	131	4	104	641	762	0.1904	52	0.537	1.1102	0.171	
job_A	A0A0H3GQD5	11.8	110	1	84	1082	1183	0.5974	52	0.537	0.9322	0.0883	
job_A	Q941F5	9.3	128	4	91	27	144	0.2393	51	0.505	1.0847	0.8767	
job_A	Q32IU7	12.5	135	1	116	77	179	0.1276	51	0.505	1.1441	0.3729	
job_A	Q0P7W7	15.1	99	12	100	120	218	0.5032	51	0.505	0.839	0.2661	
job_A	Q32DQ6	8.3	72	17	84	837	902	1.579	51	0.505	0.6102	0.0791	
job_A	K0F0B3	8	99	7	82	570	660	0.3185	51	0.505	0.839	0.0731	
job_A	A0A077ZH36	12.9	124	1	107	64	174	0.3571	50	0.473	1.0508	0.3553	
job_A	A0A0H3GR17	9.1	131	7	99	595	715	0.2134	50	0.473	1.1102	0.178	
job_A	Q9I2W3	5.6	124	7	91	590	708	0.751	50	0.473	1.0508	0.1366	
job_A	A0A1C1C7W7	12.2	131	1	89	28	153	0.8419	50	0.473	1.1102	0.0674	
job_A	Q2R1V1	11.2	133	1	95	25	151	0.1904	49	0.442	1.1271	0.875	
job_A	Q59ZE6	9.7	113	1	88	19	124	0.4753	49	0.442	0.9576	0.0977	
job_A	Q2G0N5	8.6	139	12	104	341	475	1.492	49	0.442	1.178	0.1152	
job_A	Q54PL5	10.6	113	1	91	18	122	0.5032	48	0.411	0.9576	0.438	
job_A	O06817	6.1	81	8	70	623	698	1.875	48	0.411	0.6864	0.1057	
job_A	P18775	10.2	78	11	73	695	770	2.495	48	0.411	0.661	0.0958	
job_A	K0ERF9	16.3	49	25	70	677	721	3.724	48	0.411	0.4153	0.0439	
job_A	Q54PL6	11.5	113	1	91	22	126	0.6698	47	0.382	0.9576	0.4363	
job_A	G5EFR8	10.6	103	12	102	34	134	1.256	47	0.382	0.8729	0.1431	
job_A	C1GSI0	8.7	172	1	89	10	174	0.3185	47	0.382	1.4576	0.2155	
job_A	A0A077ZHP6	11.6	155	4	105	669	807	0.2683	47	0.382	1.3136	0.1916	
job_A	O74941	7	99	1	87	175	263	1.492	47	0.382	0.839	0.1057	
job_A	Q54C80	8.7	114	1	90	22	132	1.256	46	0.353	0.9661	0.2351	
job_A	P9WJP9	9.6	124	4	94	659	779	0.3008	46	0.353	1.0508	0.1592	
job_A	A0A0H3GYA2	10.5	133	5	93	675	803	0.3571	46	0.353	1.1271	0.1656	
job_A	C0NYS8	7.2	166	1	89	12	169	0.9995	46	0.353	1.4068	0.2049	
job_A	A0A0H3GM96	12.9	93	11	82	693	783	2.226	46	0.353	0.7881	0.1145	
job_A	A0A0K0E0F8	11.7	111	1	94	16	117	1.121	45	0.326	0.9407	0.3616	
job_A	A0A0H3GPW3	11.2	133	1	116	77	179	0.5032	45	0.326	1.1271	0.3482	
job_A	K0EQH5	10.5	85	8	72	629	708	1.492	45	0.326	0.7203	0.1102	
job_A	Q8ZQD3	10.2	78	11	73	695	770	3.321	45	0.326	0.661	0.0958	
job_A	Q9I4B6	14.4	97	14	94	288	381	0.6698	44	0.301	0.822	0.2519	
job_A	A0A0H3GT22	8.1	86	21	94	786	858	1.771	44	0.301	0.7288	0.1001	
job_A	A0A0H3GRF5	5.5	126	5	91	567	687	1.256	44	0.301	1.0678	0.1455	
job_A	A4IAB8	17.4	103	5	95	1	96	1.875	44	0.301	0.8729	0.108	
job_A	A0A0D2HG12	10	130	1	90	22	143	1.579	44	0.301	1.1017	0.088	
job_A	C1H3Q4	14.7	68	38	99	454	516	2.357	44	0.301	0.5763	0.039	
job_A	P10100	11.5	130	1	116	77	179	0.4239	43	0.277	1.1017	0.3591	
job_A	Q8ZPJ6	9.7	82	6	70	690	766	2.102	43	0.277	0.6949	0.1009	
job_A	I1NIQ9	5.4	128	4	91	30	146	1.187	42	0.254	1.0847	0.8533	
job_A	Q54C76	8.8	113	4	90	28	132	0.7092	42	0.254	0.9576	0.2684	
job_A	Q8ZR01	11.5	130	1	116	79	181	0.5642	41	0.233	1.1017	0.3412	
job_A	U7PLS7	12.8	109	2	100	80	180	1.33	41	0.233	0.9237	0.1291	
job_A	Q5F5R6	10.9	137	9	100	352	484	3.517	41	0.233	1.161	0.0985	
job_A	I1NCA0	7.9	126	4	91	76	192	1.492	40	0.214	1.0678	0.5972	
job_A	Q21782	11	118	2	107	232	334	0.7952	39	0.196	1.0	0.2059	
job_A	F1Q8W3	9.5	73	3	72	2	64	3.724	38	0.179	0.6186	0.0976	
job_A	Q32AG0	9.3	139	12	104	352	486	4.175	38	0.179	1.178	0.0988	
job_A	A0A0H3GMZ1	8.5	82	6	72	688	764	5.557	37	0.164	0.6949	0.1011	
job_A	Q54CS8	11	100	7	86	353	439	1.256	37	0.164	0.8475	0.0833	
job_A	Q9HWC9	9	143	9	104	350	486	4.681	37	0.164	1.2119	0.1022	
job_A	A0A804NKN1	10.6	131	4	91	11	128	0.7952	36	0.15	1.1102	1.0077	
job_A	B6SH12	11.3	132	3	91	32	150	0.7952	36	0.15	1.1186	0.8684	
job_A	A0A0K0EQ12	11.6	112	1	95	2	97	1.771	36	0.15	0.9492	0.1968	
job_A	I1KMB2	10.3	135	1	89	194	326	7.832	36	0.15	1.1441	0.1195	
job_A	P0A8T7	9.3	139	12	104	352	486	5.557	36	0.15	1.178	0.0988	
job_A	Q32FC9	11.6	86	29	104	209	290	0.4239	35	0.138	0.7288	0.2876	
job_A	A0A175W4P6	9	122	1	89	268	386	7.396	35	0.138	1.0339	0.0978	
job_A	A0A804NLN4	7.3	136	4	91	14	130	1.875	34	0.126	1.1525	1.0149	
job_A	C1HAN1	11.1	144	7	117	161	297	0.6698	34	0.126	1.2203	0.4768	
job_A	Q0JA37	11.1	72	2	65	41	112	4.956	34	0.126	0.6102	0.0766	
job_A	Q4DA27	8.8	68	7	70	133	195	3.943	34	0.126	0.5763	0.0712	
job_A	A0A0N4URG3	11.1	72	23	87	308	377	9.844	33	0.116	0.6102	0.0688	
job_A	A0A0D2FDJ9	7.4	67	38	99	445	509	6.23	33	0.116	0.5678	0.038	
job_A	A0A804MB22	10.9	64	8	66	38	101	9.844	32	0.106	0.5424	0.0706	
job_A	A0A804UN50	11.4	70	6	66	32	101	9.297	32	0.106	0.5932	0.0754	
job_A	P80357	10.4	96	1	89	272	337	7.832	31	0.098	0.8136	0.284	
job_A	Q5F581	14.1	92	23	104	356	438	2.357	31	0.098	0.7797	0.2086	
job_A	Q4DRS8	12	100	2	98	224	308	2.495	31	0.098	0.8475	0.1429	
job_A	A0A077Z0B4	14.7	122	2	108	669	769	2.102	31	0.098	1.0339	0.1315	
job_A	A0A0H3GUH7	9.3	86	29	104	207	288	1.121	30	0.09	0.7288	0.2886	
job_A	C1HBH8	18	50	22	66	12	61	6.597	30	0.09	0.4237	0.1359	
job_A	A0AAF5HYX6	8.9	101	3	91	2	93	1.672	30	0.09	0.8559	0.1772	
job_A	A0A8M1RIV5	10.8	111	1	99	548	630	2.102	30	0.09	0.9407	0.1442	
job_A	Q8ZPN3	9.3	86	29	104	207	288	1.187	29	0.082	0.7288	0.2886	
job_A	C0NUQ0	9.8	132	2	91	28	151	5.884	28	0.076	1.1186	0.0875	
job_A	Q38BT6	13.8	101	2	99	222	306	6.23	26	0.063	0.8559	0.1447	
job_A	Q4DEH7	11	100	2	98	228	312	5.557	26	0.063	0.8475	0.142	
job_A	A0A175WG96	9.4	170	3	112	386	549	6.23	26	0.063	1.4407	0.1213	
job_A	Q8IB46	12.7	102	2	100	42	124	8.292	25	0.057	0.8644	0.534	
job_A	Q9FKD7	4.6	65	39	95	223	285	2.226	25	0.057	0.5508	0.2273	
job_A	I1K0D1	12.9	62	43	92	261	315	2.357	25	0.057	0.5254	0.1818	
job_A	O50419	18.6	86	30	101	271	355	5.248	25	0.057	0.7288	0.1632	
job_A	Q9I1W4	8.9	67	33	91	614	662	9.844	25	0.057	0.5678	0.1009	
job_A	Q8ZKD7	9.4	117	11	83	664	780	5.248	24	0.051	0.9915	0.1494	
job_A	Q9HYU0	8.9	78	29	96	194	269	2.962	23	0.045	0.661	0.2737	
job_A	P46482	4.6	86	29	104	198	278	2.798	23	0.045	0.7288	0.2774	
job_A	A0A0H3H3P2	6.9	72	29	90	198	267	3.517	23	0.045	0.6102	0.2323	
job_A	I1LW88	18	61	43	96	70	126	3.943	23	0.045	0.5169	0.1883	
job_A	A0A0A2V2C3	10	140	2	91	38	170	9.844	23	0.045	1.1864	0.0919	
job_A	K0F5L5	14.4	111	1	102	2	89	7.396	22	0.04	0.9407	0.7762	
job_A	Q17798	12.2	90	1	89	55	126	6.23	22	0.04	0.7627	0.4245	
job_A	I1KAC4	9.2	54	43	91	69	116	7.832	22	0.04	0.4576	0.1651	
job_A	Q5F8R4	13.8	101	2	88	221	306	6.23	22	0.04	0.8559	0.2525	
job_A	E9AG27	10	110	2	97	150	234	6.597	22	0.04	0.9322	0.1752	
job_A	A0A3P7E078	12.9	62	30	91	104	152	6.597	22	0.04	0.5254	0.09	
job_A	I1LNW1	6	83	28	102	773	845	9.844	22	0.04	0.7034	0.0982	
job_A	C0NTS9	10.1	59	38	91	104	152	3.321	21	0.034	0.5	0.2731	
job_A	Q9HVJ5	19.1	73	33	104	284	350	7.396	21	0.034	0.6186	0.1718	
job_A	U7PKH1	14.1	92	3	87	43	115	8.78	21	0.034	0.7797	0.1779	
job_A	Q9I4A1	13.5	81	29	104	286	363	6.597	20	0.029	0.6864	0.2115	
job_A	Q8H1D9	10.7	65	41	99	68	118	7.396	20	0.029	0.5508	0.1074	
job_A	AF-A2A5Z6-2-F1-model_v6	14.2	77	38	93	18	84	8.292	20	0.029	0.6525	0.1048	
job_A	K7LKM1	9.4	53	40	91	805	854	9.844	20	0.029	0.4492	0.0581	
job_A	Q0E2N7	15.2	59	40	91	185	237	7.396	19	0.024	0.5	0.2489	
job_A	A0AAF5DEP9	13.7	87	37	104	69	146	8.78	19	0.024	0.7373	0.3118	
job_A	C0P0C5	12.5	96	1	87	49	120	9.844	19	0.024	0.8136	0.1839	
job_A	Q583J6	10	60	38	89	492	544	7.832	19	0.024	0.5085	0.107	
job_A	I1MA51	19	63	43	96	70	126	8.78	18	0.02	0.5339	0.1944	
job_A	Q6IWL4	9.8	81	43	103	455	535	7.396	18	0.02	0.6864	0.1494	
job_A	C1H3W5	9.6	62	38	90	104	152	9.297	16	0.014	0.5254	0.3626	
job_A	1pqhA00	98.2	116	1	116	4	118	2.889e-20	802	1	0.9831	0.9831	
job_A	2c45C00	50.4	113	1	113	1	113	9.278e-14	542	1	0.9576	0.9912	
job_A	4aonE00	100	91	25	115	1	91	1.552e-13	526	1	0.7712	1.0	
job_A	af_Q2FV23_1_126_2.40.40.20	47.1	121	1	118	1	121	5.158e-13	506	1	1.0254	0.9603	
job_A	3ougB00	32.7	107	3	109	2	105	1.359e-08	334	1	0.9068	1.019	
job_A	2eeoB00	47.7	88	27	114	2	89	4.447e-07	282	1	0.7458	0.9263	
job_A	3plxB00	41	95	27	118	2	95	1.967e-06	242	1	0.8051	0.95	
job_A	1uhdA00	35.9	89	27	115	2	89	1.632e-05	220	1	0.7542	0.9368	
job_A	af_Q4DWB5_6_96_2.40.40.20	13.9	86	7	89	7	88	0.001061	143	1	0.7288	0.9451	
job_A	af_A0A1D6GQ42_10_115_2.40.40.20	14.7	88	11	95	23	106	0.001061	132	1	0.7458	0.8302	
job_A	3qwzA01	15.9	88	11	95	2	84	0.002362	123	1	0.7458	1.0476	
job_A	af_P46468_319_424_2.40.40.20	9.8	91	4	91	23	105	0.007849	114	1	0.7712	0.8585	
job_A	af_Q58556_3_88_2.40.40.20	16.8	89	13	91	1	85	0.005897	112	1	0.7542	1.0349	
job_A	af_Q58081_2_83_2.40.40.20	18	83	13	89	3	81	0.0196	106	1	0.7034	1.0122	
job_A	af_Q8NB90_50_135_2.40.40.20	16.2	74	23	91	16	86	0.08185	88	0.995	0.6271	0.8605	
job_A	2iv2X04	10.2	107	5	91	1	99	0.01171	86	0.993	0.9068	1.0808	
job_A	af_Q8I3L7_53_159_2.40.40.50	10.3	97	3	86	13	106	0.002231	86	0.993	0.822	0.9065	
job_A	1wlfA01	12.2	90	1	87	1	79	0.02463	84	0.991	0.7627	1.0714	
job_A	4ga5A01	9.3	86	11	94	1	83	0.05485	83	0.99	0.7288	1.0361	
job_A	af_O42915_18_129_2.40.40.50	10.2	98	1	89	15	109	0.02326	83	0.99	0.8305	0.875	
job_A	af_A8MQW3_26_128_2.40.40.50	11	100	1	89	9	100	0.0518	82	0.988	0.8475	0.9709	
job_A	af_Q5BL07_3_99_2.40.40.20	11.5	95	1	89	11	94	0.04621	79	0.981	0.8051	0.9794	
job_A	1siwA13	8.1	123	1	86	16	130	0.0124	79	0.981	1.0424	0.8255	
job_A	af_Q5AMF9_148_250_2.40.40.10	14.7	102	8	91	4	103	0.01851	78	0.978	0.8644	0.9903	
job_A	2ki8A01	6.9	115	1	86	1	106	0.02075	76	0.971	0.9746	0.92	
job_A	af_A0A0R4IPF0_1_91_2.40.40.20	9.8	91	2	87	7	86	0.05485	75	0.967	0.7712	1.0	
job_A	1e60A04	11.2	80	11	72	26	103	0.08185	75	0.967	0.678	0.4908	
job_A	1cz5A01	12.5	96	1	91	3	90	0.03892	74	0.961	0.8136	1.0435	
job_A	af_P46923_646_802_2.40.40.20	10.8	129	7	91	22	147	0.03096	73	0.956	1.0932	0.8217	
job_A	3ir6A04	9.2	97	1	80	36	124	0.03676	73	0.956	0.822	0.5079	
job_A	af_Q9VTF9_5_114_2.40.40.50	13.2	98	1	89	13	107	0.0518	72	0.949	0.8305	0.8909	
job_A	af_Q19584_10_121_2.40.40.50	11.8	101	1	89	12	109	0.07301	72	0.949	0.8559	0.9018	
job_A	af_D4A2B7_1_190_2.40.40.20	15	80	11	84	12	90	0.193	71	0.941	0.678	0.4211	
job_A	1qcsA01	6.3	95	1	91	1	81	0.04621	70	0.933	0.8051	1.1728	
job_A	af_A0A1D6KSC9_73_176_2.40.40.10	12.8	109	9	94	2	104	0.03472	70	0.933	0.9237	1.0481	
job_A	5fj8A03	14	100	8	99	17	106	0.05808	70	0.933	0.8475	0.7937	
job_A	af_Q75JI3_9_102_2.40.40.20	10.1	99	3	86	1	91	0.09717	68	0.912	0.839	1.0532	
job_A	2r93A03	5.5	109	1	100	1	94	0.1029	68	0.912	0.9237	1.0792	
job_A	af_Q2FVM1_41_1229_3.40.50.12440	10.5	85	6	73	1037	1117	0.1221	68	0.912	0.7203	0.0715	
job_A	af_P9WIV9_711_804_2.40.40.20	13.6	73	22	86	22	92	0.1721	67	0.9	0.6186	0.7766	
job_A	1fdoA04	9.8	122	5	91	3	116	0.04364	66	0.887	1.0339	1.0517	
job_A	af_P10100_78_169_2.40.40.10	14.5	103	3	91	2	92	0.05485	65	0.872	0.8729	1.1196	
job_A	5t5iD00	8.1	122	3	95	1	112	0.03472	65	0.872	1.0339	0.9385	
job_A	2e7zA04	8.7	80	7	70	29	104	0.1089	64	0.855	0.678	0.4969	
job_A	af_Q2FVV9_812_944_2.40.40.20	11.9	92	11	82	10	99	0.08185	63	0.837	0.7797	0.6917	
job_A	af_P96281_14_94_2.40.40.20	15	80	13	85	1	77	0.288	62	0.817	0.678	0.9877	
job_A	af_Q55G32_30_145_2.40.40.10	11.2	116	3	94	3	115	0.08185	62	0.817	0.9831	1.0	
job_A	1y5nA02	11.9	92	1	75	1040	1123	0.1626	62	0.817	0.7797	0.0765	
job_A	2bh0A01	17.2	110	1	91	4	103	0.06512	61	0.795	0.9322	1.0476	
job_A	af_A4ICA6_1_101_2.40.40.50	9.4	106	1	93	8	101	0.1089	60	0.772	0.8983	1.0495	
job_A	2pmzQ02	6.2	96	9	99	19	106	0.305	60	0.772	0.8136	0.8421	
job_A	3o5aA04	9	122	5	91	8	124	0.06512	60	0.772	1.0339	0.9839	
job_A	1h0hK04	8	136	5	91	46	176	0.0518	58	0.72	1.1525	0.7727	
job_A	af_P9WJQ3_54_1231_3.40.50.12440	7.8	152	1	89	1028	1171	0.2164	58	0.72	1.2881	0.129	
job_A	1g8jC04	9.3	129	11	101	12	135	0.1293	57	0.692	1.0932	0.9556	
job_A	af_Q9FNP1_1_103_2.40.330.10	10.1	99	5	95	13	102	0.1293	56	0.663	0.839	0.9612	
job_A	2jirA04	9.8	81	8	70	2	77	0.288	56	0.663	0.6864	0.7105	
job_A	4aayA04	9.3	129	11	99	15	135	0.09177	55	0.632	1.0932	0.9485	
job_A	af_Q9W0E3_1_98_2.40.40.20	14	107	5	102	2	96	0.1089	54	0.601	0.9068	1.0918	
job_A	af_P33602_811_906_2.40.40.20	10.1	69	25	84	29	93	0.6791	53	0.569	0.5847	0.7188	
job_A	1iw7D04	6.8	87	8	89	6	74	0.5102	52	0.537	0.7373	0.9355	
job_A	4avrB00	12.6	103	3	91	2	94	0.1369	52	0.537	0.8729	1.0842	
job_A	af_Q55G31_17_140_2.40.40.10	10.6	122	1	94	13	123	0.1221	50	0.473	1.0339	0.9839	
job_A	af_P77561_600_759_2.40.40.20	9.7	123	6	94	41	158	0.2291	50	0.473	1.0424	0.7688	
job_A	af_G5EFR8_1_233_2.40.40.20	8.5	94	14	91	34	125	0.8536	49	0.442	0.7966	0.4034	
job_A	af_O06817_598_760_2.40.40.20	8.8	147	8	104	26	158	0.305	46	0.353	1.2458	0.9018	
job_A	2g5dA01	14.2	112	8	104	96	198	0.1823	46	0.353	0.9492	0.5572	
job_A	af_L0T2Z1_596_747_2.40.40.20	8.7	80	5	73	22	98	1.013	45	0.326	0.678	0.5263	
job_A	2vpxE05	8.9	146	7	103	12	155	0.3229	45	0.326	1.2373	0.9125	
job_A	af_Q54PA4_29_134_2.40.40.10	9.9	111	3	91	2	106	0.3419	44	0.301	0.9407	1.0472	
job_A	af_P77374_677_808_2.40.40.20	14.4	90	6	80	11	93	1.136	44	0.301	0.7627	0.6818	
job_A	af_P18775_670_814_2.40.40.20	10.2	78	11	73	26	101	1.695	44	0.301	0.661	0.5379	
job_A	1ti2G04	11.9	126	11	105	40	154	0.4059	44	0.301	1.0678	0.8129	
job_A	af_Q5JLH9_73_181_2.40.40.50	7.3	122	1	93	6	109	0.3419	42	0.254	1.0339	1.1193	
job_A	af_Q54PL5_18_122_2.40.40.10	9.4	117	1	91	1	105	0.3229	41	0.233	0.9915	1.1143	
job_A	af_A0A1D6MLI6_10_86_2.40.40.50	11.2	80	21	94	1	76	1.512	40	0.214	0.678	1.039	
job_A	4js7A01	13.4	119	1	95	1	104	0.07301	40	0.214	1.0085	1.1442	
job_A	1smyD04	10.2	147	8	104	5	143	0.8536	40	0.214	1.2458	1.0138	
job_A	1kqgA04	12	133	5	91	48	176	0.2044	38	0.179	1.1271	0.7557	
job_A	af_Q9M203_23_155_2.40.40.10	9.1	131	1	91	11	130	1.073	37	0.164	1.1102	0.985	
job_A	1vw3C01	10.1	99	4	89	40	126	0.7614	35	0.138	0.839	0.7557	
job_A	af_O96252_32_131_2.40.30.20	21	57	37	88	48	98	2.013	34	0.126	0.4831	0.57	
job_A	af_O16635_354_450_2.40.70.10	11.6	86	3	70	8	89	2.013	33	0.116	0.7288	0.8866	
job_A	af_A0A0R0HU31_5_119_2.40.40.10	6.6	90	11	91	37	111	1.601	33	0.116	0.7627	0.7826	
job_A	1zyrM01	11.8	59	5	61	8	60	1.274	32	0.106	0.5	0.2796	
job_A	af_B4FXK9_198_327_2.60.210.10	6.3	63	43	95	68	128	0.7191	30	0.09	0.5339	0.4846	
job_A	3sumB00	8.3	48	24	70	49	88	5.634	30	0.09	0.4068	0.3529	
job_A	af_Q4DRS8_153_366_3.40.50.2000	12	100	2	98	72	156	2.679	27	0.069	0.8475	0.4673	
job_A	af_O16551_3_131_2.60.210.10	15.2	59	43	93	70	127	1.695	26	0.063	0.5	0.4574	
job_A	1y1vB06	10.9	91	5	80	53	131	3.368	26	0.063	0.7712	0.4081	
job_A	1yleA02	9.4	95	3	95	1	65	4.482	24	0.051	0.8051	1.4615	
job_A	af_P71846_339_440_2.40.30.10	11.2	107	1	91	1	98	3.004	24	0.051	0.9068	1.049	
job_A	af_A0A0B7P9G0_600_710_2.60.120.10	7.7	77	38	93	18	93	3.368	24	0.051	0.6525	0.6937	
job_A	af_Q4KM83_9_123_2.60.120.260	10.8	83	11	89	47	114	2.679	24	0.051	0.7034	0.7217	
job_A	af_Q7XA77_192_328_2.60.210.10	3.1	63	39	95	71	133	3.368	24	0.051	0.5339	0.4599	
job_A	af_Q9W2L6_167_335_2.60.40.150	16	100	4	95	8	93	1.349	24	0.051	0.8475	0.5917	
job_A	1yq2E01	12.5	56	40	90	143	186	3.776	24	0.051	0.4746	0.2605	
job_A	af_P34118_379_445_2.30.30.620	25	28	40	67	3	30	5.634	23	0.045	0.2373	0.4179	
job_A	3lnnA02	9.8	102	3	91	2	92	6.689	23	0.045	0.8644	1.0968	
job_A	af_I1JIM1_283_389_2.60.120.380	9.7	123	1	93	2	105	2.013	23	0.045	1.0424	1.1495	
job_A	1nc7C00	9	99	5	90	3	81	3.566	23	0.045	0.839	0.9	
job_A	3sujA00	11.1	117	8	85	2	113	2.679	22	0.04	0.9915	0.959	
job_A	af_F1M8T4_938_1020_2.60.20.10	10.2	49	38	86	34	76	3.18	21	0.034	0.4153	0.5904	
job_A	1sqrA00	12.3	97	1	86	1	85	3.004	21	0.034	0.822	1.1149	
job_A	af_Q9V6K1_891_1078_2.60.120.260	11.7	102	2	98	50	124	3.004	21	0.034	0.8644	0.5426	
job_A	af_Q99720_12_217_2.60.120.10	8.9	56	41	92	119	160	9.426	21	0.034	0.4746	0.2718	
job_A	4g3nA00	15.7	57	39	89	250	300	8.902	21	0.034	0.4831	0.1887	
job_A	2yn3B01	12.5	24	38	60	20	42	5.634	20	0.029	0.2034	0.32	
job_A	3dclE02	13.5	59	31	87	23	79	7.94	20	0.029	0.5	0.686	
job_A	af_Q6K9G4_18_110_2.60.120.10	10.3	97	1	90	26	80	5.321	20	0.029	0.822	1.043	
job_A	af_P76081_2_100_2.40.30.10	10.5	104	11	104	4	89	3.566	20	0.029	0.8814	1.0505	
job_A	af_Q54VD1_290_401_2.40.70.10	6.4	93	4	74	3	87	3.566	20	0.029	0.7881	0.8304	
job_A	af_P75974_90_216_2.10.109.10	11.4	61	39	94	69	127	9.981	20	0.029	0.5169	0.4803	
job_A	af_Q9T0K3_82_212_2.40.70.10	8.6	93	11	73	18	107	5.634	20	0.029	0.7881	0.7099	
job_A	3h20A01	25	28	30	57	7	33	7.082	19	0.024	0.2373	0.4242	
job_A	af_F4IFT4_39_114_2.60.40.1120	10.6	47	12	58	2	35	5.966	19	0.024	0.3983	0.6184	
job_A	af_P01023_352_433_2.60.40.10	12.9	77	16	85	3	72	5.025	19	0.024	0.6525	0.939	
job_A	af_Q54YY8_40_121_2.60.20.10	8.1	49	38	84	39	80	7.94	19	0.024	0.4153	0.5976	
job_A	af_Q57960_1_85_2.30.30.100	10.6	47	22	65	1	45	8.902	19	0.024	0.3983	0.5529	
job_A	af_P22068_42_128_2.40.10.170	19.3	88	7	88	11	83	9.981	19	0.024	0.7458	1.0115	
job_A	af_O48852_32_133_2.60.120.10	4.8	104	1	91	35	101	6.317	19	0.024	0.8814	1.0196	
job_A	af_Q08CS6_336_485_2.60.120.230	12.9	85	38	115	48	121	3.998	19	0.024	0.7203	0.5667	
job_A	5bwyA01	6.3	158	1	91	67	212	4.482	19	0.024	1.339	0.7383	
job_A	af_O50419_75_527_3.30.1490.100	17.2	87	30	102	197	282	5.321	19	0.024	0.7373	0.1921	
job_A	2zuoA08	18.1	33	38	69	4	36	9.981	18	0.02	0.2797	0.569	
job_A	af_P98161_1299_1370_2.60.40.10	6.8	58	40	93	24	72	5.321	18	0.02	0.4915	0.8056	
job_A	af_C6SYR7_40_141_2.60.120.10	9	100	1	92	35	92	4.746	18	0.02	0.8475	0.9804	
job_A	2cdpB00	10.2	107	2	95	38	116	4.482	18	0.02	0.9068	0.8359	
job_A	af_A2VEK1_7_139_2.60.120.260	7	71	35	93	60	130	6.689	18	0.02	0.6017	0.5338	
job_A	af_I1MA51_1_134_2.60.210.10	19	63	43	96	70	126	4.482	18	0.02	0.5339	0.4701	
job_A	af_Q54FD5_360_505_2.60.210.10	11.1	63	43	95	83	145	7.082	18	0.02	0.5339	0.4315	
job_A	af_Q8N8W4_91_255_3.40.1090.10	12.5	32	29	60	20	48	8.902	18	0.02	0.2712	0.1939	
job_A	af_A0A1D8PE86_130_351_2.60.120.260	10.8	92	3	89	129	202	5.321	18	0.02	0.7797	0.4144	
job_A	af_K7KB01_69_144_2.60.40.1180	7.9	101	1	91	8	76	5.634	17	0.016	0.8559	1.3289	
job_A	af_Q8VDF2_121_205_2.30.30.140	12.2	90	34	118	7	84	5.321	17	0.016	0.7627	1.0588	
job_A	af_F1QSR3_345_431_2.60.40.10	14.4	76	37	94	23	87	5.634	17	0.016	0.6441	0.8736	
job_A	af_Q04164_1408_1495_2.60.40.10	12.1	66	34	95	26	81	5.966	17	0.016	0.5593	0.75	
job_A	af_P28192_140_236_2.60.40.10	11.3	106	8	93	3	91	6.689	17	0.016	0.8983	1.0928	
job_A	af_Q6JDV7_338_444_3.30.1490.100	13.3	75	30	91	34	102	5.321	17	0.016	0.6356	0.7009	
job_A	af_H2KYC9_206_317_2.60.120.290	7.8	102	1	89	17	93	7.499	17	0.016	0.8644	0.9107	
job_A	af_Q9N5Q0_1_127_2.60.210.10	12.8	70	37	94	59	126	5.634	17	0.016	0.5932	0.5512	
job_A	4a90A00	9.1	120	4	94	21	129	8.902	17	0.016	1.0169	0.916	
job_A	3ht2C00	9.3	75	38	94	53	116	8.408	17	0.016	0.6356	0.5396	
job_A	af_Q5ZEM1_88_242_2.60.120.260	11.3	97	1	91	65	136	6.317	17	0.016	0.822	0.6258	
job_A	af_Q5APM8_143_310_2.60.120.260	9.2	97	5	95	72	144	9.426	17	0.016	0.822	0.5774	
job_A	2d9rA00	9.7	103	1	91	3	83	8.408	16	0.014	0.8729	1.241	
job_A	af_Q99MF4_219_310_2.60.40.10	10.4	67	38	95	34	92	6.689	16	0.014	0.5678	0.7283	
job_A	af_K7TJG7_68_172_2.60.120.260	14.2	91	13	91	22	95	8.902	16	0.014	0.7712	0.8667	
job_A	af_O17189_5_131_2.60.210.10	13.3	60	43	93	67	125	7.94	16	0.014	0.5085	0.4724	
job_A	af_Q7XEG0_18_150_2.60.210.10	9.5	63	43	94	71	133	7.94	16	0.014	0.5339	0.4737	
job_A	af_Q80TT8_494_636_2.60.120.260	8.7	91	4	89	57	122	9.981	16	0.014	0.7712	0.6364	
job_A	af_Q9LUJ7_61_262_2.60.120.10	14.2	77	38	104	67	126	5.966	16	0.014	0.6525	0.3812	
job_A	af_E7EXE8_1097_1188_2.60.40.10	10	70	39	93	29	88	8.408	15	0.011	0.5932	0.7609	
job_A	af_F1Q5U3_1229_1324_2.60.40.10	11.9	67	43	94	30	85	6.689	15	0.011	0.5678	0.6979	
job_A	af_K7MP55_157_266_3.30.1370.10	12.5	64	29	89	34	79	7.499	15	0.011	0.5424	0.5818	
job_A	af_Q9SK09_83_262_2.60.120.10	4.8	62	38	92	60	109	9.981	15	0.011	0.5254	0.3444	
job_A	af_Q9W2S8_24_227_2.60.40.1730	7.9	88	37	114	49	123	9.981	15	0.011	0.7458	0.4314	
job_A	af_O07175_146_258_2.40.10.10	12.9	77	39	99	30	102	9.426	14	0.01	0.6525	0.6814	
job_A	af_K7L281_26_158_3.90.79.10	11.1	72	36	99	58	115	9.981	14	0.01	0.6102	0.5414	
job_A	af_E7F1Z9_60_216_2.60.120.200	7.8	64	38	91	79	136	8.902	14	0.01	0.5424	0.4076	
job_A	af_P9WIJ1_24_224_2.30.110.10	25.9	27	31	57	27	53	5.966	14	0.01	0.2288	0.1343	
job_A	af_Q57730_15_149_2.30.110.10	15.6	32	28	58	2	30	7.082	13	0.009	0.2712	0.237	
job_A	LevyLab_P0A792_V1_3_relaxed_B	100	118	1	118	1	118	2.556e-20	811	1	1.0	0.9365	
job_A	ModelArchive_ma-low-csi-0084_B	13.6	88	11	95	24	107	0.003497	121	1	0.7458	0.1092	
job_A	Predictome_04fvido_ASTE1_HUMAN__AFG2A_HUMAN__1572aa_unrelaxed_af2mv3_model_1_B	15	93	7	87	43	131	0.009245	111	1	0.7881	0.1041	
job_A	LevyLab_Q8U0I2_V1_5_relaxed_B	19.3	88	11	94	1	83	0.03072	82	0.988	0.7458	0.175	
job_A	ProtVar_O76064_Q92890_B	10.2	98	2	89	18	114	0.04089	74	0.961	0.8305	0.3192	
job_A	ModelArchive_ma-bak-cepc-0687_A	7	99	1	89	21	116	0.1145	63	0.837	0.839	0.2742	
job_A	LevyLab_P46459_V1_4_relaxed_B	9.9	101	2	95	3	87	0.09106	62	0.817	0.8559	0.1358	
job_A	ProtVar_O43933_Q13608_A	10.8	92	2	86	14	94	0.1613	62	0.817	0.7797	0.0717	
job_A	ProtVar_P24390_Q92890-1_B	8.8	135	1	89	19	150	0.06102	60	0.772	1.1441	0.3936	
job_A	ModelArchive_ma-ji6ro_B	10.9	119	7	91	807	920	0.1145	59	0.747	1.0085	0.1269	
job_A	ModelArchive_ma-rap-bacsu-112_B	8.6	138	9	100	339	471	0.4264	52	0.537	1.1695	0.1151	
job_A	ProtVar_P63104_Q8CZY0_B	10.3	135	10	91	580	708	0.6738	47	0.382	1.1441	0.1907	
job_A	ProtVar_O14802_O15160-2_A	7.4	67	38	99	454	518	0.7135	44	0.301	0.5678	0.0482	
job_A	ProtVar_Q7Z3K3_Q9X6B6_B	9.3	75	11	70	704	776	1.886	41	0.233	0.6356	0.0911	
job_A	ProtVar_O75140_Q8WTW4_A	11.3	106	5	97	5	94	0.8968	39	0.196	0.8983	0.0661	
job_A	ModelArchive_ma-cww19_N	10.2	147	8	104	514	652	1.006	38	0.179	1.2458	0.1056	
job_A	LevyLab_Q8X639_V1_3_relaxed_B	11.5	78	37	104	201	276	0.2699	33	0.116	0.661	0.2737	
job_A	LevyLab_Q8X8P4_V1_1_relaxed_B	11.7	85	28	91	214	298	2.51	31	0.098	0.7203	0.2833	
job_A	ModelArchive_ma-mrryl_D	7.7	77	32	100	469	539	1.781	31	0.098	0.6525	0.0608	
job_A	LevyLab_Q8XC52_V1_4_relaxed_B	14	64	39	96	125	182	2.371	30	0.09	0.5424	0.3459	
job_A	ProtVar_Q6AHZ1_Q81WM3_B	11.6	112	1	92	588	681	1.417	29	0.082	0.9492	0.1633	
job_A	ProtVar_P43897_P46199_B	12.1	115	1	93	617	717	0.8968	29	0.082	0.9746	0.1582	
job_A	LevyLab_Q8U0X0_V1_3_relaxed_B	25.8	31	30	60	4	34	2.658	27	0.069	0.2627	0.0708	
job_A	ModelArchive_ma-hxt70_A	7.4	67	38	99	428	492	5.28	27	0.069	0.5678	0.0463	
job_A	ModelArchive_ma-rap-bacsu-106_A	9.6	104	1	97	2	92	3.341	26	0.063	0.8814	0.5977	
job_A	LevyLab_P0AE38_V1_5_relaxed_B	8.8	90	2	86	272	334	2.51	24	0.051	0.7627	0.2616	
job_A	ModelArchive_ma-bak-cepc-0191_B	10.7	102	1	88	24	95	2.98	23	0.045	0.8644	0.1973	
job_A	ProtVar_O00590_Q99720-2_B	8.9	56	41	92	110	151	6.268	22	0.04	0.4746	0.2759	
job_A	LevyLab_Q8XDK9_V1_2_relaxed_B	7.8	114	4	102	10	98	2.371	21	0.034	0.9661	0.4207	
job_A	LevyLab_A0A0H3JG53_V1_3_relaxed_B	9.8	51	38	86	46	95	7.878	21	0.034	0.4322	0.1116	
job_A	ProtVar_Q93096_Q9H8M5-2_B	9.6	104	38	99	688	791	2.239	21	0.034	0.8814	0.1219	
job_A	LevyLab_Q8X4L0_V1_3_relaxed_B	10.7	112	30	114	217	317	3.156	19	0.024	0.9492	0.2909	
job_A	ProtVar_O14498_Q7Z333-3_B	8.9	89	26	91	1793	1880	7.441	19	0.024	0.7542	0.0337	
job_A	ModelArchive_ma-k1ufx_D	11.5	78	39	95	67	141	5.59	18	0.02	0.661	0.5417	
job_A	ProtVar_O00590_Q99720_B	9	55	41	92	130	171	7.878	18	0.02	0.4661	0.2466	
job_A	LevyLab_P0ABB6_V1_1_relaxed_B	17.2	87	5	85	1	69	7.878	18	0.02	0.7373	0.1891	
job_A	LevyLab_P60873_V1_3_relaxed_A	14.6	89	2	89	289	347	8.833	17	0.016	0.7542	0.1609	
job_A	ProtVar_Q86TG7_Q9BWD3_A	9	121	4	85	348	464	6.636	17	0.016	1.0254	0.1709	
job_A	LevyLab_Q8XCK1_V1_3_relaxed_B	14.1	85	28	104	251	331	7.441	16	0.014	0.7203	0.2196	
job_A	ProtVar_P01308_P15313_B	10.1	99	12	91	38	109	7.878	16	0.014	0.839	0.193	
job_A	ModelArchive_ma-t3vr3-818_B	9.3	96	30	100	117	212	9.353	15	0.011	0.8136	0.4465	
job_A	ProtVar_P58166_Q99619_A	8.7	114	4	103	119	205	7.027	15	0.011	0.9661	0.3257	
job_A	LevyLab_P0ABH2_V1_3_relaxed_B	7.1	112	1	99	89	169	9.903	15	0.011	0.9492	0.2667	
job_A	ProtVar_Q6PCB0_Q9Y2B0_A	10.1	89	43	110	365	445	9.353	15	0.011	0.7542	0.2	
job_A	ProtVar_Q96FT7_Q9NRU3_B	9.5	115	38	99	673	787	8.833	15	0.011	0.9746	0.1209	
job_A	ProtVar_P78552_Q9UMR7_A	11.5	52	43	94	261	300	8.833	14	0.01	0.4407	0.1218	
job_A	1ppy-assembly1.cif.gz_A	100	118	1	118	1	118	1.747e-24	1059	1	1.0	1.0	
job_A	1pqf-assembly1.cif.gz_A-2	99.1	117	1	117	5	121	3.315e-21	876	1	0.9915	0.9213	
job_A	1pt0-assembly1.cif.gz_A	99.1	116	1	115	2	117	3.315e-21	848	1	0.9831	0.9915	
job_A	1pt1-assembly1.cif.gz_A	99.1	115	1	115	3	117	8.275e-21	848	1	0.9746	0.9829	
job_A	1pyq-assembly1.cif.gz_A	98.2	116	1	115	5	120	9.278e-21	848	1	0.9831	0.9667	
job_A	1pqe-assembly1.cif.gz_A	99.1	117	1	117	1	117	8.275e-21	838	1	0.9915	1.0	
job_A	4azd-assembly1.cif.gz_A	99.1	117	1	117	6	122	1.843e-20	822	1	0.9915	0.959	
job_A	1pqh-assembly1.cif.gz_A	99.1	116	1	116	4	119	1.466e-20	820	1	0.9831	0.9748	
job_A	1pqf-assembly1.cif.gz_B-2	99.1	116	1	116	1	116	5.783e-20	814	1	0.9831	1.0	
job_A	4cs0-assembly1.cif.gz_A	99.1	118	1	118	2	119	4.104e-20	813	1	1.0	0.9291	
job_A	4crz-assembly1.cif.gz_A	99.1	118	1	118	2	119	1.444e-19	794	1	1.0	0.9291	
job_A	7a8y-assembly1.cif.gz_BBB	100	94	25	118	1	94	2.51e-14	563	1	0.7966	1.0	
job_A	1pyu-assembly1.cif.gz_B	100	91	26	116	2	92	4.447e-14	544	1	0.7712	0.9891	
job_A	3tm7-assembly1.cif.gz_B	98.9	94	25	118	1	94	7.878e-14	544	1	0.7966	1.0	
job_A	2c45-assembly1.cif.gz_C	50.4	113	1	113	1	113	1.176e-13	542	1	0.9576	1.0	
job_A	3tm7-assembly1.cif.gz_D	98.9	94	25	118	1	94	9.902e-14	526	1	0.7966	0.9307	
job_A	4cry-assembly1.cif.gz_G	98.9	94	25	118	1	94	6.172e-13	500	1	0.7966	0.9216	
job_A	4d7z-assembly1.cif.gz_B	98.9	93	26	118	1	93	8.216e-13	496	1	0.7881	0.9894	
job_A	5ls7-assembly1.cif.gz_D	100	93	26	118	1	93	1.033e-12	490	1	0.7881	0.9208	
job_A	3oug-assembly1.cif.gz_A	32.1	112	1	109	1	107	4.431e-10	392	1	0.9492	1.0467	
job_A	3oug-assembly1.cif.gz_C	32.1	109	1	109	1	106	6.244e-10	391	1	0.9237	1.0283	
job_A	6oz8-assembly1.cif.gz_D	45.9	87	27	113	2	88	1.795e-07	298	1	0.7373	0.956	
job_A	6p1y-assembly1.cif.gz_B	44.9	89	27	115	2	90	2.39e-07	295	1	0.7542	0.8812	
job_A	2eeo-assembly1.cif.gz_B	47.7	88	27	114	2	89	5.634e-07	282	1	0.7458	0.9263	
job_A	3plx-assembly1.cif.gz_B	41	95	27	118	2	95	2.492e-06	242	1	0.8051	0.95	
job_A	1uhe-assembly1.cif.gz_A	35.9	89	27	115	2	89	6.976e-06	235	1	0.7542	0.9175	
job_A	5kiy-assembly1.cif.gz_A	13.6	88	11	95	15	98	0.0009006	140	1	0.7458	0.1938	
job_A	3tiw-assembly1.cif.gz_A	15.9	88	11	95	3	86	0.0009006	139	1	0.7458	0.55	
job_A	4kdi-assembly1.cif.gz_A	13	92	7	95	3	87	0.0008033	136	1	0.7797	0.586	
job_A	7dg7-assembly1.cif.gz_A	16.8	89	12	91	2	86	0.00101	131	1	0.7542	1.0349	
job_A	4rv0-assembly4.cif.gz_G	15.2	92	7	95	5	89	0.001269	130	1	0.7797	0.5576	
job_A	3hu1-assembly1.cif.gz_B	13	92	7	95	12	96	0.001344	130	1	0.7797	0.204	
job_A	5kiw-assembly1.cif.gz_A	13.6	88	11	95	4	87	0.001596	129	1	0.7458	0.2	
job_A	5ifs-assembly1.cif.gz_D	14.7	88	11	95	4	87	0.002993	129	1	0.7458	0.1986	
job_A	5ifs-assembly1.cif.gz_B	14.7	88	11	95	4	87	0.002827	129	1	0.7458	0.1982	
job_A	7dww-assembly2.cif.gz_A	16.8	95	3	89	1	85	0.001069	127	1	0.8051	1.1047	
job_A	7r7s-assembly1.cif.gz_D	13	92	7	95	3	87	0.001199	127	1	0.7797	0.1276	
job_A	3hu2-assembly1.cif.gz_B	13.6	88	11	95	13	96	0.002827	126	1	0.7458	0.1947	
job_A	3tiw-assembly2.cif.gz_B	15.9	88	11	95	2	85	0.003356	125	1	0.7458	0.5466	
job_A	7dvf-assembly1.cif.gz_A	18.3	87	11	87	2	83	0.004466	124	1	0.7373	1.0235	
job_A	5ifw-assembly1.cif.gz_B	15.2	92	7	95	11	95	0.002249	124	1	0.7797	0.1311	
job_A	7ln1-assembly1.cif.gz_B	13.1	91	8	95	2	85	0.001894	123	1	0.7712	0.1245	
job_A	4rv0-assembly3.cif.gz_E	15.2	92	7	95	5	89	0.002669	122	1	0.7797	0.5786	
job_A	2pjh-assembly1.cif.gz_B	13.6	88	11	95	4	87	0.002249	122	1	0.7458	0.456	
job_A	7pux-assembly1.cif.gz_A	13.6	88	11	95	10	93	0.004729	122	1	0.7458	0.1982	
job_A	3cf2-assembly1.cif.gz_A	13.6	88	11	95	4	87	0.002669	122	1	0.7458	0.1335	
job_A	3qc8-assembly1.cif.gz_A	17	88	11	95	2	85	0.005302	120	1	0.7458	0.5176	
job_A	7dvc-assembly6.cif.gz_D	17.8	95	1	87	2	85	0.002827	119	1	0.8051	1.092	
job_A	4ko8-assembly1.cif.gz_A	15.9	88	11	95	11	94	0.004729	119	1	0.7458	0.193	
job_A	8hl7-assembly1.cif.gz_B	13.7	87	12	95	3	85	0.006294	118	1	0.7373	0.2091	
job_A	3qq8-assembly1.cif.gz_A	13.6	88	11	95	15	98	0.007472	117	1	0.7458	0.4972	
job_A	7dbo-assembly2.cif.gz_B	14.5	96	1	91	2	85	0.001894	116	1	0.8136	1.1163	
job_A	7ln1-assembly1.cif.gz_F	13.6	88	11	95	4	87	0.006294	116	1	0.7458	0.1252	
job_A	7rlg-assembly1.cif.gz_A	14.1	92	7	95	3	87	0.001894	116	1	0.7797	0.1252	
job_A	7dbo-assembly1.cif.gz_A	16.4	91	7	91	5	90	0.002381	115	1	0.7712	1.0	
job_A	7du6-assembly1.cif.gz_A	16.3	92	3	89	1	85	0.004729	113	1	0.7797	1.0698	
job_A	7du7-assembly2.cif.gz_B	17.1	99	1	89	1	85	0.004729	113	1	0.839	1.1512	
job_A	7dg9-assembly1.cif.gz_A	18.3	98	1	89	2	89	0.002827	113	1	0.8305	1.0889	
job_A	8hrz-assembly1.cif.gz_D	15.9	88	11	95	3	86	0.007912	113	1	0.7458	0.2018	
job_A	1e32-assembly1.cif.gz_A	15.2	92	7	95	3	87	0.005614	113	1	0.7797	0.21	
job_A	1r7r-assembly1.cif.gz_A	13.6	88	11	95	8	91	0.009945	113	1	0.7458	0.1288	
job_A	8dat-assembly1.cif.gz_A	14.2	91	8	95	2	85	0.004218	112	1	0.7712	0.1278	
job_A	7vcx-assembly1.cif.gz_A	13	92	7	95	3	87	0.005944	112	1	0.7797	0.1233	
job_A	5c19-assembly1.cif.gz_F	15.9	88	11	95	4	87	0.007472	111	1	0.7458	0.1217	
job_A	5c1a-assembly2.cif.gz_L	13	92	7	95	3	87	0.007912	111	1	0.7797	0.1252	
job_A	7bpa-assembly1.cif.gz_A	15.2	92	7	95	6	90	0.007057	111	1	0.7797	0.124	
job_A	7lmz-assembly1.cif.gz_C	14.6	89	11	95	13	96	0.007912	111	1	0.7542	0.1184	
job_A	7di1-assembly2.cif.gz_B	19.7	91	6	91	6	91	0.003169	110	1	0.7712	0.9891	
job_A	5dyi-assembly2.cif.gz_H	13.6	88	11	95	4	87	0.009393	110	1	0.7458	0.2005	
job_A	8fct-assembly1.cif.gz_F	14.7	88	11	95	2	85	0.006665	110	1	0.7458	0.1236	
job_A	5c1b-assembly1.cif.gz_F	13	92	7	95	3	87	0.006294	109	1	0.7797	0.1271	
job_A	7jy5-assembly1.cif.gz_A	13.6	88	11	95	13	96	0.008871	109	1	0.7458	0.1204	
job_A	5c18-assembly1.cif.gz_F	14.7	88	11	95	4	87	0.009393	108	1	0.7458	0.1215	
job_A	7oat-assembly1.cif.gz_B	11.4	87	11	94	2	82	0.01664	107	1	0.7373	0.2005	
job_A	5c1a-assembly2.cif.gz_K	15.9	88	11	95	4	87	0.01324	107	1	0.7458	0.1183	
job_A	7ln4-assembly1.cif.gz_D	14.7	88	11	95	13	96	0.01181	107	1	0.7458	0.1172	
job_A	7di0-assembly3.cif.gz_C	13.5	96	1	89	1	86	0.01324	106	1	0.8136	1.0909	
job_A	7ln3-assembly1.cif.gz_A	13.6	88	11	95	2	85	0.009945	106	1	0.7458	0.1202	
job_A	5e7p-assembly1.cif.gz_A	15.4	97	1	91	4	89	0.005007	105	1	0.822	0.1349	
job_A	7r7t-assembly1.cif.gz_C	14.2	91	8	95	7	90	0.005614	105	1	0.7712	0.1245	
job_A	7y4w-assembly1.cif.gz_B	14.1	92	7	95	2	86	0.007472	105	1	0.7797	0.1235	
job_A	7r7t-assembly1.cif.gz_B	13.6	88	11	95	7	90	0.01181	104	1	0.7458	0.121	
job_A	6hd0-assembly1.cif.gz_C	15.9	88	11	95	2	85	0.01324	103	1	0.7458	0.2014	
job_A	7ln3-assembly1.cif.gz_F	13.6	88	11	95	2	85	0.01571	103	1	0.7458	0.1257	
job_A	7ln6-assembly1.cif.gz_F	14.7	88	11	95	4	87	0.01975	101	1	0.7458	0.1232	
job_A	6hd3-assembly1.cif.gz_C	18.1	88	11	95	4	87	0.02483	100	1	0.7458	0.2023	
job_A	7r7t-assembly1.cif.gz_D	14.7	88	11	95	4	87	0.01484	99	0.999	0.7458	0.1215	
job_A	6hd3-assembly1.cif.gz_A	18.1	88	11	95	14	97	0.02948	98	0.999	0.7458	0.1956	
job_A	5c18-assembly1.cif.gz_E	13.7	87	12	95	6	88	0.02629	98	0.999	0.7373	0.1203	
job_A	8daw-assembly1.cif.gz_B	14.7	95	4	95	15	97	0.01324	97	0.999	0.8051	0.1323	
job_A	3cf1-assembly1.cif.gz_A-2	15.2	92	7	95	3	87	0.02345	97	0.999	0.7797	0.128	
job_A	7r7t-assembly1.cif.gz_E	12.1	82	11	89	7	87	0.0695	97	0.999	0.6949	0.1129	
job_A	7k57-assembly1.cif.gz_A	17	88	11	95	3	86	0.0125	97	0.999	0.7458	0.1188	
job_A	7r7s-assembly1.cif.gz_F	13.7	87	12	95	11	93	0.02629	96	0.999	0.7373	0.1187	
job_A	7k56-assembly1.cif.gz_A	17	88	11	95	3	86	0.01664	95	0.998	0.7458	0.1188	
job_A	5e7p-assembly2.cif.gz_B	13.4	97	1	91	3	88	0.01402	94	0.998	0.822	0.1378	
job_A	7rli-assembly1.cif.gz_E	14.7	88	11	95	4	87	0.01402	93	0.998	0.7458	0.1197	
job_A	6opc-assembly1.cif.gz_F	13	92	7	95	3	87	0.03705	91	0.997	0.7797	0.1351	
job_A	6opc-assembly1.cif.gz_D	13	92	7	95	3	87	0.03499	91	0.997	0.7797	0.1242	
job_A	7mdm-assembly1.cif.gz_D	13.7	87	12	95	1	83	0.02948	90	0.996	0.7373	0.1238	
job_A	7rlb-assembly1.cif.gz_A	14.7	88	11	95	4	87	0.0125	90	0.996	0.7458	0.1197	
job_A	6opc-assembly1.cif.gz_A	13	92	7	95	3	87	0.04399	89	0.996	0.7797	0.1255	
job_A	8daw-assembly1.cif.gz_A	12.5	88	11	95	2	85	0.04154	88	0.995	0.7458	0.1236	
job_A	6opc-assembly1.cif.gz_E	13	92	7	95	3	87	0.04932	88	0.995	0.7797	0.1285	
job_A	7rld-assembly1.cif.gz_B	13.6	88	11	95	4	87	0.03923	88	0.995	0.7458	0.1197	
job_A	4ga5-assembly4.cif.gz_D	9.6	93	11	99	1	90	0.04399	87	0.994	0.7881	0.1886	
job_A	1wlf-assembly1.cif.gz_A	11.1	90	1	87	1	79	0.08251	86	0.993	0.7627	0.5488	
job_A	7dvh-assembly4.cif.gz_C	16.6	90	3	87	2	84	0.04399	85	0.992	0.7627	1.0345	
job_A	7mdm-assembly1.cif.gz_E	14.9	87	12	95	1	83	0.0695	82	0.988	0.7373	0.1236	
job_A	7bp9-assembly1.cif.gz_A	14.2	91	8	95	5	88	0.0695	80	0.984	0.7712	0.123	
job_A	1cz5-assembly1.cif.gz_A	12.5	96	1	91	3	90	0.03923	77	0.975	0.8136	0.5189	
job_A	4pmk-assembly2.cif.gz_B	15.2	118	4	91	26	140	0.01664	76	0.971	1.0	0.8429	
job_A	2yuj-assembly1.cif.gz_A	10.1	99	1	89	16	111	0.01402	76	0.971	0.839	0.5211	
job_A	4pmk-assembly1.cif.gz_A	15	120	4	91	42	158	0.01762	75	0.967	1.0169	0.7595	
job_A	3ir7-assembly1.cif.gz_A	11.9	92	1	75	1080	1163	0.03923	75	0.967	0.7797	0.0741	
job_A	1e60-assembly2.cif.gz_C	15.3	52	23	73	655	704	0.231	74	0.961	0.4407	0.0675	
job_A	2ki8-assembly1.cif.gz_A	6.9	115	1	86	20	127	0.03705	73	0.956	0.9746	0.7877	
job_A	7r7s-assembly1.cif.gz_E	14.2	91	8	95	3	86	0.1462	73	0.956	0.7712	0.1269	
job_A	1h5n-assembly2.cif.gz_C	10.8	83	11	73	620	700	0.1837	72	0.949	0.7034	0.1084	
job_A	3ir6-assembly1.cif.gz_A	11.9	92	1	75	1071	1154	0.0695	72	0.949	0.7797	0.0746	
job_A	7mdm-assembly1.cif.gz_B	13.7	87	12	95	1	83	0.1946	71	0.941	0.7373	0.1241	
job_A	8h2n-assembly4.cif.gz_D	15.1	99	12	103	313	396	0.05222	71	0.941	0.839	0.1396	
job_A	7z11-assembly1.cif.gz_A	9.6	93	11	94	4	92	0.206	71	0.941	0.7881	0.1279	
job_A	8h2m-assembly1.cif.gz_A	11.2	80	12	89	313	388	0.09251	71	0.941	0.678	0.1061	
job_A	1dms-assembly1.cif.gz_A	15.3	52	23	73	651	700	0.2903	71	0.941	0.4407	0.0679	
job_A	3j97-assembly1.cif.gz_F	4.9	101	1	94	2	86	0.1037	70	0.933	0.8559	0.1544	
job_A	2dmr-assembly1.cif.gz_A	11.1	81	11	73	627	705	0.1837	70	0.933	0.6864	0.1051	
job_A	3dmr-assembly1.cif.gz_A	11.1	81	11	73	635	713	0.1735	70	0.933	0.6864	0.104	
job_A	2ivf-assembly1.cif.gz_A	10.8	83	11	72	777	855	0.2903	70	0.933	0.7034	0.091	
job_A	1siw-assembly1.cif.gz_A	10.8	92	1	75	1079	1162	0.07359	70	0.933	0.7797	0.0742	
job_A	2iv2-assembly1.cif.gz_X	11.8	118	5	99	572	676	0.01975	69	0.923	1.0	0.1693	
job_A	7rl6-assembly1.cif.gz_A	12.9	93	8	95	4	87	0.07359	69	0.923	0.7881	0.1265	
job_A	1e61-assembly2.cif.gz_C	11.1	81	11	73	623	701	0.1946	69	0.923	0.6864	0.1056	
job_A	4dmr-assembly1.cif.gz_A	11.1	81	11	73	629	707	0.1946	69	0.923	0.6864	0.1048	
job_A	1e60-assembly1.cif.gz_A	11.1	81	11	73	634	712	0.206	69	0.923	0.6864	0.1041	
job_A	1fdi-assembly1.cif.gz_A	11.2	125	7	99	574	694	0.01571	68	0.912	1.0593	0.1748	
job_A	1e18-assembly1.cif.gz_A	11.1	81	11	73	635	713	0.231	68	0.912	0.6864	0.104	
job_A	8e9i-assembly1.cif.gz_G	9.7	103	7	87	679	778	0.1735	68	0.912	0.8729	0.1321	
job_A	7bkb-assembly1.cif.gz_J	8.3	96	23	104	30	112	0.06564	67	0.9	0.8136	0.7328	
job_A	1qcs-assembly1.cif.gz_A	8.1	98	2	95	4	87	0.06564	67	0.9	0.8305	0.5026	
job_A	7tvp-assembly1.cif.gz_A	13.1	76	25	90	115	188	0.3074	67	0.9	0.6441	0.3378	
job_A	7r7s-assembly1.cif.gz_A	13.6	88	11	95	4	87	0.3074	67	0.9	0.7458	0.1219	
job_A	1eu1-assembly1.cif.gz_A	14.8	81	11	73	624	702	0.231	67	0.9	0.6864	0.1056	
job_A	7z11-assembly1.cif.gz_F	13	100	5	94	3	97	0.4587	66	0.887	0.8475	0.1374	
job_A	1tmo-assembly1.cif.gz_A	11.1	81	11	72	641	719	0.2446	66	0.887	0.6864	0.102	
job_A	5t5i-assembly1.cif.gz_D	8.1	122	3	95	1	112	0.04399	65	0.872	1.0339	0.9385	
job_A	3j99-assembly1.cif.gz_D	5.8	103	1	94	2	86	0.1231	65	0.872	0.8729	0.153	
job_A	6mdn-assembly1.cif.gz_D	7.4	94	1	91	2	84	0.206	65	0.872	0.7966	0.1318	
job_A	7r7t-assembly1.cif.gz_F	14.4	90	11	95	4	87	0.09251	65	0.872	0.7627	0.1241	
job_A	8gzh-assembly1.cif.gz_D	10.8	138	12	104	348	482	0.1304	64	0.855	1.1695	0.2244	
job_A	6mdn-assembly1.cif.gz_B	5.8	102	2	95	3	87	0.1548	64	0.855	0.8644	0.1443	
job_A	3egw-assembly1.cif.gz_A	11.8	110	1	84	1082	1183	0.1098	64	0.855	0.9322	0.0884	
job_A	3j99-assembly1.cif.gz_E	6.6	105	2	96	3	87	0.138	62	0.817	0.8898	0.1567	
job_A	6sdr-assembly1.cif.gz_A	12.1	99	25	91	867	963	0.1462	62	0.817	0.839	0.1028	
job_A	1zc1-assembly1.cif.gz_A	9.8	102	1	91	17	118	0.1946	61	0.795	0.8644	0.4904	
job_A	7tvn-assembly1.cif.gz_A	13	84	17	90	107	188	0.5143	61	0.795	0.7119	0.3733	
job_A	8h40-assembly1.cif.gz_E	10.4	134	8	99	353	481	0.1548	61	0.795	1.1356	0.2161	
job_A	2jiq-assembly1.cif.gz_A	10.7	84	7	70	607	683	0.2446	61	0.795	0.7119	0.1167	
job_A	5g4f-assembly1.cif.gz_P	16.3	92	7	89	6	89	0.1946	61	0.795	0.7797	0.1267	
job_A	4ydd-assembly2.cif.gz_C	14.9	87	11	78	751	829	0.2181	61	0.795	0.7373	0.0975	
job_A	7z7t-assembly1.cif.gz_G	8.5	70	22	84	835	902	0.3447	61	0.795	0.5932	0.0773	
job_A	3ir5-assembly1.cif.gz_A	11.8	110	1	84	1082	1183	0.1304	61	0.795	0.9322	0.0884	
job_A	1qdn-assembly1.cif.gz_C	5.1	97	5	95	2	88	0.2589	60	0.772	0.822	0.5105	
job_A	3j98-assembly1.cif.gz_B	6.7	103	2	94	3	86	0.231	60	0.772	0.8729	0.1535	
job_A	3j99-assembly1.cif.gz_B	6.7	103	2	94	3	86	0.231	60	0.772	0.8729	0.1533	
job_A	6mdm-assembly1.cif.gz_A	5.8	103	1	95	2	87	0.1735	60	0.772	0.8729	0.1474	
job_A	7wd3-assembly1.cif.gz_C	11.1	90	11	87	4	88	0.3864	60	0.772	0.7627	0.1247	
job_A	6cz7-assembly1.cif.gz_A	13.2	53	19	70	709	759	0.6465	60	0.772	0.4492	0.0651	
job_A	1q16-assembly1.cif.gz_A	11.8	110	1	84	1082	1183	0.1548	60	0.772	0.9322	0.0884	
job_A	8dy9-assembly1.cif.gz_D	8.1	148	2	104	424	560	0.1098	60	0.772	1.2542	0.1181	
job_A	8eoe-assembly1.cif.gz_D	8.5	140	12	104	426	560	0.1735	60	0.772	1.1864	0.1103	
job_A	8eof-assembly1.cif.gz_D	9.7	143	8	104	425	560	0.1639	59	0.747	1.2119	0.1126	
job_A	4fer-assembly1.cif.gz_A	15	113	2	91	5	105	0.0695	58	0.72	0.9576	0.5459	
job_A	8syi-assembly1.cif.gz_D	10.1	148	2	104	352	488	0.07793	58	0.72	1.2542	0.2387	
job_A	6mdm-assembly1.cif.gz_B	11.3	97	1	94	2	86	0.1304	58	0.72	0.822	0.1378	
job_A	8e8m-assembly1.cif.gz_D	9.1	142	8	104	428	563	0.1946	58	0.72	1.2034	0.112	
job_A	2nap-assembly1.cif.gz_A	9.7	82	7	70	607	683	0.3447	57	0.692	0.6949	0.1139	
job_A	8cm7-assembly1.cif.gz_A	11.7	94	25	91	866	956	0.2742	57	0.692	0.7966	0.0983	
job_A	8u0v-assembly1.cif.gz_D	9.1	109	2	97	202	305	0.2742	57	0.692	0.9237	0.1058	
job_A	6c04-assembly1.cif.gz_D	10.4	143	8	104	428	563	0.1735	57	0.692	1.2119	0.1129	
job_A	8e95-assembly1.cif.gz_D	7.9	139	12	104	429	563	0.3074	57	0.692	1.178	0.1095	
job_A	8eos-assembly1.cif.gz_D	8.5	140	12	104	426	560	0.2742	57	0.692	1.1864	0.1097	
job_A	2e7z-assembly1.cif.gz_A	8.7	80	7	70	595	670	0.3447	56	0.663	0.678	0.11	
job_A	1h0h-assembly2.cif.gz_K	11.9	134	5	93	847	975	0.05855	56	0.663	1.1356	0.1372	
job_A	7ye1-assembly1.cif.gz_D	11.4	140	12	104	338	472	0.3074	56	0.663	1.1864	0.1224	
job_A	6vvz-assembly1.cif.gz_D	9.7	143	8	104	428	563	0.1548	56	0.663	1.2119	0.113	
job_A	8exy-assembly1.cif.gz_D	9.2	140	12	104	426	560	0.2181	56	0.663	1.1864	0.11	
job_A	4l48-assembly2.cif.gz_C	12.2	114	3	95	1	104	0.03923	55	0.632	0.9661	0.5644	
job_A	1ogy-assembly6.cif.gz_K	6.5	91	7	75	676	761	0.206	55	0.632	0.7712	0.1153	
job_A	7p7k-assembly1.cif.gz_G	8.5	70	22	84	835	902	0.6106	55	0.632	0.5932	0.0773	
job_A	8cgs-assembly2.cif.gz_G-2	8.2	133	11	105	691	814	0.3649	54	0.601	1.1271	0.1618	
job_A	8cm4-assembly2.cif.gz_C	17.4	63	25	85	874	925	0.4587	54	0.601	0.5339	0.0649	
job_A	7f75-assembly1.cif.gz_D	8.7	148	2	104	338	474	0.08737	54	0.601	1.2542	0.1296	
job_A	4yfn-assembly1.cif.gz_D	11.1	144	8	104	341	476	0.2903	54	0.601	1.2203	0.1238	
job_A	6j9e-assembly1.cif.gz_D	9.4	138	9	100	338	470	0.4857	54	0.601	1.1695	0.115	
job_A	6bzo-assembly1.cif.gz_D	7.4	148	2	104	422	558	0.138	54	0.601	1.2542	0.1172	
job_A	8him-assembly1.cif.gz_A	5.9	152	1	99	2	142	0.5766	53	0.569	1.2881	0.1792	
job_A	4v4d-assembly10.cif.gz_S	17.4	63	11	72	760	817	0.9111	53	0.569	0.5339	0.072	
job_A	8ej3-assembly1.cif.gz_D	7.9	139	12	104	426	560	0.4092	53	0.569	1.178	0.1085	
job_A	8ac2-assembly1.cif.gz_D	10.9	137	8	99	336	466	0.2589	53	0.569	1.161	0.1024	
job_A	4avr-assembly1.cif.gz_B	12.6	103	3	91	2	94	0.1735	52	0.537	0.8729	1.0957	
job_A	8hyj-assembly1.cif.gz_A	8.2	157	8	105	234	386	0.6465	52	0.537	1.3305	0.1376	
job_A	7kin-assembly1.cif.gz_D	7.4	148	2	104	427	563	0.2903	52	0.537	1.2542	0.1165	
job_A	6xas-assembly1.cif.gz_J	8.6	138	12	104	343	477	0.5143	52	0.537	1.1695	0.104	
job_A	8ac1-assembly1.cif.gz_D	9.9	141	8	103	336	470	0.3255	52	0.537	1.1949	0.1055	
job_A	7vwy-assembly1.cif.gz_D	11.2	142	8	103	337	471	0.2742	52	0.537	1.2034	0.1062	
job_A	6f0k-assembly1.cif.gz_B	12.2	57	23	72	530	586	0.6465	51	0.505	0.4831	0.0593	
job_A	1kqf-assembly1.cif.gz_A	13.5	103	23	93	884	982	0.231	51	0.505	0.8729	0.1049	
job_A	8sy5-assembly1.cif.gz_J	9.3	139	12	104	290	424	0.5446	51	0.505	1.178	0.1347	
job_A	7b04-assembly6.cif.gz_Q	10.1	69	23	73	923	991	0.9648	51	0.505	0.5847	0.0618	
job_A	4yfx-assembly2.cif.gz_J	9.7	143	7	104	333	471	0.6465	51	0.505	1.2119	0.1238	
job_A	6c6u-assembly1.cif.gz_J	10.8	138	12	104	338	472	0.4857	51	0.505	1.1695	0.1032	
job_A	7tvm-assembly1.cif.gz_B	11.5	78	25	90	113	186	1.022	50	0.473	0.661	0.3498	
job_A	5e7o-assembly3.cif.gz_E	12.7	94	11	82	754	843	0.4857	50	0.473	0.7966	0.105	
job_A	8sy7-assembly1.cif.gz_J	9.4	138	12	104	299	433	0.5766	50	0.473	1.1695	0.1312	
job_A	7b04-assembly8.cif.gz_W	10.1	69	23	70	925	990	1.082	50	0.473	0.5847	0.0617	
job_A	6koq-assembly1.cif.gz_D	9.1	142	8	104	425	560	0.3074	50	0.473	1.2034	0.1129	
job_A	7ypb-assembly1.cif.gz_D	9.7	144	8	104	336	471	0.4332	50	0.473	1.2203	0.109	
job_A	6xav-assembly1.cif.gz_J	9.3	139	12	104	352	486	0.5143	50	0.473	1.178	0.1039	
job_A	4jjo-assembly1.cif.gz_A	12	116	1	95	1	104	0.05529	49	0.442	0.9831	0.5743	
job_A	7l5s-assembly1.cif.gz_A	11.7	85	7	73	626	707	1.082	49	0.442	0.7203	0.1102	
job_A	3ml1-assembly1.cif.gz_A	9.7	92	6	75	683	769	0.4587	49	0.442	0.7797	0.1151	
job_A	4mex-assembly2.cif.gz_J	10.8	138	12	104	325	459	0.6106	49	0.442	1.1695	0.1207	
job_A	5uah-assembly1.cif.gz_D	11.5	139	12	104	345	479	0.6846	49	0.442	1.178	0.1191	
job_A	6vvv-assembly1.cif.gz_D	7.4	148	2	104	423	559	0.3255	49	0.442	1.2542	0.1261	
job_A	6jcy-assembly1.cif.gz_D	9.1	142	8	104	425	560	0.4857	49	0.442	1.2034	0.1127	
job_A	6m6c-assembly1.cif.gz_D	11.6	146	8	104	446	584	0.4857	49	0.442	1.2373	0.1119	
job_A	6asx-assembly1.cif.gz_J	10.4	144	8	104	336	471	0.5446	49	0.442	1.2203	0.1076	
job_A	7l5i-assembly1.cif.gz_A	14.7	142	5	105	622	761	0.3864	48	0.411	1.2034	0.1861	
job_A	7l7b-assembly1.cif.gz_D	10.5	142	8	104	338	473	0.5143	48	0.411	1.2034	0.1237	
job_A	6vjs-assembly1.cif.gz_D	12.2	139	11	103	341	475	0.8127	48	0.411	1.178	0.1194	
job_A	5w1t-assembly1.cif.gz_D	10	130	2	87	343	461	0.8605	48	0.411	1.1017	0.111	
job_A	7dy6-assembly1.cif.gz_D	12.2	139	8	100	347	478	0.9111	48	0.411	1.178	0.1026	
job_A	5cuo-assembly1.cif.gz_A	15.9	69	25	87	121	187	1.145	47	0.382	0.5847	0.367	
job_A	7wd3-assembly1.cif.gz_F	10.1	108	11	108	4	100	0.7248	47	0.382	0.9153	0.1496	
job_A	8j83-assembly1.cif.gz_A	7.7	90	6	75	797	881	0.7675	47	0.382	0.7627	0.0988	
job_A	8i24-assembly1.cif.gz_D	11.1	143	8	104	336	471	0.6106	47	0.382	1.2119	0.1241	
job_A	4yfk-assembly2.cif.gz_J	11.3	141	12	104	334	468	0.8127	47	0.382	1.1949	0.1224	
job_A	8dkc-assembly1.cif.gz_D	9.4	148	2	103	354	489	0.4092	47	0.382	1.2542	0.1232	
job_A	6j9f-assembly1.cif.gz_D	10.1	148	6	103	330	473	0.7675	47	0.382	1.2542	0.1218	
job_A	6kon-assembly1.cif.gz_D	9.4	138	8	100	423	554	0.5766	47	0.382	1.1695	0.1102	
job_A	6ldi-assembly1.cif.gz_D	9.4	148	2	104	334	470	0.5143	47	0.382	1.2542	0.1112	
job_A	7qxi-assembly1.cif.gz_D	11.3	141	11	104	350	485	0.6465	47	0.382	1.1949	0.1057	
job_A	7xyb-assembly1.cif.gz_D	10	140	12	104	337	471	0.8127	47	0.382	1.1864	0.1046	
job_A	7ykz-assembly1.cif.gz_F	8.9	89	5	87	3	88	1.709	46	0.353	0.7542	0.1213	
job_A	4aay-assembly1.cif.gz_C	10.2	137	11	110	713	843	0.3447	46	0.353	1.161	0.1625	
job_A	6kop-assembly1.cif.gz_D	9.8	142	8	104	425	560	0.6846	46	0.353	1.2034	0.1124	
job_A	7p5x-assembly1.cif.gz_AD	9.7	143	8	104	426	561	0.7248	46	0.353	1.2119	0.113	
job_A	6fbv-assembly1.cif.gz_D	9.8	142	8	104	424	559	0.6846	46	0.353	1.2034	0.1118	
job_A	4jkr-assembly2.cif.gz_J	10.8	138	12	104	339	473	0.9111	46	0.353	1.1695	0.1031	
job_A	7vf9-assembly1.cif.gz_D	9.3	139	12	104	337	471	1.022	46	0.353	1.178	0.1038	
job_A	5ntb-assembly2.cif.gz_B	16.8	113	3	91	6	109	0.2903	45	0.326	0.9576	1.0273	
job_A	7r7t-assembly1.cif.gz_A	13.4	89	11	95	1	84	1.082	45	0.326	0.7542	0.1221	
job_A	7vw6-assembly1.cif.gz_A	7.3	123	6	94	799	912	0.7248	45	0.326	1.0424	0.1347	
job_A	6tg9-assembly1.cif.gz_A	7.8	127	7	98	816	937	0.6465	45	0.326	1.0763	0.1338	
job_A	5vi8-assembly1.cif.gz_D	6.7	148	2	104	422	558	0.6106	45	0.326	1.2542	0.1186	
job_A	8sy6-assembly1.cif.gz_J	9.7	144	8	104	289	424	0.8605	45	0.326	1.2203	0.1135	
job_A	7fjj-assembly1.cif.gz_A	7.4	67	38	99	438	502	0.7675	45	0.326	0.5678	0.0493	
job_A	4zh4-assembly1.cif.gz_D	11.8	143	8	104	329	464	0.9648	44	0.301	1.2119	0.1242	
job_A	6byu-assembly1.cif.gz_D	10.5	142	8	104	341	476	1.082	44	0.301	1.2034	0.1221	
job_A	6m6a-assembly1.cif.gz_D	6.2	143	2	99	445	577	0.8127	44	0.301	1.2119	0.1097	
job_A	7d7c-assembly1.cif.gz_D	7.4	148	2	104	335	471	0.5143	44	0.301	1.2542	0.1109	
job_A	8f1k-assembly1.cif.gz_J	10	139	12	104	350	484	1.213	44	0.301	1.178	0.103	
job_A	4s20-assembly1.cif.gz_D	10.2	136	9	99	339	470	1.36	43	0.277	1.1525	0.1184	
job_A	8hkc-assembly1.cif.gz_F	10.1	138	12	104	338	472	1.284	43	0.277	1.1695	0.119	
job_A	4s20-assembly2.cif.gz_I	10.2	136	9	99	339	470	1.36	43	0.277	1.1525	0.1172	
job_A	6vjs-assembly2.cif.gz_I	11.5	138	12	104	338	472	1.284	43	0.277	1.1695	0.119	
job_A	5zx2-assembly1.cif.gz_D	7.4	148	2	104	423	559	0.7675	43	0.277	1.2542	0.1175	
job_A	6ri9-assembly1.cif.gz_D	10.1	138	11	103	336	470	1.284	43	0.277	1.1695	0.1033	
job_A	7szk-assembly1.cif.gz_D	9.7	144	8	104	338	473	1.213	43	0.277	1.2203	0.1075	
job_A	6qk4-assembly1.cif.gz_B	9.4	95	11	95	240	330	0.3864	42	0.254	0.8051	0.287	
job_A	4yfx-assembly1.cif.gz_D	8.9	145	8	104	344	479	1.022	42	0.254	1.2288	0.1244	
job_A	5w1s-assembly1.cif.gz_D	8.7	148	2	104	343	479	0.8605	42	0.254	1.2542	0.1262	
job_A	6z11-assembly1.cif.gz_D	9.1	142	8	104	419	554	1.022	42	0.254	1.2034	0.1132	
job_A	7q4u-assembly1.cif.gz_D	7.4	148	8	104	423	558	0.6846	42	0.254	1.2542	0.1166	
job_A	7du2-assembly1.cif.gz_A	7.5	66	39	99	392	455	1.213	42	0.254	0.5593	0.051	
job_A	4llg-assembly2.cif.gz_J	10.4	143	8	104	327	462	1.614	42	0.254	1.2119	0.1079	
job_A	7ubm-assembly1.cif.gz_D	9.4	138	12	104	338	472	1.709	42	0.254	1.1695	0.104	
job_A	7uwe-assembly1.cif.gz_J	10.1	138	12	104	337	471	1.44	42	0.254	1.1695	0.1038	
job_A	6xl5-assembly1.cif.gz_D	9.3	139	12	104	337	471	1.916	42	0.254	1.178	0.104	
job_A	7mkq-assembly1.cif.gz_D	10.6	141	8	103	338	472	1.022	42	0.254	1.1949	0.1054	
job_A	7wd3-assembly1.cif.gz_E	10.1	99	4	94	5	95	2.55	41	0.233	0.839	0.1369	
job_A	6zjn-assembly1.cif.gz_3	14.4	90	7	85	666	752	1.213	41	0.233	0.7627	0.1194	
job_A	6dcf-assembly1.cif.gz_D	9.1	142	8	104	424	559	1.213	41	0.233	1.2034	0.1207	
job_A	5zx3-assembly1.cif.gz_D	8.1	148	2	104	424	560	0.7248	41	0.233	1.2542	0.1177	
job_A	6yxu-assembly1.cif.gz_D	8.7	148	2	104	420	556	0.5766	41	0.233	1.2542	0.1166	
job_A	7ade-assembly1.cif.gz_Y	11.2	142	8	103	321	455	1.213	41	0.233	1.2034	0.1057	
job_A	7rdq-assembly1.cif.gz_D	8.9	145	8	104	506	644	1.44	41	0.233	1.2288	0.1061	
job_A	7z31-assembly1.cif.gz_A	13	92	38	108	444	532	0.8605	41	0.233	0.7797	0.0648	
job_A	3i9v-assembly1.cif.gz_3	13	92	11	85	664	752	1.709	40	0.214	0.7797	0.122	
job_A	3hkz-assembly2.cif.gz_I	6.7	74	39	104	369	439	1.022	40	0.214	0.6271	0.0885	
job_A	4yfn-assembly2.cif.gz_J	10.4	144	8	104	333	468	1.81	40	0.214	1.2203	0.125	
job_A	6n62-assembly1.cif.gz_D	11.1	143	8	104	336	471	1.284	40	0.214	1.2119	0.1166	
job_A	6eyd-assembly1.cif.gz_D	9.8	142	8	104	417	552	1.022	40	0.214	1.2034	0.1144	
job_A	8fvw-assembly1.cif.gz_G	10.1	138	12	104	337	471	2.275	40	0.214	1.1695	0.1038	
job_A	6c9y-assembly1.cif.gz_D	11.2	125	8	87	344	461	2.148	40	0.214	1.0593	0.0926	
job_A	8eha-assembly1.cif.gz_J	10.1	138	12	104	337	471	1.916	40	0.214	1.1695	0.1016	
job_A	5vi5-assembly1.cif.gz_D	7.4	148	2	104	419	555	1.145	39	0.196	1.2542	0.1195	
job_A	4zh4-assembly2.cif.gz_J	11.7	145	8	104	321	456	1.709	39	0.196	1.2288	0.1099	
job_A	7vwz-assembly1.cif.gz_D	10.1	138	12	104	337	471	1.81	39	0.196	1.1695	0.1036	
job_A	7xue-assembly1.cif.gz_J	8.6	138	11	103	336	470	2.701	39	0.196	1.1695	0.1034	
job_A	6z9t-assembly1.cif.gz_Y	9.4	148	2	104	320	456	1.145	39	0.196	1.2542	0.1102	
job_A	4llg-assembly1.cif.gz_D	10.4	143	8	104	344	479	2.148	39	0.196	1.2119	0.1063	
job_A	4jp7-assembly2.cif.gz_B	7.1	126	3	91	1	118	1.524	38	0.179	1.0678	1.0328	
job_A	4wqs-assembly1.cif.gz_D	10.1	128	8	89	336	458	3.028	38	0.179	1.0847	0.1112	
job_A	8igs-assembly1.cif.gz_J	11.8	143	8	104	336	471	1.524	38	0.179	1.2119	0.1239	
job_A	1i6v-assembly1.cif.gz_D	8.4	142	8	100	316	450	1.81	38	0.179	1.2034	0.121	
job_A	6yys-assembly1.cif.gz_D	8.1	148	2	104	420	556	1.524	38	0.179	1.2542	0.1158	
job_A	7ypa-assembly1.cif.gz_D	10	150	2	104	334	470	1.44	38	0.179	1.2712	0.1125	
job_A	6gfw-assembly1.cif.gz_D	11.8	143	3	99	346	478	1.284	38	0.179	1.2119	0.1063	
job_A	6psw-assembly1.cif.gz_J	10	140	8	100	336	467	2.029	38	0.179	1.1864	0.1041	
job_A	4qiw-assembly1.cif.gz_A	9.6	93	38	109	392	481	1.213	37	0.164	0.7881	0.1078	
job_A	6wvk-assembly1.cif.gz_D	11.7	145	8	104	337	472	2.148	37	0.164	1.2288	0.1225	
job_A	4xsz-assembly2.cif.gz_J	11.7	145	8	104	336	471	2.029	37	0.164	1.2288	0.1173	
job_A	7uwh-assembly1.cif.gz_J	11.7	145	8	104	336	471	1.81	37	0.164	1.2288	0.11	
job_A	6r9b-assembly1.cif.gz_D	10	149	2	103	332	467	0.5766	37	0.164	1.2627	0.1126	
job_A	7xui-assembly1.cif.gz_J	10.1	138	12	104	338	472	3.028	37	0.164	1.1695	0.1033	
job_A	4mq9-assembly1.cif.gz_D	7.5	146	2	99	502	636	1.709	37	0.164	1.2373	0.107	
job_A	6wox-assembly1.cif.gz_D	9.2	151	2	104	624	763	1.524	37	0.164	1.2797	0.1017	
job_A	1bw4-assembly1.cif.gz_A	10.7	93	11	95	46	125	0.9648	36	0.15	0.7881	0.744	
job_A	2g5d-assembly1.cif.gz_A	14.7	95	20	104	294	379	1.36	36	0.15	0.8051	0.2487	
job_A	2vpw-assembly1.cif.gz_E	10.4	125	23	104	617	731	0.5446	36	0.15	1.0593	0.1703	
job_A	1g8k-assembly1.cif.gz_A	10.1	118	21	118	719	822	1.36	36	0.15	1.0	0.1436	
job_A	7b04-assembly2.cif.gz_E	10.6	66	23	72	918	983	6.014	36	0.15	0.5593	0.0594	
job_A	7khc-assembly1.cif.gz_D	10.8	138	12	104	339	473	3.028	36	0.15	1.1695	0.1028	
job_A	7a6h-assembly1.cif.gz_A	7.4	67	38	99	445	509	2.859	36	0.15	0.5678	0.0487	
job_A	2a6h-assembly2.cif.gz_N	9.6	145	8	104	514	652	2.275	36	0.15	1.2288	0.105	
job_A	1i3q-assembly1.cif.gz_A	5.1	155	2	89	347	489	5.066	36	0.15	1.3136	0.1096	
job_A	4g7h-assembly1.cif.gz_D	7.9	151	2	104	624	763	1.709	36	0.15	1.2797	0.1016	
job_A	3suk-assembly2.cif.gz_B	10.4	125	8	91	3	117	0.6465	35	0.138	1.0593	1.0081	
job_A	7ykk-assembly1.cif.gz_D	10	70	8	72	5	71	2.55	35	0.138	0.5932	0.0954	
job_A	6n60-assembly1.cif.gz_D	10.8	138	12	104	337	471	3.395	35	0.138	1.1695	0.1117	
job_A	6n61-assembly1.cif.gz_D	9.4	148	2	104	334	470	2.859	35	0.138	1.2542	0.1195	
job_A	2o5i-assembly1.cif.gz_D	9.6	145	8	104	443	581	2.409	35	0.138	1.2288	0.1113	
job_A	6asg-assembly1.cif.gz_D	9	133	8	89	500	622	2.409	35	0.138	1.1271	0.0981	
job_A	1iw7-assembly1.cif.gz_D	7.8	141	8	100	514	648	3.028	35	0.138	1.1949	0.1013	
job_A	1pqv-assembly1.cif.gz_A	6.8	58	38	89	402	456	3.395	35	0.138	0.4915	0.0412	
job_A	1g8j-assembly1.cif.gz_A	11	118	21	118	717	820	1.524	34	0.126	1.0	0.1439	
job_A	6kf9-assembly1.cif.gz_A	9.4	74	38	103	412	482	2.275	34	0.126	0.6271	0.0822	
job_A	6lod-assembly1.cif.gz_B	7.6	91	7	73	501	586	4.518	34	0.126	0.7712	0.098	
job_A	5tbz-assembly2.cif.gz_I	10	139	8	100	291	422	3.028	34	0.126	1.178	0.1064	
job_A	2ppb-assembly2.cif.gz_N	9.6	145	8	104	443	581	2.701	34	0.126	1.2288	0.1104	
job_A	6ztj-assembly1.cif.gz_CD	12.1	140	9	100	336	468	4.03	34	0.126	1.1864	0.105	
job_A	6jbq-assembly1.cif.gz_D	11.3	150	6	104	327	471	3.594	34	0.126	1.2712	0.1124	
job_A	6xln-assembly1.cif.gz_D	11	145	8	104	336	471	2.55	34	0.126	1.2288	0.1085	
job_A	6n58-assembly1.cif.gz_J	11.2	142	8	104	337	472	3.206	34	0.126	1.2034	0.1054	
job_A	4gzz-assembly1.cif.gz_D	10.3	145	8	104	503	641	2.859	34	0.126	1.2288	0.1068	
job_A	5nwt-assembly1.cif.gz_D	12.1	82	31	104	410	486	2.029	34	0.126	0.6949	0.0604	
job_A	1nt9-assembly1.cif.gz_A	7	57	38	89	396	450	3.806	34	0.126	0.4831	0.0412	
job_A	3wod-assembly1.cif.gz_D	8.3	144	9	104	625	764	4.03	34	0.126	1.2203	0.0968	
job_A	2nya-assembly2.cif.gz_F	9.5	94	7	75	677	762	2.029	33	0.116	0.7966	0.1188	
job_A	2wb1-assembly2.cif.gz_W	8.4	95	38	109	373	462	2.029	33	0.116	0.8051	0.113	
job_A	2o5j-assembly2.cif.gz_N	10.2	146	8	104	443	581	3.395	33	0.116	1.2373	0.1155	
job_A	6eu3-assembly1.cif.gz_A	13.2	68	38	99	423	487	3.806	33	0.116	0.5763	0.0485	
job_A	5c4a-assembly1.cif.gz_A	7.4	67	38	99	435	499	3.395	33	0.116	0.5678	0.047	
job_A	2g6g-assembly1.cif.gz_A	14.7	95	20	104	317	402	1.614	32	0.106	0.8051	0.2346	
job_A	2pmz-assembly2.cif.gz_Q	6	66	39	99	309	371	3.028	32	0.106	0.5593	0.0851	
job_A	8c0w-assembly1.cif.gz_E	13.8	108	1	95	1	92	3.028	32	0.106	0.9153	0.1049	
job_A	4jk2-assembly1.cif.gz_D	11.2	142	9	104	333	469	4.518	32	0.106	1.2034	0.1224	
job_A	7yp9-assembly1.cif.gz_D	10.5	142	8	104	319	454	3.395	32	0.106	1.2034	0.1105	
job_A	3eql-assembly2.cif.gz_N	9.6	145	8	104	443	581	3.594	32	0.106	1.2288	0.1098	
job_A	1twc-assembly1.cif.gz_A	8.9	67	38	99	388	452	5.364	32	0.106	0.5678	0.0496	
job_A	8b3f-assembly1.cif.gz_A	4.4	67	38	99	404	468	5.066	32	0.106	0.5678	0.0476	
job_A	4by1-assembly1.cif.gz_A	8.9	67	38	99	427	491	4.518	32	0.106	0.5678	0.047	
job_A	7o73-assembly1.cif.gz_A	7.4	67	38	99	429	493	5.364	32	0.106	0.5678	0.0469	
job_A	6y3y-assembly1.cif.gz_B	11.8	59	38	94	176	227	1.022	31	0.098	0.5	0.1777	
job_A	4wqt-assembly2.cif.gz_I	6.4	154	2	104	456	595	3.028	31	0.098	1.3051	0.1168	
job_A	7xug-assembly1.cif.gz_J	9.4	148	2	104	335	471	2.859	31	0.098	1.2542	0.1105	
job_A	6o6c-assembly1.cif.gz_A	7.4	67	38	99	429	493	6.014	31	0.098	0.5678	0.0463	
job_A	8g1s-assembly1.cif.gz_J	9.3	139	11	103	336	470	7.559	30	0.09	1.178	0.104	
job_A	6oul-assembly1.cif.gz_J	10.7	149	6	104	327	471	7.139	30	0.09	1.2627	0.1114	
job_A	5nss-assembly1.cif.gz_D	9.7	134	12	101	336	467	7.559	30	0.09	1.1356	0.0991	
job_A	7ae3-assembly1.cif.gz_A	8.6	92	38	109	445	534	4.03	30	0.09	0.7797	0.0672	
job_A	8oev-assembly1.cif.gz_A	4.5	66	40	99	414	476	6.014	30	0.09	0.5593	0.0468	
job_A	7opd-assembly1.cif.gz_A	4.4	67	38	99	404	468	6.368	30	0.09	0.5678	0.0475	
job_A	5jif-assembly1.cif.gz_B	13	100	2	94	178	248	0.6846	29	0.082	0.8475	0.2817	
job_A	4wqt-assembly1.cif.gz_D	6.6	150	2	100	461	596	4.03	29	0.082	1.2712	0.1124	
job_A	6f44-assembly1.cif.gz_A	10.7	65	40	99	448	510	4.518	29	0.082	0.5508	0.0465	
job_A	3cl5-assembly1.cif.gz_A-2	9.6	93	12	94	175	253	1.213	28	0.076	0.7881	0.2598	
job_A	5jif-assembly1.cif.gz_A	13	100	2	94	186	256	1.022	28	0.076	0.8475	0.2755	
job_A	1l9u-assembly1.cif.gz_D	6.9	144	2	100	329	462	5.066	28	0.076	1.2203	0.1217	
job_A	3cqz-assembly1.cif.gz_A	7.4	67	38	99	361	425	8.475	28	0.076	0.5678	0.0497	
job_A	4xlq-assembly2.cif.gz_J	13.8	65	30	87	564	623	6.014	28	0.076	0.5508	0.0475	
job_A	7b0y-assembly1.cif.gz_A	4.1	73	38	105	414	484	7.559	28	0.076	0.6186	0.0513	
job_A	5d4d-assembly2.cif.gz_N	7.8	140	8	99	625	758	8.974	28	0.076	1.1864	0.0944	
job_A	5vo8-assembly1.cif.gz_D	8.5	152	2	104	624	763	4.784	28	0.076	1.2881	0.1024	
job_A	3suj-assembly1.cif.gz_A	11	118	8	85	2	114	1.284	27	0.069	1.0	0.9593	
job_A	8fxr-assembly1.cif.gz_m	9.3	64	35	89	63	123	3.206	27	0.069	0.5424	0.3333	
job_A	7w2b-assembly4.cif.gz_J	14	57	41	92	120	162	4.267	27	0.069	0.4831	0.2714	
job_A	6mn6-assembly1.cif.gz_A	14.2	56	38	88	223	275	1.082	27	0.069	0.4746	0.1911	
job_A	3aoi-assembly2.cif.gz_I	10.2	146	8	104	403	541	7.559	27	0.069	1.2373	0.1157	
job_A	4wqt-assembly3.cif.gz_N	8.9	145	8	104	466	604	6.368	27	0.069	1.2288	0.1096	
job_A	6ca0-assembly1.cif.gz_D	11.5	138	8	100	338	469	7.559	27	0.069	1.1695	0.1021	
job_A	5my1-assembly1.cif.gz_Y	12.1	82	31	104	410	486	5.364	27	0.069	0.6949	0.0598	
job_A	8jh4-assembly1.cif.gz_A	6.8	73	39	103	412	481	6.742	27	0.069	0.6186	0.0521	
job_A	3i4n-assembly1.cif.gz_A	8.1	74	38	103	435	505	7.559	27	0.069	0.6271	0.0518	
job_A	8ceo-assembly1.cif.gz_A	9.3	75	38	104	427	498	7.139	27	0.069	0.6356	0.0497	
job_A	8hsh-assembly1.cif.gz_J	7.2	83	30	104	480	556	5.066	26	0.063	0.7034	0.0649	
job_A	3aoi-assembly1.cif.gz_D	9.5	146	8	104	457	595	8.475	26	0.063	1.2373	0.1109	
job_A	3aoi-assembly3.cif.gz_N	9.5	146	8	104	468	606	8.004	26	0.063	1.2373	0.11	
job_A	2e2i-assembly1.cif.gz_A	8.9	67	38	99	428	491	8.475	26	0.063	0.5678	0.0475	
job_A	2cdp-assembly4.cif.gz_D	12.7	102	5	95	33	118	2.275	25	0.057	0.8644	0.7846	
job_A	3cl4-assembly1.cif.gz_A-2	12	100	1	94	184	253	1.916	25	0.057	0.8475	0.2793	
job_A	4p22-assembly1.cif.gz_B	9.5	105	1	93	155	245	4.784	25	0.057	0.8898	0.28	
job_A	5x22-assembly1.cif.gz_D	7.9	151	2	104	624	763	7.559	25	0.057	1.2797	0.105	
job_A	4oio-assembly1.cif.gz_D	7.9	151	2	104	624	763	7.559	25	0.057	1.2797	0.1021	
job_A	4oin-assembly1.cif.gz_D	7.9	151	2	104	624	763	8.004	25	0.057	1.2797	0.1017	
job_A	4q4z-assembly1.cif.gz_D	7.9	151	2	104	624	763	8.004	25	0.057	1.2797	0.1011	
job_A	6g52-assembly8.cif.gz_H	12.1	66	38	99	72	129	2.701	24	0.051	0.5593	0.4748	
job_A	5n11-assembly1.cif.gz_A	15.6	64	38	94	180	236	2.859	24	0.051	0.5424	0.1871	
job_A	6m0x-assembly1.cif.gz_A	6.1	49	30	68	916	964	7.139	24	0.051	0.4153	0.0475	
job_A	5fja-assembly1.cif.gz_A	17.8	73	38	99	440	502	7.139	24	0.051	0.6186	0.052	
job_A	8fwg-assembly1.cif.gz_E4	4.8	104	1	91	1	83	2.701	23	0.045	0.8814	1.1954	
job_A	3zn6-assembly1.cif.gz_A-2	10.5	104	2	89	48	137	3.806	23	0.045	0.8814	0.4706	
job_A	2zbk-assembly2.cif.gz_H	8.4	106	33	115	103	200	2.148	23	0.045	0.8983	0.2095	
job_A	7ey9-assembly1.cif.gz_s	9.8	102	4	90	595	669	5.364	23	0.045	0.8644	0.1288	
job_A	8d8o-assembly1.cif.gz_B	12.5	56	36	91	652	700	7.559	23	0.045	0.4746	0.0505	
job_A	5fj9-assembly1.cif.gz_A	16.6	72	38	99	449	511	7.139	23	0.045	0.6102	0.051	
job_A	6dfd-assembly1.cif.gz_A	9.5	63	38	97	73	127	3.395	22	0.04	0.5339	0.4599	
job_A	6mn6-assembly1.cif.gz_B	14.2	56	38	88	230	279	3.206	22	0.04	0.4746	0.1886	
job_A	6w98-assembly1.cif.gz_A	11.7	94	3	96	700	764	3.206	22	0.04	0.7966	0.0716	
job_A	5cdf-assembly1.cif.gz_E	19.6	51	38	87	22	69	8.475	21	0.034	0.4322	0.1118	
job_A	8es4-assembly1.cif.gz_E	7.2	96	38	102	687	772	5.066	20	0.029	0.8136	0.1244	
job_A	7pt6-assembly1.cif.gz_7	10.2	98	1	90	192	262	5.364	19	0.024	0.8305	0.1435	
job_A	6wgi-assembly1.cif.gz_2	9.7	103	1	103	109	177	6.014	18	0.02	0.8729	0.1798	
job_A	8b9d-assembly1.cif.gz_4	8.3	96	1	92	125	192	8.475	18	0.02	0.8136	0.1418	
job_A	6ifz-assembly1.cif.gz_H	11.2	62	38	99	197	239	5.679	17	0.016	0.5254	0.1797	
job_A	1mx0-assembly1.cif.gz_B	9.6	104	30	115	110	210	8.004	17	0.016	0.8814	0.2286	
job_A	4czw-assembly1.cif.gz_A	14.4	83	31	94	174	254	9.502	17	0.016	0.7034	0.1363	
job_A	6uwi-assembly1.cif.gz_J	13.5	103	7	92	418	498	8.475	17	0.016	0.8729	0.1602	
job_A	6rj9-assembly1.cif.gz_C	5	118	30	115	720	823	8.004	17	0.016	1.0	0.1411	
job_A	4psp-assembly2.cif.gz_B	7.8	51	40	90	442	489	8.974	16	0.014	0.4322	0.0875	
job_A	A0A376ZNN1	100	118	1	118	1	118	1.046e-19	831	1	1.0	0.6344	
job_A	G5S6F5	95.7	118	1	118	26	143	2.766e-19	816	1	1.0	0.7815	
job_A	A0A2S9UED0	87.2	118	1	118	1	118	1.826e-18	784	1	1.0	0.9365	
job_A	A0A5U3NPZ0	95.4	109	1	109	1	109	7.202e-18	757	1	0.9237	1.0	
job_A	A0A366I841	81.3	118	1	118	1	118	1.075e-17	754	1	1.0	0.9365	
job_A	A0A380QNF7	78.8	118	1	118	29	146	1.331e-16	714	1	1.0	0.7662	
job_A	E9CLG3	76.2	118	1	118	17	134	2.643e-16	701	1	1.0	0.831	
job_A	A0AAV3M5X5	66.9	121	1	118	20	140	8.294e-16	658	1	1.0254	0.8345	
job_A	A0A939NK16	76.7	116	1	116	1	115	1.647e-15	653	1	0.9831	0.8056	
job_A	A0A7R9LA66	54.7	117	1	117	1	117	5.17e-15	641	1	0.9915	0.8731	
job_A	A0A4R0FK03	55.9	118	1	118	1	118	9.159e-15	629	1	1.0	0.9365	
job_A	A0A9D7MZZ1	57.8	114	1	114	1	114	1.622e-14	627	1	0.9661	0.8702	
job_A	A0A2Z6IJ20	52.1	115	1	115	2	116	1.219e-14	625	1	0.9746	0.9055	
job_A	A0A385ESN2	56.7	118	1	118	1	118	1.219e-14	624	1	1.0	0.9365	
job_A	A0A970S7P9	56.7	118	1	118	1	118	1.447e-14	622	1	1.0	0.9365	
job_A	A0AAN4MF58	55.9	118	1	118	1	118	1.532e-14	620	1	1.0	0.9365	
job_A	N8WBL4	56.7	118	1	118	1	118	2.421e-14	613	1	1.0	0.9365	
job_A	A0AAE6WUI5	55.9	118	1	118	1	118	2.564e-14	610	1	1.0	0.9365	
job_A	A0A9X1WYV8	56.7	118	1	118	1	118	3.412e-14	608	1	1.0	0.9365	
job_A	A0A3E1D919	57.8	121	1	118	24	144	1.087e-14	607	1	1.0254	0.8121	
job_A	A0A145X5I0	55.9	118	1	118	1	118	3.826e-14	605	1	1.0	0.9365	
job_A	A0A9D7KDB0	57	121	1	118	1	121	1.151e-14	605	1	1.0254	0.7423	
job_A	A0A520S9G7	53.9	115	1	115	1	115	8.046e-14	601	1	0.9746	0.8647	
job_A	A0A537E5G1	50.4	115	1	115	1	115	7.598e-14	600	1	0.9746	0.8779	
job_A	A0A2V5NXA9	51.3	115	1	115	1	115	8.046e-14	598	1	0.9746	0.8779	
job_A	A0A537H0G7	50.4	115	1	115	1	115	8.046e-14	598	1	0.9746	0.8712	
job_A	A0A537FB65	49.5	115	1	115	1	115	8.046e-14	598	1	0.9746	0.8712	
job_A	A0A1Q7SQP4	50.4	115	1	115	1	115	7.598e-14	598	1	0.9746	0.8712	
job_A	A0A537H879	51.3	115	1	115	1	115	8.046e-14	597	1	0.9746	0.8779	
job_A	A0A062UCB9	55.9	118	1	118	18	135	4.809e-14	597	1	1.0	0.8741	
job_A	A0A377WCL7	85	100	1	100	1	100	3.043e-14	596	1	0.8475	0.9709	
job_A	A0A1Q7IDQ2	51.3	115	1	115	1	115	9.02e-14	596	1	0.9746	0.8779	
job_A	A0A537FS56	51.3	115	1	115	1	115	8.046e-14	596	1	0.9746	0.8779	
job_A	A0A537FXW5	50.4	115	1	115	1	115	1.071e-13	595	1	0.9746	0.8779	
job_A	A0A060GY28	53.9	115	1	115	17	131	7.598e-14	595	1	0.9746	0.8099	
job_A	A0A2G2LX95	52.8	121	1	118	1	121	1.926e-14	594	1	1.0254	0.9603	
job_A	A0A7Y4UKY9	55.3	121	1	118	1	121	1.622e-14	594	1	1.0254	0.9603	
job_A	A0A537GAP5	48.6	115	1	115	1	115	1.011e-13	593	1	0.9746	0.8712	
job_A	A0A537DUH3	47.8	115	1	115	1	115	1.134e-13	593	1	0.9746	0.8712	
job_A	A0A7W2GG94	48.2	114	1	114	1	114	8.046e-14	592	1	0.9661	0.8837	
job_A	A0A537DHD8	50.4	115	1	115	1	115	1.134e-13	592	1	0.9746	0.8712	
job_A	A0A2N7VCF4	58.6	116	1	115	1	116	5.709e-14	591	1	0.9831	0.9062	
job_A	A0A318SFA4	53.9	115	1	115	1	115	8.519e-14	591	1	0.9746	0.8915	
job_A	A0A537HBK2	50.4	115	1	115	1	115	1.201e-13	591	1	0.9746	0.8712	
job_A	A0A1Q7BBI6	50.4	115	1	115	1	115	1.346e-13	590	1	0.9746	0.8779	
job_A	A0A1Q7QV33	50.4	115	1	115	1	115	1.425e-13	590	1	0.9746	0.8779	
job_A	A0A1F3C3U0	52.6	114	1	114	1	114	9.551e-14	589	1	0.9661	0.8702	
job_A	A0A1Q6Z855	50	118	1	118	1	118	9.551e-14	589	1	1.0	0.9008	
job_A	A0A537CBD2	49.5	115	1	115	1	115	1.425e-13	588	1	0.9746	0.8712	
job_A	A0A537FFL9	49.5	115	1	115	1	115	1.509e-13	588	1	0.9746	0.8712	
job_A	A0A2E0TA27	57	114	1	114	1	114	2.009e-13	588	1	0.9661	0.7862	
job_A	A0A1Q7ZRG3	50.4	115	1	115	1	115	1.692e-13	587	1	0.9746	0.8779	
job_A	A0A4Y6PTL4	51.6	118	1	118	1	118	1.011e-13	586	1	1.0	0.8741	
job_A	A0AA39CK22	49.5	121	1	118	1	121	3.043e-14	586	1	1.0254	0.1971	
job_A	A0A1Q7P511	47.8	115	1	115	1	115	1.897e-13	584	1	0.9746	0.8712	
job_A	A0A972J6F3	50.8	118	1	118	1	118	1.346e-13	583	1	1.0	0.8939	
job_A	A0A1B4PUF7	57.7	116	1	115	1	116	1.134e-13	582	1	0.9831	0.9062	
job_A	A0A929HJY0	50.4	115	1	115	1	115	1.509e-13	582	1	0.9746	0.8779	
job_A	A0A1L3MJD6	53	115	1	115	1	115	1.792e-13	582	1	0.9746	0.7877	
job_A	A0A3M3EW83	52	121	1	118	25	145	4.809e-14	582	1	1.0254	0.8067	
job_A	A0A7C1XEQ1	52	121	1	118	1	121	4.051e-14	580	1	1.0254	0.9603	
job_A	A0A4P2QHI4	53.3	118	1	118	1	118	1.425e-13	580	1	1.0	0.1728	
job_A	A0A2E9SLD8	48.7	121	1	118	1	121	4.542e-14	579	1	1.0254	0.9603	
job_A	A0A5Q2Q6U2	54.7	115	1	115	2	116	1.425e-13	579	1	0.9746	0.8915	
job_A	A0A1Q7MNQ7	47.8	115	1	115	1	115	2.674e-13	579	1	0.9746	0.8712	
job_A	A0A0J5ZEC8	55.1	116	1	115	1	116	1.425e-13	578	1	0.9831	0.9062	
job_A	A0A537EAJ2	48.6	115	1	115	1	115	2.674e-13	578	1	0.9746	0.8712	
job_A	A0A7V4UVV9	50	118	1	118	1	118	1.509e-13	578	1	1.0	0.8806	
job_A	A0A537EST4	50.4	115	1	115	410	524	2.385e-13	578	1	0.9746	0.213	
job_A	A0A3N6NI46	56.8	116	1	115	1	116	1.792e-13	577	1	0.9831	0.9062	
job_A	A0A937CGR1	47	119	1	116	24	142	1.792e-13	577	1	1.0085	0.7933	
job_A	A0A537DMS7	46.9	115	1	115	1	115	3.174e-13	576	1	0.9746	0.8712	
job_A	A0A2H9SED5	46.6	118	1	118	1	118	2.252e-13	576	1	1.0	0.8872	
job_A	A0A1E3RTK4	50.8	114	1	114	1	114	2.831e-13	575	1	0.9661	0.8444	
job_A	A0A2E5YLE5	48.3	118	1	118	1	118	2.674e-13	574	1	1.0	1.0	
job_A	A0A1J5IN43	53.5	114	1	114	1	114	3.361e-13	574	1	0.9661	0.8702	
job_A	A0A2G3K0C0	54.5	121	1	118	1	121	6.401e-14	573	1	1.0254	0.9603	
job_A	A0A951AUW2	48.2	114	1	114	1	114	3.174e-13	572	1	0.9661	0.8201	
job_A	A0A7G9L2X8	52.6	114	1	114	1	114	3.361e-13	571	1	0.9661	0.8321	
job_A	A0A0H5BBM8	51.7	114	1	114	1	114	3.558e-13	570	1	0.9661	0.8507	
job_A	A0A956GPI9	52.6	114	1	114	3	116	3.558e-13	570	1	0.9661	0.8382	
job_A	A0AAU3FUI2	52.6	114	1	114	1	114	3.558e-13	570	1	0.9661	0.8085	
job_A	X7ZVG2	50	114	1	114	1	114	3.174e-13	570	1	0.9661	0.6477	
job_A	A0A1Y5Q0Y3	52.8	121	1	118	25	145	8.519e-14	569	1	1.0254	0.8067	
job_A	A0A562DMF6	50.8	120	1	117	1	120	1.271e-13	569	1	1.0169	0.7407	
job_A	A6SUW8	53.5	114	1	114	1	114	2.252e-13	568	1	0.9661	0.958	
job_A	A0A9W3JZ81	56	116	1	115	1	116	2.674e-13	568	1	0.9831	0.9062	
job_A	A0A1F1TTG7	51.7	114	1	114	1	114	3.768e-13	568	1	0.9661	0.7862	
job_A	A0A0E4H235	50.8	114	1	114	1	114	3.768e-13	568	1	0.9661	0.755	
job_A	A0A7Y8GW29	49.5	121	1	118	1	121	8.046e-14	567	1	1.0254	0.8768	
job_A	A0A518CPW6	47	117	1	117	21	137	2.525e-13	567	1	0.9915	0.8125	
job_A	A0A2W2EYS6	51.3	115	1	115	1	115	4.224e-13	567	1	0.9746	0.7372	
job_A	A0A537HXX3	47	117	1	117	1	117	4.736e-13	566	1	0.9915	0.8931	
job_A	A0A2D9XUH0	46.9	115	1	115	1	115	3.174e-13	566	1	0.9746	0.8647	
job_A	A0A7Y9E157	48.2	114	1	114	1	114	3.99e-13	566	1	0.9661	0.7917	
job_A	E8UZY0	47	117	1	117	1	117	5.015e-13	565	1	0.9915	0.8357	
job_A	A0A845FYT2	58.4	118	1	118	1	118	1.897e-13	565	1	1.0	0.831	
job_A	A0A6H1W2X4	50	114	1	114	1	114	4.473e-13	564	1	0.9661	0.8321	
job_A	A0A3B0WVW7	52	121	1	118	10	130	1.509e-13	564	1	1.0254	0.8705	
job_A	U2PT98	54.3	114	1	114	27	140	5.623e-13	564	1	0.9661	0.7081	
job_A	A0A5C1ANS6	46.9	115	1	115	1	115	5.015e-13	563	1	0.9746	0.7667	
job_A	A0A9P6PBL1	50.8	122	1	118	24	145	1.425e-13	562	1	1.0339	0.7974	
job_A	A0A1W1DU36	50	118	1	118	1	118	2.998e-13	561	1	1.0	0.9672	
job_A	A0A2U1C6Y1	52	121	1	118	14	134	1.271e-13	561	1	1.0254	0.8705	
job_A	A0A354R7E5	49	108	1	108	1	108	5.623e-13	560	1	0.9153	1.0	
job_A	A0A380WAE4	45.2	117	1	117	1	117	7.924e-13	560	1	0.9915	0.8931	
job_A	A0A7C4STN4	50.4	121	1	118	1	121	3.361e-13	560	1	1.0254	0.9098	
job_A	C3XBD9	53.5	114	1	114	18	131	4.736e-13	560	1	0.9661	0.8382	
job_A	J6IZ40	49.1	114	1	114	48	161	6.304e-13	560	1	0.9661	0.6477	
job_A	A0A1H3GIF9	50	114	1	114	1	114	5.623e-13	560	1	0.9661	0.6064	
job_A	A0A917JY36	47.8	115	1	115	2	116	6.304e-13	559	1	0.9746	0.8846	
job_A	D4XAJ7	55.6	115	1	115	21	135	5.31e-13	559	1	0.9746	0.8099	
job_A	E0N8L5	52.1	115	1	115	46	160	6.675e-13	559	1	0.9746	0.6686	
job_A	A0A2D5Y189	50.4	115	1	115	1	115	9.407e-13	558	1	0.9746	0.9746	
job_A	A0A495HZN3	52	121	1	118	1	121	1.598e-13	558	1	1.0254	0.9603	
job_A	A0A4Q5NR85	46.9	113	1	113	1	113	7.484e-13	558	1	0.9576	0.876	
job_A	A0A4R5TWA7	51.7	114	1	114	1	114	6.304e-13	558	1	0.9661	0.8085	
job_A	A0A1Y0BY55	48.6	115	1	115	1	115	7.484e-13	558	1	0.9746	0.7986	
job_A	A0A7K3LIM3	51.7	114	1	114	1	114	5.015e-13	558	1	0.9661	0.7917	
job_A	A0A0A0BMQ5	50	114	1	114	6	119	9.961e-13	557	1	0.9661	0.7917	
job_A	A0A450ZE47	49.5	121	1	118	50	170	1.598e-13	557	1	1.0254	0.6914	
job_A	A0A286EHZ7	48.6	115	1	115	1	115	8.884e-13	556	1	0.9746	0.8915	
job_A	A0A2E3NF17	47.8	115	1	115	1	115	5.623e-13	556	1	0.9746	0.8647	
job_A	A0A6P2CDE7	48.6	115	1	115	1	115	5.954e-13	556	1	0.9746	0.7566	
job_A	G0AAT4	52	121	1	117	38	157	1.692e-13	556	1	1.0254	0.7707	
job_A	A0A3A8JLZ9	45.7	118	1	118	1	118	5.31e-13	555	1	1.0	0.9077	
job_A	A0A7C7QZS8	43.2	118	1	118	1	118	7.924e-13	554	1	1.0	1.0	
job_A	A0A895YBB4	47.3	114	1	114	1	114	9.961e-13	554	1	0.9661	0.8636	
job_A	A0A7K0BXZ1	50.8	114	1	114	1	114	7.068e-13	554	1	0.9661	0.8261	
job_A	A0A2E3SMX6	46.9	115	1	115	1	115	7.484e-13	553	1	0.9746	1.0	
job_A	A0A357BTC8	46.9	115	1	115	1	115	1.182e-12	553	1	0.9746	0.8582	
job_A	A0A7W0HR21	49.5	119	1	116	1	119	2.831e-13	553	1	1.0085	0.875	
job_A	A0A316ASK6	47.8	115	1	115	47	161	7.484e-13	553	1	0.9746	0.7143	
job_A	A0A7Z0K9A5	49.5	121	1	118	1	121	4.224e-13	553	1	1.0254	0.4368	
job_A	A0A961FD44	50	114	1	114	1	114	9.407e-13	552	1	0.9661	0.9268	
job_A	A0A8T7KAF8	47.4	116	3	118	2	117	5.954e-13	552	1	0.9831	0.7342	
job_A	A0A139D473	48.2	114	1	114	1	114	8.884e-13	551	1	0.9661	0.8769	
job_A	A0A9E4MP87	50	114	1	114	1	114	1.055e-12	551	1	0.9661	0.8636	
job_A	A0A940QIR5	47.4	118	1	118	1	118	1.055e-12	551	1	1.0	0.8613	
job_A	A0A6L4YBF8	45.7	118	1	118	21	138	1.117e-12	551	1	1.0	0.8138	
job_A	A0A0W0VG54	52.1	115	1	115	25	139	8.391e-13	551	1	0.9746	0.7616	
job_A	A0A1B1BEP8	51.7	114	1	114	31	144	9.961e-13	551	1	0.9661	0.6867	
job_A	A0A1V5QXN3	50	116	1	116	1	115	6.675e-13	550	1	0.9831	0.9431	
job_A	A0A2D4SRC0	48.6	115	1	115	1	115	1.574e-12	550	1	0.9746	0.8915	
job_A	A0A960PLB6	46.9	115	1	115	1	115	8.391e-13	549	1	0.9746	0.8156	
job_A	A0AAW8EPG2	49.5	121	1	118	1	121	2.831e-13	548	1	1.0254	0.9603	
job_A	A0A1F9API6	43.2	118	1	118	1	118	1.404e-12	548	1	1.0	0.9147	
job_A	A0A1Q7A8P0	43.4	115	1	115	1	115	1.404e-12	548	1	0.9746	0.8647	
job_A	C6M2F7	52.1	115	1	115	23	137	1.117e-12	548	1	0.9746	0.7718	
job_A	A0A4R6VI13	48.2	114	1	114	1	114	1.326e-12	548	1	0.9661	0.5907	
job_A	A0A1C4VEB4	49.1	120	1	117	296	415	4.473e-13	548	1	1.0169	0.2752	
job_A	A0A1M7XY14	49.1	114	1	114	1	114	1.574e-12	547	1	0.9661	0.8444	
job_A	A0AB37U538	52.6	114	1	114	1	114	1.404e-12	547	1	0.9661	0.8201	
job_A	A0A0W0XH37	49.5	115	1	115	15	129	1.326e-12	547	1	0.9746	0.7877	
job_A	A0A923TNC7	47.3	114	1	114	1	114	1.404e-12	547	1	0.9661	0.7651	
job_A	A0A2H5B0T4	50	114	1	114	1	114	1.574e-12	547	1	0.9661	0.6951	
job_A	F8A4S3	49.1	114	1	114	4	117	1.868e-12	547	1	0.9661	0.5534	
job_A	A0A510V087	50.8	114	1	114	4	117	1.978e-12	547	1	0.9661	0.5534	
job_A	A0A960QEB0	49.1	114	1	114	1	114	1.182e-12	546	1	0.9661	0.9048	
job_A	A0AA37UKQ7	52	121	1	118	1	121	3.768e-13	546	1	1.0254	0.8897	
job_A	A0A6L9S2L1	44.7	114	1	114	1	114	1.252e-12	546	1	0.9661	0.8085	
job_A	A0A960AEZ3	49.1	114	1	114	1	114	1.667e-12	546	1	0.9661	0.7037	
job_A	A0A1G9TMH6	49.1	114	1	114	1	114	1.326e-12	546	1	0.9661	0.6951	
job_A	A0A9D9E0L1	45.6	116	1	115	1	116	1.117e-12	545	1	0.9831	0.9831	
job_A	A0A4Q2TAS9	48.2	114	1	114	1	114	1.978e-12	545	1	0.9661	0.8261	
job_A	A0A4R2JLQ8	46.4	114	1	114	1	114	1.404e-12	545	1	0.9661	0.6826	
job_A	A0A0H5CSH0	48.2	114	1	114	2	115	1.182e-12	545	1	0.9661	0.2714	
job_A	T0ZHU4	54.4	112	1	110	1	110	8.391e-13	544	1	0.9492	0.8889	
job_A	A0A1F9BPQ1	43.2	118	1	118	1	118	8.884e-13	544	1	1.0	0.9291	
job_A	A0A1X7CAT6	50	114	1	114	1	114	2.095e-12	544	1	0.9661	0.76	
job_A	A0A975MIG1	47.1	121	1	118	1	121	5.954e-13	544	1	1.0254	0.7658	
job_A	A0A402DR51	48.2	114	1	114	4	117	2.218e-12	544	1	0.9661	0.6786	
job_A	A0A1Q8BJ07	51.3	111	5	115	1	111	1.574e-12	543	1	0.9407	0.9024	
job_A	A0A2V8T945	48.6	115	1	115	1	115	1.574e-12	543	1	0.9746	0.8984	
job_A	A0A538N4S7	48.2	114	1	114	1	114	1.868e-12	543	1	0.9661	0.76	
job_A	A0A1G6R1R9	50	114	1	114	1	114	2.218e-12	542	1	0.9661	0.9421	
job_A	A0A1M3EMY0	44.4	117	1	117	4	120	2.487e-12	542	1	0.9915	0.936	
job_A	A0A1G0ZRM3	41.7	115	1	115	1	115	2.788e-12	542	1	0.9746	0.9127	
job_A	A0A7V9DVE6	46.9	115	1	115	1	115	2.095e-12	542	1	0.9746	0.8333	
job_A	E5AN51	51.6	122	1	118	24	145	4.736e-13	542	1	1.0339	0.7974	
job_A	A0AB33VFQ7	50.8	120	1	117	60	179	4.224e-13	542	1	1.0169	0.6704	
job_A	A0A6G3DCG1	50.8	114	1	114	1	114	1.978e-12	541	1	0.9661	0.8201	
job_A	A0A850DK61	44.1	120	1	117	1	120	3.99e-13	541	1	1.0169	0.7273	
job_A	A0A511JCK4	50	114	1	114	4	117	2.788e-12	541	1	0.9661	0.6264	
job_A	A0A3M1Z6A1	50	114	1	114	1	114	2.487e-12	540	1	0.9661	0.95	
job_A	A0A3D4WVD5	46.9	115	1	115	1	115	2.095e-12	540	1	0.9746	0.935	
job_A	A0A1D3DYD7	51.7	114	1	114	1	114	1.868e-12	540	1	0.9661	0.8201	
job_A	A0A833M6G0	47.4	118	1	118	1	118	1.486e-12	540	1	1.0	0.831	
job_A	A0A9D6ZM43	48.2	114	1	114	1	114	1.182e-12	540	1	0.9661	0.7862	
job_A	H8KXH0	49.5	115	1	115	33	147	1.404e-12	540	1	0.9746	0.777	
job_A	A0A7W7G7Z9	49.1	114	1	114	10	123	2.349e-12	540	1	0.9661	0.7261	
job_A	A0A062X005	49.1	114	1	114	1	114	1.978e-12	540	1	0.9661	0.7125	
job_A	A0A653T900	46.4	114	1	114	1	114	1.326e-12	540	1	0.9661	0.6264	
job_A	A0A2V6CE69	40.8	115	1	115	1	115	2.487e-12	539	1	0.9746	0.9583	
job_A	A0A4V1BDW7	50	114	1	114	1	114	2.487e-12	539	1	0.9661	0.8143	
job_A	A0A3D1CW71	47	117	1	116	1	117	1.868e-12	538	1	0.9915	1.0	
job_A	A0A395M3M6	46.9	115	1	115	1	115	1.868e-12	538	1	0.9746	0.8712	
job_A	A0A7Y2PA35	47.1	121	1	118	1	121	7.068e-13	538	1	1.0254	0.903	
job_A	A0A1I1I7N6	49.5	117	1	117	19	135	1.117e-12	538	1	0.9915	0.8667	
job_A	A0A5E4Y3Y2	50.8	122	1	118	1	122	4.473e-13	538	1	1.0339	0.8592	
job_A	A0A918R5Y9	50	114	1	114	17	130	2.349e-12	538	1	0.9661	0.7355	
job_A	A0A4Q5T8L7	47.3	114	1	114	1	114	2.487e-12	538	1	0.9661	0.7308	
job_A	A0A2T6L7F2	47.3	114	1	114	15	128	2.487e-12	538	1	0.9661	0.6826	
job_A	A0A948G1R4	40	115	1	115	1	115	2.952e-12	537	1	0.9746	0.9746	
job_A	A0A0Q1B199	46.9	115	1	115	1	115	1.978e-12	537	1	0.9746	0.9746	
job_A	A0A929D4T2	46.4	114	1	114	1	114	2.487e-12	537	1	0.9661	0.8702	
job_A	L8P0Z5	47.3	114	1	114	2	115	2.095e-12	537	1	0.9661	0.755	
job_A	A0A1V5KP05	43.5	117	1	117	1	117	1.404e-12	537	1	0.9915	0.7697	
job_A	F8AZB5	47.3	114	1	114	1	114	2.349e-12	537	1	0.9661	0.6514	
job_A	A0A1G7CB15	49.1	114	1	114	66	179	2.349e-12	537	1	0.9661	0.5455	
job_A	A0A1G9PPG5	48.6	115	1	115	118	232	1.765e-12	537	1	0.9746	0.4936	
job_A	A0A8T3KMG0	44.3	115	1	115	1	115	2.349e-12	536	1	0.9746	0.9914	
job_A	A0A7C6KZ59	44.4	117	1	117	1	117	2.487e-12	536	1	0.9915	1.0	
job_A	A0A3M0ZIH5	48.2	116	1	116	3	118	2.788e-12	536	1	0.9831	0.8923	
job_A	A0A6C1SX81	44.3	115	1	115	1	115	2.349e-12	536	1	0.9746	0.8846	
job_A	A0A968TUE1	44.6	121	1	118	1	121	7.068e-13	536	1	1.0254	0.8963	
job_A	A0A961S9W9	46	115	1	115	1	115	3.929e-12	536	1	0.9746	0.8519	
job_A	A0A1H6YRE2	46.4	114	1	114	4	117	2.952e-12	536	1	0.9661	0.7081	
job_A	A0A1Q7ASG4	42.6	115	1	115	1	115	1.978e-12	535	1	0.9746	0.9914	
job_A	A0A8J6LTK2	47.8	115	1	115	1	115	2.952e-12	535	1	0.9746	0.7516	
job_A	A0A7C2EQ04	49.1	116	1	116	21	136	3.126e-12	535	1	0.9831	0.7532	
job_A	A0A3T0Y984	49.5	119	1	116	16	134	9.961e-13	535	1	1.0085	0.7532	
job_A	A0A365ZGK0	44.7	114	1	114	1	114	2.952e-12	535	1	0.9661	0.6867	
job_A	A0A7X7F9N7	41.1	119	1	118	1	119	2.633e-12	534	1	1.0085	0.9917	
job_A	E6W3Q9	44.3	115	1	115	1	115	3.126e-12	534	1	0.9746	0.8846	
job_A	A0A543AWS3	48.2	114	1	114	1	114	3.711e-12	534	1	0.9661	0.7403	
job_A	A0A2A9F0U0	50	114	1	114	25	138	3.505e-12	534	1	0.9661	0.5729	
job_A	A0A939XGU5	52.1	115	1	115	1	114	2.095e-12	533	1	0.9746	1.0088	
job_A	A0A948C8U0	37.7	114	1	114	1	114	3.126e-12	533	1	0.9661	0.9661	
job_A	A0A937LHY9	42.6	115	1	115	1	115	2.487e-12	533	1	0.9746	0.92	
job_A	A0A5C6E1X9	43.8	114	1	114	4	117	2.633e-12	533	1	0.9661	0.8444	
job_A	A0A2E5IBU2	47.9	121	1	118	17	137	1.182e-12	533	1	1.0254	0.8643	
job_A	A0A5J4KD92	50	114	1	114	1	114	2.788e-12	533	1	0.9661	0.8143	
job_A	A0A1Y2K3Z0	47.9	123	1	118	16	138	7.924e-13	533	1	1.0424	0.8601	
job_A	A0A518GJL3	41.5	118	1	118	32	149	2.633e-12	533	1	1.0	0.7815	
job_A	A0A1X1MH73	49.1	116	1	116	1	116	3.126e-12	533	1	0.9831	0.7582	
job_A	A0A345SYU4	50	114	1	114	1	114	3.505e-12	533	1	0.9661	0.6786	
job_A	A0A455U071	50.4	121	1	118	301	421	9.407e-13	533	1	1.0254	0.284	
job_A	A0A1G1PQ70	45.2	117	1	117	1	117	3.126e-12	532	1	0.9915	1.0	
job_A	A0A960WDI9	44.9	118	1	118	1	118	3.126e-12	532	1	1.0	0.9833	
job_A	A0A7X7A0W9	46.9	115	1	115	1	115	3.126e-12	532	1	0.9746	0.935	
job_A	A0A9Q4CU88	48.6	115	1	115	1	115	4.665e-12	532	1	0.9746	0.8394	
job_A	A0A7Y8MLW9	58.2	103	1	103	1	103	1.326e-12	531	1	0.8729	1.0	
job_A	A0A944UGC7	43.6	119	1	118	1	119	2.952e-12	531	1	1.0085	0.9597	
job_A	A0AA48KFW1	50.8	114	1	114	1	114	3.126e-12	531	1	0.9661	0.8976	
job_A	A0A944EAL2	45.6	114	1	114	1	114	3.505e-12	531	1	0.9661	0.8085	
job_A	A0A8J7HKL6	41.2	114	1	114	1	114	2.349e-12	531	1	0.9661	0.8028	
job_A	A0A7J5UNL4	44.7	114	1	114	9	122	4.406e-12	531	1	0.9661	0.6786	
job_A	A0A7J9V2R9	44.7	114	1	114	9	122	4.161e-12	531	1	0.9661	0.6786	
job_A	A0A1C6RBZ0	49.1	114	1	114	1	114	4.161e-12	531	1	0.9661	0.5787	
job_A	A0A971QLZ6	44.3	115	1	115	1	115	4.406e-12	530	1	0.9746	0.9829	
job_A	A0A948BXP4	41.7	115	1	115	1	115	2.788e-12	530	1	0.9746	0.9055	
job_A	A0A7C5JNI3	41	117	1	117	1	117	3.126e-12	530	1	0.9915	0.907	
job_A	A0A9D7A2I1	43.2	118	1	118	1	118	2.633e-12	530	1	1.0	0.9008	
job_A	A0A6G3CV13	46.4	114	1	114	1	114	3.505e-12	530	1	0.9661	0.8085	
job_A	A0A838S2L1	46.6	120	1	117	1	120	1.486e-12	530	1	1.0169	0.7362	
job_A	A0A0P7CHA1	46.4	114	1	114	1	114	3.505e-12	530	1	0.9661	0.6994	
job_A	A0A970Z6J5	45.6	114	1	114	1	114	3.711e-12	529	1	0.9661	0.9268	
job_A	A0A2W5PQ05	46.2	121	1	118	1	121	1.404e-12	529	1	1.0254	0.9603	
job_A	J7LG94	41.6	120	1	117	1	120	1.486e-12	529	1	1.0169	0.8955	
job_A	A0A4R4SHF9	45.8	120	1	117	1	120	1.765e-12	529	1	1.0169	0.8696	
job_A	A0A656Y0M7	46.4	114	1	114	4	117	4.939e-12	529	1	0.9661	0.76	
job_A	A0A328HJX5	46	115	1	115	1	115	3.929e-12	529	1	0.9746	0.7372	
job_A	A0A7C3YYK8	36.5	115	1	115	1	115	4.665e-12	528	1	0.9746	0.9914	
job_A	A0A7W1YKF9	47.3	114	1	114	1	114	3.505e-12	528	1	0.9661	0.9661	
job_A	A0A9D7T448	40	120	1	118	1	120	3.505e-12	528	1	1.0169	0.9917	
job_A	A0A952R5E7	48.7	117	1	117	1	117	4.406e-12	528	1	0.9915	0.8797	
job_A	A0A2E2UYM1	48.1	110	1	110	1	110	2.218e-12	528	1	0.9322	0.8209	
job_A	B0B512	43.4	115	1	115	1	115	3.505e-12	528	1	0.9746	0.8273	
job_A	A0A2S6SAJ2	42.6	122	1	118	8	129	8.391e-13	528	1	1.0339	0.8714	
job_A	A0A7C6CG65	52.6	114	1	114	1	114	5.23e-12	528	1	0.9661	0.7862	
job_A	A0A2E3QYM1	43.4	115	1	115	1	115	4.161e-12	528	1	0.9746	0.7055	
job_A	A0A538TM87	46.9	115	1	115	1	115	4.406e-12	527	1	0.9746	0.9055	
job_A	A0A2E6DTN8	43.4	115	1	115	1	115	3.711e-12	527	1	0.9746	0.8915	
job_A	A0A564WG02	40.6	118	1	118	8	125	3.126e-12	527	1	1.0	0.9008	
job_A	A0A7W6SS67	39.6	116	1	116	3	118	5.538e-12	527	1	0.9831	0.8345	
job_A	A0A941QWL2	53.7	121	1	118	1	121	2.998e-13	527	1	1.0254	0.8403	
job_A	A0A021VLT3	49.1	118	3	117	2	119	1.765e-12	527	1	1.0	0.7108	
job_A	A0A2H0FX64	46.9	115	1	115	1	113	1.868e-12	526	1	0.9746	1.0088	
job_A	A0A1F5BMC4	43.2	118	1	115	1	118	1.574e-12	526	1	1.0	1.0	
job_A	A0A078BMB1	51.2	117	2	115	12	128	2.218e-12	526	1	0.9915	0.907	
job_A	A0A0D0NU10	46.4	114	1	114	1	114	4.939e-12	526	1	0.9661	0.7703	
job_A	B0RCH0	49.5	115	1	115	24	138	4.939e-12	526	1	0.9746	0.7143	
job_A	A0A1R4F1N7	48.2	114	1	114	8	121	5.23e-12	526	1	0.9661	0.6786	
job_A	A0A925HXC6	40.8	115	1	115	1	115	4.406e-12	525	1	0.9746	1.0	
job_A	A0A9E5WK72	47.9	121	1	118	1	121	1.326e-12	525	1	1.0254	0.9758	
job_A	A0A2E1N0A2	38.5	114	1	114	1	114	4.406e-12	525	1	0.9661	0.8837	
job_A	A0A9E2D5S4	43.4	115	1	115	1	115	4.406e-12	525	1	0.9746	0.8779	
job_A	A0A7C3RGY0	41.7	115	1	115	1	115	7.371e-12	525	1	0.9746	0.8333	
job_A	A0A3E1HM39	44.6	121	1	118	1	121	1.868e-12	525	1	1.0254	0.8521	
job_A	A0A6G1SYE2	41	117	1	117	21	137	5.538e-12	525	1	0.9915	0.7647	
job_A	A0A7Z1AIU2	45.6	114	1	114	12	125	4.406e-12	525	1	0.9661	0.7451	
job_A	A0A1J5NMR1	48.3	118	1	118	129	246	4.939e-12	525	1	1.0	0.4758	
job_A	A0AAU2GW02	45.3	119	1	116	1	119	2.218e-12	524	1	1.0085	0.7933	
job_A	A0A2W2MK05	46	115	1	115	1	115	4.665e-12	524	1	0.9746	0.6725	
job_A	E0QMG7	42.6	115	1	115	2	116	8.264e-12	523	1	0.9746	0.9914	
job_A	A0A260RE55	48.2	114	1	114	1	114	4.665e-12	523	1	0.9661	0.8261	
job_A	A0A3N4Z4J4	45.6	114	1	114	13	126	5.864e-12	523	1	0.9661	0.6667	
job_A	A0A1G1JD21	42.6	115	1	115	1	115	7.371e-12	522	1	0.9746	0.9914	
job_A	A0A558AYC4	47.3	114	1	114	1	114	5.538e-12	522	1	0.9661	0.8571	
job_A	A0A1V1WWC0	42.1	114	1	114	1	114	4.406e-12	522	1	0.9661	0.8321	
job_A	A0A3M1VCU8	40.1	117	1	117	1	117	3.711e-12	522	1	0.9915	0.8125	
job_A	A0A3M2IV38	47.3	114	1	114	4	117	7.805e-12	522	1	0.9661	0.5758	
job_A	A0A150XU73	43.4	115	1	115	1	115	4.161e-12	521	1	0.9746	1.0	
job_A	A0A651GSF1	42.1	121	1	118	1	121	2.349e-12	521	1	1.0254	0.9528	
job_A	A0A9Q5C8E1	50.3	137	1	118	29	165	5.015e-13	521	1	1.161	0.7965	
job_A	A0A7V4E529	44.5	110	1	110	1	110	6.209e-12	520	1	0.9322	1.0	
job_A	A0A1Y5DT59	39.4	114	1	114	1	114	5.538e-12	520	1	0.9661	0.8976	
job_A	A0A7C2EIX1	45.6	114	1	114	1	114	7.805e-12	520	1	0.9661	0.8321	
job_A	A0A285R3N2	45.6	114	1	114	1	114	4.939e-12	520	1	0.9661	0.8261	
job_A	A0A2D9FVX4	47.8	115	1	115	1	115	7.805e-12	520	1	0.9746	0.8042	
job_A	A0A225E4I2	44.6	121	1	118	1	121	1.667e-12	520	1	1.0254	0.7658	
job_A	A0A098SAP8	44.3	115	1	115	1	115	5.538e-12	519	1	0.9746	0.9914	
job_A	A0A1G6K3C1	48.2	114	1	114	1	114	7.805e-12	519	1	0.9661	0.8143	
job_A	A0A549SXJ8	44.3	115	1	115	1	115	5.23e-12	519	1	0.9746	0.8156	
job_A	N2BLS0	41.7	115	1	115	25	139	8.264e-12	519	1	0.9746	0.8099	
job_A	A0A7X9P9Q1	46.9	115	1	115	1	115	5.538e-12	519	1	0.9746	0.8042	
job_A	M5RNP5	41.2	114	2	115	5	118	5.538e-12	519	1	0.9661	0.755	
job_A	A0A949F4W0	38.1	118	1	118	1	118	6.574e-12	518	1	1.0	0.9147	
job_A	A0A6H1U350	46	115	1	115	1	115	7.371e-12	518	1	0.9746	0.8214	
job_A	A0A1Q7WYQ2	42.2	116	1	116	1	116	5.23e-12	518	1	0.9831	0.7838	
job_A	A0A2V5SZB7	40.3	114	1	114	1	114	8.75e-12	518	1	0.9661	0.6369	
job_A	A0A0M2TYX0	37.9	116	1	116	1	116	6.961e-12	517	1	0.9831	1.0	
job_A	A0A6I4MGS0	44.7	114	1	114	1	114	8.264e-12	517	1	0.9661	0.8444	
job_A	A0A3D8IPM7	40.5	116	1	116	32	147	9.811e-12	517	1	0.9831	0.7632	
job_A	K9EXG1	50.4	119	1	116	13	131	4.161e-12	517	1	1.0085	0.7532	
job_A	A0A1H9IPB2	47.8	138	1	118	22	159	1.055e-12	517	1	1.1695	0.8364	
job_A	C3J8F4	46.7	109	1	109	1	109	7.805e-12	516	1	0.9237	0.9397	
job_A	A0A0R2XIQ5	46.9	113	1	113	1	113	9.811e-12	516	1	0.9576	0.8626	
job_A	A0A2V5PTA0	40.5	116	1	116	1	116	9.265e-12	516	1	0.9831	0.8529	
job_A	A0A1Q5N6A2	47.7	113	1	113	1	113	8.75e-12	516	1	0.9576	0.7847	
job_A	A0A0M8VFU3	50	114	1	114	15	128	8.264e-12	516	1	0.9661	0.7451	
job_A	A0A7X6QBE4	50.4	107	1	107	1	107	6.961e-12	515	1	0.9068	0.9907	
job_A	A0A2S8FIZ3	46.4	114	1	114	1	114	5.864e-12	515	1	0.9661	0.8906	
job_A	A0A419V2R9	42.9	121	1	118	1	121	3.126e-12	515	1	1.0254	0.9237	
job_A	A0A523DTG8	40	115	1	115	1	115	5.864e-12	515	1	0.9746	0.8779	
job_A	F6FTX9	47.3	114	1	114	26	139	1.165e-11	515	1	0.9661	0.6032	
job_A	A0A934EA90	48.2	114	5	118	1	114	1.039e-11	514	1	0.9661	0.9421	
job_A	A0A7C6I1A2	44.8	116	1	116	1	116	9.265e-12	514	1	0.9831	0.8923	
job_A	A0A3M0I607	45	120	1	117	1	120	3.505e-12	514	1	1.0169	0.7407	
job_A	A0A3C0MWW1	44.3	115	1	115	1	115	1.1e-11	513	1	0.9746	0.9914	
job_A	A0A6J4L8K6	41.8	117	1	116	1	117	5.864e-12	513	1	0.9915	1.0	
job_A	A0A7V9F784	47.5	120	1	117	1	120	4.665e-12	513	1	1.0169	0.9302	
job_A	A0A1I5XEG1	42.9	121	1	118	1	121	4.939e-12	513	1	1.0254	0.903	
job_A	A0A2W4M4Q8	50.4	123	1	118	1	123	1.326e-12	512	1	1.0424	0.9919	
job_A	A0A849EWF6	42.6	115	1	115	1	115	1.233e-11	512	1	0.9746	0.8984	
job_A	A0A1X4G7W3	40.8	115	1	115	1	115	8.75e-12	512	1	0.9746	0.8582	
job_A	A0A255R2I3	47.7	113	2	114	5	117	7.805e-12	512	1	0.9576	0.8248	
job_A	A0A3M2LT85	43.6	119	1	116	1	119	5.538e-12	512	1	1.0085	0.85	
job_A	A0A0M9UKZ0	42.5	120	1	117	410	529	4.406e-12	512	1	1.0169	0.2182	
job_A	A0A3D5VB91	40	120	1	118	1	120	6.961e-12	511	1	1.0169	1.0	
job_A	A0A9D5MXF9	40.5	116	1	116	1	116	1.233e-11	511	1	0.9831	0.8722	
job_A	A0A318CLZ0	40.8	115	1	115	1	115	8.264e-12	511	1	0.9746	0.7877	
job_A	R7LDU8	48.2	114	1	113	1	114	1.039e-11	510	1	0.9661	0.9913	
job_A	A0A942M6E3	39.1	115	1	115	1	115	1.1e-11	510	1	0.9746	0.9274	
job_A	A0A428ZD98	40	115	1	115	1	115	1.039e-11	510	1	0.9746	0.8394	
job_A	A0A842HEX0	41.6	120	1	118	1	120	6.961e-12	510	1	1.0169	0.8696	
job_A	A0AAU3S8P6	45.6	114	1	114	1	114	9.811e-12	510	1	0.9661	0.8201	
job_A	A0A533BAN5	45.6	114	1	114	30	143	9.811e-12	510	1	0.9661	0.7755	
job_A	A0A1Q5PLE0	50	114	1	114	12	125	1.383e-11	510	1	0.9661	0.6032	
job_A	A0A418QRS3	48.6	115	1	115	1	115	9.265e-12	509	1	0.9746	1.0	
job_A	A0A7C5JN15	41.8	117	1	117	1	117	7.805e-12	509	1	0.9915	1.0	
job_A	A0A2T2RFF5	40	115	1	115	1	115	1.233e-11	509	1	0.9746	0.9127	
job_A	A0A938MSP0	42.9	121	1	118	1	121	4.406e-12	509	1	1.0254	0.9603	
job_A	A0A0U3WJ99	48.2	114	1	114	1	114	1.039e-11	509	1	0.9661	0.8702	
job_A	A0A0C5BI73	45.6	114	1	114	1	114	1.641e-11	509	1	0.9661	0.8201	
job_A	A0A4P6JX98	48.3	120	1	117	1	120	4.665e-12	509	1	1.0169	0.8451	
job_A	A0A0P0EHW8	43.8	114	1	114	1	114	1.1e-11	509	1	0.9661	0.7972	
job_A	A0A3N4ZIP1	44.7	114	1	114	31	144	1.306e-11	509	1	0.9661	0.5816	
job_A	A0A662QSS7	37.3	115	1	115	258	372	1.165e-11	509	1	0.9746	0.3083	
job_A	A0A315ZA47	47.3	112	1	112	1	112	1.039e-11	508	1	0.9492	0.9825	
job_A	A0A6N6PKH6	42.2	116	1	116	1	116	1.464e-11	508	1	0.9831	0.8923	
job_A	A0A1H2URW2	40	115	1	115	1	115	1.738e-11	508	1	0.9746	0.8647	
job_A	A0A2M9CVY8	46.4	112	1	112	33	144	1.306e-11	508	1	0.9492	0.7671	
job_A	A0A2W4QF61	49.5	115	1	115	1	113	2.349e-12	507	1	0.9746	1.0177	
job_A	G1VAF6	46.9	113	1	113	1	113	1.1e-11	507	1	0.9576	0.9912	
job_A	A0A2G9XZG5	36.5	115	1	115	1	115	1.738e-11	507	1	0.9746	0.9746	
job_A	A0A2E9KL34	38.9	118	1	118	3	120	1.1e-11	507	1	1.0	0.9833	
job_A	A0A1G3BFU1	38.4	117	1	117	1	117	1.039e-11	507	1	0.9915	0.9512	
job_A	A0A1J5D0Y8	47.7	113	3	115	2	114	1.306e-11	507	1	0.9576	0.7635	
job_A	A0A5M6CXU7	39.8	113	2	114	5	117	1.306e-11	507	1	0.9576	0.6494	
job_A	A0A2N2UYE0	42.9	114	1	114	2	115	1.039e-11	507	1	0.9661	0.6333	
job_A	A0A258QK37	56.1	105	1	105	1	105	6.961e-12	506	1	0.8898	0.9813	
job_A	I9IB76	43.1	116	1	115	1	116	1.039e-11	506	1	0.9831	0.9915	
job_A	A0A7X8VQB3	43.2	118	1	117	1	118	2.063e-11	506	1	1.0	1.0	
job_A	A0A3E0Q5P5	40.3	114	1	114	1	114	1.55e-11	506	1	0.9661	0.95	
job_A	A0A3N9NQ12	42.6	115	1	115	1	115	1.383e-11	506	1	0.9746	0.9127	
job_A	A0A960SBA0	49.5	115	1	115	1	113	1.039e-11	506	1	0.9746	0.8984	
job_A	A0A0D6KLJ1	39.4	114	1	114	16	129	1.039e-11	506	1	0.9661	0.8028	
job_A	S3Z4T0	44.1	120	1	117	11	130	6.574e-12	506	1	1.0169	0.8276	
job_A	A0A9W6GF18	42.9	114	1	114	1	114	1.55e-11	505	1	0.9661	0.8976	
job_A	A0A1B1T9L2	43.1	116	2	117	17	132	1.464e-11	505	1	0.9831	0.8788	
job_A	A0A1Q8L1V2	41.6	120	1	117	11	130	6.961e-12	505	1	1.0169	0.8276	
job_A	C6HUX1	42.6	115	1	115	1	115	1.1e-11	505	1	0.9746	0.6928	
job_A	A0A8J2UC05	43.3	113	1	113	1	113	1.55e-11	504	1	0.9576	0.9912	
job_A	A0A4Q3RNP5	41.5	113	1	113	1	113	1.738e-11	504	1	0.9576	0.9912	
job_A	A0A496DU89	46.4	112	1	112	1	112	1.1e-11	504	1	0.9492	0.9655	
job_A	A0A353ZNX8	50.4	111	5	115	1	111	1.306e-11	504	1	0.9407	0.9328	
job_A	A0A928H5D3	38.6	119	1	118	1	119	1.949e-11	504	1	1.0085	1.0	
job_A	A0A2E7SRQ1	39.1	115	1	115	1	115	1.84e-11	504	1	0.9746	0.9504	
job_A	A0A2A2R618	37.7	114	1	114	2	115	2.063e-11	504	1	0.9661	0.9194	
job_A	A0A1I1VYI3	46.4	114	1	114	1	114	9.811e-12	503	1	0.9661	0.8769	
job_A	A0A9E8LW15	43.3	120	1	117	1	120	5.538e-12	503	1	1.0169	0.916	
job_A	A0A0W1ADM3	38	121	1	118	23	143	6.574e-12	503	1	1.0254	0.8013	
job_A	A0A2M9CE83	46.4	114	1	114	12	125	2.185e-11	503	1	0.9661	0.7037	
job_A	C4RE22	52.3	107	1	107	1	107	1.464e-11	503	1	0.9068	0.5377	
job_A	A0A1X9SU23	39.1	115	1	115	1	114	1.55e-11	502	1	0.9746	1.0	
job_A	A0A2T0Y4M6	44.7	114	1	114	26	139	2.594e-11	502	1	0.9661	0.6909	
job_A	A0A928H133	43.8	114	1	114	58	171	2.908e-11	502	1	0.9661	0.6196	
job_A	A0A365XPG3	45.1	113	1	113	1	113	1.738e-11	501	1	0.9576	0.9912	
job_A	A0A9D7TX72	45.1	113	1	113	1	113	1.738e-11	501	1	0.9576	0.9912	
job_A	A0A1F3IW72	37.1	113	1	113	1	113	2.063e-11	501	1	0.9576	0.9912	
job_A	A0A842X7V7	38.4	117	1	117	1	115	1.641e-11	501	1	0.9915	1.0174	
job_A	A0A6N2D468	44.3	115	1	115	1	115	1.55e-11	501	1	0.9746	0.9914	
job_A	A0A2T0WXI5	42.8	112	1	112	1	112	1.383e-11	501	1	0.9492	0.9655	
job_A	A0A3R6PA64	48.2	112	1	112	1	112	1.464e-11	501	1	0.9492	0.9655	
job_A	A0A7Y5H849	44.7	114	1	114	1	114	3.079e-11	501	1	0.9661	0.95	
job_A	A0A9X7JV14	44.7	114	1	114	1	114	2.185e-11	501	1	0.9661	0.9268	
job_A	X0V6G8	47.3	114	3	116	2	115	2.185e-11	501	1	0.9661	0.8571	
job_A	A0A497XMZ5	42.1	121	1	118	1	121	4.939e-12	501	1	1.0254	0.8897	
job_A	A0A4Q5UMG3	43.3	113	1	113	1	113	2.185e-11	500	1	0.9576	0.9912	
job_A	A0A918UVB6	47.7	113	1	113	1	113	1.949e-11	500	1	0.9576	0.9912	
job_A	A0A977Q0Q4	43.4	115	1	115	1	115	1.641e-11	500	1	0.9746	1.0	
job_A	A0A1Z9QCS8	43.3	120	1	117	1	120	5.538e-12	500	1	1.0169	0.9756	
job_A	A0A7X8BY49	40.4	121	1	118	1	121	5.864e-12	500	1	1.0254	0.9453	
job_A	A0A2E8G983	39.4	114	1	114	1	114	2.185e-11	500	1	0.9661	0.8085	
job_A	A0A7W5E034	41.5	118	1	118	6	123	1.738e-11	500	1	1.0	0.7284	
job_A	A0A919G326	44.7	114	1	114	16	129	2.594e-11	500	1	0.9661	0.6786	
job_A	A0A932VS50	41.7	115	1	115	1	115	2.449e-11	499	1	0.9746	0.9504	
job_A	A0A9E5EV37	46.2	121	1	118	2	121	3.31e-12	499	1	1.0254	0.9308	
job_A	A0A849X2D0	48.2	114	1	114	1	112	1.1e-11	499	1	0.9661	0.8636	
job_A	A0A935NHF0	42.2	116	1	115	1	116	9.265e-12	499	1	0.9831	0.8722	
job_A	A0A5B9WDG0	42.3	118	1	117	1	118	1.383e-11	499	1	1.0	0.8551	
job_A	A0A124F944	42.2	116	1	116	1	114	1.383e-11	498	1	0.9831	1.0	
job_A	A0A9D7HAW3	45.5	112	1	112	1	112	1.306e-11	498	1	0.9492	0.9573	
job_A	A0A061NWM3	41.3	121	1	118	28	148	7.371e-12	498	1	1.0254	0.7857	
job_A	A0A2N3G2G7	41.2	114	1	114	6	119	3.26e-11	498	1	0.9661	0.7215	
job_A	A0A1U7CTG5	37.7	114	1	114	1	114	2.185e-11	497	1	0.9661	0.8028	
job_A	C4FQU1	43.8	121	1	118	19	139	9.811e-12	497	1	1.0254	0.8176	
job_A	A0A951LHV7	41.6	120	1	117	1	120	1.233e-11	497	1	1.0169	0.8	
job_A	A0A1M5SPQ3	45.6	114	2	115	18	131	2.313e-11	497	1	0.9661	0.7403	
job_A	A0A2W4LL78	44.7	114	1	114	6	119	3.079e-11	497	1	0.9661	0.6826	
job_A	A0A970MZ88	43.8	114	1	114	4	113	1.383e-11	496	1	0.9661	0.9744	
job_A	A0A961H681	46.4	114	1	114	1	114	2.313e-11	496	1	0.9661	0.8976	
job_A	A0A0W0ZMK7	38.8	121	1	118	1	121	8.75e-12	496	1	1.0254	0.938	
job_A	A0A7Y9LDU8	48.1	110	5	114	1	110	2.185e-11	496	1	0.9322	0.8462	
job_A	A0A1Z4GM18	40.8	115	1	115	42	156	2.449e-11	496	1	0.9746	0.6845	
job_A	A0A959LKS3	45.1	113	1	113	1	113	2.449e-11	495	1	0.9576	0.9912	
job_A	A0A916HDU2	42.8	112	1	112	1	112	2.313e-11	495	1	0.9492	0.9655	
job_A	A0A0L6HV58	43.1	116	1	116	1	116	2.449e-11	495	1	0.9831	0.9062	
job_A	A0A1V4TMN0	42.2	116	1	116	16	127	1.383e-11	495	1	0.9831	0.8992	
job_A	A0A259TW89	44.7	114	1	114	1	114	3.655e-11	495	1	0.9661	0.7308	
job_A	A0A965R6I9	43.7	112	1	112	1	112	2.746e-11	494	1	0.9492	0.9825	
job_A	A0A940F783	46	115	1	114	1	115	2.449e-11	494	1	0.9746	0.8984	
job_A	A0A3M1Q2L7	44.9	118	1	117	1	118	2.063e-11	494	1	1.0	0.9147	
job_A	L1MGV7	41.7	115	1	115	19	133	2.063e-11	494	1	0.9746	0.8647	
job_A	A0A535HQI7	41.5	118	1	118	1	116	1.55e-11	493	1	1.0	0.9916	
job_A	A0A0R3KU37	42.6	115	1	115	1	114	2.594e-11	493	1	0.9746	0.9664	
job_A	W7WN84	54.2	107	1	107	1	107	2.313e-11	493	1	0.9068	0.781	
job_A	A0A1Z4NKA2	41.2	114	1	114	32	145	3.26e-11	493	1	0.9661	0.7215	
job_A	A0A840H066	45	111	7	117	2	112	2.449e-11	492	1	0.9407	0.9911	
job_A	A0A960TEY8	37.2	118	1	117	1	118	1.464e-11	492	1	1.0	1.0	
job_A	A0A536E0K5	43.9	116	3	118	2	117	2.185e-11	492	1	0.9831	0.8788	
job_A	A0A0C5W6H2	41	112	1	112	1	112	2.313e-11	491	1	0.9492	0.9655	
job_A	A0A1D7YUK6	39.1	115	1	115	1	115	3.452e-11	491	1	0.9746	0.9746	
job_A	A0A9E6W6B2	34.4	119	1	118	3	121	2.594e-11	491	1	1.0085	0.952	
job_A	A0A3M1GEH5	50.8	116	1	115	1	114	2.449e-11	491	1	0.9831	0.8722	
job_A	A0A7X0GHH8	50.9	110	5	114	1	110	2.746e-11	491	1	0.9322	0.7971	
job_A	A0A960FLK5	38.2	115	1	115	1	113	1.738e-11	491	1	0.9746	0.7516	
job_A	A0AAE3KLZ9	40.8	120	1	117	1	120	1.55e-11	491	1	1.0169	0.2459	
job_A	A0A163RG25	50	114	1	114	357	470	3.87e-11	491	1	0.9661	0.2271	
job_A	A0A2N5ZMM5	47.2	110	5	114	1	110	3.26e-11	490	1	0.9322	0.9735	
job_A	A0A1G6YAK4	44.2	113	1	113	1	113	3.655e-11	490	1	0.9576	0.9912	
job_A	A0A9D8BMJ1	33.9	115	1	115	1	115	3.87e-11	490	1	0.9746	0.9914	
job_A	A0A7Z9WGJ3	37.7	114	1	114	1	114	3.079e-11	490	1	0.9661	0.95	
job_A	A0A2H5WAN0	41.2	114	1	114	1	114	4.594e-11	490	1	0.9661	0.95	
job_A	A0A7C1YBG8	40.6	118	1	115	1	118	1.641e-11	490	1	1.0	0.9077	
job_A	A0A0J1BIE2	40.1	117	2	118	5	121	2.908e-11	490	1	0.9915	0.7222	
job_A	A0A519TDA2	46	115	1	115	1	115	3.452e-11	489	1	0.9746	1.0	
job_A	A0A7Y3EQG1	45.5	112	1	112	1	112	2.746e-11	489	1	0.9492	0.9655	
job_A	A0A7X7G3F8	37.1	121	1	117	1	121	1.84e-11	489	1	1.0254	1.0	
job_A	A0A1H7J4K3	39.1	120	1	117	1	120	1.55e-11	489	1	1.0169	0.9836	
job_A	A0A956QNH2	42.6	115	1	115	1	115	4.865e-11	489	1	0.9746	0.8647	
job_A	A0A2R7QIN7	50	110	5	114	1	110	3.26e-11	489	1	0.9322	0.8029	
job_A	A0A4P5QU08	41.3	121	1	118	13	133	1.55e-11	489	1	1.0254	0.8521	
job_A	A0A5B9QKW6	36.4	118	1	118	2	119	2.908e-11	489	1	1.0	0.7867	
job_A	A0A6P0VTE4	43.1	109	1	109	1	109	2.313e-11	489	1	0.9237	0.1617	
job_A	A0A7G5XBI5	44.2	113	1	113	1	113	3.87e-11	488	1	0.9576	0.9912	
job_A	A0A1B9E085	43.9	116	1	115	1	116	3.655e-11	488	1	0.9831	1.0	
job_A	A0A937JTD3	40.8	115	1	115	1	115	3.655e-11	488	1	0.9746	0.8519	
job_A	W7DLT8	44.9	109	1	109	1	109	4.339e-11	487	1	0.9237	0.9478	
job_A	A0A2A2Y2P2	40.3	119	1	115	1	119	2.908e-11	487	1	1.0085	0.8947	
job_A	A0A9D6PL82	36.5	115	1	115	1	115	4.098e-11	487	1	0.9746	0.7233	
job_A	A0A2D7KNM5	46.7	107	1	107	1	107	4.339e-11	486	1	0.9068	0.9727	
job_A	A0A3D4CJW0	44.6	112	1	112	1	112	3.079e-11	486	1	0.9492	0.9655	
job_A	A0A537ZCT5	35	117	1	117	1	115	2.746e-11	486	1	0.9915	0.907	
job_A	A0A388PWD8	58.7	97	1	97	1	97	1.641e-11	486	1	0.822	0.7519	
job_A	A0A7V2F6J0	45.2	115	1	115	1	115	5.775e-11	486	1	0.9746	0.8582	
job_A	A0A521GYG4	32.2	118	1	118	1	118	5.151e-11	486	1	1.0	0.8676	
job_A	A0A9X2ZSP7	44	118	1	118	1	118	4.339e-11	486	1	1.0	0.8194	
job_A	A0A355ITR4	43.7	112	1	112	1	112	3.452e-11	485	1	0.9492	0.9655	
job_A	A0A3D9FXC7	42.8	112	1	112	1	112	3.87e-11	485	1	0.9492	0.9655	
job_A	A0A9D2RIF9	47.3	112	1	112	3	114	3.26e-11	485	1	0.9492	0.9412	
job_A	A0A8I2G8T0	40.8	115	1	115	1	115	4.098e-11	485	1	0.9746	0.9426	
job_A	A0AA46ADI5	44.8	116	1	115	1	116	4.339e-11	485	1	0.9831	0.8992	
job_A	A0A964KSE9	40.4	121	1	118	1	121	2.449e-11	485	1	1.0254	0.9167	
job_A	A0A7V1RDY6	39.1	115	1	115	2	112	2.746e-11	485	1	0.9746	0.8582	
job_A	A0A101HTK6	44.7	114	1	114	1	114	5.775e-11	485	1	0.9661	0.8321	
job_A	A0A974SIW7	46.4	112	3	114	2	113	4.865e-11	485	1	0.9492	0.8	
job_A	A0A2A5FKV0	44.6	112	1	112	1	112	2.594e-11	484	1	0.9492	0.9655	
job_A	W8VUN2	46.4	112	1	112	1	112	3.87e-11	484	1	0.9492	0.9655	
job_A	A0A3C1G2F2	36.7	117	1	117	1	117	4.339e-11	484	1	0.9915	1.0	
job_A	A0A660SL37	31.6	117	1	117	1	117	2.594e-11	484	1	0.9915	1.0	
job_A	D9PML9	48.1	110	5	114	1	110	5.151e-11	484	1	0.9322	0.9322	
job_A	A0A9X1S339	45	122	1	116	1	121	3.079e-11	484	1	1.0339	0.9531	
job_A	A0A936N915	38.3	120	1	117	1	120	2.594e-11	484	1	1.0169	0.9091	
job_A	A0A6B1GIZ6	44.1	120	1	117	1	120	1.464e-11	484	1	1.0169	0.8511	
job_A	A0A7C1BBY4	39.1	115	1	115	1	115	2.594e-11	483	1	0.9746	1.0	
job_A	A0A0D0IV58	46	115	1	115	1	114	3.26e-11	483	1	0.9746	1.0	
job_A	A0A2E6IME0	44.6	112	1	112	1	112	3.655e-11	483	1	0.9492	0.9655	
job_A	A0A1M7MSU4	44.9	109	1	109	1	109	5.151e-11	483	1	0.9237	0.9397	
job_A	A0A662C8E0	41.9	112	1	112	1	112	4.098e-11	483	1	0.9492	0.9655	
job_A	A0A661C7T3	38.5	114	1	114	6	119	5.454e-11	483	1	0.9661	0.8702	
job_A	A0A7H9CHD8	40	115	1	115	1	113	3.655e-11	482	1	0.9746	1.0177	
job_A	A0A255TPX1	46.4	112	1	112	1	112	3.452e-11	482	1	0.9492	0.9825	
job_A	A0A7C5P1F6	42.2	116	1	115	1	114	2.313e-11	482	1	0.9831	0.9355	
job_A	A0A3A4PHH0	36.6	120	1	118	1	120	5.151e-11	482	1	1.0169	0.8955	
job_A	A0A2P8FF38	43.8	114	1	114	41	154	5.454e-11	482	1	0.9661	0.7403	
job_A	A0A4R2AVJ6	39.8	113	3	115	2	114	5.454e-11	482	1	0.9576	0.5407	
job_A	A0A4R6TRF5	43.1	109	1	109	1	109	4.865e-11	481	1	0.9237	0.9397	
job_A	A0A415DSA0	44.6	112	1	112	1	112	4.594e-11	481	1	0.9492	0.9655	
job_A	A0A1H6LNY9	43.7	112	1	112	1	112	5.151e-11	481	1	0.9492	0.9655	
job_A	A0A520UJJ6	40.1	112	1	112	1	112	4.339e-11	481	1	0.9492	0.9655	
job_A	A0A1H1M1D6	41.2	109	1	109	1	109	4.865e-11	481	1	0.9237	0.9397	
job_A	A0A521YDX2	47	119	3	118	2	120	3.26e-11	481	1	1.0085	0.9444	
job_A	A0A1M4WK73	43.8	121	1	118	1	121	2.185e-11	481	1	1.0254	0.9528	
job_A	A0A7K1TPA7	40.4	121	1	118	1	121	1.84e-11	481	1	1.0254	0.9308	
job_A	A0ABC9PYV4	46.2	121	1	118	6	126	1.949e-11	481	1	1.0254	0.9167	
job_A	A0A2S5QW78	51.3	115	1	113	1	111	2.063e-11	480	1	0.9746	1.036	
job_A	A0A937XE27	37.2	118	1	118	1	118	6.115e-11	480	1	1.0	0.944	
job_A	A0A3D9GS15	42.1	121	1	118	1	121	2.746e-11	480	1	1.0254	0.9528	
job_A	A0A949VKG9	43.7	112	1	112	17	128	3.452e-11	480	1	0.9492	0.8421	
job_A	A0A1N6EMI2	45.2	117	5	118	1	117	1.949e-11	480	1	0.9915	0.8797	
job_A	A0A6J6ERN4	33.9	115	1	115	13	125	3.87e-11	480	1	0.9746	0.7986	
job_A	A0A2M8WSP9	46.8	111	5	115	1	111	5.775e-11	480	1	0.9407	0.6937	
job_A	A0A7X8JKW8	43.4	115	1	115	1	113	4.339e-11	479	1	0.9746	1.0177	
job_A	A0A829QPH4	50.4	105	1	105	1	105	3.655e-11	479	1	0.8898	0.913	
job_A	A0A2D7N8A4	39.1	115	1	115	5	119	4.098e-11	479	1	0.9746	0.8984	
job_A	A0A9J6ZH20	42.1	114	1	114	1	114	4.098e-11	479	1	0.9661	0.7917	
job_A	A0A2T0YQE6	45.6	114	7	117	2	115	2.449e-11	478	1	0.9661	0.8444	
job_A	A0A8H2LHD1	41	112	1	112	1	112	6.115e-11	477	1	0.9492	0.9655	
job_A	S7VB21	44.9	118	1	115	1	116	1.949e-11	477	1	1.0	1.0172	
job_A	A0A661BE33	41.7	115	1	115	1	115	8.139e-11	477	1	0.9746	0.9746	
job_A	A0A3N5YZ53	46.8	111	5	115	1	111	6.475e-11	477	1	0.9407	0.881	
job_A	A0A3Q9GL83	47.2	110	5	114	1	110	9.126e-11	477	1	0.9322	0.7971	
job_A	A0A7W3Z7J9	47.3	112	1	112	1	112	7.26e-11	476	1	0.9492	0.9655	
job_A	A0A7C8AGW2	39.1	115	1	115	1	115	9.126e-11	476	1	0.9746	0.9746	
job_A	A0A7C5BSN4	44.7	114	1	114	30	139	5.454e-11	476	1	0.9661	0.7972	
job_A	A0A845M2D8	45.1	113	3	115	2	114	7.26e-11	476	1	0.9576	0.689	
job_A	A0A1H6T0Y3	41	112	1	112	1	112	6.856e-11	475	1	0.9492	0.9655	
job_A	A0A924B295	40.8	115	1	115	1	113	7.26e-11	475	1	0.9746	0.9127	
job_A	A0A1F5VNC4	41.7	115	1	115	1	113	5.454e-11	475	1	0.9746	0.8582	
job_A	A0A1V4QGK1	31.8	116	1	116	158	273	1.147e-10	475	1	0.9831	0.4203	
job_A	A0A7W1ILS5	36.6	112	1	112	1	112	8.618e-11	474	1	0.9492	0.9825	
job_A	A0A3N5FUZ5	39.6	116	1	115	1	116	3.26e-11	474	1	0.9831	1.0	
job_A	A0A352ED75	39.4	109	1	109	1	109	7.687e-11	474	1	0.9237	0.9397	
job_A	A0A255ZPZ1	42.8	112	1	112	1	112	7.687e-11	474	1	0.9492	0.9655	
job_A	A0A0S4MYF3	40.4	121	1	118	3	123	5.454e-11	474	1	1.0254	0.938	
job_A	A0A6J6I0D9	40	115	1	115	1	113	8.139e-11	474	1	0.9746	0.8846	
job_A	X0VXQ6	43.1	116	1	116	15	130	6.856e-11	474	1	0.9831	0.8657	
job_A	A0A970XGR3	35.6	115	1	115	1	115	1.362e-10	474	1	0.9746	0.8519	
job_A	A0A5N6MV18	47.7	111	5	115	1	111	8.139e-11	474	1	0.9407	0.75	
job_A	A0A9D8QZH1	42.3	111	1	111	1	111	6.856e-11	473	1	0.9407	0.9652	
job_A	A0A1F9WY36	35.6	115	1	115	14	128	1.215e-10	473	1	0.9746	0.8846	
job_A	A0AA96J7C2	40.1	112	1	112	1	112	8.139e-11	472	1	0.9492	0.9655	
job_A	A0A9D7UGH3	36.3	121	1	118	1	121	4.594e-11	472	1	1.0254	0.9528	
job_A	A0A315X8K3	47.3	114	5	118	1	114	7.26e-11	472	1	0.9661	0.8769	
job_A	A0A8K2A172	42.5	120	1	117	1	120	4.339e-11	472	1	1.0169	0.916	
job_A	A0A969GD38	41.4	123	1	118	1	123	3.452e-11	472	1	1.0424	0.8786	
job_A	A0A9X1R083	44.9	109	1	109	1	109	9.663e-11	471	1	0.9237	0.9397	
job_A	A0A7C1ZKK4	40.1	112	1	112	1	112	8.139e-11	471	1	0.9492	0.9573	
job_A	E3D018	40.4	121	1	118	1	119	2.908e-11	471	1	1.0254	0.968	
job_A	A0A7Y0QQA6	46.5	116	5	117	1	116	3.26e-11	471	1	0.9831	0.8722	
job_A	A0A7W7W9N6	49.1	116	5	117	1	116	3.87e-11	471	1	0.9831	0.8406	
job_A	W8X542	45.2	115	1	115	12	126	1.286e-10	471	1	0.9746	0.7718	
job_A	A0A0H2KKF9	45.4	110	5	114	1	110	1.215e-10	471	1	0.9322	0.7237	
job_A	A0A7C5FRU5	40.8	115	1	115	67	177	6.856e-11	471	1	0.9746	0.6389	
job_A	A0A924D7R2	43.1	116	1	115	1	116	1.083e-10	470	1	0.9831	1.0	
job_A	A0A0S9QMB3	40.6	123	1	117	1	123	3.87e-11	470	1	1.0424	0.9609	
job_A	A0A418ML21	37.7	114	1	114	1	114	6.856e-11	470	1	0.9661	0.8321	
job_A	A0AAV8UJL5	40.5	116	2	117	8	123	6.475e-11	470	1	0.9831	0.7891	
job_A	A0A7X6K7S6	48.6	115	5	116	1	115	4.865e-11	470	1	0.9746	0.7667	
job_A	A0A371PV02	41.3	121	1	118	43	163	4.865e-11	470	1	1.0254	0.6685	
job_A	A0A376FKL2	73.6	95	1	95	1	91	6.961e-12	469	1	0.8051	1.0215	
job_A	A0A4V2AUY5	46	113	1	113	1	113	1.362e-10	469	1	0.9576	0.9912	
job_A	A0AAW7D636	41.7	115	1	115	1	115	8.618e-11	469	1	0.9746	1.0	
job_A	A0A972XY00	41	112	1	112	1	112	9.663e-11	469	1	0.9492	0.9655	
job_A	A0A9C8NV91	35.9	114	1	114	1	114	5.454e-11	469	1	0.9661	0.9661	
job_A	A0A965G4N4	37	116	1	116	1	116	1.215e-10	469	1	0.9831	0.9508	
job_A	U5D568	38.5	114	1	114	2	115	1.812e-10	469	1	0.9661	0.9048	
job_A	A0A7C1KNV9	38.1	118	1	118	1	116	4.865e-11	469	1	1.0	0.8806	
job_A	A0A1Z9HM47	45.4	110	1	110	1	109	3.452e-11	468	1	0.9322	1.0092	
job_A	A0A0S7Y3S7	37.9	116	1	116	1	114	8.139e-11	468	1	0.9831	0.9667	
job_A	M1ZCP6	41.3	121	1	118	1	121	2.908e-11	468	1	1.0254	0.938	
job_A	A0AA37SXI5	37.7	114	1	114	1	114	1.617e-10	468	1	0.9661	0.8769	
job_A	A0AAP3SGL9	41.5	113	1	113	1	112	1.215e-10	468	1	0.9576	0.8496	
job_A	A0A3M0WJ04	41.3	121	1	118	1	121	4.594e-11	468	1	1.0254	0.8643	
job_A	A0A1L5NR41	42.4	113	3	115	2	114	1.023e-10	468	1	0.9576	0.7107	
job_A	A0A563VWP5	41.8	117	1	115	46	162	7.687e-11	468	1	0.9915	0.6031	
job_A	R5AUE5	50.9	108	5	112	1	108	9.663e-11	467	1	0.9153	0.9643	
job_A	A0A9Q4C6Q2	42.9	114	1	114	1	110	9.663e-11	467	1	0.9661	1.0	
job_A	A0A2E2UG01	38.7	116	1	116	1	115	1.083e-10	467	1	0.9831	1.0087	
job_A	A0A2S1LLX9	40.1	112	1	112	1	112	1.215e-10	467	1	0.9492	0.9655	
job_A	A0A7V2QM04	42	119	3	118	2	120	5.151e-11	467	1	1.0085	0.952	
job_A	A0A1V4ZBJ4	39.3	122	1	118	21	134	3.26e-11	467	1	1.0339	0.9104	
job_A	A0A6P1DJL9	41	112	1	112	1	112	1.215e-10	466	1	0.9492	0.9655	
job_A	A0A444WCZ5	40.1	112	1	112	1	112	1.286e-10	466	1	0.9492	0.9655	
job_A	D1CH98	40.3	114	1	114	1	114	9.126e-11	466	1	0.9661	0.8906	
job_A	A0A7V4AWT1	35.9	114	1	114	1	114	1.442e-10	466	1	0.9661	0.8444	
job_A	A0A0P8A8J1	38.2	115	1	115	1	115	1.527e-10	466	1	0.9746	0.8394	
job_A	A0A3C0PCR4	35.4	110	1	110	1	110	9.663e-11	465	1	0.9322	0.991	
job_A	A0A349BUT9	37.5	112	1	112	1	112	1.215e-10	465	1	0.9492	0.9655	
job_A	A0A9C9K1R7	35.3	116	1	114	1	116	5.151e-11	465	1	0.9831	0.9667	
job_A	A0A938IH16	38.7	116	1	116	1	112	9.663e-11	465	1	0.9831	0.9508	
job_A	A0A7T5EHG1	42.1	114	1	114	1	114	1.023e-10	465	1	0.9661	0.8769	
job_A	A0A2T2T171	42.3	118	1	118	1	118	1.812e-10	465	1	1.0	0.59	
job_A	A0A661C7R5	44.4	108	8	115	2	109	1.083e-10	464	1	0.9153	0.9818	
job_A	A0A1F1DT89	42.8	112	1	112	1	112	1.023e-10	464	1	0.9492	0.9573	
job_A	A0A523XLK2	29.5	115	1	115	1	115	1.442e-10	464	1	0.9746	0.9664	
job_A	A0A9D5Q1U2	33.9	115	1	115	1	115	1.617e-10	464	1	0.9746	0.9583	
job_A	A0A7V5H501	40.8	115	1	115	1	115	1.215e-10	464	1	0.9746	0.935	
job_A	A0A1H9HQ76	41.2	114	1	114	1	114	9.663e-11	464	1	0.9661	0.8702	
job_A	A0A529X4L7	44.2	113	3	115	2	114	1.712e-10	464	1	0.9576	0.6933	
job_A	A0A174VIF2	45.1	113	1	113	1	113	1.617e-10	463	1	0.9576	0.9912	
job_A	H7EI54	44.6	121	1	118	1	119	2.313e-11	463	1	1.0254	0.9453	
job_A	A0A962CWD8	41.3	121	1	118	1	119	3.452e-11	463	1	1.0254	0.9308	
job_A	A0A6N8HKE3	42.1	114	1	114	1	114	1.023e-10	463	1	0.9661	0.8769	
job_A	A0A1H2B6I1	39.1	115	1	115	1	115	9.126e-11	463	1	0.9746	0.8456	
job_A	A0A5C5ZYP3	43.6	110	5	114	1	110	1.527e-10	463	1	0.9322	0.7586	
job_A	A0A3P8JRM0	85.5	97	22	118	1	97	2.908e-11	462	1	0.822	0.9238	
job_A	A0A958FX22	43.8	114	5	118	1	114	1.442e-10	462	1	0.9661	1.0	
job_A	A0A5N7Z833	40.1	112	1	112	1	112	1.812e-10	462	1	0.9492	0.9655	
job_A	A0A8J4A4F5	38.9	118	1	118	1	116	1.617e-10	462	1	1.0	0.9916	
job_A	A0AAE4A2V6	47.2	110	5	114	1	110	1.362e-10	462	1	0.9322	0.8661	
job_A	A0A7V5SHX6	38.7	116	1	116	1	116	1.527e-10	462	1	0.9831	0.8992	
job_A	A0A1N7PFW6	37.5	120	1	117	1	119	5.775e-11	462	1	1.0169	0.9231	
job_A	A0A2J7TEY2	40.7	113	3	115	2	114	2.032e-10	462	1	0.9576	0.729	
job_A	A0A9E2Z7I3	27.8	115	1	115	9	123	2.032e-10	462	1	0.9746	0.7099	
job_A	A0A7C5ADG4	35.3	113	2	114	50	162	1.617e-10	462	1	0.9576	0.6457	
job_A	A0A9E0XDV4	44	118	1	118	1	117	9.663e-11	461	1	1.0	0.9916	
job_A	A0A1F4S5Y7	37.3	115	1	115	1	113	1.812e-10	461	1	0.9746	0.9664	
job_A	A0A920D859	42.1	114	1	114	1	114	1.083e-10	461	1	0.9661	0.8028	
job_A	Q9F5E9	38.5	114	1	114	25	138	1.919e-10	461	1	0.9661	0.6514	
job_A	A0A1W9P678	34.7	115	1	115	1	114	1.712e-10	460	1	0.9746	1.0	
job_A	A0A950DNW9	35.9	114	1	114	1	114	3.032e-10	460	1	0.9661	0.9421	
job_A	E7G3H7	33.9	115	1	115	20	133	1.812e-10	460	1	0.9746	0.8394	
job_A	A0A968HEG5	39.6	121	1	118	1	121	5.775e-11	460	1	1.0254	0.8067	
job_A	A0A644V0S1	37.9	116	1	115	35	150	1.712e-10	460	1	0.9831	0.6744	
job_A	A0A8J2BI68	36.8	114	1	114	64	177	3.4e-10	460	1	0.9661	0.6129	
job_A	A0A1H7TG69	43.8	121	1	118	295	415	7.687e-11	460	1	1.0254	0.2874	
job_A	A0A357B544	41.7	115	3	116	2	116	2.554e-10	459	1	0.9746	0.9274	
job_A	A0A2H0PJ18	41.7	115	3	115	2	116	1.362e-10	459	1	0.9746	0.7516	
job_A	A0A7C5TQ62	42	107	1	107	1	105	1.527e-10	458	1	0.9068	1.0094	
job_A	A0A7X7TRJ1	40	115	1	115	1	113	2.152e-10	458	1	0.9746	0.9914	
job_A	A0A6I3SNQ9	38.8	121	1	116	1	121	6.856e-11	458	1	1.0254	0.9603	
job_A	A0A7C3XQY8	33.8	118	1	114	2	119	7.26e-11	458	1	1.0	0.8806	
job_A	A0A5C7P8J6	40	115	1	115	1	113	1.617e-10	458	1	0.9746	0.8519	
job_A	A0A931K982	35.8	117	1	114	1	117	1.215e-10	458	1	0.9915	0.854	
job_A	A0A654A8K3	49.5	109	7	115	2	110	1.527e-10	457	1	0.9237	0.982	
job_A	A0A229P290	39.1	115	1	115	1	115	1.286e-10	457	1	0.9746	0.8456	
job_A	A0A072NGA9	35.9	114	1	114	9	122	1.527e-10	457	1	0.9661	0.8261	
job_A	A0A2D4YUF4	40.1	112	1	109	1	112	5.454e-11	456	1	0.9492	0.896	
job_A	A0A1G9EKS5	42.9	114	1	114	1	114	1.362e-10	456	1	0.9661	0.8571	
job_A	A0A6P1R1B6	38.9	113	3	115	2	114	2.554e-10	456	1	0.9576	0.7902	
job_A	K1YNK3	34.2	108	1	108	1	108	2.412e-10	455	1	0.9153	1.0	
job_A	A0A7C3B2F9	43.3	113	3	115	2	113	2.412e-10	455	1	0.9576	0.9113	
job_A	A0A351UJ63	42.7	110	1	110	1	108	1.812e-10	455	1	0.9322	0.88	
job_A	A0A9D8HM18	35	114	1	114	1	114	4.036e-10	455	1	0.9661	0.8976	
job_A	A0A4Q1SYL0	38.5	114	1	114	1	114	1.712e-10	455	1	0.9661	0.8507	
job_A	A0A368DF99	36.6	112	1	112	1	112	2.152e-10	454	1	0.9492	0.9825	
job_A	A0A3D1ASR5	42.4	113	3	115	2	110	1.083e-10	454	1	0.9576	0.9496	
job_A	A0A9E4Q083	41	112	3	114	2	111	1.919e-10	454	1	0.9492	0.9032	
job_A	A0AAU7CPG6	39.1	115	1	115	1	115	2.152e-10	454	1	0.9746	0.8915	
job_A	A0A2W1JIN1	36.3	121	1	118	1	121	9.126e-11	454	1	1.0254	0.9237	
job_A	F8IET2	40.3	114	1	114	7	120	2.554e-10	454	1	0.9661	0.8261	
job_A	A0A7C0Z5X2	35.9	114	1	114	1	113	2.864e-10	453	1	0.9661	0.958	
job_A	A0A7Y3XGE1	44.5	119	1	118	1	119	2.152e-10	453	1	1.0085	0.9225	
job_A	A0A9D6INY1	38	126	1	118	2	124	2.594e-11	453	1	1.0678	0.9618	
job_A	A0A7Y5W8K9	39.1	120	1	117	1	120	1.617e-10	453	1	1.0169	0.8824	
job_A	A0A927C5T6	39.6	116	1	116	1	116	1.527e-10	453	1	0.9831	0.8467	
job_A	A0A6L9LVP6	41.2	114	1	114	2	113	1.712e-10	453	1	0.9661	0.8085	
job_A	A0A7R6VKH7	39.6	111	5	115	1	111	3.211e-10	452	1	0.9407	0.9487	
job_A	X1PFY1	41.1	119	3	118	2	118	7.687e-11	452	1	1.0085	0.9675	
job_A	A0A0X2NQ61	47.3	114	7	117	2	115	7.26e-11	452	1	0.9661	0.8636	
job_A	A0A559K5A7	40.5	116	1	116	1	116	2.032e-10	452	1	0.9831	0.8529	
job_A	A0A972H149	39.4	114	1	114	1	114	1.712e-10	452	1	0.9661	0.8321	
job_A	A0A972ZAP5	34.7	115	1	115	1	113	2.278e-10	452	1	0.9746	0.8156	
job_A	A0A924WHR8	40.6	118	1	118	2	116	1.812e-10	452	1	1.0	0.7763	
job_A	A0A4P5X5I9	40	115	1	115	12	126	2.705e-10	452	1	0.9746	0.7188	
job_A	A0A1V4QTS9	32.1	115	1	115	1	114	3.6e-10	451	1	0.9746	0.9829	
job_A	A0A2N5MDP4	38.5	114	1	114	1	114	2.032e-10	451	1	0.9661	0.8906	
job_A	A0A1G6CSF3	35.9	114	1	114	2	113	1.712e-10	451	1	0.9661	0.8837	
job_A	A0A1G0L4B9	37.1	121	1	118	1	121	1.286e-10	450	1	1.0254	0.968	
job_A	A0A916QCM8	36.5	115	1	115	1	115	1.919e-10	450	1	0.9746	0.8394	
job_A	A0A4Q7FFB9	41	112	3	114	2	113	3.6e-10	450	1	0.9492	0.5773	
job_A	A0A2W6BRS7	38.7	111	5	115	1	109	2.554e-10	449	1	0.9407	1.0	
job_A	A0A5C8GDJ3	27.8	115	1	115	1	115	4.274e-10	448	1	0.9746	0.9914	
job_A	A0A966CXF3	42.9	114	1	114	2	113	3.032e-10	448	1	0.9661	0.8976	
job_A	A0A2T2WME5	33.9	115	1	114	1	115	1.712e-10	448	1	0.9746	0.8779	
job_A	A0A9D2GU06	35.5	118	1	115	2	119	3.032e-10	448	1	1.0	0.831	
job_A	A0A2K9NC13	38.3	112	3	114	2	113	3.6e-10	448	1	0.9492	0.7368	
job_A	A0A971AAW0	36.7	117	1	117	1	117	2.864e-10	447	1	0.9915	1.0	
job_A	A0A928AJ37	41.9	112	1	112	3	114	3.6e-10	447	1	0.9492	0.9412	
job_A	A0A7C5VXG7	42.8	112	3	114	2	112	4.036e-10	447	1	0.9492	0.9032	
job_A	A0AA35TMD8	34.7	115	1	115	13	123	2.864e-10	447	1	0.9746	0.8099	
job_A	A0AAE6BFM7	40.7	113	3	115	2	114	4.274e-10	447	1	0.9576	0.729	
job_A	A0A9D8DAJ8	42.1	114	2	114	107	220	4.525e-10	447	1	0.9661	0.4851	
job_A	A0A3D6DN83	70.7	89	1	89	1	89	1.527e-10	446	1	0.7542	1.0	
job_A	A0A357AWL3	38.9	113	2	114	3	113	3.812e-10	446	1	0.9576	0.9113	
job_A	A0A3B8XY89	40	120	1	117	1	120	1.023e-10	446	1	1.0169	0.9091	
job_A	A0A5C4T051	39.6	116	1	116	1	116	2.554e-10	446	1	0.9831	0.8467	
job_A	A0A1G6GDH8	42.7	117	1	116	2	118	4.274e-10	446	1	0.9915	0.8478	
job_A	A0A8T4FLR3	42.8	112	3	114	2	109	2.278e-10	446	1	0.9492	0.7778	
job_A	A0A933UTR5	37.3	115	1	115	33	147	5.688e-10	446	1	0.9746	0.5425	
job_A	A0A1J4SZ19	42	107	1	107	1	105	3.6e-10	445	1	0.9068	0.9727	
job_A	A0A2N0LTR9	40.7	113	3	115	2	110	2.705e-10	445	1	0.9576	0.9187	
job_A	A0A933B1B6	35.6	115	1	115	1	115	5.688e-10	445	1	0.9746	0.8456	
job_A	A0A7V6B742	38.5	114	1	114	2	115	3.211e-10	445	1	0.9661	0.8382	
job_A	A0A6A7L5U3	34.7	115	1	115	2	112	3.6e-10	445	1	0.9746	0.6805	
job_A	A0A7C6JHB0	41	112	3	114	2	113	4.791e-10	445	1	0.9492	0.612	
job_A	X1MT21	40.7	103	1	103	1	103	3.4e-10	444	1	0.8729	0.9904	
job_A	A0A2E5G897	38.3	112	1	112	1	112	5.073e-10	444	1	0.9492	0.8235	
job_A	A0A1G4AKD1	39.1	115	1	115	1	114	6.753e-10	444	1	0.9746	0.7823	
job_A	A0A3N9MLR6	32.7	113	1	113	1	113	4.525e-10	443	1	0.9576	0.9826	
job_A	A0A6L8V169	39.6	116	1	116	1	116	3.812e-10	443	1	0.9831	0.8722	
job_A	A0A978SZ92	40	120	1	115	3	122	1.617e-10	443	1	1.0169	0.7895	
job_A	A0A969MXU3	41.4	111	5	115	1	111	5.372e-10	442	1	0.9407	0.925	
job_A	M1WPY3	40.8	120	1	117	5	122	1.442e-10	442	1	1.0169	0.9375	
job_A	A0A3A4VEX3	42.1	114	1	114	297	408	4.525e-10	442	1	0.9661	0.2695	
job_A	A0A7Y2G0D0	30.4	115	1	115	1	115	1.442e-10	441	1	0.9746	1.0	
job_A	E8R2X0	35.9	114	1	114	1	114	4.525e-10	441	1	0.9661	0.8028	
job_A	A0A832PUY8	45	111	5	115	1	111	3.211e-10	440	1	0.9407	0.8473	
job_A	B1XKN2	36.5	115	1	113	2	116	2.412e-10	440	1	0.9746	0.6021	
job_A	A0A927BV08	37.7	114	1	114	1	114	3.6e-10	438	1	0.9661	0.8028	
job_A	A0A518ES18	36.8	114	3	116	2	111	4.036e-10	437	1	0.9661	0.8906	
job_A	A0A961AAJ9	38.5	114	1	114	1	113	9.517e-10	437	1	0.9661	0.8702	
job_A	A0A2W1LE48	37	116	1	116	1	116	5.688e-10	437	1	0.9831	0.8529	
job_A	A0A7V3HNY4	35.3	116	3	115	2	111	2.152e-10	436	1	0.9831	1.0357	
job_A	A0A6M0BJ81	37.8	111	1	109	2	112	4.791e-10	436	1	0.9407	0.9911	
job_A	A0A1G2ZFG7	36.8	114	1	113	1	114	6.753e-10	436	1	0.9661	0.9913	
job_A	A0A7W0I4T6	39.6	116	1	116	1	116	5.372e-10	436	1	0.9831	0.8722	
job_A	A0A5C8M1P5	40.5	116	1	116	1	116	5.073e-10	436	1	0.9831	0.8722	
job_A	A0A387G2W6	41	112	3	114	2	113	8.016e-10	436	1	0.9492	0.7134	
job_A	A0A831U6D5	46.6	105	10	114	2	106	5.073e-10	434	1	0.8898	0.9375	
job_A	A0A1I3UI47	39.8	113	3	115	2	114	8.488e-10	434	1	0.9576	0.8129	
job_A	A0A3B9N7L2	35	120	1	117	3	122	6.377e-10	433	1	1.0169	0.9677	
job_A	A3ITB4	37.6	117	1	115	2	118	7.15e-10	433	1	0.9915	0.7748	
job_A	B9KA30	35.9	114	1	114	12	121	8.016e-10	432	1	0.9661	0.912	
job_A	H0HXF5	41.2	109	7	115	2	110	1.196e-09	432	1	0.9237	0.6855	
job_A	A0A1K1LGH8	36.1	119	1	114	11	129	7.15e-10	432	1	1.0085	0.7484	
job_A	A0A7Z7YS82	44.6	103	1	103	4	106	5.688e-10	431	1	0.8729	0.9717	
job_A	A0A0Q1ATI6	37.3	115	1	115	1	115	7.15e-10	431	1	0.9746	1.0	
job_A	A0A1Z8ZQ59	35.9	114	1	114	1	110	6.377e-10	431	1	0.9661	0.9913	
job_A	A0AAN1BLP5	41	112	3	114	2	113	9.517e-10	431	1	0.9492	0.6292	
job_A	A0A9E5L3M9	37.5	112	1	112	1	112	8.488e-10	430	1	0.9492	0.9739	
job_A	A0A7Y3NQ83	33	115	1	115	1	115	6.753e-10	430	1	0.9746	0.9274	
job_A	A0A2G9YC34	33.9	115	1	115	1	115	1.13e-09	430	1	0.9746	0.8519	
job_A	A0A3N5JIY2	34.7	115	1	115	1	115	2.001e-09	429	1	0.9746	0.9583	
job_A	A0A075WV36	33.8	121	1	118	1	119	2.864e-10	429	1	1.0254	1.0	
job_A	A0A0E3UJD2	39.4	114	1	114	10	121	1.008e-09	429	1	0.9661	0.8636	
job_A	A0A2E4IX17	40.1	107	1	107	1	105	1.008e-09	428	1	0.9068	0.9817	
job_A	A0A6V8EQN5	40	115	3	116	1	115	5.688e-10	428	1	0.9746	1.0	
job_A	A0A552Q3D0	35.2	119	1	114	2	120	4.274e-10	428	1	1.0085	0.7484	
job_A	A0A377PT88	34.1	126	1	115	60	185	1.008e-09	428	1	1.0678	0.6667	
job_A	A0A7X7KAP5	46.1	117	5	118	1	115	3.6e-10	427	1	0.9915	0.7548	
job_A	A0A8J2XBT4	37.7	114	1	112	9	122	7.15e-10	427	1	0.9661	0.6867	
job_A	A0A2M8G0J9	37.3	115	1	115	1	115	1.592e-09	426	1	0.9746	0.9055	
job_A	A0A933Y2C7	45.2	115	3	116	2	111	4.791e-10	426	1	0.9746	0.8915	
job_A	A0A843TAS5	40.3	114	2	115	3	112	6.023e-10	426	1	0.9661	0.8444	
job_A	A0A7C3X7I4	42.7	110	5	114	1	110	1.592e-09	425	1	0.9322	0.8943	
job_A	A0A7C7KQF6	44.2	113	1	113	1	111	5.688e-10	425	1	0.9576	0.876	
job_A	A0A7C4G088	36.1	119	1	117	1	117	3.211e-10	425	1	1.0085	0.9015	
job_A	A0A6P0MLT0	38	113	2	112	3	114	6.023e-10	425	1	0.9576	0.7338	
job_A	A0A9D5KBE0	32.1	115	1	115	54	164	6.023e-10	425	1	0.9746	0.6886	
job_A	A0A917KBM4	41	112	5	116	1	112	1.267e-09	424	1	0.9492	0.8	
job_A	A0A975EKR1	33	115	2	116	12	122	1.008e-09	423	1	0.9746	0.9274	
job_A	A0A2M7XEQ0	41.8	117	5	118	1	113	4.525e-10	423	1	0.9915	0.9435	
job_A	A0A7C5UIX6	35.6	115	1	114	2	111	1.267e-09	423	1	0.9746	0.9055	
job_A	A0A6I3IIF2	44.2	113	5	116	1	113	1.341e-09	423	1	0.9576	0.8129	
job_A	A0A7V1EH44	25.4	118	1	115	42	159	1.686e-09	423	1	1.0	0.7421	
job_A	A0A2S8WML0	32.4	114	5	118	1	114	1.89e-09	422	1	0.9661	0.8444	
job_A	A0A939WKR8	51.9	104	11	114	1	104	1.89e-09	421	1	0.8814	0.8966	
job_A	A0A2P1PQP6	39.4	114	3	114	2	115	5.372e-10	421	1	0.9661	0.7808	
job_A	A0A2G6DUA4	42.3	111	5	114	1	111	1.42e-09	421	1	0.9407	0.75	
job_A	B2HPX5	38.4	117	1	114	2	117	4.274e-10	421	1	0.9915	0.7222	
job_A	A0A974YEU8	37.5	112	3	114	2	113	1.504e-09	420	1	0.9492	0.7417	
job_A	A0A1Q4R5C6	35.6	115	1	113	2	116	6.377e-10	420	1	0.9746	0.7419	
job_A	A0A7Y2G3H6	39.4	114	3	116	2	111	1.13e-09	419	1	0.9661	0.9048	
job_A	A0A5R9G688	35	114	1	114	1	114	1.42e-09	419	1	0.9661	0.8382	
job_A	A0A1G1DH05	46.6	103	13	115	1	103	1.13e-09	418	1	0.8729	0.9904	
job_A	A0A2D6ZY61	33.3	108	1	108	1	106	2.001e-09	418	1	0.9153	0.9908	
job_A	A0AAE3HJ88	31.8	116	1	116	4	115	1.592e-09	418	1	0.9831	0.9508	
job_A	A0A7Y4WIX9	31.8	116	1	116	1	112	1.89e-09	417	1	0.9831	0.8923	
job_A	A0A4S4BPA3	35.9	114	1	114	1	114	1.785e-09	417	1	0.9661	0.8143	
job_A	A0A9E6R4U3	38.3	112	3	114	2	113	2.376e-09	417	1	0.9492	0.7619	
job_A	A0A351AF89	29.3	116	1	116	2	111	8.016e-10	416	1	0.9831	0.9667	
job_A	A0A6I7PYT5	44.7	114	9	118	4	117	4.791e-10	416	1	0.9661	0.9344	
job_A	A0A8S8XSL9	39	110	1	109	3	112	1.067e-09	416	1	0.9322	0.8661	
job_A	A0A1M6NCU1	37	116	1	115	23	133	2.119e-09	416	1	0.9831	0.7945	
job_A	A0A6M0FD74	33.9	115	1	113	2	116	8.488e-10	416	1	0.9746	0.7372	
job_A	A0A1G1HLN3	40	110	5	114	1	110	2.664e-09	415	1	0.9322	0.9483	
job_A	A0A4U8TIX4	34.3	128	1	115	1	126	1.008e-09	415	1	1.0847	0.9846	
job_A	A0A1V5KZ57	33.8	121	1	118	1	121	1.42e-09	414	1	1.0254	0.9918	
job_A	A0A2M9LDW1	36.3	121	1	118	1	121	1.686e-09	414	1	1.0254	0.968	
job_A	A0A843JPN2	41.9	112	5	116	1	108	1.785e-09	413	1	0.9492	1.0	
job_A	A0A938J754	33.3	117	1	117	1	117	2.244e-09	413	1	0.9915	0.8931	
job_A	A0A1Y0H1Z5	35.5	107	1	107	2	102	1.13e-09	412	1	0.9068	0.9068	
job_A	A0AA35RRQ6	36.2	113	3	115	2	110	2.119e-09	412	1	0.9576	0.904	
job_A	A0A934RRZ2	29.8	114	1	114	1	109	2.516e-09	412	1	0.9661	0.8906	
job_A	A0A352W1V2	33.3	114	1	114	1	114	2.987e-09	411	1	0.9661	0.9661	
job_A	M1WT79	37.3	107	8	114	2	108	2.664e-09	411	1	0.9068	0.8843	
job_A	A0A1I6NSD9	31.5	114	1	114	1	113	1.504e-09	411	1	0.9661	0.8976	
job_A	A0A969JK96	31.8	113	3	115	2	110	2.244e-09	411	1	0.9576	0.8561	
job_A	A0A6P0X207	34.1	117	1	115	2	118	2.664e-09	411	1	0.9915	0.8797	
job_A	A0A948SQQ3	39.2	112	5	116	1	112	2.244e-09	410	1	0.9492	0.875	
job_A	A0A8T3RS54	32.7	113	3	115	2	110	2.119e-09	410	1	0.9576	0.8433	
job_A	A0A350M1E9	36.4	107	1	107	1	107	2.821e-09	409	1	0.9068	0.9907	
job_A	A0A946TX58	36.4	118	3	117	2	115	6.377e-10	409	1	1.0	1.0261	
job_A	A5YSZ1	34.1	123	1	118	2	118	5.073e-10	409	1	1.0424	1.0336	
job_A	J2ZMY5	39	110	5	114	1	110	1.89e-09	409	1	0.9322	0.873	
job_A	A0A1C3RF24	38.9	113	3	115	2	114	4.457e-09	408	1	0.9576	0.6313	
job_A	A0A6L6VFG8	32.7	119	3	118	2	120	1.42e-09	407	1	1.0085	0.9754	
job_A	A0A847B0I0	36.5	123	1	117	1	118	8.488e-10	406	1	1.0424	1.0082	
job_A	A0A7W2AH88	34.7	121	1	118	1	121	1.42e-09	406	1	1.0254	0.8963	
job_A	A0A7V3AG74	34.7	121	1	118	1	120	2.244e-09	405	1	1.0254	0.9918	
job_A	A0A2V5YTI1	40.1	102	1	102	1	102	1.89e-09	404	1	0.8644	0.9808	
job_A	A0A2V7XY49	24.5	114	1	114	1	107	5.602e-09	403	1	0.9661	1.027	
job_A	A0A327SWE7	25.4	114	1	114	1	114	5.602e-09	403	1	0.9661	0.3642	
job_A	A0A933WRI8	41.5	101	1	101	1	101	3.162e-09	402	1	0.8559	1.0	
job_A	A0A2R6T866	30	113	3	115	2	110	3.162e-09	402	1	0.9576	1.0	
job_A	A0A660SI28	30.4	115	1	115	1	114	3.546e-09	400	1	0.9746	0.9914	
job_A	A0A212KLL9	38.1	118	1	115	32	146	1.504e-09	400	1	1.0	0.6821	
job_A	A0A117LBH8	49.4	91	1	91	2	92	2.987e-09	399	1	0.7712	0.9891	
job_A	A0A2E4RJ95	41.8	110	7	114	2	111	3.546e-09	399	1	0.9322	0.9565	
job_A	A0A2M8BAC8	25.4	114	3	114	2	115	2.664e-09	399	1	0.9661	0.755	
job_A	A0A2S2DS19	48.5	105	11	115	2	106	3.975e-09	398	1	0.8898	0.9906	
job_A	A0A1F9XCE1	35.3	113	3	115	2	110	4.997e-09	398	1	0.9576	1.0	
job_A	A0A917I5F2	36.7	117	1	116	1	110	1.592e-09	398	1	0.9915	0.907	
job_A	A0A353BBM3	50.5	91	1	91	1	91	3.162e-09	397	1	0.7712	1.0	
job_A	A0A359G521	46.2	93	1	93	3	95	2.987e-09	397	1	0.7881	0.9789	
job_A	A0A7V2V0E7	29.6	118	1	115	1	111	3.754e-09	396	1	1.0	1.0085	
job_A	A0A831WXD7	37.3	115	1	115	10	119	4.997e-09	396	1	0.9746	0.8712	
job_A	A0A7Y1UHI7	24.5	118	1	118	1	114	7.457e-09	392	1	1.0	1.0261	
job_A	A0A660ZSU4	28.4	116	2	116	166	277	9.925e-09	392	1	0.9831	0.4014	
job_A	A0A1G2DY75	30.2	109	1	109	1	105	9.373e-09	389	1	0.9237	0.9646	
job_A	A0A389M220	36.6	120	1	114	4	119	2.987e-09	389	1	1.0169	0.7362	
job_A	A0A315EME4	44.4	117	10	118	2	117	2.376e-09	387	1	0.9915	0.9	
job_A	A0A6A8QMG4	40.7	108	7	114	2	109	1.051e-08	387	1	0.9153	0.7013	
job_A	A0A1X6P9R9	33	115	1	114	318	426	3.349e-09	387	1	0.9746	0.2511	
job_A	A0A971GZQ6	43.1	95	1	95	1	95	9.373e-09	385	1	0.8051	0.9406	
job_A	A0A7J4USM7	36.8	122	3	114	2	121	7.042e-09	385	1	1.0339	0.9242	
job_A	A0A939HR71	33.3	117	1	115	2	116	5.291e-09	385	1	0.9915	0.7697	
job_A	A0A8T4S8P2	31.1	122	1	117	1	116	1.504e-09	383	1	1.0339	1.0517	
job_A	A0A371QWI8	35.3	113	3	115	2	109	8.852e-09	382	1	0.9576	0.9658	
job_A	A0A961GKB1	41	95	1	95	1	93	9.373e-09	381	1	0.8051	1.0106	
job_A	W5Y3N3	34.8	112	3	114	2	107	1.178e-08	381	1	0.9492	0.855	
job_A	A0AAE9Z3B5	33	115	1	113	2	114	5.602e-09	381	1	0.9746	0.7278	
job_A	A0A1M6VPA3	38.3	112	5	116	2	111	9.925e-09	380	1	0.9492	0.9412	
job_A	A0A4U3KXX0	29.7	121	1	118	1	120	5.932e-09	380	1	1.0254	1.0	
job_A	A0A2G9ZB13	36.1	108	1	108	2	103	1.321e-08	379	1	0.9153	1.0485	
job_A	A0A2P9AGB9	45.8	96	3	98	2	97	1.113e-08	379	1	0.8136	0.7742	
job_A	A0A502GCH1	34.4	119	1	114	5	120	6.651e-09	379	1	1.0085	0.7677	
job_A	A0A537FM12	51	98	18	115	1	98	5.602e-09	377	1	0.8305	0.8596	
job_A	A0A9D9KYD2	43.6	110	12	118	1	110	4.997e-09	377	1	0.9322	0.8943	
job_A	A0A7Y7CN84	41	112	7	115	2	110	5.602e-09	376	1	0.9492	0.8	
job_A	A0A3A4ZHS3	31	116	3	116	453	563	1.758e-08	374	1	0.9831	0.2024	
job_A	A0A7C4YR40	30.1	116	1	115	1	116	3.115e-08	371	1	0.9831	0.9062	
job_A	A0A7Z1TT40	21	114	1	114	2	115	1.481e-08	369	1	0.9661	0.8571	
job_A	A0A937IL27	25.8	116	1	115	2	111	1.758e-08	366	1	0.9831	0.9915	
job_A	G7VEE1	35.8	117	3	117	27	139	7.896e-09	366	1	0.9915	0.8298	
job_A	A0A1G8EZX4	25.2	111	1	111	3	113	4.146e-08	361	1	0.9407	0.9328	
job_A	A0A258FBX6	55.5	99	1	89	1	99	4.209e-09	359	1	0.839	1.0	
job_A	X1HSN6	44.6	103	13	115	1	103	4.922e-08	359	1	0.8729	0.9717	
job_A	A0A1E4JK61	43.8	121	1	118	1	103	2.244e-09	359	1	1.0254	1.1204	
job_A	G8SAU3	49.5	101	15	115	1	101	3.698e-08	357	1	0.8559	0.7891	
job_A	A0AAE0RZH4	39.7	88	3	90	5	92	5.518e-08	351	1	0.7458	0.2635	
job_A	A0A2W5TS02	28.3	113	5	115	1	110	3.298e-08	350	1	0.9576	0.9912	
job_A	A0A7X7GE77	32.7	113	3	114	2	107	3.492e-08	348	1	0.9576	0.9339	
job_A	A0A2E7MXB7	29.5	115	3	114	2	107	3.915e-08	345	1	0.9746	1.0177	
job_A	A0A7X9FSH7	21.3	117	1	115	3	118	9.232e-08	345	1	0.9915	0.8603	
job_A	A0A9N8HYZ6	34.2	108	1	107	1	107	4.39e-08	344	1	0.9153	0.5	
job_A	A0A251XP31	47.1	89	1	89	1	83	3.298e-08	340	1	0.7542	1.0595	
job_A	A0A2N2BW33	37.1	121	1	118	1	106	3.915e-08	339	1	1.0254	1.0804	
job_A	A0A1V6B5S1	42	100	13	112	1	100	1.16e-07	338	1	0.8475	0.9615	
job_A	A0A9D2AX88	44.4	108	14	118	1	108	6.936e-08	338	1	0.9153	0.9908	
job_A	A0A950ZEB2	20.6	121	1	118	1	111	3.115e-08	338	1	1.0254	1.0708	
job_A	A0A965CE52	51	100	22	118	1	100	4.922e-08	336	1	0.8475	0.9524	
job_A	A0A959TJE5	52.6	95	15	109	1	95	1.096e-07	335	1	0.8051	0.9223	
job_A	A0A512D522	45.3	108	15	118	1	107	5.518e-08	335	1	0.9153	0.72	
job_A	A0A3E0NDN9	31.1	122	1	115	11	120	8.719e-08	334	1	1.0339	0.8714	
job_A	A0A9N8DZ52	35.1	108	1	107	1	107	9.775e-08	332	1	0.9153	0.3649	
job_A	A0A3M1SAZ3	41.4	94	22	115	4	97	2.584e-07	327	1	0.7966	0.9691	
job_A	A0A833KZW1	33	103	13	115	2	102	2.177e-07	327	1	0.8729	1.0	
job_A	A0A1H8SGK4	28.5	105	3	107	2	106	2.897e-07	327	1	0.8898	0.9375	
job_A	A0A9E4H8I9	30.9	113	3	115	1	108	1.545e-07	326	1	0.9576	0.9339	
job_A	A0A6B3N2X4	46.9	83	5	87	6	88	3.068e-07	323	1	0.7034	0.9326	
job_A	A0A9E5QSF6	36.7	117	5	118	1	111	7.344e-08	323	1	0.9915	1.0446	
job_A	A0A5Q3L567	31.3	115	3	116	2	110	1.229e-07	323	1	0.9746	0.9914	
job_A	A0A953BDI4	43.3	106	14	116	3	108	1.635e-07	322	1	0.8983	0.8217	
job_A	A0A2N9VT76	38.8	103	13	115	1	103	4.578e-07	322	1	0.8729	0.7464	
job_A	A0A355E4F1	25.6	117	4	115	4	119	2.897e-07	320	1	0.9915	0.9213	
job_A	A0A537KC32	42.4	99	15	113	2	100	4.323e-07	319	1	0.839	0.9802	
job_A	A0A382C2T8	41.8	98	17	114	1	98	2.736e-07	319	1	0.8305	0.8991	
job_A	X5ZUW8	43.8	89	3	89	2	90	2.736e-07	318	1	0.7542	0.9889	
job_A	A0A7X9CCH9	42.4	106	15	117	1	106	2.897e-07	318	1	0.8983	0.8346	
job_A	A0ABD5DG65	90.9	77	1	77	1	77	1.16e-07	317	1	0.6525	1.0	
job_A	G2FK10	42.5	101	15	115	1	101	5.754e-07	316	1	0.8559	0.8938	
job_A	A0A354FBL7	39.4	104	15	118	2	105	5.435e-07	315	1	0.8814	0.9123	
job_A	A0A9E2LPF8	43.2	97	23	118	1	97	6.093e-07	312	1	0.822	1.0	
job_A	A0A3D9SMZ6	43.4	99	15	113	1	99	7.659e-07	312	1	0.839	0.8761	
job_A	A0A838HPC6	39	105	14	118	1	105	7.233e-07	311	1	0.8898	0.9459	
job_A	A0A4V1SKP4	49.4	93	23	115	51	143	7.233e-07	307	1	0.7881	0.6503	
job_A	A0A3D3FEI4	43.5	101	16	116	1	101	5.754e-07	305	1	0.8559	0.9528	
job_A	A0A4Q3CWU5	41.7	91	22	112	1	91	1.019e-06	303	1	0.7712	0.9785	
job_A	A0AAP2DSP8	45.7	94	5	97	5	95	4.323e-07	303	1	0.7966	0.9691	
job_A	A0A947IUD5	41.9	93	23	115	1	93	1.357e-06	303	1	0.7881	0.9208	
job_A	A0A328TRI2	65	80	20	99	1	80	5.754e-07	300	1	0.678	0.9877	
job_A	A0A348ZKH7	44.2	95	20	114	1	95	1.21e-06	298	1	0.8051	0.8333	
job_A	A0A9X2E0X7	38.1	97	24	117	2	98	7.659e-07	298	1	0.822	0.8017	
job_A	A0A1R0KFQ7	22	109	2	107	126	229	4.578e-07	298	1	0.9237	0.4619	
job_A	J9R8L9	41.3	87	23	109	1	87	1.706e-06	297	1	0.7373	0.9255	
job_A	A0A535CBE3	44.6	103	17	116	1	103	5.754e-07	297	1	0.8729	0.8175	
job_A	M3IDC8	45.8	85	7	87	2	86	9.092e-07	295	1	0.7203	0.977	
job_A	A0AA96Y9C8	22.6	119	2	115	160	270	9.092e-07	294	1	1.0085	0.4312	
job_A	A0A2V5V3P5	44	93	22	114	5	97	3.021e-06	291	1	0.7881	0.8158	
job_A	A0A847VWB6	22.4	116	2	115	161	268	1.611e-06	290	1	0.9831	0.428	
job_A	A0A5R2N031	49.3	83	3	85	2	84	2.144e-06	288	1	0.7034	0.9765	
job_A	A0A6N2UY69	32.6	101	15	115	2	98	2.144e-06	286	1	0.8559	1.0202	
job_A	X0SHK5	53	81	5	85	5	85	3.587e-06	285	1	0.6864	0.9419	
job_A	A0A1V3RR42	42.6	89	27	115	2	90	2.404e-06	283	1	0.7542	0.9889	
job_A	A0A9D7LD94	18.6	123	1	118	7	126	1.437e-06	283	1	1.0424	0.7593	
job_A	U5C5F7	44	100	16	115	1	100	1.521e-06	282	1	0.8475	1.0	
job_A	A0A380FKC6	43.1	102	20	118	1	102	1.611e-06	279	1	0.8644	0.9358	
job_A	A0A0K2RLG3	47.8	94	1	94	1	89	9.628e-07	275	1	0.7966	1.0217	
job_A	A0A4Q3TUH4	60.2	83	1	83	1	83	7.544e-06	270	1	0.7034	1.0	
job_A	Q21QU6	45.6	92	1	91	1	86	3.199e-06	268	1	0.7797	1.0222	
job_A	A0A3D5NJT8	56	82	1	82	1	82	9.482e-06	264	1	0.6949	1.0	
job_A	A0A535E255	22.9	109	2	107	164	267	5.668e-06	264	1	0.9237	0.3964	
job_A	A0A7J4VAU6	50	84	1	84	1	84	1.68e-05	259	1	0.7119	0.9882	
job_A	A0A1G3BSJ9	43	79	7	85	1	79	2.507e-05	257	1	0.6695	0.9875	
job_A	A0A9D8HKM7	30.3	102	20	118	1	102	1.68e-05	247	1	0.8644	0.9444	
job_A	A0A6B2YMM0	22.6	119	1	117	163	273	2.507e-05	247	1	1.0085	0.4359	
job_A	A0A7V4HIS7	34.9	103	1	88	1	103	8.458e-06	246	1	0.8729	0.9537	
job_A	A0A352CCF7	46	89	31	118	1	89	3.741e-05	244	1	0.7542	1.0	
job_A	A0A259GRH8	52.1	115	1	115	1	100	9.628e-07	242	1	0.9746	1.036	
job_A	A0A510Y851	30.3	102	20	118	1	100	1.994e-05	235	1	0.8644	0.9533	
job_A	A0A660VIN1	43	79	5	83	1	79	0.0001047	232	1	0.6695	1.0	
job_A	A0A970CIU2	51.2	82	1	82	1	82	8.82e-05	231	1	0.6949	1.0	
job_A	A0A6P0N529	28.4	102	14	115	5	100	3.961e-05	231	1	0.8644	0.9903	
job_A	A0A3D5S1H9	43.6	87	29	115	1	87	8.82e-05	228	1	0.7373	0.9886	
job_A	A0A7R8WSY0	30.7	127	4	104	77	199	5.668e-06	227	1	1.0763	0.2566	
job_A	A0A853KAJ9	29.5	98	24	118	2	99	8.33e-05	223	1	0.8305	0.8991	
job_A	A0A1Q7WAW2	51.9	77	1	77	1	77	0.0001109	220	1	0.6525	1.0	
job_A	A0A1V5CX11	42.3	85	34	118	2	86	0.0001174	219	1	0.7203	0.8854	
job_A	A0A2M8PJP7	37.2	94	25	115	3	95	0.0001752	217	1	0.7966	0.7769	
job_A	A0A6M0AXB9	48.1	79	1	79	1	79	0.0001964	215	1	0.6695	1.0	
job_A	A0A238DJU6	34.1	117	5	118	56	162	1.192e-05	209	1	0.9915	0.5939	
job_A	A0A965FY46	39.7	83	35	116	3	85	0.0002768	207	1	0.7034	0.8218	
job_A	A0A533XLQ9	38.5	83	33	115	1	83	0.0003901	205	1	0.7034	0.9881	
job_A	A0A3L7PZ50	43.4	76	5	80	5	80	0.0006911	203	1	0.6441	0.9383	
job_A	A0A8J4H4K3	14.5	96	12	102	3	93	0.001373	169	1	0.8136	0.7007	
job_A	A0A952ZZ66	16.4	97	19	115	10	104	0.003842	168	1	0.822	0.6783	
job_A	A0A7S0C022	20	115	2	107	40	148	0.0006527	168	1	0.9746	0.5583	
job_A	A0A7C1E0J6	14.5	96	7	99	2	92	0.002048	147	1	0.8136	0.7111	
job_A	A0A819KD03	17	82	11	89	18	99	0.01277	145	1	0.6949	0.5616	
job_A	A0A842I546	21.4	84	12	89	58	141	0.005415	136	1	0.7119	0.5283	
job_A	A0A813VBN0	14.7	88	11	95	18	102	0.00483	136	1	0.7458	0.5333	
job_A	A0AAE2XX56	17.2	81	14	91	485	563	0.01799	134	1	0.6864	0.0911	
job_A	A0A815WHS4	16.8	77	13	87	27	103	0.03784	127	1	0.6525	0.6111	
job_A	A0A9E7JUY5	11.8	110	11	104	73	179	0.01905	114	1	0.9322	0.1897	
job_A	A0A842SVQ8	12.3	105	1	103	1	98	0.02536	113	1	0.8898	0.146	
job_A	A0A842VBW1	12.1	82	8	85	65	143	0.04493	111	1	0.6949	0.1454	
job_A	A0A842R4V0	11.3	79	12	86	195	273	0.05037	108	1	0.6695	0.1113	
job_A	A0A497PEI2	13.6	88	11	95	464	547	0.09448	108	1	0.7458	0.1011	
job_A	A0AA36N852	7	100	3	99	2	91	0.05647	103	1	0.8475	0.8621	
job_A	X1IBF2	15.2	85	8	86	71	149	0.07959	102	1	0.7203	0.368	
job_A	A0A0F9H972	13.5	81	8	86	149	227	0.2228	100	1	0.6864	0.125	
job_A	A0AAD4LTH5	6.3	95	2	89	266	357	0.08427	98	0.999	0.8051	0.0863	
job_A	A0A841HX17	16.3	92	6	91	180	264	0.04757	97	0.999	0.7797	0.342	
job_A	A0A812V984	10.8	92	14	101	32	117	0.1332	97	0.999	0.7797	0.1603	
job_A	A0A316UPT5	8.5	82	18	90	181	262	0.1059	97	0.999	0.6949	0.0711	
job_A	L8HFS5	7.6	92	4	89	389	479	0.1	95	0.998	0.7797	0.0767	
job_A	A0A524DPD2	14.7	88	2	86	3	81	0.04757	94	0.998	0.7458	0.2061	
job_A	E0VNU9	15.2	85	11	86	53	137	0.1877	87	0.994	0.7203	0.5944	
job_A	X1G7I9	8.5	94	2	94	335	419	0.2645	81	0.986	0.7966	0.1958	
job_A	A0A0E9NJQ8	11.3	106	6	102	231	333	0.2359	73	0.956	0.8983	0.0959	
job_A	A0A1S3TQZ8	11.5	113	1	113	35	134	0.2104	57	0.692	0.9576	0.143	
