rank	query	target	prob	evalue	bits	fident	alnlen	qcov	tcov	alntmscore
1	job_A	1ppy-assembly1.cif.gz_A	1	1.747e-24	1059	1	118	1	1	NA
2	job_A	1pqf-assembly1.cif.gz_A-2	1	3.315e-21	876	0.991	117	0.9915	0.9213	NA
3	job_A	1pt0-assembly1.cif.gz_A	1	3.315e-21	848	0.991	116	0.9831	0.9915	NA
4	job_A	1pt1-assembly1.cif.gz_A	1	8.275e-21	848	0.991	115	0.9746	0.9829	NA
5	job_A	1pyq-assembly1.cif.gz_A	1	9.278e-21	848	0.982	116	0.9831	0.9667	NA
6	job_A	Q0TLK2	1	1.612e-20	839	0.991	118	1	0.9365	NA
7	job_A	1pqe-assembly1.cif.gz_A	1	8.275e-21	838	0.991	117	0.9915	1	NA
8	job_A	B7NI91	1	1.914e-20	833	1	118	1	0.9365	NA
9	job_A	A0A376ZNN1	1	1.046e-19	831	1	118	1	0.6344	NA
10	job_A	B4SUA6	1	2.856e-20	830	0.957	118	1	0.9365	NA
11	job_A	B1IQK9	1	2.027e-20	830	1	118	1	0.9365	NA
12	job_A	B1XCA6	1	2.548e-20	828	1	118	1	0.9365	NA
13	job_A	B5YZG7	1	2.406e-20	828	1	118	1	0.9365	NA
14	job_A	B1LGT2	1	2.406e-20	827	1	118	1	0.9365	NA
15	job_A	Q3Z5M9	1	2.698e-20	826	1	118	1	0.9365	NA
16	job_A	P65663	1	3.391e-20	826	0.957	118	1	0.9365	NA
17	job_A	A7ZHM0	1	2.698e-20	826	1	118	1	0.9365	NA
18	job_A	A7ZW80	1	3.203e-20	825	1	118	1	0.9365	NA
19	job_A	P0A792	1	3.391e-20	824	1	118	1	0.9365	NA
20	job_A	B7LGJ3	1	2.856e-20	824	1	118	1	0.9365	NA
21	job_A	B7UIH9	1	3.203e-20	824	1	118	1	0.9365	NA
22	job_A	A1A7H7	1	3.203e-20	823	1	118	1	0.9365	NA
23	job_A	Q326A6	1	3.203e-20	823	1	118	1	0.9365	NA
24	job_A	C0Q5P2	1	4.263e-20	823	0.957	118	1	0.9365	NA
25	job_A	Q0T870	1	3.391e-20	822	1	118	1	0.9365	NA
26	job_A	B5FIX6	1	4.513e-20	822	0.949	118	1	0.9365	NA
27	job_A	A9MZS9	1	4.263e-20	822	0.957	118	1	0.9365	NA
28	job_A	B4TXN2	1	4.263e-20	822	0.957	118	1	0.9365	NA
29	job_A	4azd-assembly1.cif.gz_A	1	1.843e-20	822	0.991	117	0.9915	0.959	NA
30	job_A	B5F831	1	4.779e-20	821	0.957	118	1	0.9365	NA
31	job_A	P0C7I4	1	3.802e-20	820	1	118	1	0.9365	NA
32	job_A	P0A790	1	3.802e-20	820	1	118	1	0.9365	NA
33	job_A	P0A791	1	4.263e-20	820	1	118	1	0.9365	NA
34	job_A	B6HZA6	1	4.026e-20	820	1	118	1	0.9365	NA
35	job_A	B7M172	1	3.802e-20	820	1	118	1	0.9365	NA
36	job_A	1pqh-assembly1.cif.gz_A	1	1.466e-20	820	0.991	116	0.9831	0.9748	NA
37	job_A	B7MNZ3	1	4.513e-20	819	1	118	1	0.9365	NA
38	job_A	Q5PDB9	1	5.358e-20	819	0.957	118	1	0.9365	NA
39	job_A	A8ALF1	1	5.673e-20	818	0.957	118	1	0.9365	NA
40	job_A	B5RHB9	1	5.673e-20	818	0.957	118	1	0.9365	NA
41	job_A	Q32K78	1	4.263e-20	818	1	118	1	0.9365	NA
42	job_A	B7LW38	1	4.779e-20	818	1	118	1	0.9365	NA
43	job_A	B5BL63	1	5.358e-20	818	0.957	118	1	0.9365	NA
44	job_A	Q1RG60	1	4.779e-20	816	1	118	1	0.9365	NA
45	job_A	B5R3E4	1	6.007e-20	816	0.957	118	1	0.9365	NA
46	job_A	P0A793	1	4.779e-20	816	1	118	1	0.9365	NA
47	job_A	B4TK03	1	6.361e-20	816	0.957	118	1	0.9365	NA
48	job_A	B2U2X8	1	4.779e-20	816	1	118	1	0.9365	NA
49	job_A	G5S6F5	1	2.766e-19	816	0.957	118	1	0.7815	NA
50	job_A	B7N801	1	5.358e-20	815	1	118	1	0.9365	NA
51	job_A	Q57T75	1	6.735e-20	815	0.957	118	1	0.9365	NA
52	job_A	C4ZRM4	1	5.673e-20	814	1	118	1	0.9365	NA
53	job_A	1pqf-assembly1.cif.gz_B-2	1	5.783e-20	814	0.991	116	0.9831	1	NA
54	job_A	4cs0-assembly1.cif.gz_A	1	4.104e-20	813	0.991	118	1	0.9291	NA
55	job_A	P65662	1	8.466e-20	812	0.957	118	1	0.9365	NA
56	job_A	B7MBB4	1	6.361e-20	812	1	118	1	0.9365	NA
57	job_A	LevyLab_P0A792_V1_3_relaxed_B	1	2.556e-20	811	1	118	1	0.9365	NA
58	job_A	A9MPM3	1	1.193e-19	806	0.957	118	1	0.9365	NA
59	job_A	1pqhA00	1	2.889e-20	802	0.982	116	0.9831	0.9831	NA
60	job_A	4crz-assembly1.cif.gz_A	1	1.444e-19	794	0.991	118	1	0.9291	NA
61	job_A	A4W6N6	1	3.744e-19	786	0.915	118	1	0.9365	NA
62	job_A	A0A2S9UED0	1	1.826e-18	784	0.872	118	1	0.9365	NA
63	job_A	A7MGP8	1	6.634e-19	777	0.872	118	1	0.9365	NA
64	job_A	A0A0H3GRW9	1	1.172e-18	763	0.896	116	0.9831	0.928	NA
65	job_A	A0A5U3NPZ0	1	7.202e-18	757	0.954	109	0.9237	1	NA
66	job_A	A0A366I841	1	1.075e-17	754	0.813	118	1	0.9365	NA
67	job_A	B2VD17	1	5.503e-18	738	0.779	118	1	0.9365	NA
68	job_A	B4EUD1	1	7.756e-18	736	0.796	118	1	0.9365	NA
69	job_A	C6DC49	1	6.533e-18	734	0.788	118	1	0.9365	NA
70	job_A	Q7N871	1	1.298e-17	728	0.762	118	1	0.9365	NA
71	job_A	Q1C3V6	1	1.727e-17	723	0.779	118	1	0.9365	NA
72	job_A	Q6D1X4	1	8.696e-18	718	0.752	121	1.025	0.9603	NA
73	job_A	A4TPV3	1	2.577e-17	717	0.779	118	1	0.9365	NA
74	job_A	A7FM24	1	2.729e-17	716	0.788	118	1	0.9365	NA
75	job_A	A0A380QNF7	1	1.331e-16	714	0.788	118	1	0.7662	NA
76	job_A	B2K532	1	2.729e-17	712	0.788	118	1	0.9365	NA
77	job_A	A8GIZ8	1	2.89e-17	712	0.796	118	1	0.9365	NA
78	job_A	B1JK37	1	2.729e-17	711	0.788	118	1	0.9365	NA
79	job_A	A1JJN6	1	3.632e-17	707	0.788	118	1	0.9365	NA
80	job_A	Q66EG5	1	3.846e-17	706	0.788	118	1	0.9365	NA
81	job_A	Q8ZBK6	1	4.072e-17	705	0.779	118	1	0.9365	NA
82	job_A	Q1CLW2	1	4.312e-17	704	0.779	118	1	0.9365	NA
83	job_A	E9CLG3	1	2.643e-16	701	0.762	118	1	0.831	NA
84	job_A	C5B9K4	1	4.566e-17	698	0.762	118	1	0.9365	NA
85	job_A	Q2NVR4	1	1.017e-16	687	0.771	118	1	0.9365	NA
86	job_A	A9R1G4	1	1.017e-16	685	0.779	118	1	0.9365	NA
87	job_A	A0AAV3M5X5	1	8.294e-16	658	0.669	121	1.025	0.8345	NA
88	job_A	MGYP000663418353.pdb.gz	1	1.309e-15	657	0.618	118	1	0.9365	NA
89	job_A	A0A939NK16	1	1.647e-15	653	0.767	116	0.9831	0.8056	NA
90	job_A	A0A7R9LA66	1	5.17e-15	641	0.547	117	0.9915	0.8731	NA
91	job_A	A0A4R0FK03	1	9.159e-15	629	0.559	118	1	0.9365	NA
92	job_A	B8GNA7	1	2.968e-15	627	0.576	118	1	0.9365	NA
93	job_A	A0A9D7MZZ1	1	1.622e-14	627	0.578	114	0.9661	0.8702	NA
94	job_A	MGYP002624301405.pdb.gz	1	7.279e-15	626	0.591	115	0.9746	0.9664	NA
95	job_A	A0A2Z6IJ20	1	1.219e-14	625	0.521	115	0.9746	0.9055	NA
96	job_A	A0A385ESN2	1	1.219e-14	624	0.567	118	1	0.9365	NA
97	job_A	MGYP003558629309.pdb.gz	1	1.15e-14	622	0.577	116	0.9831	0.9134	NA
98	job_A	A0A970S7P9	1	1.447e-14	622	0.567	118	1	0.9365	NA
99	job_A	A5WHA7	1	3.524e-15	621	0.635	118	1	0.9365	NA
100	job_A	A0AAN4MF58	1	1.532e-14	620	0.559	118	1	0.9365	NA
101	job_A	B7I7B4	1	3.951e-15	617	0.567	118	1	0.9365	NA
102	job_A	A1VKS5	1	5.895e-15	614	0.582	115	0.9746	0.9055	NA
103	job_A	C4L931	1	1.878e-15	613	0.561	121	1.025	0.9603	NA
104	job_A	N8WBL4	1	2.421e-14	613	0.567	118	1	0.9365	NA
105	job_A	B0VTX3	1	5.258e-15	611	0.567	118	1	0.9365	NA
106	job_A	MGYP002153357048.pdb.gz	1	1.817e-14	610	0.551	116	0.9831	0.8227	NA
107	job_A	A0AAE6WUI5	1	2.564e-14	610	0.559	118	1	0.9365	NA
108	job_A	Q4FVB6	1	5.258e-15	608	0.618	118	1	0.9365	NA
109	job_A	A0A9X1WYV8	1	3.412e-14	608	0.567	118	1	0.9365	NA
110	job_A	B7GYR1	1	7.41e-15	607	0.567	118	1	0.9365	NA
111	job_A	A0A3E1D919	1	1.087e-14	607	0.578	121	1.025	0.8121	NA
112	job_A	MGYP000712290244.pdb.gz	1	1.924e-14	606	0.581	117	0.9915	1	NA
113	job_A	MGYP003379816952.pdb.gz	1	1.817e-14	605	0.612	116	0.9831	0.9134	NA
114	job_A	Q87EV8	1	9.863e-15	605	0.539	115	0.9746	0.9127	NA
115	job_A	A0A145X5I0	1	3.826e-14	605	0.559	118	1	0.9365	NA
116	job_A	A0A9D7KDB0	1	1.151e-14	605	0.57	121	1.025	0.7423	NA
117	job_A	MGYP000318103955.pdb.gz	1	4.047e-14	604	0.53	115	0.9746	1	NA
118	job_A	B8GYS2	1	1.044e-14	604	0.55	118	1	1	NA
119	job_A	B0T725	1	1.313e-14	603	0.559	118	1	1	NA
120	job_A	Q1QED7	1	7.846e-15	603	0.618	118	1	0.9365	NA
121	job_A	MGYP000684059130.pdb.gz	1	4.804e-14	602	0.535	114	0.9661	0.958	NA
122	job_A	A0A520S9G7	1	8.046e-14	601	0.539	115	0.9746	0.8647	NA
123	job_A	MGYP000920840783.pdb.gz	1	5.386e-14	600	0.573	115	0.9746	0.8156	NA
124	job_A	A0A537E5G1	1	7.598e-14	600	0.504	115	0.9746	0.8779	NA
125	job_A	MGYP001056050630.pdb.gz	1	1.15e-14	599	0.533	120	1.017	0.7317	NA
126	job_A	A1AUV5	1	1.24e-14	598	0.491	118	1	0.9008	NA
127	job_A	A0A2V5NXA9	1	8.046e-14	598	0.513	115	0.9746	0.8779	NA
128	job_A	A0A537H0G7	1	8.046e-14	598	0.504	115	0.9746	0.8712	NA
129	job_A	A0A537FB65	1	8.046e-14	598	0.495	115	0.9746	0.8712	NA
130	job_A	A0A1Q7SQP4	1	7.598e-14	598	0.504	115	0.9746	0.8712	NA
131	job_A	Q02FU1	1	5.258e-15	597	0.52	121	1.025	0.9603	NA
132	job_A	A0A537H879	1	8.046e-14	597	0.513	115	0.9746	0.8779	NA
133	job_A	A0A062UCB9	1	4.809e-14	597	0.559	118	1	0.8741	NA
134	job_A	Q7NXI9	1	1.044e-14	596	0.582	115	0.9746	0.9127	NA
135	job_A	A0A377WCL7	1	3.043e-14	596	0.85	100	0.8475	0.9709	NA
136	job_A	A0A1Q7IDQ2	1	9.02e-14	596	0.513	115	0.9746	0.8779	NA
137	job_A	A0A537FS56	1	8.046e-14	596	0.513	115	0.9746	0.8779	NA
138	job_A	MGYP000713488576.pdb.gz	1	5.087e-14	595	0.504	115	0.9746	0.9914	NA
139	job_A	A0A537FXW5	1	1.071e-13	595	0.504	115	0.9746	0.8779	NA
140	job_A	A0A060GY28	1	7.598e-14	595	0.539	115	0.9746	0.8099	NA
141	job_A	MGYP003749573623.pdb.gz	1	3.409e-14	594	0.53	115	0.9746	0.9914	NA
142	job_A	MGYP002656006116.pdb.gz	1	3.822e-14	594	0.593	118	1	0.9365	NA
143	job_A	Q31FF9	1	6.61e-15	594	0.528	121	1.025	0.938	NA
144	job_A	A0A2G2LX95	1	1.926e-14	594	0.528	121	1.025	0.9603	NA
145	job_A	A0A7Y4UKY9	1	1.622e-14	594	0.553	121	1.025	0.9603	NA
146	job_A	MGYP003327014575.pdb.gz	1	7.169e-14	593	0.539	115	0.9746	0.8582	NA
147	job_A	Q6F8I6	1	1.747e-14	593	0.567	118	1	0.9365	NA
148	job_A	B0V8G1	1	1.747e-14	593	0.567	118	1	0.9365	NA
149	job_A	A0A537GAP5	1	1.011e-13	593	0.486	115	0.9746	0.8712	NA
150	job_A	A0A537DUH3	1	1.134e-13	593	0.478	115	0.9746	0.8712	NA
151	job_A	A0A7W2GG94	1	8.046e-14	592	0.482	114	0.9661	0.8837	NA
152	job_A	A0A537DHD8	1	1.134e-13	592	0.504	115	0.9746	0.8712	NA
153	job_A	Q9RWF1	1	2.196e-14	591	0.525	118	1	0.9833	NA
154	job_A	Q21LV5	1	1.171e-14	591	0.52	121	1.025	0.9603	NA
155	job_A	A0A2N7VCF4	1	5.709e-14	591	0.586	116	0.9831	0.9062	NA
156	job_A	A0A318SFA4	1	8.519e-14	591	0.539	115	0.9746	0.8915	NA
157	job_A	A0A537HBK2	1	1.201e-13	591	0.504	115	0.9746	0.8712	NA
158	job_A	Q1IYG7	1	2.761e-14	590	0.53	115	0.9746	0.9583	NA
159	job_A	Q1H3S3	1	1.472e-14	590	0.573	115	0.9746	0.9127	NA
160	job_A	A3M2W9	1	2.074e-14	590	0.567	118	1	0.9365	NA
161	job_A	A0A1Q7BBI6	1	1.346e-13	590	0.504	115	0.9746	0.8779	NA
162	job_A	A0A1Q7QV33	1	1.425e-13	590	0.504	115	0.9746	0.8779	NA
163	job_A	Q7WHJ6	1	1.558e-14	589	0.565	115	0.9746	0.9426	NA
164	job_A	Q605G8	1	1.39e-14	589	0.567	118	1	0.9365	NA
165	job_A	A0A1F3C3U0	1	9.551e-14	589	0.526	114	0.9661	0.8702	NA
166	job_A	A0A1Q6Z855	1	9.551e-14	589	0.5	118	1	0.9008	NA
167	job_A	Q9A602	1	2.923e-14	588	0.55	118	1	1	NA
168	job_A	Q7VXF8	1	1.959e-14	588	0.556	115	0.9746	0.9426	NA
169	job_A	B4SRY6	1	6.998e-15	588	0.495	121	1.025	0.9603	NA
170	job_A	Q1QSZ7	1	1.106e-14	588	0.52	121	1.025	0.9603	NA
171	job_A	B0RTT9	1	6.61e-15	588	0.495	121	1.025	0.9603	NA
172	job_A	A0A537CBD2	1	1.425e-13	588	0.495	115	0.9746	0.8712	NA
173	job_A	A0A537FFL9	1	1.509e-13	588	0.495	115	0.9746	0.8712	NA
174	job_A	A0A2E0TA27	1	2.009e-13	588	0.57	114	0.9661	0.7862	NA
175	job_A	MGYP000591817579.pdb.gz	1	8.511e-14	587	0.577	116	0.9831	0.928	NA
176	job_A	A5G3A2	1	2.074e-14	587	0.516	118	1	0.8939	NA
177	job_A	C6E3N6	1	2.923e-14	587	0.508	118	1	0.8806	NA
178	job_A	A0A1Q7ZRG3	1	1.692e-13	587	0.504	115	0.9746	0.8779	NA
179	job_A	MGYP001348245762.pdb.gz	1	9.542e-14	586	0.589	117	0.9915	0.8731	NA
180	job_A	C1D7F0	1	3.095e-14	586	0.556	115	0.9746	0.9055	NA
181	job_A	A0A4Y6PTL4	1	1.011e-13	586	0.516	118	1	0.8741	NA
182	job_A	A0AA39CK22	1	3.043e-14	586	0.495	121	1.025	0.1971	NA
183	job_A	MGYP000712222559.pdb.gz	1	3.822e-14	585	0.55	118	1	0.9916	NA
184	job_A	MGYP002793663010.pdb.gz	1	8.511e-14	585	0.547	115	0.9746	0.8647	NA
185	job_A	B4RH30	1	3.278e-14	585	0.525	118	1	1	NA
186	job_A	A1SSG7	1	9.863e-15	585	0.537	121	1.025	0.9603	NA
187	job_A	Q3BUL4	1	8.797e-15	585	0.487	121	1.025	0.9603	NA
188	job_A	A6VCI7	1	1.106e-14	585	0.52	121	1.025	0.9603	NA
189	job_A	B5E844	1	2.607e-14	585	0.516	118	1	0.8806	NA
190	job_A	A0PV49	1	3.675e-14	585	0.508	114	0.9661	0.7972	NA
191	job_A	MGYP001103618473.pdb.gz	1	5.703e-14	584	0.495	115	0.9746	1	NA
192	job_A	MGYP001308197836.pdb.gz	1	1.199e-13	584	0.513	115	0.9746	1	NA
193	job_A	A0A1Q7P511	1	1.897e-13	584	0.478	115	0.9746	0.8712	NA
194	job_A	MGYP000719230548.pdb.gz	1	7.169e-14	583	0.561	114	0.9661	0.9661	NA
195	job_A	MGYP000645068468.pdb.gz	1	6.039e-14	583	0.526	114	0.9661	0.9344	NA
196	job_A	Q0VSR5	1	1.106e-14	583	0.52	121	1.025	0.9603	NA
197	job_A	A4VPM8	1	1.044e-14	583	0.52	121	1.025	0.9603	NA
198	job_A	A0A972J6F3	1	1.346e-13	583	0.508	118	1	0.8939	NA
199	job_A	Q2KY48	1	2.462e-14	582	0.573	115	0.9746	0.9426	NA
200	job_A	Q2P379	1	9.863e-15	582	0.495	121	1.025	0.9603	NA
201	job_A	Q8P9S8	1	1.044e-14	582	0.487	121	1.025	0.9603	NA
202	job_A	B2T171	1	1.959e-14	582	0.568	116	0.9831	0.9062	NA
203	job_A	A0A1B4PUF7	1	1.134e-13	582	0.577	116	0.9831	0.9062	NA
204	job_A	A0A929HJY0	1	1.509e-13	582	0.504	115	0.9746	0.8779	NA
205	job_A	A0A1L3MJD6	1	1.792e-13	582	0.53	115	0.9746	0.7877	NA
206	job_A	A0A3M3EW83	1	4.809e-14	582	0.52	121	1.025	0.8067	NA
207	job_A	Q7W972	1	3.675e-14	581	0.565	115	0.9746	0.9426	NA
208	job_A	MGYP003575466384.pdb.gz	1	1.895e-13	580	0.539	115	0.9746	0.7233	NA
209	job_A	MGYP001422121323.pdb.gz	1	2.157e-14	580	0.512	121	1.025	0.6954	NA
210	job_A	B2HUM1	1	3.278e-14	580	0.567	118	1	0.9365	NA
211	job_A	Q9HV68	1	1.558e-14	580	0.512	121	1.025	0.9603	NA
212	job_A	Q12F35	1	7.846e-15	580	0.561	121	1.025	0.9603	NA
213	job_A	Q47B64	1	3.095e-14	580	0.603	116	0.9831	0.9134	NA
214	job_A	A0A7C1XEQ1	1	4.051e-14	580	0.52	121	1.025	0.9603	NA
215	job_A	A0A4P2QHI4	1	1.425e-13	580	0.533	118	1	0.1728	NA
216	job_A	Q5H0A6	1	1.171e-14	579	0.495	121	1.025	0.9603	NA
217	job_A	Q9PGR7	1	1.39e-14	579	0.495	121	1.025	0.9603	NA
218	job_A	A0A2E9SLD8	1	4.542e-14	579	0.487	121	1.025	0.9603	NA
219	job_A	A0A5Q2Q6U2	1	1.425e-13	579	0.547	115	0.9746	0.8915	NA
220	job_A	A0A1Q7MNQ7	1	2.674e-13	579	0.478	115	0.9746	0.8712	NA
221	job_A	MGYP003322920064.pdb.gz	1	3.219e-14	578	0.479	121	1.025	0.7516	NA
222	job_A	B2FL70	1	1.39e-14	578	0.495	121	1.025	0.9603	NA
223	job_A	A0A0J5ZEC8	1	1.425e-13	578	0.551	116	0.9831	0.9062	NA
224	job_A	A0A537EAJ2	1	2.674e-13	578	0.486	115	0.9746	0.8712	NA
225	job_A	A0A7V4UVV9	1	1.509e-13	578	0.5	118	1	0.8806	NA
226	job_A	A0A537EST4	1	2.385e-13	578	0.504	115	0.9746	0.213	NA
227	job_A	MGYP002572355671.pdb.gz	1	1.895e-13	577	0.539	115	0.9746	1	NA
228	job_A	MGYP001817225142.pdb.gz	1	1.345e-13	577	0.504	115	0.9746	0.9914	NA
229	job_A	MGYP000375818775.pdb.gz	1	3.041e-14	577	0.528	121	1.025	0.7857	NA
230	job_A	A3Q6Y4	1	5.806e-14	577	0.491	114	0.9661	0.8444	NA
231	job_A	A0A3N6NI46	1	1.792e-13	577	0.568	116	0.9831	0.9062	NA
232	job_A	A0A937CGR1	1	1.792e-13	577	0.47	119	1.008	0.7933	NA
233	job_A	MGYP001151108538.pdb.gz	1	1.508e-13	576	0.486	115	0.9746	1	NA
234	job_A	MGYP001092925704.pdb.gz	1	1.01e-13	576	0.53	115	0.9746	0.9583	NA
235	job_A	MGYP000981740537.pdb.gz	1	5.087e-14	576	0.52	121	1.025	0.8521	NA
236	job_A	Q4UTV7	1	1.558e-14	576	0.487	121	1.025	0.9603	NA
237	job_A	A0A537DMS7	1	3.174e-13	576	0.469	115	0.9746	0.8712	NA
238	job_A	A0A2H9SED5	1	2.252e-13	576	0.466	118	1	0.8872	NA
239	job_A	MGYP000627243117.pdb.gz	1	6.394e-14	575	0.525	118	1	0.9219	NA
240	job_A	C5C713	1	6.51e-14	575	0.526	114	0.9661	0.7862	NA
241	job_A	A0A1E3RTK4	1	2.831e-13	575	0.508	114	0.9661	0.8444	NA
242	job_A	MGYP000158446366.pdb.gz	1	1.69e-13	574	0.525	116	0.9831	0.9206	NA
243	job_A	MGYP000922309069.pdb.gz	1	1.69e-13	574	0.457	118	1	0.9008	NA
244	job_A	MGYP001425965118.pdb.gz	1	1.79e-13	574	0.543	116	0.9831	0.8855	NA
245	job_A	A0A2E5YLE5	1	2.674e-13	574	0.483	118	1	1	NA
246	job_A	A0A1J5IN43	1	3.361e-13	574	0.535	114	0.9661	0.8702	NA
247	job_A	Q5SKN7	1	7.299e-14	573	0.5	114	0.9661	0.95	NA
248	job_A	Q3SH81	1	9.863e-15	573	0.545	121	1.025	0.9603	NA
249	job_A	B8JAL2	1	4.362e-14	573	0.535	114	0.9661	0.8702	NA
250	job_A	A0A2G3K0C0	1	6.401e-14	573	0.545	121	1.025	0.9603	NA
251	job_A	MGYP003983860531.pdb.gz	1	1.69e-13	572	0.508	116	0.9831	0.9748	NA
252	job_A	A0A951AUW2	1	3.174e-13	572	0.482	114	0.9661	0.8201	NA
253	job_A	MGYP001328647784.pdb.gz	1	2.382e-13	571	0.513	115	0.9746	1	NA
254	job_A	Q72L22	1	8.183e-14	571	0.5	114	0.9661	0.95	NA
255	job_A	B0U1Q4	1	2.326e-14	571	0.504	121	1.025	0.9603	NA
256	job_A	A0A7G9L2X8	1	3.361e-13	571	0.526	114	0.9661	0.8321	NA
257	job_A	Q0C2E7	1	7.728e-14	570	0.586	116	0.9831	0.9831	NA
258	job_A	Q848I5	1	2.462e-14	570	0.52	121	1.025	0.9603	NA
259	job_A	A3MLN3	1	4.362e-14	570	0.577	116	0.9831	0.9062	NA
260	job_A	Q63W98	1	4.362e-14	570	0.577	116	0.9831	0.9062	NA
261	job_A	A4T5N4	1	9.174e-14	570	0.491	114	0.9661	0.8507	NA
262	job_A	A0A0H5BBM8	1	3.558e-13	570	0.517	114	0.9661	0.8507	NA
263	job_A	A0A956GPI9	1	3.558e-13	570	0.526	114	0.9661	0.8382	NA
264	job_A	A0AAU3FUI2	1	3.558e-13	570	0.526	114	0.9661	0.8085	NA
265	job_A	X7ZVG2	1	3.174e-13	570	0.5	114	0.9661	0.6477	NA
266	job_A	MGYP003573567219.pdb.gz	1	2.523e-13	569	0.513	115	0.9746	0.9914	NA
267	job_A	C5BN52	1	4.362e-14	569	0.504	121	1.025	0.9603	NA
268	job_A	Q8PLK9	1	2.326e-14	569	0.487	121	1.025	0.9603	NA
269	job_A	Q143J3	1	3.675e-14	569	0.568	116	0.9831	0.9062	NA
270	job_A	A0A1Y5Q0Y3	1	8.519e-14	569	0.528	121	1.025	0.8067	NA
271	job_A	A0A562DMF6	1	1.271e-13	569	0.508	120	1.017	0.7407	NA
272	job_A	MGYP001329481488.pdb.gz	1	2.25e-13	568	0.539	113	0.9576	1	NA
273	job_A	Q2LSQ4	1	6.893e-14	568	0.486	115	0.9746	0.9914	NA
274	job_A	A6VUR3	1	4.362e-14	568	0.504	121	1.025	0.9603	NA
275	job_A	A1TG34	1	9.174e-14	568	0.5	114	0.9661	0.8444	NA
276	job_A	A1RAZ4	1	1.089e-13	568	0.543	114	0.9661	0.7972	NA
277	job_A	A6SUW8	1	2.252e-13	568	0.535	114	0.9661	0.958	NA
278	job_A	A0A9W3JZ81	1	2.674e-13	568	0.56	116	0.9831	0.9062	NA
279	job_A	A0A1F1TTG7	1	3.768e-13	568	0.517	114	0.9661	0.7862	NA
280	job_A	A0A0E4H235	1	3.768e-13	568	0.508	114	0.9661	0.755	NA
281	job_A	MGYP001390797120.pdb.gz	1	2.523e-13	567	0.443	115	0.9746	1	NA
282	job_A	MGYP001571684861.pdb.gz	1	3.171e-13	567	0.443	115	0.9746	1	NA
283	job_A	MGYP000453956768.pdb.gz	1	1.508e-13	567	0.5	116	0.9831	1	NA
284	job_A	MGYP001825260310.pdb.gz	1	2.125e-13	567	0.486	115	0.9746	0.9914	NA
285	job_A	MGYP000342714147.pdb.gz	1	2.523e-13	567	0.443	115	0.9746	0.9583	NA
286	job_A	MGYP003391257552.pdb.gz	1	2.25e-13	567	0.521	115	0.9746	0.9274	NA
287	job_A	MGYP002661734308.pdb.gz	1	5.703e-14	567	0.537	121	1.025	0.7516	NA
288	job_A	C1D1G6	1	1.153e-13	567	0.53	115	0.9746	0.9583	NA
289	job_A	A3NSK7	1	4.891e-14	567	0.577	116	0.9831	0.9062	NA
290	job_A	P65661	1	4.362e-14	567	0.483	120	1.017	0.8633	NA
291	job_A	A0A7Y8GW29	1	8.046e-14	567	0.495	121	1.025	0.8768	NA
292	job_A	A0A518CPW6	1	2.525e-13	567	0.47	117	0.9915	0.8125	NA
293	job_A	A0A2W2EYS6	1	4.224e-13	567	0.513	115	0.9746	0.7372	NA
294	job_A	MGYP000400674313.pdb.gz	1	2.995e-13	566	0.486	115	0.9746	0.8915	NA
295	job_A	B7V1E3	1	3.47e-14	566	0.52	121	1.025	0.9603	NA
296	job_A	A9EUF9	1	9.174e-14	566	0.542	118	1	0.9147	NA
297	job_A	A0A537HXX3	1	4.736e-13	566	0.47	117	0.9915	0.8931	NA
298	job_A	A0A2D9XUH0	1	3.174e-13	566	0.469	115	0.9746	0.8647	NA
299	job_A	A0A7Y9E157	1	3.99e-13	566	0.482	114	0.9661	0.7917	NA
300	job_A	MGYP003228010955.pdb.gz	1	3.555e-13	565	0.474	116	0.9831	0.7296	NA
301	job_A	A4G215	1	4.619e-14	565	0.543	114	0.9661	0.958	NA
302	job_A	Q3A3I8	1	9.714e-14	565	0.478	117	0.9915	0.8931	NA
303	job_A	E8UZY0	1	5.015e-13	565	0.47	117	0.9915	0.8357	NA
304	job_A	A0A845FYT2	1	1.897e-13	565	0.584	118	1	0.831	NA
305	job_A	MGYP003586476575.pdb.gz	1	7.169e-14	564	0.537	121	1.025	0.7246	NA
306	job_A	Q6ALV4	1	8.664e-14	564	0.469	115	0.9746	0.9664	NA
307	job_A	Q2T096	1	6.148e-14	564	0.568	116	0.9831	0.9062	NA
308	job_A	Q1CXC6	1	8.183e-14	564	0.469	115	0.9746	0.8846	NA
309	job_A	B1Y852	1	3.278e-14	564	0.512	121	1.025	0.9237	NA
310	job_A	A0A6H1W2X4	1	4.473e-13	564	0.5	114	0.9661	0.8321	NA
311	job_A	A0A3B0WVW7	1	1.509e-13	564	0.52	121	1.025	0.8705	NA
312	job_A	U2PT98	1	5.623e-13	564	0.543	114	0.9661	0.7081	NA
313	job_A	B0K363	1	1.153e-13	563	0.461	117	0.9915	1	NA
314	job_A	B0KC92	1	1.153e-13	563	0.461	117	0.9915	1	NA
315	job_A	Q8XVU6	1	6.893e-14	563	0.521	115	0.9746	0.9583	NA
316	job_A	A5U8S6	1	5.179e-14	563	0.483	120	1.017	0.8633	NA
317	job_A	7a8y-assembly1.cif.gz_BBB	1	2.51e-14	563	1	94	0.7966	1	NA
318	job_A	A0A5C1ANS6	1	5.015e-13	563	0.469	115	0.9746	0.7667	NA
319	job_A	MGYP001604883903.pdb.gz	1	4.732e-13	562	0.478	115	0.9746	1	NA
320	job_A	MGYP001821858063.pdb.gz	1	2.382e-13	562	0.532	109	0.9237	0.7569	NA
321	job_A	MGYP001012170205.pdb.gz	1	6.771e-14	562	0.504	121	1.025	0.7469	NA
322	job_A	MGYP000075344152.pdb.gz	1	6.394e-14	562	0.545	121	1.025	0.6612	NA
323	job_A	A2SAE9	1	6.893e-14	562	0.577	116	0.9831	0.9062	NA
324	job_A	B1JWS9	1	6.893e-14	562	0.56	116	0.9831	0.9062	NA
325	job_A	A7H796	1	7.728e-14	562	0.526	114	0.9661	0.8702	NA
326	job_A	P9WIL3	1	5.806e-14	562	0.483	120	1.017	0.8633	NA
327	job_A	B2GGA2	1	1.721e-13	562	0.508	114	0.9661	0.76	NA
328	job_A	A0A9P6PBL1	1	1.425e-13	562	0.508	122	1.034	0.7974	NA
329	job_A	MGYP003576472188.pdb.gz	1	4.22e-13	561	0.457	118	1	0.9916	NA
330	job_A	MGYP000223272754.pdb.gz	1	2.995e-13	561	0.5	118	1	0.9916	NA
331	job_A	MGYP001402378845.pdb.gz	1	1.69e-13	561	0.452	117	0.9915	0.9141	NA
332	job_A	A3N6X1	1	8.183e-14	561	0.568	116	0.9831	0.9062	NA
333	job_A	Q47NS4	1	1.293e-13	561	0.491	114	0.9661	0.8321	NA
334	job_A	P9WIL2	1	6.148e-14	561	0.483	120	1.017	0.8633	NA
335	job_A	A1SDW8	1	1.45e-13	561	0.473	114	0.9661	0.8201	NA
336	job_A	A0A1W1DU36	1	2.998e-13	561	0.5	118	1	0.9672	NA
337	job_A	A0A2U1C6Y1	1	1.271e-13	561	0.52	121	1.025	0.8705	NA
338	job_A	MGYP000269686265.pdb.gz	1	3.986e-13	560	0.456	116	0.9831	0.9831	NA
339	job_A	MGYP004003979281.pdb.gz	1	2.995e-13	560	0.504	115	0.9746	0.7099	NA
340	job_A	A2SLT3	1	1.153e-13	560	0.521	115	0.9746	0.9583	NA
341	job_A	Q62LE8	1	8.183e-14	560	0.577	116	0.9831	0.9062	NA
342	job_A	B4UHC8	1	1.221e-13	560	0.535	114	0.9661	0.8702	NA
343	job_A	C1AI59	1	6.148e-14	560	0.483	120	1.017	0.8633	NA
344	job_A	C0ZPL4	1	1.029e-13	560	0.469	115	0.9746	0.777	NA
345	job_A	A0A354R7E5	1	5.623e-13	560	0.49	108	0.9153	1	NA
346	job_A	A0A380WAE4	1	7.924e-13	560	0.452	117	0.9915	0.8931	NA
347	job_A	A0A7C4STN4	1	3.361e-13	560	0.504	121	1.025	0.9098	NA
348	job_A	C3XBD9	1	4.736e-13	560	0.535	114	0.9661	0.8382	NA
349	job_A	J6IZ40	1	6.304e-13	560	0.491	114	0.9661	0.6477	NA
350	job_A	A0A1H3GIF9	1	5.623e-13	560	0.5	114	0.9661	0.6064	NA
351	job_A	MGYP001403706410.pdb.gz	1	5.617e-13	559	0.504	115	0.9746	0.9746	NA
352	job_A	A1V5W9	1	8.183e-14	559	0.577	116	0.9831	0.9062	NA
353	job_A	B2JEQ8	1	8.664e-14	559	0.56	116	0.9831	0.9062	NA
354	job_A	Q2IGV9	1	1.029e-13	559	0.526	114	0.9661	0.8702	NA
355	job_A	A0A917JY36	1	6.304e-13	559	0.478	115	0.9746	0.8846	NA
356	job_A	D4XAJ7	1	5.31e-13	559	0.556	115	0.9746	0.8099	NA
357	job_A	E0N8L5	1	6.675e-13	559	0.521	115	0.9746	0.6686	NA
358	job_A	MGYP001294902899.pdb.gz	1	3.555e-13	558	0.532	109	0.9237	1	NA
359	job_A	MGYP000022163062.pdb.gz	1	9.542e-14	558	0.495	121	1.025	0.938	NA
360	job_A	Q3JUY9	1	9.714e-14	558	0.577	116	0.9831	0.9062	NA
361	job_A	A1KPT6	1	7.299e-14	558	0.483	120	1.017	0.8633	NA
362	job_A	A0A2D5Y189	1	9.407e-13	558	0.504	115	0.9746	0.9746	NA
363	job_A	A0A495HZN3	1	1.598e-13	558	0.52	121	1.025	0.9603	NA
364	job_A	A0A4Q5NR85	1	7.484e-13	558	0.469	113	0.9576	0.876	NA
365	job_A	A0A4R5TWA7	1	6.304e-13	558	0.517	114	0.9661	0.8085	NA
366	job_A	A0A1Y0BY55	1	7.484e-13	558	0.486	115	0.9746	0.7986	NA
367	job_A	A0A7K3LIM3	1	5.015e-13	558	0.517	114	0.9661	0.7917	NA
368	job_A	MGYP001825459011.pdb.gz	1	4.732e-13	557	0.427	117	0.9915	1	NA
369	job_A	MGYP000415487411.pdb.gz	1	5.305e-13	557	0.5	114	0.9661	0.9661	NA
370	job_A	MGYP001041294181.pdb.gz	1	3.555e-13	557	0.5	120	1.017	0.7407	NA
371	job_A	Q743Y4	1	7.299e-14	557	0.475	120	1.017	0.8392	NA
372	job_A	A0A0A0BMQ5	1	9.961e-13	557	0.5	114	0.9661	0.7917	NA
373	job_A	A0A450ZE47	1	1.598e-13	557	0.495	121	1.025	0.6914	NA
374	job_A	MGYP002054898465.pdb.gz	1	5.305e-13	556	0.521	115	0.9746	0.8333	NA
375	job_A	MGYP000457085850.pdb.gz	1	4.22e-13	556	0.508	118	1	0.7329	NA
376	job_A	MGYP003316564074.pdb.gz	1	4.732e-13	556	0.513	115	0.9746	0.7012	NA
377	job_A	Q0AMS2	1	3.049e-13	556	0.508	114	0.9661	0.9421	NA
378	job_A	Q1B2L9	1	2.163e-13	556	0.491	114	0.9661	0.8444	NA
379	job_A	B8H729	1	2.043e-13	556	0.491	114	0.9661	0.8085	NA
380	job_A	C1BA76	1	4.891e-14	556	0.458	120	1.017	0.8108	NA
381	job_A	Q0S8D4	1	4.891e-14	556	0.466	120	1.017	0.8108	NA
382	job_A	A0A286EHZ7	1	8.884e-13	556	0.486	115	0.9746	0.8915	NA
383	job_A	A0A2E3NF17	1	5.623e-13	556	0.478	115	0.9746	0.8647	NA
384	job_A	A0A6P2CDE7	1	5.954e-13	556	0.486	115	0.9746	0.7566	NA
385	job_A	G0AAT4	1	1.692e-13	556	0.52	121	1.025	0.7707	NA
386	job_A	MGYP003570978910.pdb.gz	1	3.555e-13	555	0.5	118	1	0.9365	NA
387	job_A	Q9ZHI5	1	8.183e-14	555	0.556	115	0.9746	0.9583	NA
388	job_A	B2UC88	1	4.619e-14	555	0.516	120	1.017	1	NA
389	job_A	C1DFK0	1	3.675e-14	555	0.512	121	1.025	0.9603	NA
390	job_A	A1WBI2	1	4.12e-14	555	0.512	121	1.025	0.9603	NA
391	job_A	A1KUB3	1	2.163e-13	555	0.504	115	0.9746	0.9055	NA
392	job_A	P58286	1	2.291e-13	555	0.517	114	0.9661	0.8201	NA
393	job_A	A4F6T1	1	2.043e-13	555	0.517	114	0.9661	0.6994	NA
394	job_A	A0A3A8JLZ9	1	5.31e-13	555	0.457	118	1	0.9077	NA
395	job_A	MGYP000972457010.pdb.gz	1	4.22e-13	554	0.473	114	0.9661	0.9744	NA
396	job_A	MGYP001287226198.pdb.gz	1	6.298e-13	554	0.453	119	1.008	1	NA
397	job_A	MGYP002725781318.pdb.gz	1	7.061e-13	554	0.466	118	1	0.9916	NA
398	job_A	MGYP001292661535.pdb.gz	1	6.298e-13	554	0.452	115	0.9746	0.92	NA
399	job_A	B4RMD5	1	2.291e-13	554	0.504	115	0.9746	0.9055	NA
400	job_A	A0A7C7QZS8	1	7.924e-13	554	0.432	118	1	1	NA
401	job_A	A0A895YBB4	1	9.961e-13	554	0.473	114	0.9661	0.8636	NA
402	job_A	A0A7K0BXZ1	1	7.068e-13	554	0.508	114	0.9661	0.8261	NA
403	job_A	MGYP001475344962.pdb.gz	1	4.469e-13	553	0.486	109	0.9237	1	NA
404	job_A	MGYP000002897401.pdb.gz	1	1.181e-12	553	0.508	114	0.9661	0.9661	NA
405	job_A	MGYP000404276504.pdb.gz	1	5.01e-13	553	0.457	118	1	1	NA
406	job_A	MGYP001563532470.pdb.gz	1	6.298e-13	553	0.443	115	0.9746	0.9746	NA
407	job_A	Q5WSM2	1	1.822e-13	553	0.495	115	0.9746	0.8647	NA
408	job_A	A0A2E3SMX6	1	7.484e-13	553	0.469	115	0.9746	1	NA
409	job_A	A0A357BTC8	1	1.182e-12	553	0.469	115	0.9746	0.8582	NA
410	job_A	A0A7W0HR21	1	2.831e-13	553	0.495	119	1.008	0.875	NA
411	job_A	A0A316ASK6	1	7.484e-13	553	0.478	115	0.9746	0.7143	NA
412	job_A	A0A7Z0K9A5	1	4.224e-13	553	0.495	121	1.025	0.4368	NA
413	job_A	MGYP003321794768.pdb.gz	1	5.617e-13	552	0.509	108	0.9153	1	NA
414	job_A	MGYP001598439181.pdb.gz	1	6.298e-13	552	0.408	115	0.9746	0.9914	NA
415	job_A	MGYP001601605517.pdb.gz	1	5.305e-13	552	0.426	115	0.9746	0.9914	NA
416	job_A	MGYP000356753217.pdb.gz	1	3.764e-13	552	0.483	118	1	0.7239	NA
417	job_A	MGYP000430457134.pdb.gz	1	2.007e-13	552	0.618	110	0.9322	0.6077	NA
418	job_A	B8I2Z2	1	2.568e-13	552	0.5	116	0.9831	0.9062	NA
419	job_A	A0A961FD44	1	9.407e-13	552	0.5	114	0.9661	0.9268	NA
420	job_A	A0A8T7KAF8	1	5.954e-13	552	0.474	116	0.9831	0.7342	NA
421	job_A	MGYP001606821868.pdb.gz	1	7.917e-13	551	0.478	115	0.9746	0.92	NA
422	job_A	MGYP000638610917.pdb.gz	1	1.79e-13	551	0.518	137	1.161	0.8671	NA
423	job_A	Q3JCP7	1	5.806e-14	551	0.487	121	1.025	0.9603	NA
424	job_A	A9BV13	1	4.619e-14	551	0.52	121	1.025	0.9603	NA
425	job_A	Q9JU49	1	2.719e-13	551	0.513	115	0.9746	0.9055	NA
426	job_A	A0K9L6	1	1.369e-13	551	0.56	116	0.9831	0.9062	NA
427	job_A	A0A139D473	1	8.884e-13	551	0.482	114	0.9661	0.8769	NA
428	job_A	A0A9E4MP87	1	1.055e-12	551	0.5	114	0.9661	0.8636	NA
429	job_A	A0A940QIR5	1	1.055e-12	551	0.474	118	1	0.8613	NA
430	job_A	A0A6L4YBF8	1	1.117e-12	551	0.457	118	1	0.8138	NA
431	job_A	A0A0W0VG54	1	8.391e-13	551	0.521	115	0.9746	0.7616	NA
432	job_A	A0A1B1BEP8	1	9.961e-13	551	0.517	114	0.9661	0.6867	NA
433	job_A	MGYP000694238484.pdb.gz	1	5.948e-13	550	0.452	115	0.9746	0.9914	NA
434	job_A	MGYP000103159175.pdb.gz	1	7.917e-13	550	0.444	117	0.9915	1	NA
435	job_A	MGYP001376066264.pdb.gz	1	1.054e-12	550	0.533	118	1	1	NA
436	job_A	MGYP001060208049.pdb.gz	1	7.061e-13	550	0.483	118	1	1	NA
437	job_A	MGYP001787631810.pdb.gz	1	5.617e-13	550	0.516	118	1	0.9916	NA
438	job_A	MGYP000853111839.pdb.gz	1	2.007e-13	550	0.479	121	1.025	0.938	NA
439	job_A	MGYP000164375132.pdb.gz	1	9.951e-13	550	0.53	115	0.9746	0.8582	NA
440	job_A	A0A1V5QXN3	1	6.675e-13	550	0.5	116	0.9831	0.9431	NA
441	job_A	A0A2D4SRC0	1	1.574e-12	550	0.486	115	0.9746	0.8915	NA
442	job_A	MGYP002724429324.pdb.gz	1	6.298e-13	549	0.4	115	0.9746	1	NA
443	job_A	MGYP001614325963.pdb.gz	1	8.383e-13	549	0.393	117	0.9915	1	NA
444	job_A	MGYP000697627011.pdb.gz	1	1.69e-13	549	0.495	123	1.042	1	NA
445	job_A	MGYP000615536075.pdb.gz	1	1.895e-13	549	0.487	121	1.025	0.9603	NA
446	job_A	MGYP000585587891.pdb.gz	1	5.305e-13	549	0.509	110	0.9322	0.7006	NA
447	job_A	Q9AMS6	1	2.719e-13	549	0.435	117	0.9915	1	NA
448	job_A	A0LF66	1	2.291e-13	549	0.46	115	0.9746	0.9274	NA
449	job_A	Q5ZRF3	1	2.425e-13	549	0.486	115	0.9746	0.8647	NA
450	job_A	A0A960PLB6	1	8.391e-13	549	0.469	115	0.9746	0.8156	NA
451	job_A	MGYP000100161621.pdb.gz	1	1.054e-12	548	0.46	113	0.9576	0.876	NA
452	job_A	MGYP000436253957.pdb.gz	1	1.116e-12	548	0.478	115	0.9746	0.777	NA
453	job_A	MGYP002356366584.pdb.gz	1	4.22e-13	548	0.57	114	0.9661	0.7403	NA
454	job_A	MGYP002651831525.pdb.gz	1	2.523e-13	548	0.483	120	1.017	0.6593	NA
455	job_A	A1WUU3	1	6.893e-14	548	0.495	121	1.025	0.9603	NA
456	job_A	A0AAW8EPG2	1	2.831e-13	548	0.495	121	1.025	0.9603	NA
457	job_A	A0A1F9API6	1	1.404e-12	548	0.432	118	1	0.9147	NA
458	job_A	A0A1Q7A8P0	1	1.404e-12	548	0.434	115	0.9746	0.8647	NA
459	job_A	C6M2F7	1	1.117e-12	548	0.521	115	0.9746	0.7718	NA
460	job_A	A0A4R6VI13	1	1.326e-12	548	0.482	114	0.9661	0.5907	NA
461	job_A	A0A1C4VEB4	1	4.473e-13	548	0.491	120	1.017	0.2752	NA
462	job_A	MGYP001579751948.pdb.gz	1	8.876e-13	547	0.417	115	0.9746	0.9504	NA
463	job_A	MGYP003377599039.pdb.gz	1	1.424e-13	547	0.512	119	1.008	0.7532	NA
464	job_A	A5CNC0	1	3.832e-13	547	0.513	115	0.9746	0.8333	NA
465	job_A	A0A1M7XY14	1	1.574e-12	547	0.491	114	0.9661	0.8444	NA
466	job_A	A0AB37U538	1	1.404e-12	547	0.526	114	0.9661	0.8201	NA
467	job_A	A0A0W0XH37	1	1.326e-12	547	0.495	115	0.9746	0.7877	NA
468	job_A	A0A923TNC7	1	1.404e-12	547	0.473	114	0.9661	0.7651	NA
469	job_A	A0A2H5B0T4	1	1.574e-12	547	0.5	114	0.9661	0.6951	NA
470	job_A	F8A4S3	1	1.868e-12	547	0.491	114	0.9661	0.5534	NA
471	job_A	A0A510V087	1	1.978e-12	547	0.508	114	0.9661	0.5534	NA
472	job_A	MGYP001598327328.pdb.gz	1	1.181e-12	546	0.525	116	0.9831	0.9831	NA
473	job_A	MGYP000527034641.pdb.gz	1	1.69e-13	546	0.487	121	1.025	0.9918	NA
474	job_A	MGYP001182013980.pdb.gz	1	9.951e-13	546	0.46	115	0.9746	0.7419	NA
475	job_A	A9WT19	1	1.029e-13	546	0.462	119	1.008	0.8623	NA
476	job_A	A0A960QEB0	1	1.182e-12	546	0.491	114	0.9661	0.9048	NA
477	job_A	A0AA37UKQ7	1	3.768e-13	546	0.52	121	1.025	0.8897	NA
478	job_A	A0A6L9S2L1	1	1.252e-12	546	0.447	114	0.9661	0.8085	NA
479	job_A	A0A960AEZ3	1	1.667e-12	546	0.491	114	0.9661	0.7037	NA
480	job_A	A0A1G9TMH6	1	1.326e-12	546	0.491	114	0.9661	0.6951	NA
481	job_A	MGYP001146782831.pdb.gz	1	8.876e-13	545	0.434	115	0.9746	0.9914	NA
482	job_A	MGYP000545342881.pdb.gz	1	8.383e-13	545	0.417	115	0.9746	0.9914	NA
483	job_A	MGYP000458403935.pdb.gz	1	8.876e-13	545	0.41	117	0.9915	1	NA
484	job_A	MGYP003382742344.pdb.gz	1	7.917e-13	545	0.415	118	1	1	NA
485	job_A	MGYP000423840645.pdb.gz	1	1.402e-12	545	0.495	115	0.9746	0.8214	NA
486	job_A	A0A9D9E0L1	1	1.117e-12	545	0.456	116	0.9831	0.9831	NA
487	job_A	A0A4Q2TAS9	1	1.978e-12	545	0.482	114	0.9661	0.8261	NA
488	job_A	A0A4R2JLQ8	1	1.404e-12	545	0.464	114	0.9661	0.6826	NA
489	job_A	A0A0H5CSH0	1	1.182e-12	545	0.482	114	0.9661	0.2714	NA
490	job_A	MGYP001415677350.pdb.gz	1	2.382e-13	544	0.504	121	1.025	0.938	NA
491	job_A	MGYP002887363840.pdb.gz	1	8.876e-13	544	0.521	115	0.9746	0.7143	NA
492	job_A	B9MEY1	1	8.183e-14	544	0.512	121	1.025	0.9603	NA
493	job_A	1pyu-assembly1.cif.gz_B	1	4.447e-14	544	1	91	0.7712	0.9891	NA
494	job_A	3tm7-assembly1.cif.gz_B	1	7.878e-14	544	0.989	94	0.7966	1	NA
495	job_A	T0ZHU4	1	8.391e-13	544	0.544	112	0.9492	0.8889	NA
496	job_A	A0A1F9BPQ1	1	8.884e-13	544	0.432	118	1	0.9291	NA
497	job_A	A0A1X7CAT6	1	2.095e-12	544	0.5	114	0.9661	0.76	NA
498	job_A	A0A975MIG1	1	5.954e-13	544	0.471	121	1.025	0.7658	NA
499	job_A	A0A402DR51	1	2.218e-12	544	0.482	114	0.9661	0.6786	NA
500	job_A	MGYP000917350809.pdb.gz	1	5.948e-13	543	0.449	118	1	0.9916	NA
501	job_A	MGYP000856686651.pdb.gz	1	1.181e-12	543	0.504	115	0.9746	0.8456	NA
502	job_A	B3R6Q3	1	7.299e-14	543	0.55	120	1.017	1	NA
503	job_A	B3PCR4	1	2.425e-13	543	0.5	118	1	0.9365	NA
504	job_A	Q9JZ56	1	1.089e-13	543	0.495	121	1.025	0.9528	NA
505	job_A	B1YUU0	1	2.425e-13	543	0.551	116	0.9831	0.9062	NA
506	job_A	A0A1Q8BJ07	1	1.574e-12	543	0.513	111	0.9407	0.9024	NA
507	job_A	A0A2V8T945	1	1.574e-12	543	0.486	115	0.9746	0.8984	NA
508	job_A	A0A538N4S7	1	1.868e-12	543	0.482	114	0.9661	0.76	NA
509	job_A	MGYP000609115953.pdb.gz	1	1.325e-12	542	0.443	115	0.9746	0.9914	NA
510	job_A	MGYP000480172304.pdb.gz	1	1.251e-12	542	0.421	114	0.9661	0.958	NA
511	job_A	MGYP000093056791.pdb.gz	1	1.508e-13	542	0.544	123	1.042	0.9462	NA
512	job_A	MGYP003946117303.pdb.gz	1	1.116e-12	542	0.473	114	0.9661	0.8636	NA
513	job_A	MGYP001025664304.pdb.gz	1	5.305e-13	542	0.474	118	1	0.8138	NA
514	job_A	MGYP003440045299.pdb.gz	1	7.477e-13	542	0.539	115	0.9746	0.7667	NA
515	job_A	Q39DU8	1	4.619e-14	542	0.52	123	1.042	0.9609	NA
516	job_A	A0QA94	1	4.058e-13	542	0.5	114	0.9661	0.7972	NA
517	job_A	2c45C00	1	9.278e-14	542	0.504	113	0.9576	0.9912	NA
518	job_A	2c45-assembly1.cif.gz_C	1	1.176e-13	542	0.504	113	0.9576	1	NA
519	job_A	A0A1G6R1R9	1	2.218e-12	542	0.5	114	0.9661	0.9421	NA
520	job_A	A0A1M3EMY0	1	2.487e-12	542	0.444	117	0.9915	0.936	NA
521	job_A	A0A1G0ZRM3	1	2.788e-12	542	0.417	115	0.9746	0.9127	NA
522	job_A	A0A7V9DVE6	1	2.095e-12	542	0.469	115	0.9746	0.8333	NA
523	job_A	E5AN51	1	4.736e-13	542	0.516	122	1.034	0.7974	NA
524	job_A	A0AB33VFQ7	1	4.224e-13	542	0.508	120	1.017	0.6704	NA
525	job_A	MGYP000883072472.pdb.gz	1	1.251e-12	541	0.426	115	0.9746	0.9914	NA
526	job_A	MGYP001490600771.pdb.gz	1	1.181e-12	541	0.423	118	1	0.9916	NA
527	job_A	MGYP000699270788.pdb.gz	1	3.986e-13	541	0.471	121	1.025	0.7202	NA
528	job_A	B1VHK2	1	3.049e-13	541	0.508	114	0.9661	0.8201	NA
529	job_A	A0A6G3DCG1	1	1.978e-12	541	0.508	114	0.9661	0.8201	NA
530	job_A	A0A850DK61	1	3.99e-13	541	0.441	120	1.017	0.7273	NA
531	job_A	A0A511JCK4	1	2.788e-12	541	0.5	114	0.9661	0.6264	NA
532	job_A	MGYP002782525138.pdb.gz	1	1.116e-12	540	0.417	115	0.9746	0.9829	NA
533	job_A	MGYP003295157574.pdb.gz	1	1.116e-12	540	0.452	115	0.9746	0.9664	NA
534	job_A	MGYP002813486152.pdb.gz	1	5.617e-13	540	0.495	119	1.008	0.9154	NA
535	job_A	MGYP000440973743.pdb.gz	1	2.671e-13	540	0.512	121	1.025	0.7562	NA
536	job_A	A6LWN4	1	2.719e-13	540	0.454	121	1.025	0.9758	NA
537	job_A	Q12D75	1	1.029e-13	540	0.52	121	1.025	0.9603	NA
538	job_A	Q0BCS7	1	7.299e-14	540	0.516	122	1.034	0.9531	NA
539	job_A	A1UMH9	1	4.549e-13	540	0.491	114	0.9661	0.8444	NA
540	job_A	Q9CD57	1	4.549e-13	540	0.491	114	0.9661	0.8028	NA
541	job_A	A0A3M1Z6A1	1	2.487e-12	540	0.5	114	0.9661	0.95	NA
542	job_A	A0A3D4WVD5	1	2.095e-12	540	0.469	115	0.9746	0.935	NA
543	job_A	A0A1D3DYD7	1	1.868e-12	540	0.517	114	0.9661	0.8201	NA
544	job_A	A0A833M6G0	1	1.486e-12	540	0.474	118	1	0.831	NA
545	job_A	A0A9D6ZM43	1	1.182e-12	540	0.482	114	0.9661	0.7862	NA
546	job_A	H8KXH0	1	1.404e-12	540	0.495	115	0.9746	0.777	NA
547	job_A	A0A7W7G7Z9	1	2.349e-12	540	0.491	114	0.9661	0.7261	NA
548	job_A	A0A062X005	1	1.978e-12	540	0.491	114	0.9661	0.7125	NA
549	job_A	A0A653T900	1	1.326e-12	540	0.464	114	0.9661	0.6264	NA
550	job_A	MGYP000376677603.pdb.gz	1	4.732e-13	539	0.466	120	1.017	1	NA
551	job_A	MGYP001809676018.pdb.gz	1	1.325e-12	539	0.434	115	0.9746	0.8984	NA
552	job_A	MGYP002738942707.pdb.gz	1	1.867e-12	539	0.443	115	0.9746	0.8915	NA
553	job_A	MGYP002619717580.pdb.gz	1	1.485e-12	539	0.526	114	0.9661	0.8507	NA
554	job_A	MGYP000678053849.pdb.gz	1	4.732e-13	539	0.528	121	1.025	0.8521	NA
555	job_A	A0PXQ5	1	2.291e-13	539	0.433	120	1.017	0.9756	NA
556	job_A	A8M8F2	1	5.101e-13	539	0.482	114	0.9661	0.8085	NA
557	job_A	Q2JE00	1	5.401e-13	539	0.474	116	0.9831	0.7532	NA
558	job_A	A0A2V6CE69	1	2.487e-12	539	0.408	115	0.9746	0.9583	NA
559	job_A	A0A4V1BDW7	1	2.487e-12	539	0.5	114	0.9661	0.8143	NA
560	job_A	MGYP001568335654.pdb.gz	1	1.977e-12	538	0.443	115	0.9746	0.9914	NA
561	job_A	MGYP001082696806.pdb.gz	1	1.054e-12	538	0.447	114	0.9661	0.9661	NA
562	job_A	MGYP001048775435.pdb.gz	1	4.22e-13	538	0.462	121	1.025	0.903	NA
563	job_A	A4SWK6	1	3.228e-13	538	0.53	115	0.9746	0.9583	NA
564	job_A	A5CW02	1	3.418e-13	538	0.469	115	0.9746	0.9055	NA
565	job_A	Q3A9L2	1	2.163e-13	538	0.454	121	1.025	0.9528	NA
566	job_A	A0A3D1CW71	1	1.868e-12	538	0.47	117	0.9915	1	NA
567	job_A	A0A395M3M6	1	1.868e-12	538	0.469	115	0.9746	0.8712	NA
568	job_A	A0A7Y2PA35	1	7.068e-13	538	0.471	121	1.025	0.903	NA
569	job_A	A0A1I1I7N6	1	1.117e-12	538	0.495	117	0.9915	0.8667	NA
570	job_A	A0A5E4Y3Y2	1	4.473e-13	538	0.508	122	1.034	0.8592	NA
571	job_A	A0A918R5Y9	1	2.349e-12	538	0.5	114	0.9661	0.7355	NA
572	job_A	A0A4Q5T8L7	1	2.487e-12	538	0.473	114	0.9661	0.7308	NA
573	job_A	A0A2T6L7F2	1	2.487e-12	538	0.473	114	0.9661	0.6826	NA
574	job_A	MGYP000984397545.pdb.gz	1	1.181e-12	537	0.523	107	0.9068	0.9907	NA
575	job_A	MGYP001119428792.pdb.gz	1	1.181e-12	537	0.53	113	0.9576	0.9912	NA
576	job_A	MGYP001497146253.pdb.gz	1	1.977e-12	537	0.426	115	0.9746	0.9746	NA
577	job_A	MGYP001796485178.pdb.gz	1	1.763e-12	537	0.512	119	1.008	0.8623	NA
578	job_A	A9AHJ2	1	9.714e-14	537	0.524	122	1.034	0.9531	NA
579	job_A	Q88Z02	1	6.412e-13	537	0.482	114	0.9661	0.8769	NA
580	job_A	A0A948G1R4	1	2.952e-12	537	0.4	115	0.9746	0.9746	NA
581	job_A	A0A0Q1B199	1	1.978e-12	537	0.469	115	0.9746	0.9746	NA
582	job_A	A0A929D4T2	1	2.487e-12	537	0.464	114	0.9661	0.8702	NA
583	job_A	L8P0Z5	1	2.095e-12	537	0.473	114	0.9661	0.755	NA
584	job_A	A0A1V5KP05	1	1.404e-12	537	0.435	117	0.9915	0.7697	NA
585	job_A	F8AZB5	1	2.349e-12	537	0.473	114	0.9661	0.6514	NA
586	job_A	A0A1G7CB15	1	2.349e-12	537	0.491	114	0.9661	0.5455	NA
587	job_A	A0A1G9PPG5	1	1.765e-12	537	0.486	115	0.9746	0.4936	NA
588	job_A	MGYP003343117141.pdb.gz	1	1.867e-12	536	0.385	114	0.9661	0.9828	NA
589	job_A	MGYP001490889004.pdb.gz	1	1.867e-12	536	0.443	115	0.9746	0.9746	NA
590	job_A	MGYP000414163556.pdb.gz	1	4.469e-13	536	0.491	120	1.017	1	NA
591	job_A	MGYP001287121213.pdb.gz	1	2.828e-13	536	0.409	122	1.034	0.9242	NA
592	job_A	Q65I58	1	1.721e-13	536	0.479	121	1.025	0.9528	NA
593	job_A	Q2RM59	1	9.568e-13	536	0.456	114	0.9661	0.8906	NA
594	job_A	A0LRC6	1	6.055e-13	536	0.482	114	0.9661	0.8382	NA
595	job_A	B8ZU50	1	2.719e-13	536	0.466	120	1.017	0.8451	NA
596	job_A	Q0RB93	1	6.412e-13	536	0.482	114	0.9661	0.6706	NA
597	job_A	A0A8T3KMG0	1	2.349e-12	536	0.443	115	0.9746	0.9914	NA
598	job_A	A0A7C6KZ59	1	2.487e-12	536	0.444	117	0.9915	1	NA
599	job_A	A0A3M0ZIH5	1	2.788e-12	536	0.482	116	0.9831	0.8923	NA
600	job_A	A0A6C1SX81	1	2.349e-12	536	0.443	115	0.9746	0.8846	NA
601	job_A	A0A968TUE1	1	7.068e-13	536	0.446	121	1.025	0.8963	NA
602	job_A	A0A961S9W9	1	3.929e-12	536	0.46	115	0.9746	0.8519	NA
603	job_A	A0A1H6YRE2	1	2.952e-12	536	0.464	114	0.9661	0.7081	NA
604	job_A	MGYP001139996924.pdb.gz	1	1.251e-12	535	0.443	115	0.9746	0.9914	NA
605	job_A	MGYP001201087438.pdb.gz	1	2.216e-12	535	0.46	115	0.9746	0.9746	NA
606	job_A	MGYP001320448728.pdb.gz	1	1.867e-12	535	0.469	115	0.9746	0.9664	NA
607	job_A	MGYP000564559727.pdb.gz	1	1.665e-12	535	0.469	115	0.9746	0.9664	NA
608	job_A	MGYP000228404206.pdb.gz	1	1.977e-12	535	0.486	115	0.9746	0.8582	NA
609	job_A	MGYP000290376861.pdb.gz	1	4.22e-13	535	0.479	121	1.025	0.6994	NA
610	job_A	A0A1Q7ASG4	1	1.978e-12	535	0.426	115	0.9746	0.9914	NA
611	job_A	A0A8J6LTK2	1	2.952e-12	535	0.478	115	0.9746	0.7516	NA
612	job_A	A0A7C2EQ04	1	3.126e-12	535	0.491	116	0.9831	0.7532	NA
613	job_A	A0A3T0Y984	1	9.961e-13	535	0.495	119	1.008	0.7532	NA
614	job_A	A0A365ZGK0	1	2.952e-12	535	0.447	114	0.9661	0.6867	NA
615	job_A	MGYP001559879655.pdb.gz	1	1.867e-12	534	0.443	115	0.9746	0.9914	NA
616	job_A	MGYP000561645559.pdb.gz	1	2.216e-12	534	0.46	115	0.9746	0.9914	NA
617	job_A	MGYP000498166249.pdb.gz	1	2.485e-12	534	0.408	115	0.9746	0.9583	NA
618	job_A	Q5X0V0	1	6.412e-13	534	0.486	115	0.9746	0.8647	NA
619	job_A	A8LCM7	1	8.059e-13	534	0.482	114	0.9661	0.7651	NA
620	job_A	A0A7X7F9N7	1	2.633e-12	534	0.411	119	1.008	0.9917	NA
621	job_A	E6W3Q9	1	3.126e-12	534	0.443	115	0.9746	0.8846	NA
622	job_A	A0A543AWS3	1	3.711e-12	534	0.482	114	0.9661	0.7403	NA
623	job_A	A0A2A9F0U0	1	3.505e-12	534	0.5	114	0.9661	0.5729	NA
624	job_A	MGYP000300015266.pdb.gz	1	8.876e-13	533	0.418	117	0.9915	1.017	NA
625	job_A	MGYP002683649790.pdb.gz	1	1.665e-12	533	0.408	115	0.9746	1	NA
626	job_A	MGYP001771016542.pdb.gz	1	2.346e-12	533	0.438	114	0.9661	0.9661	NA
627	job_A	MGYP000963490511.pdb.gz	1	1.402e-12	533	0.469	113	0.9576	0.9496	NA
628	job_A	MGYP000282913720.pdb.gz	1	2.093e-12	533	0.4	115	0.9746	0.9664	NA
629	job_A	MGYP001548782846.pdb.gz	1	6.669e-13	533	0.504	121	1.025	0.9837	NA
630	job_A	MGYP003576238486.pdb.gz	1	1.402e-12	533	0.504	115	0.9746	0.7986	NA
631	job_A	MGYP001060991336.pdb.gz	1	7.061e-13	533	0.413	121	1.025	0.7202	NA
632	job_A	MGYP000014694787.pdb.gz	1	1.402e-12	533	0.5	114	0.9661	0.6746	NA
633	job_A	MGYP001494345531.pdb.gz	1	2.828e-13	533	0.459	122	1.034	0.674	NA
634	job_A	A1AXA6	1	5.401e-13	533	0.46	115	0.9746	0.9664	NA
635	job_A	A4JGX2	1	1.153e-13	533	0.524	122	1.034	0.9531	NA
636	job_A	Q3AQL9	1	9.036e-13	533	0.452	115	0.9746	0.8915	NA
637	job_A	A0A939XGU5	1	2.095e-12	533	0.521	115	0.9746	1.009	NA
638	job_A	A0A948C8U0	1	3.126e-12	533	0.377	114	0.9661	0.9661	NA
639	job_A	A0A937LHY9	1	2.487e-12	533	0.426	115	0.9746	0.92	NA
640	job_A	A0A5C6E1X9	1	2.633e-12	533	0.438	114	0.9661	0.8444	NA
641	job_A	A0A2E5IBU2	1	1.182e-12	533	0.479	121	1.025	0.8643	NA
642	job_A	A0A5J4KD92	1	2.788e-12	533	0.5	114	0.9661	0.8143	NA
643	job_A	A0A1Y2K3Z0	1	7.924e-13	533	0.479	123	1.042	0.8601	NA
644	job_A	A0A518GJL3	1	2.633e-12	533	0.415	118	1	0.7815	NA
645	job_A	A0A1X1MH73	1	3.126e-12	533	0.491	116	0.9831	0.7582	NA
646	job_A	A0A345SYU4	1	3.505e-12	533	0.5	114	0.9661	0.6786	NA
647	job_A	A0A455U071	1	9.407e-13	533	0.504	121	1.025	0.284	NA
648	job_A	MGYP000262096574.pdb.gz	1	2.216e-12	532	0.426	115	0.9746	1	NA
649	job_A	MGYP002628003601.pdb.gz	1	1.763e-12	532	0.465	116	0.9831	0.9667	NA
650	job_A	MGYP000215212816.pdb.gz	1	1.977e-12	532	0.525	116	0.9831	0.8722	NA
651	job_A	MGYP000299510621.pdb.gz	1	8.383e-13	532	0.462	121	1.025	0.7423	NA
652	job_A	MGYP001014743219.pdb.gz	1	2.093e-12	532	0.478	115	0.9746	0.7055	NA
653	job_A	B9ML76	1	8.534e-13	532	0.413	116	0.9831	0.9062	NA
654	job_A	A0K1U2	1	9.036e-13	532	0.508	114	0.9661	0.8028	NA
655	job_A	A4XCQ3	1	6.789e-13	532	0.473	114	0.9661	0.8028	NA
656	job_A	A0A1G1PQ70	1	3.126e-12	532	0.452	117	0.9915	1	NA
657	job_A	A0A960WDI9	1	3.126e-12	532	0.449	118	1	0.9833	NA
658	job_A	A0A7X7A0W9	1	3.126e-12	532	0.469	115	0.9746	0.935	NA
659	job_A	A0A9Q4CU88	1	4.665e-12	532	0.486	115	0.9746	0.8394	NA
660	job_A	MGYP001274810269.pdb.gz	1	1.867e-12	531	0.4	115	0.9746	0.9914	NA
661	job_A	MGYP000494623141.pdb.gz	1	1.977e-12	531	0.394	114	0.9661	0.9828	NA
662	job_A	MGYP000653862430.pdb.gz	1	2.216e-12	531	0.382	115	0.9746	0.9746	NA
663	job_A	MGYP000655916503.pdb.gz	1	2.786e-12	531	0.417	115	0.9746	0.9746	NA
664	job_A	MGYP000027919866.pdb.gz	1	2.346e-12	531	0.486	115	0.9746	0.9664	NA
665	job_A	MGYP001064211614.pdb.gz	1	2.216e-12	531	0.469	115	0.9746	0.9504	NA
666	job_A	MGYP001443613308.pdb.gz	1	2.093e-12	531	0.384	117	0.9915	0.9512	NA
667	job_A	MGYP002522875018.pdb.gz	1	1.054e-12	531	0.486	113	0.9576	0.8898	NA
668	job_A	MGYP003606556641.pdb.gz	1	4.469e-13	531	0.479	121	1.025	0.9453	NA
669	job_A	MGYP000847814768.pdb.gz	1	2.786e-12	531	0.421	114	0.9661	0.8837	NA
670	job_A	B4SCF6	1	1.013e-12	531	0.434	115	0.9746	0.8984	NA
671	job_A	Q826E8	1	4.817e-13	531	0.487	119	1.008	0.8561	NA
672	job_A	A0A7Y8MLW9	1	1.326e-12	531	0.582	103	0.8729	1	NA
673	job_A	A0A944UGC7	1	2.952e-12	531	0.436	119	1.008	0.9597	NA
674	job_A	A0AA48KFW1	1	3.126e-12	531	0.508	114	0.9661	0.8976	NA
675	job_A	A0A944EAL2	1	3.505e-12	531	0.456	114	0.9661	0.8085	NA
676	job_A	A0A8J7HKL6	1	2.349e-12	531	0.412	114	0.9661	0.8028	NA
677	job_A	A0A7J5UNL4	1	4.406e-12	531	0.447	114	0.9661	0.6786	NA
678	job_A	A0A7J9V2R9	1	4.161e-12	531	0.447	114	0.9661	0.6786	NA
679	job_A	A0A1C6RBZ0	1	4.161e-12	531	0.491	114	0.9661	0.5787	NA
680	job_A	MGYP003621543984.pdb.gz	1	1.181e-12	530	0.517	112	0.9492	1	NA
681	job_A	MGYP001260111501.pdb.gz	1	2.346e-12	530	0.426	115	0.9746	0.9914	NA
682	job_A	MGYP000443650856.pdb.gz	1	1.665e-12	530	0.482	116	0.9831	0.9831	NA
683	job_A	MGYP001769778750.pdb.gz	1	2.631e-12	530	0.464	114	0.9661	0.95	NA
684	job_A	MGYP000586211701.pdb.gz	1	2.093e-12	530	0.456	116	0.9831	0.9667	NA
685	job_A	MGYP001305244204.pdb.gz	1	2.093e-12	530	0.486	115	0.9746	0.8779	NA
686	job_A	MGYP001545175995.pdb.gz	1	7.477e-13	530	0.512	121	1.025	0.6994	NA
687	job_A	B4E8E6	1	1.369e-13	530	0.524	122	1.034	0.9531	NA
688	job_A	Q1BUH0	1	1.45e-13	530	0.524	122	1.034	0.9531	NA
689	job_A	Q21U10	1	1.221e-13	530	0.512	121	1.025	0.8963	NA
690	job_A	A0A971QLZ6	1	4.406e-12	530	0.443	115	0.9746	0.9829	NA
691	job_A	A0A948BXP4	1	2.788e-12	530	0.417	115	0.9746	0.9055	NA
692	job_A	A0A7C5JNI3	1	3.126e-12	530	0.41	117	0.9915	0.907	NA
693	job_A	A0A9D7A2I1	1	2.633e-12	530	0.432	118	1	0.9008	NA
694	job_A	A0A6G3CV13	1	3.505e-12	530	0.464	114	0.9661	0.8085	NA
695	job_A	A0A838S2L1	1	1.486e-12	530	0.466	120	1.017	0.7362	NA
696	job_A	A0A0P7CHA1	1	3.505e-12	530	0.464	114	0.9661	0.6994	NA
697	job_A	MGYP001602490221.pdb.gz	1	1.665e-12	529	0.426	115	0.9746	0.9914	NA
698	job_A	MGYP001550464211.pdb.gz	1	3.501e-12	529	0.456	114	0.9661	0.958	NA
699	job_A	MGYP000069166787.pdb.gz	1	2.346e-12	529	0.452	115	0.9746	0.9583	NA
700	job_A	MGYP001148207864.pdb.gz	1	7.061e-13	529	0.441	120	1.017	1	NA
701	job_A	MGYP000680325329.pdb.gz	1	2.786e-12	529	0.437	112	0.9492	0.8682	NA
702	job_A	MGYP000865983547.pdb.gz	1	1.116e-12	529	0.466	120	1.017	0.916	NA
703	job_A	A7Z5Z2	1	3.418e-13	529	0.479	121	1.025	0.9528	NA
704	job_A	P52999	1	3.228e-13	529	0.471	121	1.025	0.9528	NA
705	job_A	Q8FU86	1	3.619e-13	529	0.438	121	1.025	0.8897	NA
706	job_A	A0A970Z6J5	1	3.711e-12	529	0.456	114	0.9661	0.9268	NA
707	job_A	A0A2W5PQ05	1	1.404e-12	529	0.462	121	1.025	0.9603	NA
708	job_A	J7LG94	1	1.486e-12	529	0.416	120	1.017	0.8955	NA
709	job_A	A0A4R4SHF9	1	1.765e-12	529	0.458	120	1.017	0.8696	NA
710	job_A	A0A656Y0M7	1	4.939e-12	529	0.464	114	0.9661	0.76	NA
711	job_A	A0A328HJX5	1	3.929e-12	529	0.46	115	0.9746	0.7372	NA
712	job_A	MGYP003326807103.pdb.gz	1	1.763e-12	528	0.495	105	0.8898	0.9545	NA
713	job_A	MGYP002870487096.pdb.gz	1	2.093e-12	528	0.504	107	0.9068	0.9727	NA
714	job_A	MGYP000020467249.pdb.gz	1	2.346e-12	528	0.427	110	0.9322	0.9821	NA
715	job_A	MGYP001226942860.pdb.gz	1	2.786e-12	528	0.382	115	0.9746	0.9914	NA
716	job_A	MGYP000309573967.pdb.gz	1	3.123e-12	528	0.421	114	0.9661	0.9661	NA
717	job_A	Q0B0P4	1	1.203e-12	528	0.478	115	0.9746	0.9746	NA
718	job_A	B2V1M0	1	3.619e-13	528	0.454	121	1.025	0.9758	NA
719	job_A	Q0AB67	1	1.929e-13	528	0.471	121	1.025	0.9603	NA
720	job_A	Q5F8Y9	1	3.228e-13	528	0.479	121	1.025	0.9528	NA
721	job_A	A1BDG1	1	1.273e-12	528	0.452	115	0.9746	0.8779	NA
722	job_A	A0A7C3YYK8	1	4.665e-12	528	0.365	115	0.9746	0.9914	NA
723	job_A	A0A7W1YKF9	1	3.505e-12	528	0.473	114	0.9661	0.9661	NA
724	job_A	A0A9D7T448	1	3.505e-12	528	0.4	120	1.017	0.9917	NA
725	job_A	A0A952R5E7	1	4.406e-12	528	0.487	117	0.9915	0.8797	NA
726	job_A	A0A2E2UYM1	1	2.218e-12	528	0.481	110	0.9322	0.8209	NA
727	job_A	B0B512	1	3.505e-12	528	0.434	115	0.9746	0.8273	NA
728	job_A	A0A2S6SAJ2	1	8.391e-13	528	0.426	122	1.034	0.8714	NA
729	job_A	A0A7C6CG65	1	5.23e-12	528	0.526	114	0.9661	0.7862	NA
730	job_A	A0A2E3QYM1	1	4.161e-12	528	0.434	115	0.9746	0.7055	NA
731	job_A	MGYP001398888243.pdb.gz	1	4.157e-12	527	0.448	116	0.9831	1	NA
732	job_A	MGYP001269066419.pdb.gz	1	1.977e-12	527	0.482	112	0.9492	0.9655	NA
733	job_A	MGYP001610705966.pdb.gz	1	1.763e-12	527	0.444	117	0.9915	1	NA
734	job_A	MGYP000218041369.pdb.gz	1	2.216e-12	527	0.431	116	0.9831	0.9915	NA
735	job_A	MGYP001218819113.pdb.gz	1	1.325e-12	527	0.423	118	1	1	NA
736	job_A	MGYP000689247603.pdb.gz	1	2.216e-12	527	0.495	115	0.9746	0.9664	NA
737	job_A	MGYP002626547222.pdb.gz	1	1.116e-12	527	0.462	121	1.025	0.968	NA
738	job_A	K0ENC8	1	2.712e-13	527	0.466	120	1.017	0.8571	NA
739	job_A	A0A538TM87	1	4.406e-12	527	0.469	115	0.9746	0.9055	NA
740	job_A	A0A2E6DTN8	1	3.711e-12	527	0.434	115	0.9746	0.8915	NA
741	job_A	A0A564WG02	1	3.126e-12	527	0.406	118	1	0.9008	NA
742	job_A	A0A7W6SS67	1	5.538e-12	527	0.396	116	0.9831	0.8345	NA
743	job_A	A0A941QWL2	1	2.998e-13	527	0.537	121	1.025	0.8403	NA
744	job_A	A0A021VLT3	1	1.765e-12	527	0.491	118	1	0.7108	NA
745	job_A	MGYP000627327929.pdb.gz	1	3.708e-12	526	0.408	115	0.9746	0.9664	NA
746	job_A	MGYP001072827299.pdb.gz	1	5.305e-13	526	0.504	119	1.008	0.952	NA
747	job_A	MGYP002628314050.pdb.gz	1	3.123e-12	526	0.438	114	0.9661	0.6867	NA
748	job_A	Q833S7	1	2.719e-13	526	0.442	122	1.034	0.9313	NA
749	job_A	Q4JXL3	1	8.534e-13	526	0.482	114	0.9661	0.8261	NA
750	job_A	B1VSQ0	1	1.428e-12	526	0.447	114	0.9661	0.8085	NA
751	job_A	4aonE00	1	1.552e-13	526	1	91	0.7712	1	NA
752	job_A	3tm7-assembly1.cif.gz_D	1	9.902e-14	526	0.989	94	0.7966	0.9307	NA
753	job_A	A0A2H0FX64	1	1.868e-12	526	0.469	115	0.9746	1.009	NA
754	job_A	A0A1F5BMC4	1	1.574e-12	526	0.432	118	1	1	NA
755	job_A	A0A078BMB1	1	2.218e-12	526	0.512	117	0.9915	0.907	NA
756	job_A	A0A0D0NU10	1	4.939e-12	526	0.464	114	0.9661	0.7703	NA
757	job_A	B0RCH0	1	4.939e-12	526	0.495	115	0.9746	0.7143	NA
758	job_A	A0A1R4F1N7	1	5.23e-12	526	0.482	114	0.9661	0.6786	NA
759	job_A	MGYP001349302570.pdb.gz	1	2.786e-12	525	0.365	115	0.9746	1	NA
760	job_A	MGYP003312473590.pdb.gz	1	2.949e-12	525	0.452	115	0.9746	0.9746	NA
761	job_A	MGYP001456331953.pdb.gz	1	3.708e-12	525	0.382	115	0.9746	0.9746	NA
762	job_A	MGYP001276469093.pdb.gz	1	2.949e-12	525	0.452	115	0.9746	0.9583	NA
763	job_A	MGYP000875649671.pdb.gz	1	1.251e-12	525	0.449	118	1	0.9833	NA
764	job_A	MGYP000942397479.pdb.gz	1	2.485e-12	525	0.434	115	0.9746	0.935	NA
765	job_A	MGYP000546947762.pdb.gz	1	1.977e-12	525	0.417	115	0.9746	0.9127	NA
766	job_A	MGYP001220249754.pdb.gz	1	3.926e-12	525	0.474	118	1	0.9077	NA
767	job_A	MGYP003606133493.pdb.gz	1	5.225e-12	525	0.452	115	0.9746	0.8647	NA
768	job_A	A0A925HXC6	1	4.406e-12	525	0.408	115	0.9746	1	NA
769	job_A	A0A9E5WK72	1	1.326e-12	525	0.479	121	1.025	0.9758	NA
770	job_A	A0A2E1N0A2	1	4.406e-12	525	0.385	114	0.9661	0.8837	NA
771	job_A	A0A9E2D5S4	1	4.406e-12	525	0.434	115	0.9746	0.8779	NA
772	job_A	A0A7C3RGY0	1	7.371e-12	525	0.417	115	0.9746	0.8333	NA
773	job_A	A0A3E1HM39	1	1.868e-12	525	0.446	121	1.025	0.8521	NA
774	job_A	A0A6G1SYE2	1	5.538e-12	525	0.41	117	0.9915	0.7647	NA
775	job_A	A0A7Z1AIU2	1	4.406e-12	525	0.456	114	0.9661	0.7451	NA
776	job_A	A0A1J5NMR1	1	4.939e-12	525	0.483	118	1	0.4758	NA
777	job_A	MGYP000266679734.pdb.gz	1	3.123e-12	524	0.379	116	0.9831	1	NA
778	job_A	MGYP000079144601.pdb.gz	1	1.572e-12	524	0.389	118	1	1	NA
779	job_A	MGYP001598237993.pdb.gz	1	3.123e-12	524	0.391	115	0.9746	0.9664	NA
780	job_A	MGYP000875773938.pdb.gz	1	5.225e-12	524	0.447	114	0.9661	0.95	NA
781	job_A	MGYP000188546001.pdb.gz	1	4.935e-12	524	0.391	115	0.9746	0.9583	NA
782	job_A	Q5Z2U2	1	3.049e-13	524	0.466	120	1.017	0.8633	NA
783	job_A	Q2J4S0	1	1.512e-12	524	0.491	114	0.9661	0.7125	NA
784	job_A	A0AAU2GW02	1	2.218e-12	524	0.453	119	1.008	0.7933	NA
785	job_A	A0A2W2MK05	1	4.665e-12	524	0.46	115	0.9746	0.6725	NA
786	job_A	MGYP001442225790.pdb.gz	1	3.307e-12	523	0.408	115	0.9746	0.9746	NA
787	job_A	MGYP000512322367.pdb.gz	1	1.485e-12	523	0.432	118	1	1	NA
788	job_A	MGYP003490518991.pdb.gz	1	2.346e-12	523	0.406	118	1	0.9833	NA
789	job_A	MGYP000089896478.pdb.gz	1	2.485e-12	523	0.46	115	0.9746	0.6845	NA
790	job_A	MGYP000772175948.pdb.gz	1	3.501e-12	523	0.448	116	0.9831	0.6374	NA
791	job_A	A5D5T6	1	1.695e-12	523	0.473	114	0.9661	0.8636	NA
792	job_A	E0QMG7	1	8.264e-12	523	0.426	115	0.9746	0.9914	NA
793	job_A	A0A260RE55	1	4.665e-12	523	0.482	114	0.9661	0.8261	NA
794	job_A	A0A3N4Z4J4	1	5.864e-12	523	0.456	114	0.9661	0.6667	NA
795	job_A	MGYP001353797232.pdb.gz	1	3.708e-12	522	0.452	115	0.9746	1.009	NA
796	job_A	MGYP001029575686.pdb.gz	1	3.501e-12	522	0.504	113	0.9576	0.9912	NA
797	job_A	MGYP001164180966.pdb.gz	1	3.501e-12	522	0.417	115	0.9746	0.9914	NA
798	job_A	MGYP001380318693.pdb.gz	1	4.66e-12	522	0.373	115	0.9746	0.9914	NA
799	job_A	MGYP000651629740.pdb.gz	1	2.631e-12	522	0.426	115	0.9746	0.9746	NA
800	job_A	MGYP000896495815.pdb.gz	1	3.307e-12	522	0.426	115	0.9746	0.9664	NA
801	job_A	MGYP001611017670.pdb.gz	1	3.501e-12	522	0.449	118	1	0.9752	NA
802	job_A	MGYP000680410403.pdb.gz	1	1.402e-12	522	0.487	121	1.025	0.9837	NA
803	job_A	MGYP000884420137.pdb.gz	1	1.251e-12	522	0.462	121	1.025	0.9237	NA
804	job_A	A1RDH3	1	5.101e-13	522	0.483	120	1.017	0.8511	NA
805	job_A	A0A1G1JD21	1	7.371e-12	522	0.426	115	0.9746	0.9914	NA
806	job_A	A0A558AYC4	1	5.538e-12	522	0.473	114	0.9661	0.8571	NA
807	job_A	A0A1V1WWC0	1	4.406e-12	522	0.421	114	0.9661	0.8321	NA
808	job_A	A0A3M1VCU8	1	3.711e-12	522	0.401	117	0.9915	0.8125	NA
809	job_A	A0A3M2IV38	1	7.805e-12	522	0.473	114	0.9661	0.5758	NA
810	job_A	MGYP001546369516.pdb.gz	1	4.157e-12	521	0.504	113	0.9576	0.9912	NA
811	job_A	MGYP001280703036.pdb.gz	1	3.123e-12	521	0.429	114	0.9661	0.9661	NA
812	job_A	MGYP000274201082.pdb.gz	1	6.203e-12	521	0.453	119	1.008	1	NA
813	job_A	MGYP001675862957.pdb.gz	1	4.66e-12	521	0.422	116	0.9831	0.7342	NA
814	job_A	MGYP003303862188.pdb.gz	1	8.876e-13	521	0.421	121	1.025	0.6875	NA
815	job_A	A3DDV5	1	6.055e-13	521	0.421	121	1.025	0.9603	NA
816	job_A	C4ZG24	1	6.055e-13	521	0.454	121	1.025	0.9237	NA
817	job_A	A0A150XU73	1	4.161e-12	521	0.434	115	0.9746	1	NA
818	job_A	A0A651GSF1	1	2.349e-12	521	0.421	121	1.025	0.9528	NA
819	job_A	A0A9Q5C8E1	1	5.015e-13	521	0.503	137	1.161	0.7965	NA
820	job_A	MGYP000383167570.pdb.gz	1	3.501e-12	520	0.379	116	0.9831	1	NA
821	job_A	MGYP001816053925.pdb.gz	1	3.307e-12	520	0.4	115	0.9746	0.9504	NA
822	job_A	MGYP000741756842.pdb.gz	1	1.572e-12	520	0.396	116	0.9831	0.7342	NA
823	job_A	A7HZW6	1	8.059e-13	520	0.426	115	0.9746	1.009	NA
824	job_A	A0A7V4E529	1	6.209e-12	520	0.445	110	0.9322	1	NA
825	job_A	A0A1Y5DT59	1	5.538e-12	520	0.394	114	0.9661	0.8976	NA
826	job_A	A0A7C2EIX1	1	7.805e-12	520	0.456	114	0.9661	0.8321	NA
827	job_A	A0A285R3N2	1	4.939e-12	520	0.456	114	0.9661	0.8261	NA
828	job_A	A0A2D9FVX4	1	7.805e-12	520	0.478	115	0.9746	0.8042	NA
829	job_A	A0A225E4I2	1	1.667e-12	520	0.446	121	1.025	0.7658	NA
830	job_A	MGYP001474698406.pdb.gz	1	3.926e-12	519	0.422	109	0.9237	1	NA
831	job_A	MGYP001767362115.pdb.gz	1	4.401e-12	519	0.408	115	0.9746	0.9914	NA
832	job_A	MGYP001598238803.pdb.gz	1	4.157e-12	519	0.417	115	0.9746	0.9914	NA
833	job_A	MGYP000897644622.pdb.gz	1	4.157e-12	519	0.401	117	0.9915	1	NA
834	job_A	MGYP000382988337.pdb.gz	1	3.926e-12	519	0.401	117	0.9915	1	NA
835	job_A	MGYP001186058317.pdb.gz	1	3.708e-12	519	0.456	114	0.9661	0.9661	NA
836	job_A	MGYP000076622914.pdb.gz	1	4.157e-12	519	0.426	115	0.9746	0.9664	NA
837	job_A	MGYP002019890309.pdb.gz	1	3.926e-12	519	0.478	115	0.9746	0.9504	NA
838	job_A	MGYP001805964078.pdb.gz	1	5.533e-12	519	0.448	116	0.9831	0.9062	NA
839	job_A	MGYP002630657976.pdb.gz	1	5.533e-12	519	0.443	115	0.9746	0.6928	NA
840	job_A	Q7MVF1	1	1.273e-12	519	0.428	112	0.9492	0.9492	NA
841	job_A	B2RK28	1	1.273e-12	519	0.428	112	0.9492	0.9492	NA
842	job_A	B9L6T1	1	1.601e-12	519	0.421	114	0.9661	0.9194	NA
843	job_A	A5N8N4	1	6.412e-13	519	0.388	121	1.025	0.9528	NA
844	job_A	Q4LA33	1	4.817e-13	519	0.471	121	1.025	0.9528	NA
845	job_A	Q8KFS0	1	2.389e-12	519	0.46	115	0.9746	0.8984	NA
846	job_A	A0A098SAP8	1	5.538e-12	519	0.443	115	0.9746	0.9914	NA
847	job_A	A0A1G6K3C1	1	7.805e-12	519	0.482	114	0.9661	0.8143	NA
848	job_A	A0A549SXJ8	1	5.23e-12	519	0.443	115	0.9746	0.8156	NA
849	job_A	N2BLS0	1	8.264e-12	519	0.417	115	0.9746	0.8099	NA
850	job_A	A0A7X9P9Q1	1	5.538e-12	519	0.469	115	0.9746	0.8042	NA
851	job_A	M5RNP5	1	5.538e-12	519	0.412	114	0.9661	0.755	NA
852	job_A	MGYP001202547180.pdb.gz	1	5.533e-12	518	0.424	113	0.9576	0.9912	NA
853	job_A	MGYP001340466081.pdb.gz	1	6.568e-12	518	0.417	115	0.9746	1	NA
854	job_A	MGYP003872500347.pdb.gz	1	4.401e-12	518	0.4	115	0.9746	0.9914	NA
855	job_A	MGYP001097428391.pdb.gz	1	7.797e-12	518	0.438	114	0.9661	0.9828	NA
856	job_A	MGYP000921637139.pdb.gz	1	6.203e-12	518	0.431	116	0.9831	1	NA
857	job_A	MGYP001407797391.pdb.gz	1	6.203e-12	518	0.4	115	0.9746	0.9746	NA
858	job_A	MGYP000185712045.pdb.gz	1	1.572e-12	518	0.487	121	1.025	0.9098	NA
859	job_A	MGYP001084215061.pdb.gz	1	3.307e-12	518	0.435	117	0.9915	0.7697	NA
860	job_A	MGYP001766342376.pdb.gz	1	8.256e-12	518	0.429	114	0.9661	0.7081	NA
861	job_A	MGYP001985532219.pdb.gz	1	3.708e-12	518	0.486	115	0.9746	0.6765	NA
862	job_A	A4QAD0	1	6.789e-13	518	0.425	120	1.017	0.8824	NA
863	job_A	A0A949F4W0	1	6.574e-12	518	0.381	118	1	0.9147	NA
864	job_A	A0A6H1U350	1	7.371e-12	518	0.46	115	0.9746	0.8214	NA
865	job_A	A0A1Q7WYQ2	1	5.23e-12	518	0.422	116	0.9831	0.7838	NA
866	job_A	A0A2V5SZB7	1	8.75e-12	518	0.403	114	0.9661	0.6369	NA
867	job_A	MGYP001420839302.pdb.gz	1	4.157e-12	517	0.462	108	0.9153	1	NA
868	job_A	MGYP001610238554.pdb.gz	1	1.763e-12	517	0.466	118	1	1.008	NA
869	job_A	MGYP001180495305.pdb.gz	1	5.533e-12	517	0.447	114	0.9661	0.95	NA
870	job_A	MGYP001819725518.pdb.gz	1	5.225e-12	517	0.482	114	0.9661	0.8769	NA
871	job_A	MGYP002726388131.pdb.gz	1	1.867e-12	517	0.466	120	1.017	0.8955	NA
872	job_A	Q9X4N0	1	9.036e-13	517	0.425	120	1.017	0.8824	NA
873	job_A	A0A0M2TYX0	1	6.961e-12	517	0.379	116	0.9831	1	NA
874	job_A	A0A6I4MGS0	1	8.264e-12	517	0.447	114	0.9661	0.8444	NA
875	job_A	A0A3D8IPM7	1	9.811e-12	517	0.405	116	0.9831	0.7632	NA
876	job_A	K9EXG1	1	4.161e-12	517	0.504	119	1.008	0.7532	NA
877	job_A	A0A1H9IPB2	1	1.055e-12	517	0.478	138	1.169	0.8364	NA
878	job_A	MGYP000685457000.pdb.gz	1	3.501e-12	516	0.398	118	1	1	NA
879	job_A	MGYP000853340001.pdb.gz	1	7.797e-12	516	0.431	116	0.9831	0.9831	NA
880	job_A	MGYP003580025381.pdb.gz	1	6.955e-12	516	0.478	115	0.9746	0.9055	NA
881	job_A	MGYP001101226063.pdb.gz	1	4.157e-12	516	0.491	114	0.9661	0.8906	NA
882	job_A	MGYP003335887121.pdb.gz	1	5.533e-12	516	0.456	114	0.9661	0.8382	NA
883	job_A	MGYP001553405540.pdb.gz	1	6.203e-12	516	0.465	116	0.9831	0.8	NA
884	job_A	MGYP001235774590.pdb.gz	1	7.364e-12	516	0.417	115	0.9746	0.7823	NA
885	job_A	C3J8F4	1	7.805e-12	516	0.467	109	0.9237	0.9397	NA
886	job_A	A0A0R2XIQ5	1	9.811e-12	516	0.469	113	0.9576	0.8626	NA
887	job_A	A0A2V5PTA0	1	9.265e-12	516	0.405	116	0.9831	0.8529	NA
888	job_A	A0A1Q5N6A2	1	8.75e-12	516	0.477	113	0.9576	0.7847	NA
889	job_A	A0A0M8VFU3	1	8.264e-12	516	0.5	114	0.9661	0.7451	NA
890	job_A	MGYP001086989404.pdb.gz	1	6.955e-12	515	0.382	115	0.9746	1	NA
891	job_A	MGYP001287835726.pdb.gz	1	6.955e-12	515	0.426	115	0.9746	0.9914	NA
892	job_A	MGYP000227013019.pdb.gz	1	6.568e-12	515	0.44	118	1	1	NA
893	job_A	MGYP000877426410.pdb.gz	1	1.164e-11	515	0.443	115	0.9746	0.9664	NA
894	job_A	MGYP001243351924.pdb.gz	1	3.501e-12	515	0.491	118	1	0.9916	NA
895	job_A	MGYP001229786595.pdb.gz	1	5.533e-12	515	0.426	115	0.9746	0.9583	NA
896	job_A	MGYP002766428097.pdb.gz	1	5.858e-12	515	0.473	114	0.9661	0.9048	NA
897	job_A	MGYP000212155109.pdb.gz	1	3.123e-12	515	0.457	118	1	0.831	NA
898	job_A	MGYP000617673704.pdb.gz	1	3.926e-12	515	0.438	114	0.9661	0.8028	NA
899	job_A	MGYP000482083840.pdb.gz	1	8.742e-12	515	0.405	116	0.9831	0.6905	NA
900	job_A	A0A7X6QBE4	1	6.961e-12	515	0.504	107	0.9068	0.9907	NA
901	job_A	A0A2S8FIZ3	1	5.864e-12	515	0.464	114	0.9661	0.8906	NA
902	job_A	A0A419V2R9	1	3.126e-12	515	0.429	121	1.025	0.9237	NA
903	job_A	A0A523DTG8	1	5.864e-12	515	0.4	115	0.9746	0.8779	NA
904	job_A	F6FTX9	1	1.165e-11	515	0.473	114	0.9661	0.6032	NA
905	job_A	MGYP001186184905.pdb.gz	1	4.66e-12	514	0.44	109	0.9237	1	NA
906	job_A	MGYP001475081285.pdb.gz	1	5.533e-12	514	0.37	116	0.9831	0.9915	NA
907	job_A	MGYP000291096110.pdb.gz	1	4.66e-12	514	0.449	118	1	0.9916	NA
908	job_A	MGYP001350449274.pdb.gz	1	6.568e-12	514	0.426	115	0.9746	0.9426	NA
909	job_A	MGYP000974757279.pdb.gz	1	3.926e-12	514	0.438	114	0.9661	0.8976	NA
910	job_A	MGYP001202875467.pdb.gz	1	7.364e-12	514	0.447	114	0.9661	0.8837	NA
911	job_A	MGYP001025025837.pdb.gz	1	4.935e-12	514	0.5	114	0.9661	0.8085	NA
912	job_A	P58285	1	9.036e-13	514	0.462	121	1.025	0.9528	NA
913	job_A	B3EFC1	1	2.389e-12	514	0.426	115	0.9746	0.8984	NA
914	job_A	B4S4T8	1	2.529e-12	514	0.417	115	0.9746	0.8915	NA
915	job_A	A0A934EA90	1	1.039e-11	514	0.482	114	0.9661	0.9421	NA
916	job_A	A0A7C6I1A2	1	9.265e-12	514	0.448	116	0.9831	0.8923	NA
917	job_A	A0A3M0I607	1	3.505e-12	514	0.45	120	1.017	0.7407	NA
918	job_A	MGYP000968867285.pdb.gz	1	7.797e-12	513	0.339	115	0.9746	0.9914	NA
919	job_A	MGYP000353809618.pdb.gz	1	6.955e-12	513	0.422	116	0.9831	1	NA
920	job_A	MGYP001165211278.pdb.gz	1	3.123e-12	513	0.406	118	1	1	NA
921	job_A	MGYP001578355871.pdb.gz	1	1.251e-12	513	0.483	122	1.034	1	NA
922	job_A	MGYP000875875048.pdb.gz	1	7.797e-12	513	0.452	115	0.9746	0.935	NA
923	job_A	MGYP001101504502.pdb.gz	1	7.797e-12	513	0.44	118	1	0.944	NA
924	job_A	MGYP001408983552.pdb.gz	1	4.935e-12	513	0.444	108	0.9153	0.6923	NA
925	job_A	Q7NCY1	1	2.389e-12	513	0.412	114	0.9661	0.9661	NA
926	job_A	C4L6Q2	1	6.789e-13	513	0.495	121	1.025	0.9528	NA
927	job_A	Q5KXX4	1	6.412e-13	513	0.421	121	1.025	0.9528	NA
928	job_A	Q92AA8	1	1.073e-12	513	0.429	121	1.025	0.9528	NA
929	job_A	Q8Y603	1	1.203e-12	513	0.438	121	1.025	0.9528	NA
930	job_A	A0A3C0MWW1	1	1.1e-11	513	0.443	115	0.9746	0.9914	NA
931	job_A	A0A6J4L8K6	1	5.864e-12	513	0.418	117	0.9915	1	NA
932	job_A	A0A7V9F784	1	4.665e-12	513	0.475	120	1.017	0.9302	NA
933	job_A	A0A1I5XEG1	1	4.939e-12	513	0.429	121	1.025	0.903	NA
934	job_A	MGYP000657108309.pdb.gz	1	4.157e-12	512	0.401	117	0.9915	1.017	NA
935	job_A	MGYP000461346548.pdb.gz	1	6.568e-12	512	0.365	115	0.9746	0.9914	NA
936	job_A	MGYP002642115962.pdb.gz	1	5.858e-12	512	0.44	118	1	1	NA
937	job_A	MGYP001323105997.pdb.gz	1	7.797e-12	512	0.448	116	0.9831	0.9831	NA
938	job_A	MGYP000213594335.pdb.gz	1	3.123e-12	512	0.422	116	0.9831	0.9748	NA
939	job_A	MGYP001172530349.pdb.gz	1	6.568e-12	512	0.382	115	0.9746	0.6183	NA
940	job_A	A0A2W4M4Q8	1	1.326e-12	512	0.504	123	1.042	0.9919	NA
941	job_A	A0A849EWF6	1	1.233e-11	512	0.426	115	0.9746	0.8984	NA
942	job_A	A0A1X4G7W3	1	8.75e-12	512	0.408	115	0.9746	0.8582	NA
943	job_A	A0A255R2I3	1	7.805e-12	512	0.477	113	0.9576	0.8248	NA
944	job_A	A0A3M2LT85	1	5.538e-12	512	0.436	119	1.008	0.85	NA
945	job_A	A0A0M9UKZ0	1	4.406e-12	512	0.425	120	1.017	0.2182	NA
946	job_A	MGYP000303556505.pdb.gz	1	5.533e-12	511	0.408	115	0.9746	1	NA
947	job_A	MGYP003395550006.pdb.gz	1	8.742e-12	511	0.408	115	0.9746	0.9746	NA
948	job_A	MGYP001814583098.pdb.gz	1	4.66e-12	511	0.417	115	0.9746	0.9583	NA
949	job_A	MGYP002389712691.pdb.gz	1	6.203e-12	511	0.456	116	0.9831	0.725	NA
950	job_A	MGYP000397481219.pdb.gz	1	8.256e-12	511	0.456	116	0.9831	0.6203	NA
951	job_A	A4XMZ2	1	8.534e-13	511	0.421	121	1.025	0.9453	NA
952	job_A	A0QNF3	1	2.256e-12	511	0.456	114	0.9661	0.8382	NA
953	job_A	A0A3D5VB91	1	6.961e-12	511	0.4	120	1.017	1	NA
954	job_A	A0A9D5MXF9	1	1.233e-11	511	0.405	116	0.9831	0.8722	NA
955	job_A	A0A318CLZ0	1	8.264e-12	511	0.408	115	0.9746	0.7877	NA
956	job_A	MGYP001584311867.pdb.gz	1	8.256e-12	510	0.391	115	0.9746	0.9914	NA
957	job_A	MGYP001335312764.pdb.gz	1	3.926e-12	510	0.504	105	0.8898	0.8974	NA
958	job_A	MGYP000182057038.pdb.gz	1	7.364e-12	510	0.426	115	0.9746	0.9664	NA
959	job_A	MGYP000677752922.pdb.gz	1	2.485e-12	510	0.404	121	1.025	0.968	NA
960	job_A	MGYP001021160676.pdb.gz	1	1.763e-12	510	0.495	121	1.025	0.9237	NA
961	job_A	P65664	1	7.188e-13	510	0.471	121	1.025	0.9528	NA
962	job_A	Q3B208	1	3.179e-12	510	0.434	115	0.9746	0.8984	NA
963	job_A	B1I1N9	1	2.389e-12	510	0.456	114	0.9661	0.8571	NA
964	job_A	R7LDU8	1	1.039e-11	510	0.482	114	0.9661	0.9913	NA
965	job_A	A0A942M6E3	1	1.1e-11	510	0.391	115	0.9746	0.9274	NA
966	job_A	A0A428ZD98	1	1.039e-11	510	0.4	115	0.9746	0.8394	NA
967	job_A	A0A842HEX0	1	6.961e-12	510	0.416	120	1.017	0.8696	NA
968	job_A	A0AAU3S8P6	1	9.811e-12	510	0.456	114	0.9661	0.8201	NA
969	job_A	A0A533BAN5	1	9.811e-12	510	0.456	114	0.9661	0.7755	NA
970	job_A	A0A1Q5PLE0	1	1.383e-11	510	0.5	114	0.9661	0.6032	NA
971	job_A	MGYP000660353284.pdb.gz	1	5.858e-12	509	0.472	108	0.9153	1.019	NA
972	job_A	MGYP003321099535.pdb.gz	1	1.038e-11	509	0.347	115	0.9746	0.9914	NA
973	job_A	MGYP000571792137.pdb.gz	1	4.66e-12	509	0.424	113	0.9576	0.9496	NA
974	job_A	MGYP001480295448.pdb.gz	1	6.955e-12	509	0.449	118	1	0.9833	NA
975	job_A	MGYP001581832147.pdb.gz	1	9.256e-12	509	0.408	115	0.9746	0.9583	NA
976	job_A	MGYP003997199435.pdb.gz	1	4.935e-12	509	0.371	121	1.025	1	NA
977	job_A	MGYP000872484347.pdb.gz	1	6.203e-12	509	0.434	115	0.9746	0.8156	NA
978	job_A	MGYP000865382436.pdb.gz	1	9.256e-12	509	0.467	109	0.9237	0.7267	NA
979	job_A	MGYP003302195218.pdb.gz	1	1.099e-11	509	0.421	114	0.9661	0.6909	NA
980	job_A	MGYP000437436386.pdb.gz	1	8.256e-12	509	0.467	109	0.9237	0.6527	NA
981	job_A	C1KWK0	1	1.601e-12	509	0.429	121	1.025	0.9528	NA
982	job_A	B3ELP8	1	3.565e-12	509	0.417	115	0.9746	0.9055	NA
983	job_A	A8FEH5	1	9.568e-13	509	0.438	121	1.025	0.9528	NA
984	job_A	A0A418QRS3	1	9.265e-12	509	0.486	115	0.9746	1	NA
985	job_A	A0A7C5JN15	1	7.805e-12	509	0.418	117	0.9915	1	NA
986	job_A	A0A2T2RFF5	1	1.233e-11	509	0.4	115	0.9746	0.9127	NA
987	job_A	A0A938MSP0	1	4.406e-12	509	0.429	121	1.025	0.9603	NA
988	job_A	A0A0U3WJ99	1	1.039e-11	509	0.482	114	0.9661	0.8702	NA
989	job_A	A0A0C5BI73	1	1.641e-11	509	0.456	114	0.9661	0.8201	NA
990	job_A	A0A4P6JX98	1	4.665e-12	509	0.483	120	1.017	0.8451	NA
991	job_A	A0A0P0EHW8	1	1.1e-11	509	0.438	114	0.9661	0.7972	NA
992	job_A	A0A3N4ZIP1	1	1.306e-11	509	0.447	114	0.9661	0.5816	NA
993	job_A	A0A662QSS7	1	1.165e-11	509	0.373	115	0.9746	0.3083	NA
994	job_A	MGYP001386325023.pdb.gz	1	6.568e-12	508	0.453	108	0.9153	0.9558	NA
995	job_A	MGYP001273761646.pdb.gz	1	9.256e-12	508	0.359	114	0.9661	0.9744	NA
996	job_A	MGYP000523302935.pdb.gz	1	3.708e-12	508	0.406	118	1	1	NA
997	job_A	MGYP001166132646.pdb.gz	1	9.801e-12	508	0.423	118	1	1	NA
998	job_A	MGYP001430897623.pdb.gz	1	7.364e-12	508	0.403	114	0.9661	0.9661	NA
999	job_A	Q251P1	1	1.428e-12	508	0.421	121	1.025	0.9528	NA
1000	job_A	A6QK84	1	8.534e-13	508	0.471	121	1.025	0.9528	NA
1001	job_A	B9E234	1	1.428e-12	508	0.388	121	1.025	0.9528	NA
1002	job_A	A0A315ZA47	1	1.039e-11	508	0.473	112	0.9492	0.9825	NA
1003	job_A	A0A6N6PKH6	1	1.464e-11	508	0.422	116	0.9831	0.8923	NA
1004	job_A	A0A1H2URW2	1	1.738e-11	508	0.4	115	0.9746	0.8647	NA
1005	job_A	A0A2M9CVY8	1	1.306e-11	508	0.464	112	0.9492	0.7671	NA
1006	job_A	MGYP001173202776.pdb.gz	1	1.099e-11	507	0.417	115	0.9746	1.009	NA
1007	job_A	MGYP001571961028.pdb.gz	1	9.256e-12	507	0.408	115	0.9746	0.9914	NA
1008	job_A	MGYP000719450396.pdb.gz	1	4.66e-12	507	0.465	116	0.9831	0.9831	NA
1009	job_A	MGYP001000636406.pdb.gz	1	5.225e-12	507	0.4	120	1.017	1	NA
1010	job_A	MGYP002395210238.pdb.gz	1	1.038e-11	507	0.35	117	0.9915	0.9213	NA
1011	job_A	MGYP000938870253.pdb.gz	1	6.568e-12	507	0.439	116	0.9831	0.9062	NA
1012	job_A	MGYP001460319155.pdb.gz	1	9.801e-12	507	0.426	115	0.9746	0.6805	NA
1013	job_A	B1YHQ7	1	7.188e-13	507	0.462	121	1.025	0.9528	NA
1014	job_A	Q2FDR2	1	8.534e-13	507	0.471	121	1.025	0.9528	NA
1015	job_A	A0A2W4QF61	1	2.349e-12	507	0.495	115	0.9746	1.018	NA
1016	job_A	G1VAF6	1	1.1e-11	507	0.469	113	0.9576	0.9912	NA
1017	job_A	A0A2G9XZG5	1	1.738e-11	507	0.365	115	0.9746	0.9746	NA
1018	job_A	A0A2E9KL34	1	1.1e-11	507	0.389	118	1	0.9833	NA
1019	job_A	A0A1G3BFU1	1	1.039e-11	507	0.384	117	0.9915	0.9512	NA
1020	job_A	A0A1J5D0Y8	1	1.306e-11	507	0.477	113	0.9576	0.7635	NA
1021	job_A	A0A5M6CXU7	1	1.306e-11	507	0.398	113	0.9576	0.6494	NA
1022	job_A	A0A2N2UYE0	1	1.039e-11	507	0.429	114	0.9661	0.6333	NA
1023	job_A	MGYP001349614630.pdb.gz	1	1.232e-11	506	0.356	115	0.9746	0.9914	NA
1024	job_A	MGYP001338597014.pdb.gz	1	7.364e-12	506	0.4	115	0.9746	0.9829	NA
1025	job_A	MGYP002859360575.pdb.gz	1	8.256e-12	506	0.391	115	0.9746	0.9746	NA
1026	job_A	MGYP001465291709.pdb.gz	1	4.66e-12	506	0.405	116	0.9831	0.8992	NA
1027	job_A	MGYP002639876983.pdb.gz	1	1.038e-11	506	0.405	116	0.9831	0.8992	NA
1028	job_A	MGYP003586044381.pdb.gz	1	8.256e-12	506	0.469	115	0.9746	0.8779	NA
1029	job_A	MGYP000933127970.pdb.gz	1	3.501e-12	506	0.441	120	1.017	0.8889	NA
1030	job_A	MGYP000973808190.pdb.gz	1	6.203e-12	506	0.469	115	0.9746	0.7823	NA
1031	job_A	B8DC26	1	1.601e-12	506	0.429	121	1.025	0.9528	NA
1032	job_A	Q2YWG1	1	9.568e-13	506	0.471	121	1.025	0.9528	NA
1033	job_A	A7GN78	1	1.013e-12	506	0.438	121	1.025	0.9528	NA
1034	job_A	B0TBP6	1	5.632e-12	506	0.464	114	0.9661	0.8636	NA
1035	job_A	af_Q2FV23_1_126_2.40.40.20	1	5.158e-13	506	0.471	121	1.025	0.9603	NA
1036	job_A	A0A258QK37	1	6.961e-12	506	0.561	105	0.8898	0.9813	NA
1037	job_A	I9IB76	1	1.039e-11	506	0.431	116	0.9831	0.9915	NA
1038	job_A	A0A7X8VQB3	1	2.063e-11	506	0.432	118	1	1	NA
1039	job_A	A0A3E0Q5P5	1	1.55e-11	506	0.403	114	0.9661	0.95	NA
1040	job_A	A0A3N9NQ12	1	1.383e-11	506	0.426	115	0.9746	0.9127	NA
1041	job_A	A0A960SBA0	1	1.039e-11	506	0.495	115	0.9746	0.8984	NA
1042	job_A	A0A0D6KLJ1	1	1.039e-11	506	0.394	114	0.9661	0.8028	NA
1043	job_A	S3Z4T0	1	6.574e-12	506	0.441	120	1.017	0.8276	NA
1044	job_A	MGYP003507244195.pdb.gz	1	8.742e-12	505	0.417	115	0.9746	1	NA
1045	job_A	MGYP001608012623.pdb.gz	1	1.099e-11	505	0.385	114	0.9661	0.9661	NA
1046	job_A	MGYP003340501516.pdb.gz	1	1.305e-11	505	0.469	115	0.9746	0.9583	NA
1047	job_A	MGYP002627738841.pdb.gz	1	8.742e-12	505	0.495	111	0.9407	0.745	NA
1048	job_A	B0SBX0	1	2.012e-12	505	0.432	118	1	1	NA
1049	job_A	Q2FV23	1	9.036e-13	505	0.471	121	1.025	0.9528	NA
1050	job_A	A6U4X7	1	9.036e-13	505	0.471	121	1.025	0.9528	NA
1051	job_A	B8FZE1	1	1.795e-12	505	0.421	121	1.025	0.9528	NA
1052	job_A	A0A9W6GF18	1	1.55e-11	505	0.429	114	0.9661	0.8976	NA
1053	job_A	A0A1B1T9L2	1	1.464e-11	505	0.431	116	0.9831	0.8788	NA
1054	job_A	A0A1Q8L1V2	1	6.961e-12	505	0.416	120	1.017	0.8276	NA
1055	job_A	C6HUX1	1	1.1e-11	505	0.426	115	0.9746	0.6928	NA
1056	job_A	MGYP001573973281.pdb.gz	1	9.801e-12	504	0.476	107	0.9068	0.9907	NA
1057	job_A	MGYP001066646873.pdb.gz	1	9.256e-12	504	0.38	113	0.9576	1	NA
1058	job_A	MGYP001771177599.pdb.gz	1	5.533e-12	504	0.469	115	0.9746	0.9829	NA
1059	job_A	MGYP001579762616.pdb.gz	1	9.256e-12	504	0.356	115	0.9746	0.9746	NA
1060	job_A	MGYP001340786191.pdb.gz	1	1.839e-11	504	0.382	115	0.9746	0.9426	NA
1061	job_A	MGYP000339306820.pdb.gz	1	6.568e-12	504	0.436	119	1.008	0.937	NA
1062	job_A	Q11NE7	1	2.836e-12	504	0.434	115	0.9746	1	NA
1063	job_A	B1IEL4	1	1.428e-12	504	0.404	121	1.025	0.9528	NA
1064	job_A	A0AK05	1	1.695e-12	504	0.421	121	1.025	0.9528	NA
1065	job_A	A0A8J2UC05	1	1.55e-11	504	0.433	113	0.9576	0.9912	NA
1066	job_A	A0A4Q3RNP5	1	1.738e-11	504	0.415	113	0.9576	0.9912	NA
1067	job_A	A0A496DU89	1	1.1e-11	504	0.464	112	0.9492	0.9655	NA
1068	job_A	A0A353ZNX8	1	1.306e-11	504	0.504	111	0.9407	0.9328	NA
1069	job_A	A0A928H5D3	1	1.949e-11	504	0.386	119	1.008	1	NA
1070	job_A	A0A2E7SRQ1	1	1.84e-11	504	0.391	115	0.9746	0.9504	NA
1071	job_A	A0A2A2R618	1	2.063e-11	504	0.377	114	0.9661	0.9194	NA
1072	job_A	MGYP000223343036.pdb.gz	1	7.797e-12	503	0.486	113	0.9576	0.9912	NA
1073	job_A	MGYP001488741010.pdb.gz	1	8.742e-12	503	0.384	117	0.9915	1.009	NA
1074	job_A	MGYP000296995114.pdb.gz	1	6.955e-12	503	0.382	115	0.9746	0.9914	NA
1075	job_A	MGYP001419389407.pdb.gz	1	9.801e-12	503	0.482	116	0.9831	1	NA
1076	job_A	MGYP001409522923.pdb.gz	1	1.164e-11	503	0.449	109	0.9237	0.9316	NA
1077	job_A	MGYP001037260065.pdb.gz	1	1.099e-11	503	0.365	115	0.9746	0.9664	NA
1078	job_A	MGYP000995984915.pdb.gz	1	7.364e-12	503	0.431	116	0.9831	0.8923	NA
1079	job_A	MGYP001610824981.pdb.gz	1	4.157e-12	503	0.47	119	1.008	0.7987	NA
1080	job_A	C5CEQ3	1	2.836e-12	503	0.418	117	0.9915	1.017	NA
1081	job_A	A6L4C4	1	3.003e-12	503	0.464	112	0.9492	0.9655	NA
1082	job_A	B0STF1	1	1.695e-12	503	0.432	118	1	1	NA
1083	job_A	A4SGF2	1	3.774e-12	503	0.417	115	0.9746	0.8984	NA
1084	job_A	A0A1I1VYI3	1	9.811e-12	503	0.464	114	0.9661	0.8769	NA
1085	job_A	A0A9E8LW15	1	5.538e-12	503	0.433	120	1.017	0.916	NA
1086	job_A	A0A0W1ADM3	1	6.574e-12	503	0.38	121	1.025	0.8013	NA
1087	job_A	A0A2M9CE83	1	2.185e-11	503	0.464	114	0.9661	0.7037	NA
1088	job_A	C4RE22	1	1.464e-11	503	0.523	107	0.9068	0.5377	NA
1089	job_A	MGYP001184373521.pdb.gz	1	1.099e-11	502	0.382	115	0.9746	1	NA
1090	job_A	MGYP000979042187.pdb.gz	1	1.164e-11	502	0.408	115	0.9746	0.9914	NA
1091	job_A	MGYP000950553893.pdb.gz	1	9.256e-12	502	0.417	115	0.9746	0.9746	NA
1092	job_A	MGYP001219245319.pdb.gz	1	5.533e-12	502	0.389	118	1	0.9916	NA
1093	job_A	MGYP000042699283.pdb.gz	1	1.736e-11	502	0.408	115	0.9746	0.9583	NA
1094	job_A	MGYP002152850940.pdb.gz	1	1.64e-11	502	0.439	116	0.9831	0.8286	NA
1095	job_A	A7H0Y2	1	3.003e-12	502	0.401	117	0.9915	1.017	NA
1096	job_A	O66773	1	1.273e-12	502	0.416	120	1.017	0.9677	NA
1097	job_A	B9IVR3	1	1.428e-12	502	0.438	121	1.025	0.9528	NA
1098	job_A	A7FR58	1	1.795e-12	502	0.404	121	1.025	0.9528	NA
1099	job_A	P65665	1	1.073e-12	502	0.471	121	1.025	0.9528	NA
1100	job_A	A0A1X9SU23	1	1.55e-11	502	0.391	115	0.9746	1	NA
1101	job_A	A0A2T0Y4M6	1	2.594e-11	502	0.447	114	0.9661	0.6909	NA
1102	job_A	A0A928H133	1	2.908e-11	502	0.438	114	0.9661	0.6196	NA
1103	job_A	MGYP001575441502.pdb.gz	1	9.256e-12	501	0.453	108	0.9153	0.9818	NA
1104	job_A	MGYP000368318944.pdb.gz	1	6.955e-12	501	0.457	107	0.9068	0.9469	NA
1105	job_A	MGYP001432868305.pdb.gz	1	1.038e-11	501	0.417	115	0.9746	1	NA
1106	job_A	MGYP001617848874.pdb.gz	1	5.858e-12	501	0.396	116	0.9831	1	NA
1107	job_A	MGYP002852510152.pdb.gz	1	6.568e-12	501	0.478	115	0.9746	0.9829	NA
1108	job_A	MGYP003117226488.pdb.gz	1	5.858e-12	501	0.44	118	1	1	NA
1109	job_A	MGYP000876612547.pdb.gz	1	8.256e-12	501	0.455	112	0.9492	0.7943	NA
1110	job_A	Q71YB5	1	2.256e-12	501	0.429	121	1.025	0.9528	NA
1111	job_A	Q6GDK6	1	1.203e-12	501	0.471	121	1.025	0.9528	NA
1112	job_A	Q6HL14	1	1.428e-12	501	0.438	121	1.025	0.9528	NA
1113	job_A	Q5HL37	1	1.136e-12	501	0.429	121	1.025	0.9453	NA
1114	job_A	A0A365XPG3	1	1.738e-11	501	0.451	113	0.9576	0.9912	NA
1115	job_A	A0A9D7TX72	1	1.738e-11	501	0.451	113	0.9576	0.9912	NA
1116	job_A	A0A1F3IW72	1	2.063e-11	501	0.371	113	0.9576	0.9912	NA
1117	job_A	A0A842X7V7	1	1.641e-11	501	0.384	117	0.9915	1.017	NA
1118	job_A	A0A6N2D468	1	1.55e-11	501	0.443	115	0.9746	0.9914	NA
1119	job_A	A0A2T0WXI5	1	1.383e-11	501	0.428	112	0.9492	0.9655	NA
1120	job_A	A0A3R6PA64	1	1.464e-11	501	0.482	112	0.9492	0.9655	NA
1121	job_A	A0A7Y5H849	1	3.079e-11	501	0.447	114	0.9661	0.95	NA
1122	job_A	A0A9X7JV14	1	2.185e-11	501	0.447	114	0.9661	0.9268	NA
1123	job_A	X0V6G8	1	2.185e-11	501	0.473	114	0.9661	0.8571	NA
1124	job_A	A0A497XMZ5	1	4.939e-12	501	0.421	121	1.025	0.8897	NA
1125	job_A	MGYP000524842755.pdb.gz	1	5.858e-12	500	0.408	115	0.9746	1.009	NA
1126	job_A	MGYP001626137518.pdb.gz	1	1.164e-11	500	0.417	115	0.9746	1	NA
1127	job_A	MGYP001381830253.pdb.gz	1	1.463e-11	500	0.391	115	0.9746	0.9914	NA
1128	job_A	MGYP001003032119.pdb.gz	1	1.099e-11	500	0.417	115	0.9746	0.9746	NA
1129	job_A	MGYP001317621764.pdb.gz	1	1.232e-11	500	0.382	115	0.9746	0.8846	NA
1130	job_A	MGYP001397468208.pdb.gz	1	1.463e-11	500	0.413	116	0.9831	0.8923	NA
1131	job_A	MGYP002392918749.pdb.gz	1	1.232e-11	500	0.437	112	0.9492	0.655	NA
1132	job_A	Q7NDK7	1	2.256e-12	500	0.416	120	1.017	0.96	NA
1133	job_A	Q8NUN3	1	1.601e-12	500	0.475	120	1.017	0.9449	NA
1134	job_A	A7GAI4	1	1.9e-12	500	0.404	121	1.025	0.9528	NA
1135	job_A	4cry-assembly1.cif.gz_G	1	6.172e-13	500	0.989	94	0.7966	0.9216	NA
1136	job_A	A0A4Q5UMG3	1	2.185e-11	500	0.433	113	0.9576	0.9912	NA
1137	job_A	A0A918UVB6	1	1.949e-11	500	0.477	113	0.9576	0.9912	NA
1138	job_A	A0A977Q0Q4	1	1.641e-11	500	0.434	115	0.9746	1	NA
1139	job_A	A0A1Z9QCS8	1	5.538e-12	500	0.433	120	1.017	0.9756	NA
1140	job_A	A0A7X8BY49	1	5.864e-12	500	0.404	121	1.025	0.9453	NA
1141	job_A	A0A2E8G983	1	2.185e-11	500	0.394	114	0.9661	0.8085	NA
1142	job_A	A0A7W5E034	1	1.738e-11	500	0.415	118	1	0.7284	NA
1143	job_A	A0A919G326	1	2.594e-11	500	0.447	114	0.9661	0.6786	NA
1144	job_A	MGYP001131309830.pdb.gz	1	4.66e-12	499	0.617	94	0.7966	1	NA
1145	job_A	MGYP001804880835.pdb.gz	1	9.801e-12	499	0.423	111	0.9407	1	NA
1146	job_A	MGYP000124274924.pdb.gz	1	7.797e-12	499	0.367	117	0.9915	1	NA
1147	job_A	MGYP002654447493.pdb.gz	1	1.164e-11	499	0.417	115	0.9746	0.9746	NA
1148	job_A	MGYP001497658774.pdb.gz	1	1.381e-11	499	0.403	114	0.9661	0.95	NA
1149	job_A	MGYP000656317812.pdb.gz	1	1.463e-11	499	0.385	114	0.9661	0.7808	NA
1150	job_A	Q8CVE9	1	1.9e-12	499	0.422	116	0.9831	1	NA
1151	job_A	C3L033	1	2.012e-12	499	0.404	121	1.025	0.9528	NA
1152	job_A	B3QQH1	1	6.315e-12	499	0.452	115	0.9746	0.8984	NA
1153	job_A	A0A932VS50	1	2.449e-11	499	0.417	115	0.9746	0.9504	NA
1154	job_A	A0A9E5EV37	1	3.31e-12	499	0.462	121	1.025	0.9308	NA
1155	job_A	A0A849X2D0	1	1.1e-11	499	0.482	114	0.9661	0.8636	NA
1156	job_A	A0A935NHF0	1	9.265e-12	499	0.422	116	0.9831	0.8722	NA
1157	job_A	A0A5B9WDG0	1	1.383e-11	499	0.423	118	1	0.8551	NA
1158	job_A	MGYP000658913528.pdb.gz	1	7.797e-12	498	0.434	115	0.9746	1.018	NA
1159	job_A	MGYP001026178552.pdb.gz	1	1.305e-11	498	0.376	117	0.9915	1	NA
1160	job_A	MGYP000905596061.pdb.gz	1	1.839e-11	498	0.417	115	0.9746	0.9746	NA
1161	job_A	MGYP001046100432.pdb.gz	1	2.183e-11	498	0.394	114	0.9661	0.9661	NA
1162	job_A	MGYP002858708423.pdb.gz	1	6.568e-12	498	0.44	118	1	0.7973	NA
1163	job_A	MGYP000900406026.pdb.gz	1	4.401e-12	498	0.445	119	1.008	0.7041	NA
1164	job_A	Q6G679	1	1.428e-12	498	0.471	121	1.025	0.9528	NA
1165	job_A	Q81ST1	1	1.695e-12	498	0.438	121	1.025	0.9528	NA
1166	job_A	Q8CMZ4	1	1.512e-12	498	0.433	120	1.017	0.9375	NA
1167	job_A	A0A124F944	1	1.383e-11	498	0.422	116	0.9831	1	NA
1168	job_A	A0A9D7HAW3	1	1.306e-11	498	0.455	112	0.9492	0.9573	NA
1169	job_A	A0A061NWM3	1	7.371e-12	498	0.413	121	1.025	0.7857	NA
1170	job_A	A0A2N3G2G7	1	3.26e-11	498	0.412	114	0.9661	0.7215	NA
1171	job_A	MGYP001810702241.pdb.gz	1	9.256e-12	497	0.443	115	0.9746	1.009	NA
1172	job_A	MGYP000483420198.pdb.gz	1	2.744e-11	497	0.4	115	0.9746	0.9746	NA
1173	job_A	MGYP000508566967.pdb.gz	1	2.183e-11	497	0.413	116	0.9831	0.9748	NA
1174	job_A	MGYP001626209861.pdb.gz	1	3.708e-12	497	0.413	121	1.025	1	NA
1175	job_A	MGYP001193447214.pdb.gz	1	5.225e-12	497	0.358	120	1.017	0.9836	NA
1176	job_A	MGYP000014693907.pdb.gz	1	1.947e-11	497	0.391	115	0.9746	0.9426	NA
1177	job_A	MGYP001217825443.pdb.gz	1	4.66e-12	497	0.438	121	1.025	0.9453	NA
1178	job_A	MGYP002758381536.pdb.gz	1	6.203e-12	497	0.444	117	0.9915	0.8731	NA
1179	job_A	MGYP002750986630.pdb.gz	1	1.839e-11	497	0.442	113	0.9576	0.7434	NA
1180	job_A	MGYP003832994049.pdb.gz	1	1.947e-11	497	0.458	109	0.9237	0.677	NA
1181	job_A	Q81FN5	1	1.601e-12	497	0.446	121	1.025	0.9528	NA
1182	job_A	B7HHU5	1	1.695e-12	497	0.446	121	1.025	0.9528	NA
1183	job_A	B7GHT2	1	1.9e-12	497	0.429	121	1.025	0.9528	NA
1184	job_A	A0A1U7CTG5	1	2.185e-11	497	0.377	114	0.9661	0.8028	NA
1185	job_A	C4FQU1	1	9.811e-12	497	0.438	121	1.025	0.8176	NA
1186	job_A	A0A951LHV7	1	1.233e-11	497	0.416	120	1.017	0.8	NA
1187	job_A	A0A1M5SPQ3	1	2.313e-11	497	0.456	114	0.9661	0.7403	NA
1188	job_A	A0A2W4LL78	1	3.079e-11	497	0.447	114	0.9661	0.6826	NA
1189	job_A	MGYP000070269979.pdb.gz	1	6.955e-12	496	0.558	102	0.8644	1	NA
1190	job_A	MGYP000117096403.pdb.gz	1	1.736e-11	496	0.495	107	0.9068	0.9386	NA
1191	job_A	MGYP000390653798.pdb.gz	1	2.311e-11	496	0.382	115	0.9746	1	NA
1192	job_A	MGYP000371397829.pdb.gz	1	1.305e-11	496	0.401	112	0.9492	0.9655	NA
1193	job_A	MGYP000914513253.pdb.gz	1	1.164e-11	496	0.419	112	0.9492	0.9655	NA
1194	job_A	MGYP001365463482.pdb.gz	1	2.311e-11	496	0.4	115	0.9746	0.9914	NA
1195	job_A	MGYP003758534799.pdb.gz	1	1.64e-11	496	0.4	115	0.9746	0.9746	NA
1196	job_A	MGYP001328633511.pdb.gz	1	1.736e-11	496	0.417	115	0.9746	0.9664	NA
1197	job_A	MGYP000250468801.pdb.gz	1	1.305e-11	496	0.373	115	0.9746	0.9583	NA
1198	job_A	MGYP003307827633.pdb.gz	1	1.164e-11	496	0.391	115	0.9746	0.9127	NA
1199	job_A	MGYP000644509457.pdb.gz	1	3.501e-12	496	0.408	120	1.017	0.9302	NA
1200	job_A	A8ERX9	1	6.315e-12	496	0.365	115	0.9746	0.9055	NA
1201	job_A	B7IPB9	1	1.9e-12	496	0.438	121	1.025	0.9528	NA
1202	job_A	4d7z-assembly1.cif.gz_B	1	8.216e-13	496	0.989	93	0.7881	0.9894	NA
1203	job_A	A0A970MZ88	1	1.383e-11	496	0.438	114	0.9661	0.9744	NA
1204	job_A	A0A961H681	1	2.313e-11	496	0.464	114	0.9661	0.8976	NA
1205	job_A	A0A0W0ZMK7	1	8.75e-12	496	0.388	121	1.025	0.938	NA
1206	job_A	A0A7Y9LDU8	1	2.185e-11	496	0.481	110	0.9322	0.8462	NA
1207	job_A	A0A1Z4GM18	1	2.449e-11	496	0.408	115	0.9746	0.6845	NA
1208	job_A	MGYP003394197791.pdb.gz	1	1.736e-11	495	0.373	115	0.9746	0.9914	NA
1209	job_A	MGYP003328079396.pdb.gz	1	2.183e-11	495	0.373	115	0.9746	0.9829	NA
1210	job_A	MGYP001242602155.pdb.gz	1	1.64e-11	495	0.391	115	0.9746	0.9664	NA
1211	job_A	MGYP001401661767.pdb.gz	1	8.742e-12	495	0.375	120	1.017	0.9449	NA
1212	job_A	MGYP000674431579.pdb.gz	1	2.061e-11	495	0.379	116	0.9831	0.8227	NA
1213	job_A	MGYP003473903230.pdb.gz	1	2.591e-11	495	0.35	114	0.9661	0.8085	NA
1214	job_A	MGYP003363120453.pdb.gz	1	1.947e-11	495	0.481	110	0.9322	0.6471	NA
1215	job_A	Q5WGA5	1	2.012e-12	495	0.459	122	1.034	0.9606	NA
1216	job_A	B7JHQ8	1	2.012e-12	495	0.438	121	1.025	0.9528	NA
1217	job_A	Q63DJ1	1	2.012e-12	495	0.438	121	1.025	0.9528	NA
1218	job_A	B1KUY5	1	2.529e-12	495	0.396	121	1.025	0.9528	NA
1219	job_A	A0A959LKS3	1	2.449e-11	495	0.451	113	0.9576	0.9912	NA
1220	job_A	A0A916HDU2	1	2.313e-11	495	0.428	112	0.9492	0.9655	NA
1221	job_A	A0A0L6HV58	1	2.449e-11	495	0.431	116	0.9831	0.9062	NA
1222	job_A	A0A1V4TMN0	1	1.383e-11	495	0.422	116	0.9831	0.8992	NA
1223	job_A	A0A259TW89	1	3.655e-11	495	0.447	114	0.9661	0.7308	NA
1224	job_A	MGYP000456893841.pdb.gz	1	2.183e-11	494	0.391	115	0.9746	0.9746	NA
1225	job_A	MGYP001125600904.pdb.gz	1	7.797e-12	494	0.383	120	1.017	0.9524	NA
1226	job_A	MGYP000116386945.pdb.gz	1	2.061e-11	494	0.431	116	0.9831	0.8467	NA
1227	job_A	MGYP001005533699.pdb.gz	1	1.947e-11	494	0.403	114	0.9661	0.8028	NA
1228	job_A	A0RM41	1	6.686e-12	494	0.391	115	0.9746	1	NA
1229	job_A	A6L8I7	1	5.632e-12	494	0.464	112	0.9492	0.9655	NA
1230	job_A	A9VMF1	1	2.131e-12	494	0.438	121	1.025	0.9528	NA
1231	job_A	A4IQ59	1	2.012e-12	494	0.429	121	1.025	0.9528	NA
1232	job_A	A0RBZ4	1	2.012e-12	494	0.438	121	1.025	0.9528	NA
1233	job_A	A0A965R6I9	1	2.746e-11	494	0.437	112	0.9492	0.9825	NA
1234	job_A	A0A940F783	1	2.449e-11	494	0.46	115	0.9746	0.8984	NA
1235	job_A	A0A3M1Q2L7	1	2.063e-11	494	0.449	118	1	0.9147	NA
1236	job_A	L1MGV7	1	2.063e-11	494	0.417	115	0.9746	0.8647	NA
1237	job_A	MGYP000607290887.pdb.gz	1	8.742e-12	493	0.391	115	0.9746	1.018	NA
1238	job_A	MGYP000052997395.pdb.gz	1	1.736e-11	493	0.447	114	0.9661	0.9828	NA
1239	job_A	MGYP000960761534.pdb.gz	1	9.256e-12	493	0.369	119	1.008	1	NA
1240	job_A	MGYP000907421861.pdb.gz	1	1.305e-11	493	0.428	119	1.008	1	NA
1241	job_A	MGYP001358313149.pdb.gz	1	2.744e-11	493	0.429	114	0.9661	0.95	NA
1242	job_A	MGYP003542256305.pdb.gz	1	1.251e-12	493	0.487	117	0.9915	0.959	NA
1243	job_A	MGYP001416051258.pdb.gz	1	2.061e-11	493	0.4	115	0.9746	0.935	NA
1244	job_A	MGYP001591832594.pdb.gz	1	1.64e-11	493	0.452	115	0.9746	0.8984	NA
1245	job_A	MGYP000995251371.pdb.gz	1	1.549e-11	493	0.443	115	0.9746	0.8779	NA
1246	job_A	MGYP002674806348.pdb.gz	1	1.164e-11	493	0.449	118	1	0.8194	NA
1247	job_A	Q64XM2	1	5.964e-12	493	0.44	109	0.9237	0.9316	NA
1248	job_A	Q8EQD8	1	2.012e-12	493	0.421	121	1.025	0.9528	NA
1249	job_A	Q5HCV5	1	2.529e-12	493	0.475	120	1.017	0.9449	NA
1250	job_A	A0A535HQI7	1	1.55e-11	493	0.415	118	1	0.9916	NA
1251	job_A	A0A0R3KU37	1	2.594e-11	493	0.426	115	0.9746	0.9664	NA
1252	job_A	W7WN84	1	2.313e-11	493	0.542	107	0.9068	0.781	NA
1253	job_A	A0A1Z4NKA2	1	3.26e-11	493	0.412	114	0.9661	0.7215	NA
1254	job_A	MGYP000393472942.pdb.gz	1	2.447e-11	492	0.4	115	0.9746	1	NA
1255	job_A	MGYP003799497283.pdb.gz	1	2.311e-11	492	0.393	117	0.9915	1	NA
1256	job_A	MGYP001605904627.pdb.gz	1	1.736e-11	492	0.373	115	0.9746	0.9583	NA
1257	job_A	MGYP000272634753.pdb.gz	1	2.311e-11	492	0.356	115	0.9746	0.9583	NA
1258	job_A	MGYP001251455439.pdb.gz	1	1.736e-11	492	0.373	115	0.9746	0.935	NA
1259	job_A	MGYP003344567519.pdb.gz	1	2.447e-11	492	0.391	115	0.9746	0.8712	NA
1260	job_A	MGYP000667869368.pdb.gz	1	1.64e-11	492	0.434	115	0.9746	0.8099	NA
1261	job_A	B7HL55	1	2.389e-12	492	0.438	121	1.025	0.9528	NA
1262	job_A	A0A840H066	1	2.449e-11	492	0.45	111	0.9407	0.9911	NA
1263	job_A	A0A960TEY8	1	1.464e-11	492	0.372	118	1	1	NA
1264	job_A	A0A536E0K5	1	2.185e-11	492	0.439	116	0.9831	0.8788	NA
1265	job_A	MGYP001384161078.pdb.gz	1	1.099e-11	491	0.426	115	0.9746	1.009	NA
1266	job_A	MGYP001187930371.pdb.gz	1	2.183e-11	491	0.339	115	0.9746	1	NA
1267	job_A	MGYP001253499005.pdb.gz	1	3.652e-11	491	0.365	115	0.9746	0.9914	NA
1268	job_A	MGYP000271121353.pdb.gz	1	2.905e-11	491	0.376	117	0.9915	1.009	NA
1269	job_A	MGYP001767308194.pdb.gz	1	7.797e-12	491	0.369	119	1.008	1	NA
1270	job_A	MGYP001601998745.pdb.gz	1	6.203e-12	491	0.391	120	1.017	1.008	NA
1271	job_A	MGYP001382959941.pdb.gz	1	1.839e-11	491	0.373	115	0.9746	0.9504	NA
1272	job_A	MGYP000002899587.pdb.gz	1	1.232e-11	491	0.434	115	0.9746	0.8984	NA
1273	job_A	MGYP000328753560.pdb.gz	1	1.549e-11	491	0.405	116	0.9831	0.8992	NA
1274	job_A	MGYP002759375153.pdb.gz	1	2.485e-12	491	0.454	121	1.025	0.8705	NA
1275	job_A	A5IW22	1	2.256e-12	491	0.471	121	1.025	0.9528	NA
1276	job_A	C1EN38	1	2.678e-12	491	0.438	121	1.025	0.9528	NA
1277	job_A	C5D3B1	1	2.678e-12	491	0.421	121	1.025	0.9528	NA
1278	job_A	B9DKF6	1	2.012e-12	491	0.446	121	1.025	0.9528	NA
1279	job_A	B3QTQ3	1	7.497e-12	491	0.452	115	0.9746	0.8456	NA
1280	job_A	A0A0C5W6H2	1	2.313e-11	491	0.41	112	0.9492	0.9655	NA
1281	job_A	A0A1D7YUK6	1	3.452e-11	491	0.391	115	0.9746	0.9746	NA
1282	job_A	A0A9E6W6B2	1	2.594e-11	491	0.344	119	1.008	0.952	NA
1283	job_A	A0A3M1GEH5	1	2.449e-11	491	0.508	116	0.9831	0.8722	NA
1284	job_A	A0A7X0GHH8	1	2.746e-11	491	0.509	110	0.9322	0.7971	NA
1285	job_A	A0A960FLK5	1	1.738e-11	491	0.382	115	0.9746	0.7516	NA
1286	job_A	A0AAE3KLZ9	1	1.55e-11	491	0.408	120	1.017	0.2459	NA
1287	job_A	A0A163RG25	1	3.87e-11	491	0.5	114	0.9661	0.2271	NA
1288	job_A	MGYP003508630099.pdb.gz	1	1.736e-11	490	0.41	112	0.9492	0.9825	NA
1289	job_A	MGYP000600255393.pdb.gz	1	1.164e-11	490	0.439	116	0.9831	0.9915	NA
1290	job_A	MGYP001068820270.pdb.gz	1	2.183e-11	490	0.408	115	0.9746	0.7278	NA
1291	job_A	C3P5R1	1	2.678e-12	490	0.438	121	1.025	0.9528	NA
1292	job_A	5ls7-assembly1.cif.gz_D	1	1.033e-12	490	1	93	0.7881	0.9208	NA
1293	job_A	A0A2N5ZMM5	1	3.26e-11	490	0.472	110	0.9322	0.9735	NA
1294	job_A	A0A1G6YAK4	1	3.655e-11	490	0.442	113	0.9576	0.9912	NA
1295	job_A	A0A9D8BMJ1	1	3.87e-11	490	0.339	115	0.9746	0.9914	NA
1296	job_A	A0A7Z9WGJ3	1	3.079e-11	490	0.377	114	0.9661	0.95	NA
1297	job_A	A0A2H5WAN0	1	4.594e-11	490	0.412	114	0.9661	0.95	NA
1298	job_A	A0A7C1YBG8	1	1.641e-11	490	0.406	118	1	0.9077	NA
1299	job_A	A0A0J1BIE2	1	2.908e-11	490	0.401	117	0.9915	0.7222	NA
1300	job_A	MGYP001398483067.pdb.gz	1	1.099e-11	489	0.445	110	0.9322	1.009	NA
1301	job_A	MGYP000174277230.pdb.gz	1	6.568e-12	489	0.423	118	1	1.017	NA
1302	job_A	MGYP001492951562.pdb.gz	1	2.311e-11	489	0.418	117	0.9915	1	NA
1303	job_A	MGYP000854568639.pdb.gz	1	9.801e-12	489	0.364	118	1	1	NA
1304	job_A	MGYP001501588984.pdb.gz	1	9.801e-12	489	0.381	118	1	1	NA
1305	job_A	MGYP003694584287.pdb.gz	1	3.652e-11	489	0.412	114	0.9661	0.8702	NA
1306	job_A	MGYP002481249750.pdb.gz	1	2.905e-11	489	0.355	118	1	0.7421	NA
1307	job_A	Q052G3	1	3.367e-12	489	0.396	116	0.9831	1	NA
1308	job_A	Q89ZR7	1	7.497e-12	489	0.449	109	0.9237	0.9316	NA
1309	job_A	Q9KC85	1	3.367e-12	489	0.429	121	1.025	0.9528	NA
1310	job_A	A0A519TDA2	1	3.452e-11	489	0.46	115	0.9746	1	NA
1311	job_A	A0A7Y3EQG1	1	2.746e-11	489	0.455	112	0.9492	0.9655	NA
1312	job_A	A0A7X7G3F8	1	1.84e-11	489	0.371	121	1.025	1	NA
1313	job_A	A0A1H7J4K3	1	1.55e-11	489	0.391	120	1.017	0.9836	NA
1314	job_A	A0A956QNH2	1	4.865e-11	489	0.426	115	0.9746	0.8647	NA
1315	job_A	A0A2R7QIN7	1	3.26e-11	489	0.5	110	0.9322	0.8029	NA
1316	job_A	A0A4P5QU08	1	1.55e-11	489	0.413	121	1.025	0.8521	NA
1317	job_A	A0A5B9QKW6	1	2.908e-11	489	0.364	118	1	0.7867	NA
1318	job_A	A0A6P0VTE4	1	2.313e-11	489	0.431	109	0.9237	0.1617	NA
1319	job_A	MGYP001548961032.pdb.gz	1	1.947e-11	488	0.46	113	0.9576	1.009	NA
1320	job_A	MGYP001556897565.pdb.gz	1	2.061e-11	488	0.486	109	0.9237	0.9478	NA
1321	job_A	MGYP001282499902.pdb.gz	1	1.463e-11	488	0.435	117	0.9915	0.9915	NA
1322	job_A	MGYP001131188416.pdb.gz	1	1.232e-11	488	0.406	118	1	1	NA
1323	job_A	MGYP001774219432.pdb.gz	1	9.256e-12	488	0.403	114	0.9661	0.95	NA
1324	job_A	MGYP003623144165.pdb.gz	1	1.463e-11	488	0.355	118	1	0.9365	NA
1325	job_A	MGYP003558567074.pdb.gz	1	2.311e-11	488	0.44	109	0.9237	0.6943	NA
1326	job_A	Q30TR6	1	7.938e-12	488	0.391	115	0.9746	0.9504	NA
1327	job_A	C3L8P8	1	3.179e-12	488	0.438	121	1.025	0.9528	NA
1328	job_A	Q73AV2	1	3.179e-12	488	0.429	121	1.025	0.9528	NA
1329	job_A	Q982G0	1	1.057e-11	488	0.398	113	0.9576	0.7533	NA
1330	job_A	A0A7G5XBI5	1	3.87e-11	488	0.442	113	0.9576	0.9912	NA
1331	job_A	A0A1B9E085	1	3.655e-11	488	0.439	116	0.9831	1	NA
1332	job_A	A0A937JTD3	1	3.655e-11	488	0.408	115	0.9746	0.8519	NA
1333	job_A	MGYP002589376011.pdb.gz	1	1.64e-11	487	0.392	112	0.9492	0.9912	NA
1334	job_A	MGYP001092987933.pdb.gz	1	1.038e-11	487	0.404	121	1.025	0.9308	NA
1335	job_A	MGYP002870146492.pdb.gz	1	1.099e-11	487	0.347	121	1.025	0.8121	NA
1336	job_A	Q04TD7	1	5.024e-12	487	0.396	116	0.9831	1	NA
1337	job_A	W7DLT8	1	4.339e-11	487	0.449	109	0.9237	0.9478	NA
1338	job_A	A0A2A2Y2P2	1	2.908e-11	487	0.403	119	1.008	0.8947	NA
1339	job_A	A0A9D6PL82	1	4.098e-11	487	0.365	115	0.9746	0.7233	NA
1340	job_A	MGYP001388121436.pdb.gz	1	1.381e-11	486	0.486	115	0.9746	0.9426	NA
1341	job_A	MGYP000430367008.pdb.gz	1	3.867e-11	486	0.476	107	0.9068	0.7431	NA
1342	job_A	MGYP001062147785.pdb.gz	1	3.076e-11	486	0.429	114	0.9661	0.6867	NA
1343	job_A	A7ZFX6	1	7.497e-12	486	0.367	117	0.9915	1.017	NA
1344	job_A	Q72QN9	1	5.319e-12	486	0.422	116	0.9831	1	NA
1345	job_A	Q5LGS0	1	9.423e-12	486	0.44	109	0.9237	0.9316	NA
1346	job_A	Q2S2P5	1	9.978e-12	486	0.44	118	1	0.8082	NA
1347	job_A	A0A2D7KNM5	1	4.339e-11	486	0.467	107	0.9068	0.9727	NA
1348	job_A	A0A3D4CJW0	1	3.079e-11	486	0.446	112	0.9492	0.9655	NA
1349	job_A	A0A537ZCT5	1	2.746e-11	486	0.35	117	0.9915	0.907	NA
1350	job_A	A0A388PWD8	1	1.641e-11	486	0.587	97	0.822	0.7519	NA
1351	job_A	A0A7V2F6J0	1	5.775e-11	486	0.452	115	0.9746	0.8582	NA
1352	job_A	A0A521GYG4	1	5.151e-11	486	0.322	118	1	0.8676	NA
1353	job_A	A0A9X2ZSP7	1	4.339e-11	486	0.44	118	1	0.8194	NA
1354	job_A	MGYP002783462086.pdb.gz	1	2.744e-11	485	0.533	103	0.8729	0.9904	NA
1355	job_A	MGYP001591890184.pdb.gz	1	5.77e-11	485	0.417	115	0.9746	0.9583	NA
1356	job_A	A6GVV2	1	9.978e-12	485	0.431	116	0.9831	1	NA
1357	job_A	Q9ZN30	1	9.423e-12	485	0.394	114	0.9661	0.9744	NA
1358	job_A	A0A355ITR4	1	3.452e-11	485	0.437	112	0.9492	0.9655	NA
1359	job_A	A0A3D9FXC7	1	3.87e-11	485	0.428	112	0.9492	0.9655	NA
1360	job_A	A0A9D2RIF9	1	3.26e-11	485	0.473	112	0.9492	0.9412	NA
1361	job_A	A0A8I2G8T0	1	4.098e-11	485	0.408	115	0.9746	0.9426	NA
1362	job_A	A0AA46ADI5	1	4.339e-11	485	0.448	116	0.9831	0.8992	NA
1363	job_A	A0A964KSE9	1	2.449e-11	485	0.404	121	1.025	0.9167	NA
1364	job_A	A0A7V1RDY6	1	2.746e-11	485	0.391	115	0.9746	0.8582	NA
1365	job_A	A0A101HTK6	1	5.775e-11	485	0.447	114	0.9661	0.8321	NA
1366	job_A	A0A974SIW7	1	4.865e-11	485	0.464	112	0.9492	0.8	NA
1367	job_A	MGYP001408718334.pdb.gz	1	1.64e-11	484	0.385	114	0.9661	1	NA
1368	job_A	MGYP000930773256.pdb.gz	1	2.061e-11	484	0.406	118	1	1	NA
1369	job_A	MGYP000092701379.pdb.gz	1	3.652e-11	484	0.438	114	0.9661	0.95	NA
1370	job_A	MGYP000389622905.pdb.gz	1	1.736e-11	484	0.5	116	0.9831	0.9355	NA
1371	job_A	MGYP001050163669.pdb.gz	1	8.256e-12	484	0.363	121	1.025	0.9237	NA
1372	job_A	MGYP001823261091.pdb.gz	1	2.905e-11	484	0.382	115	0.9746	0.8333	NA
1373	job_A	MGYP003575538794.pdb.gz	1	3.449e-11	484	0.464	114	0.9661	0.8085	NA
1374	job_A	Q3M782	1	5.024e-12	484	0.42	119	1.008	0.937	NA
1375	job_A	Q9EYU1	1	1.406e-11	484	0.398	113	0.9576	0.7533	NA
1376	job_A	A0A2A5FKV0	1	2.594e-11	484	0.446	112	0.9492	0.9655	NA
1377	job_A	W8VUN2	1	3.87e-11	484	0.464	112	0.9492	0.9655	NA
1378	job_A	A0A3C1G2F2	1	4.339e-11	484	0.367	117	0.9915	1	NA
1379	job_A	A0A660SL37	1	2.594e-11	484	0.316	117	0.9915	1	NA
1380	job_A	D9PML9	1	5.151e-11	484	0.481	110	0.9322	0.9322	NA
1381	job_A	A0A9X1S339	1	3.079e-11	484	0.45	122	1.034	0.9531	NA
1382	job_A	A0A936N915	1	2.594e-11	484	0.383	120	1.017	0.9091	NA
1383	job_A	A0A6B1GIZ6	1	1.464e-11	484	0.441	120	1.017	0.8511	NA
1384	job_A	MGYP003179318281.pdb.gz	1	2.183e-11	483	0.481	110	0.9322	1.009	NA
1385	job_A	MGYP001076935004.pdb.gz	1	3.449e-11	483	0.278	115	0.9746	0.9914	NA
1386	job_A	MGYP001627648196.pdb.gz	1	2.591e-11	483	0.379	116	0.9831	0.9915	NA
1387	job_A	MGYP001465373720.pdb.gz	1	2.744e-11	483	0.347	115	0.9746	0.9746	NA
1388	job_A	MGYP000294823001.pdb.gz	1	1.463e-11	483	0.408	120	1.017	1	NA
1389	job_A	O34246	1	3.997e-12	483	0.396	121	1.025	1	NA
1390	job_A	A0A7C1BBY4	1	2.594e-11	483	0.391	115	0.9746	1	NA
1391	job_A	A0A0D0IV58	1	3.26e-11	483	0.46	115	0.9746	1	NA
1392	job_A	A0A2E6IME0	1	3.655e-11	483	0.446	112	0.9492	0.9655	NA
1393	job_A	A0A1M7MSU4	1	5.151e-11	483	0.449	109	0.9237	0.9397	NA
1394	job_A	A0A662C8E0	1	4.098e-11	483	0.419	112	0.9492	0.9655	NA
1395	job_A	A0A661C7T3	1	5.454e-11	483	0.385	114	0.9661	0.8702	NA
1396	job_A	MGYP001469392223.pdb.gz	1	2.183e-11	482	0.398	118	1	1.008	NA
1397	job_A	A0A7H9CHD8	1	3.655e-11	482	0.4	115	0.9746	1.018	NA
1398	job_A	A0A255TPX1	1	3.452e-11	482	0.464	112	0.9492	0.9825	NA
1399	job_A	A0A7C5P1F6	1	2.313e-11	482	0.422	116	0.9831	0.9355	NA
1400	job_A	A0A3A4PHH0	1	5.151e-11	482	0.366	120	1.017	0.8955	NA
1401	job_A	A0A2P8FF38	1	5.454e-11	482	0.438	114	0.9661	0.7403	NA
1402	job_A	A0A4R2AVJ6	1	5.454e-11	482	0.398	113	0.9576	0.5407	NA
1403	job_A	MGYP001412632783.pdb.gz	1	2.183e-11	481	0.415	118	1	1.017	NA
1404	job_A	MGYP001451521163.pdb.gz	1	5.146e-11	481	0.408	115	0.9746	0.9426	NA
1405	job_A	MGYP000530730058.pdb.gz	1	9.801e-12	481	0.462	121	1.025	0.968	NA
1406	job_A	MGYP000733731922.pdb.gz	1	9.256e-12	481	0.382	123	1.042	0.9762	NA
1407	job_A	MGYP000052923898.pdb.gz	1	1.305e-11	481	0.45	120	1.017	0.9023	NA
1408	job_A	MGYP001318465020.pdb.gz	1	4.935e-12	481	0.411	124	1.051	0.9185	NA
1409	job_A	MGYP000279342162.pdb.gz	1	5.146e-11	481	0.415	113	0.9576	0.8248	NA
1410	job_A	MGYP000882926472.pdb.gz	1	3.652e-11	481	0.434	115	0.9746	0.7986	NA
1411	job_A	A0A4R6TRF5	1	4.865e-11	481	0.431	109	0.9237	0.9397	NA
1412	job_A	A0A415DSA0	1	4.594e-11	481	0.446	112	0.9492	0.9655	NA
1413	job_A	A0A1H6LNY9	1	5.151e-11	481	0.437	112	0.9492	0.9655	NA
1414	job_A	A0A520UJJ6	1	4.339e-11	481	0.401	112	0.9492	0.9655	NA
1415	job_A	A0A1H1M1D6	1	4.865e-11	481	0.412	109	0.9237	0.9397	NA
1416	job_A	A0A521YDX2	1	3.26e-11	481	0.47	119	1.008	0.9444	NA
1417	job_A	A0A1M4WK73	1	2.185e-11	481	0.438	121	1.025	0.9528	NA
1418	job_A	A0A7K1TPA7	1	1.84e-11	481	0.404	121	1.025	0.9308	NA
1419	job_A	A0ABC9PYV4	1	1.949e-11	481	0.462	121	1.025	0.9167	NA
1420	job_A	MGYP000944347458.pdb.gz	1	2.447e-11	480	0.449	118	1	0.9916	NA
1421	job_A	MGYP003729673145.pdb.gz	1	3.449e-11	480	0.392	107	0.9068	0.7985	NA
1422	job_A	A0A2S5QW78	1	2.063e-11	480	0.513	115	0.9746	1.036	NA
1423	job_A	A0A937XE27	1	6.115e-11	480	0.372	118	1	0.944	NA
1424	job_A	A0A3D9GS15	1	2.746e-11	480	0.421	121	1.025	0.9528	NA
1425	job_A	A0A949VKG9	1	3.452e-11	480	0.437	112	0.9492	0.8421	NA
1426	job_A	A0A1N6EMI2	1	1.949e-11	480	0.452	117	0.9915	0.8797	NA
1427	job_A	A0A6J6ERN4	1	3.87e-11	480	0.339	115	0.9746	0.7986	NA
1428	job_A	A0A2M8WSP9	1	5.775e-11	480	0.468	111	0.9407	0.6937	NA
1429	job_A	MGYP001334877676.pdb.gz	1	2.311e-11	479	0.391	115	0.9746	1.009	NA
1430	job_A	MGYP001210701625.pdb.gz	1	5.449e-11	479	0.433	113	0.9576	0.9741	NA
1431	job_A	MGYP000589581645.pdb.gz	1	3.076e-11	479	0.381	118	1	1	NA
1432	job_A	MGYP000176173014.pdb.gz	1	3.449e-11	479	0.408	115	0.9746	0.9055	NA
1433	job_A	Q29W39	1	3.997e-12	479	0.429	121	1.025	0.9603	NA
1434	job_A	Q7UQU4	1	1.489e-11	479	0.407	113	0.9576	0.7244	NA
1435	job_A	A0A7X8JKW8	1	4.339e-11	479	0.434	115	0.9746	1.018	NA
1436	job_A	A0A829QPH4	1	3.655e-11	479	0.504	105	0.8898	0.913	NA
1437	job_A	A0A2D7N8A4	1	4.098e-11	479	0.391	115	0.9746	0.8984	NA
1438	job_A	A0A9J6ZH20	1	4.098e-11	479	0.421	114	0.9661	0.7917	NA
1439	job_A	MGYP001356545753.pdb.gz	1	1.839e-11	478	0.555	99	0.839	0.99	NA
1440	job_A	MGYP001183163832.pdb.gz	1	5.77e-11	478	0.451	113	0.9576	1	NA
1441	job_A	MGYP001772859877.pdb.gz	1	5.449e-11	478	0.373	115	0.9746	0.9829	NA
1442	job_A	MGYP003313923610.pdb.gz	1	3.257e-11	478	0.427	110	0.9322	0.9016	NA
1443	job_A	MGYP001307216910.pdb.gz	1	8.132e-11	478	0.37	116	0.9831	0.9431	NA
1444	job_A	MGYP000101639029.pdb.gz	1	4.335e-11	478	0.4	115	0.9746	0.935	NA
1445	job_A	MGYP002152439860.pdb.gz	1	1.736e-11	478	0.413	121	1.025	0.8462	NA
1446	job_A	MGYP002513071025.pdb.gz	1	3.652e-11	478	0.419	112	0.9492	0.7179	NA
1447	job_A	MGYP003299305323.pdb.gz	1	4.094e-11	478	0.423	111	0.9407	0.6937	NA
1448	job_A	MGYP000489057108.pdb.gz	1	5.146e-11	478	0.373	115	0.9746	0.6845	NA
1449	job_A	B6JPC9	1	1.254e-11	478	0.376	117	0.9915	1.009	NA
1450	job_A	A7IHU0	1	1.577e-11	478	0.464	112	0.9492	0.7467	NA
1451	job_A	A0A2T0YQE6	1	2.449e-11	478	0.456	114	0.9661	0.8444	NA
1452	job_A	MGYP001188477533.pdb.gz	1	1.839e-11	477	0.413	116	0.9831	1.009	NA
1453	job_A	MGYP000731124586.pdb.gz	1	2.591e-11	477	0.464	112	0.9492	0.9655	NA
1454	job_A	MGYP001008404628.pdb.gz	1	6.469e-11	477	0.367	117	0.9915	1	NA
1455	job_A	MGYP001253331381.pdb.gz	1	3.449e-11	477	0.35	114	0.9661	0.958	NA
1456	job_A	MGYP002635964558.pdb.gz	1	2.744e-11	477	0.495	115	0.9746	0.9583	NA
1457	job_A	MGYP000122578360.pdb.gz	1	1.947e-11	477	0.486	115	0.9746	0.8915	NA
1458	job_A	MGYP002866512973.pdb.gz	1	5.77e-11	477	0.373	115	0.9746	0.8519	NA
1459	job_A	MGYP000341259559.pdb.gz	1	2.183e-11	477	0.375	120	1.017	0.663	NA
1460	job_A	A0A8H2LHD1	1	6.115e-11	477	0.41	112	0.9492	0.9655	NA
1461	job_A	S7VB21	1	1.949e-11	477	0.449	118	1	1.017	NA
1462	job_A	A0A661BE33	1	8.139e-11	477	0.417	115	0.9746	0.9746	NA
1463	job_A	A0A3N5YZ53	1	6.475e-11	477	0.468	111	0.9407	0.881	NA
1464	job_A	A0A3Q9GL83	1	9.126e-11	477	0.472	110	0.9322	0.7971	NA
1465	job_A	MGYP003598836758.pdb.gz	1	4.935e-12	476	0.491	120	1.017	0.9677	NA
1466	job_A	MGYP001584054414.pdb.gz	1	5.146e-11	476	0.347	115	0.9746	0.8273	NA
1467	job_A	Q8YR79	1	5.964e-12	476	0.416	120	1.017	0.9449	NA
1468	job_A	A0A7W3Z7J9	1	7.26e-11	476	0.473	112	0.9492	0.9655	NA
1469	job_A	A0A7C8AGW2	1	9.126e-11	476	0.391	115	0.9746	0.9746	NA
1470	job_A	A0A7C5BSN4	1	5.454e-11	476	0.447	114	0.9661	0.7972	NA
1471	job_A	A0A845M2D8	1	7.26e-11	476	0.451	113	0.9576	0.689	NA
1472	job_A	MGYP001202619041.pdb.gz	1	3.867e-11	475	0.417	115	0.9746	1	NA
1473	job_A	MGYP001811460164.pdb.gz	1	2.311e-11	475	0.428	119	1.008	1.017	NA
1474	job_A	MGYP001305837349.pdb.gz	1	5.77e-11	475	0.435	117	0.9915	0.975	NA
1475	job_A	MGYP001618432743.pdb.gz	1	2.905e-11	475	0.388	121	1.025	1	NA
1476	job_A	MGYP001444282675.pdb.gz	1	1.549e-11	475	0.404	121	1.025	0.9453	NA
1477	job_A	MGYP000307457670.pdb.gz	1	3.257e-11	475	0.452	117	0.9915	0.907	NA
1478	job_A	MGYP000750409937.pdb.gz	1	3.257e-11	475	0.394	114	0.9661	0.8444	NA
1479	job_A	P56065	1	1.669e-11	475	0.385	114	0.9661	0.9744	NA
1480	job_A	A0A1H6T0Y3	1	6.856e-11	475	0.41	112	0.9492	0.9655	NA
1481	job_A	A0A924B295	1	7.26e-11	475	0.408	115	0.9746	0.9127	NA
1482	job_A	A0A1F5VNC4	1	5.454e-11	475	0.417	115	0.9746	0.8582	NA
1483	job_A	A0A1V4QGK1	1	1.147e-10	475	0.318	116	0.9831	0.4203	NA
1484	job_A	MGYP000446641756.pdb.gz	1	4.86e-11	474	0.458	109	0.9237	1	NA
1485	job_A	MGYP001166920314.pdb.gz	1	5.146e-11	474	0.344	116	0.9831	0.9915	NA
1486	job_A	MGYP002725692671.pdb.gz	1	7.68e-11	474	0.433	113	0.9576	0.9658	NA
1487	job_A	MGYP002626199514.pdb.gz	1	2.447e-11	474	0.371	121	1.025	0.9918	NA
1488	job_A	MGYP001112630534.pdb.gz	1	1.839e-11	474	0.394	119	1.008	0.952	NA
1489	job_A	MGYP001469226191.pdb.gz	1	2.905e-11	474	0.417	115	0.9746	0.8456	NA
1490	job_A	A7H576	1	6.686e-12	474	0.404	121	1.025	0.9603	NA
1491	job_A	B2J9T1	1	1.982e-11	474	0.382	115	0.9746	0.9055	NA
1492	job_A	B0C321	1	1.982e-11	474	0.4	115	0.9746	0.8779	NA
1493	job_A	A0A7W1ILS5	1	8.618e-11	474	0.366	112	0.9492	0.9825	NA
1494	job_A	A0A3N5FUZ5	1	3.26e-11	474	0.396	116	0.9831	1	NA
1495	job_A	A0A352ED75	1	7.687e-11	474	0.394	109	0.9237	0.9397	NA
1496	job_A	A0A255ZPZ1	1	7.687e-11	474	0.428	112	0.9492	0.9655	NA
1497	job_A	A0A0S4MYF3	1	5.454e-11	474	0.404	121	1.025	0.938	NA
1498	job_A	A0A6J6I0D9	1	8.139e-11	474	0.4	115	0.9746	0.8846	NA
1499	job_A	X0VXQ6	1	6.856e-11	474	0.431	116	0.9831	0.8657	NA
1500	job_A	A0A970XGR3	1	1.362e-10	474	0.356	115	0.9746	0.8519	NA
1501	job_A	A0A5N6MV18	1	8.139e-11	474	0.477	111	0.9407	0.75	NA
1502	job_A	MGYP001433661534.pdb.gz	1	7.253e-11	473	0.415	113	0.9576	1	NA
1503	job_A	MGYP000504063898.pdb.gz	1	6.109e-11	473	0.429	114	0.9661	0.9828	NA
1504	job_A	MGYP003455780035.pdb.gz	1	4.59e-11	473	0.392	112	0.9492	0.8116	NA
1505	job_A	MGYP001586094056.pdb.gz	1	6.109e-11	473	0.365	115	0.9746	0.7325	NA
1506	job_A	A8FK85	1	5.632e-12	473	0.429	121	1.025	0.9603	NA
1507	job_A	C0QRI3	1	8.9e-12	473	0.433	120	1.017	0.8571	NA
1508	job_A	A0A9D8QZH1	1	6.856e-11	473	0.423	111	0.9407	0.9652	NA
1509	job_A	A0A1F9WY36	1	1.215e-10	473	0.356	115	0.9746	0.8846	NA
1510	job_A	MGYP001463920266.pdb.gz	1	4.335e-11	472	0.425	108	0.9153	1.019	NA
1511	job_A	MGYP001209279741.pdb.gz	1	4.59e-11	472	0.373	115	0.9746	1.018	NA
1512	job_A	MGYP000335272727.pdb.gz	1	4.335e-11	472	0.405	116	0.9831	0.9831	NA
1513	job_A	MGYP000078110388.pdb.gz	1	1.64e-11	472	0.381	118	1	1	NA
1514	job_A	MGYP001544911288.pdb.gz	1	6.109e-11	472	0.486	111	0.9407	0.9328	NA
1515	job_A	MGYP001441720120.pdb.gz	1	4.094e-11	472	0.342	114	0.9661	0.958	NA
1516	job_A	MGYP001575972917.pdb.gz	1	5.146e-11	472	0.4	115	0.9746	0.8984	NA
1517	job_A	Q1CVC3	1	1.872e-11	472	0.376	117	0.9915	1.009	NA
1518	job_A	A0AA96J7C2	1	8.139e-11	472	0.401	112	0.9492	0.9655	NA
1519	job_A	A0A9D7UGH3	1	4.594e-11	472	0.363	121	1.025	0.9528	NA
1520	job_A	A0A315X8K3	1	7.26e-11	472	0.473	114	0.9661	0.8769	NA
1521	job_A	A0A8K2A172	1	4.339e-11	472	0.425	120	1.017	0.916	NA
1522	job_A	A0A969GD38	1	3.452e-11	472	0.414	123	1.042	0.8786	NA
1523	job_A	MGYP000069290436.pdb.gz	1	4.59e-11	471	0.446	112	0.9492	0.9655	NA
1524	job_A	MGYP002766204656.pdb.gz	1	2.183e-11	471	0.387	116	0.9831	0.9508	NA
1525	job_A	MGYP001081752533.pdb.gz	1	6.109e-11	471	0.4	115	0.9746	0.9426	NA
1526	job_A	MGYP001262095600.pdb.gz	1	2.905e-11	471	0.388	121	1.025	0.9918	NA
1527	job_A	MGYP003351693085.pdb.gz	1	4.094e-11	471	0.372	118	1	0.9516	NA
1528	job_A	MGYP000854515838.pdb.gz	1	2.447e-11	471	0.413	121	1.025	0.968	NA
1529	job_A	Q5HWH5	1	6.686e-12	471	0.429	121	1.025	0.9603	NA
1530	job_A	A0A9X1R083	1	9.663e-11	471	0.449	109	0.9237	0.9397	NA
1531	job_A	A0A7C1ZKK4	1	8.139e-11	471	0.401	112	0.9492	0.9573	NA
1532	job_A	E3D018	1	2.908e-11	471	0.404	121	1.025	0.968	NA
1533	job_A	A0A7Y0QQA6	1	3.26e-11	471	0.465	116	0.9831	0.8722	NA
1534	job_A	A0A7W7W9N6	1	3.87e-11	471	0.491	116	0.9831	0.8406	NA
1535	job_A	W8X542	1	1.286e-10	471	0.452	115	0.9746	0.7718	NA
1536	job_A	A0A0H2KKF9	1	1.215e-10	471	0.454	110	0.9322	0.7237	NA
1537	job_A	A0A7C5FRU5	1	6.856e-11	471	0.408	115	0.9746	0.6389	NA
1538	job_A	MGYP001608759339.pdb.gz	1	5.77e-11	470	0.405	111	0.9407	1	NA
1539	job_A	MGYP000235424517.pdb.gz	1	8.61e-11	470	0.362	116	0.9831	1	NA
1540	job_A	MGYP000179980643.pdb.gz	1	8.132e-11	470	0.394	114	0.9661	0.9828	NA
1541	job_A	MGYP001484948065.pdb.gz	1	7.68e-11	470	0.33	115	0.9746	0.9746	NA
1542	job_A	MGYP000571294062.pdb.gz	1	1.36e-10	470	0.359	114	0.9661	0.9421	NA
1543	job_A	MGYP000035236406.pdb.gz	1	4.094e-11	470	0.46	115	0.9746	0.935	NA
1544	job_A	MGYP000914773650.pdb.gz	1	6.469e-11	470	0.41	112	0.9492	0.7226	NA
1545	job_A	A0A924D7R2	1	1.083e-10	470	0.431	116	0.9831	1	NA
1546	job_A	A0A0S9QMB3	1	3.87e-11	470	0.406	123	1.042	0.9609	NA
1547	job_A	A0A418ML21	1	6.856e-11	470	0.377	114	0.9661	0.8321	NA
1548	job_A	A0AAV8UJL5	1	6.475e-11	470	0.405	116	0.9831	0.7891	NA
1549	job_A	A0A7X6K7S6	1	4.865e-11	470	0.486	115	0.9746	0.7667	NA
1550	job_A	A0A371PV02	1	4.865e-11	470	0.413	121	1.025	0.6685	NA
1551	job_A	MGYP001336986639.pdb.gz	1	4.86e-11	469	0.426	115	0.9746	1	NA
1552	job_A	MGYP000734893898.pdb.gz	1	4.094e-11	469	0.431	116	0.9831	0.9748	NA
1553	job_A	B2UW36	1	2.222e-11	469	0.384	117	0.9915	1.009	NA
1554	job_A	Q9PIK3	1	7.08e-12	469	0.429	121	1.025	0.9603	NA
1555	job_A	A0A376FKL2	1	6.961e-12	469	0.736	95	0.8051	1.022	NA
1556	job_A	A0A4V2AUY5	1	1.362e-10	469	0.46	113	0.9576	0.9912	NA
1557	job_A	A0AAW7D636	1	8.618e-11	469	0.417	115	0.9746	1	NA
1558	job_A	A0A972XY00	1	9.663e-11	469	0.41	112	0.9492	0.9655	NA
1559	job_A	A0A9C8NV91	1	5.454e-11	469	0.359	114	0.9661	0.9661	NA
1560	job_A	A0A965G4N4	1	1.215e-10	469	0.37	116	0.9831	0.9508	NA
1561	job_A	U5D568	1	1.812e-10	469	0.385	114	0.9661	0.9048	NA
1562	job_A	A0A7C1KNV9	1	4.865e-11	469	0.381	118	1	0.8806	NA
1563	job_A	MGYP001381794729.pdb.gz	1	3.652e-11	468	0.434	115	0.9746	1.046	NA
1564	job_A	MGYP001101388364.pdb.gz	1	1.736e-11	468	0.389	118	1	1.017	NA
1565	job_A	MGYP000474717287.pdb.gz	1	3.076e-11	468	0.423	118	1	1.017	NA
1566	job_A	MGYP001494043881.pdb.gz	1	5.77e-11	468	0.339	112	0.9492	0.9573	NA
1567	job_A	MGYP003395226829.pdb.gz	1	3.257e-11	468	0.418	122	1.034	0.9919	NA
1568	job_A	MGYP000273225153.pdb.gz	1	6.109e-11	468	0.431	116	0.9831	0.8992	NA
1569	job_A	MGYP001409795895.pdb.gz	1	7.253e-11	468	0.419	112	0.9492	0.6292	NA
1570	job_A	Q17ZL6	1	2.491e-11	468	0.367	117	0.9915	1.009	NA
1571	job_A	B8IQG9	1	3.316e-11	468	0.433	113	0.9576	0.7434	NA
1572	job_A	A0A1Z9HM47	1	3.452e-11	468	0.454	110	0.9322	1.009	NA
1573	job_A	A0A0S7Y3S7	1	8.139e-11	468	0.379	116	0.9831	0.9667	NA
1574	job_A	M1ZCP6	1	2.908e-11	468	0.413	121	1.025	0.938	NA
1575	job_A	A0AA37SXI5	1	1.617e-10	468	0.377	114	0.9661	0.8769	NA
1576	job_A	A0AAP3SGL9	1	1.215e-10	468	0.415	113	0.9576	0.8496	NA
1577	job_A	A0A3M0WJ04	1	4.594e-11	468	0.413	121	1.025	0.8643	NA
1578	job_A	A0A1L5NR41	1	1.023e-10	468	0.424	113	0.9576	0.7107	NA
1579	job_A	A0A563VWP5	1	7.687e-11	468	0.418	117	0.9915	0.6031	NA
1580	job_A	MGYP001774171597.pdb.gz	1	5.77e-11	467	0.356	115	0.9746	0.9914	NA
1581	job_A	MGYP001084004822.pdb.gz	1	2.744e-11	467	0.421	121	1.025	0.9837	NA
1582	job_A	MGYP001009844288.pdb.gz	1	6.85e-11	467	0.434	115	0.9746	0.777	NA
1583	job_A	Q7VJB2	1	2.222e-11	467	0.368	114	0.9661	0.95	NA
1584	job_A	R5AUE5	1	9.663e-11	467	0.509	108	0.9153	0.9643	NA
1585	job_A	A0A9Q4C6Q2	1	9.663e-11	467	0.429	114	0.9661	1	NA
1586	job_A	A0A2E2UG01	1	1.083e-10	467	0.387	116	0.9831	1.009	NA
1587	job_A	A0A2S1LLX9	1	1.215e-10	467	0.401	112	0.9492	0.9655	NA
1588	job_A	A0A7V2QM04	1	5.151e-11	467	0.42	119	1.008	0.952	NA
1589	job_A	A0A1V4ZBJ4	1	3.26e-11	467	0.393	122	1.034	0.9104	NA
1590	job_A	MGYP001413826188.pdb.gz	1	6.469e-11	466	0.39	110	0.9322	1.018	NA
1591	job_A	MGYP001599930040.pdb.gz	1	8.132e-11	466	0.434	115	0.9746	0.9055	NA
1592	job_A	MGYP001576662878.pdb.gz	1	1.441e-10	466	0.391	115	0.9746	0.777	NA
1593	job_A	A9AUB8	1	2.836e-12	466	0.451	124	1.051	0.992	NA
1594	job_A	A0A6P1DJL9	1	1.215e-10	466	0.41	112	0.9492	0.9655	NA
1595	job_A	A0A444WCZ5	1	1.286e-10	466	0.401	112	0.9492	0.9655	NA
1596	job_A	D1CH98	1	9.126e-11	466	0.403	114	0.9661	0.8906	NA
1597	job_A	A0A7V4AWT1	1	1.442e-10	466	0.359	114	0.9661	0.8444	NA
1598	job_A	A0A0P8A8J1	1	1.527e-10	466	0.382	115	0.9746	0.8394	NA
1599	job_A	MGYP000561861551.pdb.gz	1	6.109e-11	465	0.379	116	0.9831	1.018	NA
1600	job_A	MGYP001562213553.pdb.gz	1	7.68e-11	465	0.339	115	0.9746	0.9664	NA
1601	job_A	MGYP001040121223.pdb.gz	1	3.652e-11	465	0.388	121	1.025	0.8963	NA
1602	job_A	A0A3C0PCR4	1	9.663e-11	465	0.354	110	0.9322	0.991	NA
1603	job_A	A0A349BUT9	1	1.215e-10	465	0.375	112	0.9492	0.9655	NA
1604	job_A	A0A9C9K1R7	1	5.151e-11	465	0.353	116	0.9831	0.9667	NA
1605	job_A	A0A938IH16	1	9.663e-11	465	0.387	116	0.9831	0.9508	NA
1606	job_A	A0A7T5EHG1	1	1.023e-10	465	0.421	114	0.9661	0.8769	NA
1607	job_A	A0A2T2T171	1	1.812e-10	465	0.423	118	1	0.59	NA
1608	job_A	MGYP001438970418.pdb.gz	1	7.68e-11	464	0.339	115	0.9746	1.009	NA
1609	job_A	MGYP001313550677.pdb.gz	1	6.469e-11	464	0.391	115	0.9746	0.9914	NA
1610	job_A	MGYP001574398845.pdb.gz	1	1.082e-10	464	0.33	115	0.9746	0.9583	NA
1611	job_A	MGYP001604472189.pdb.gz	1	9.117e-11	464	0.365	115	0.9746	0.9583	NA
1612	job_A	MGYP000450850656.pdb.gz	1	7.68e-11	464	0.376	117	0.9915	0.8478	NA
1613	job_A	A0A661C7R5	1	1.083e-10	464	0.444	108	0.9153	0.9818	NA
1614	job_A	A0A1F1DT89	1	1.023e-10	464	0.428	112	0.9492	0.9573	NA
1615	job_A	A0A523XLK2	1	1.442e-10	464	0.295	115	0.9746	0.9664	NA
1616	job_A	A0A9D5Q1U2	1	1.617e-10	464	0.339	115	0.9746	0.9583	NA
1617	job_A	A0A7V5H501	1	1.215e-10	464	0.408	115	0.9746	0.935	NA
1618	job_A	A0A1H9HQ76	1	9.663e-11	464	0.412	114	0.9661	0.8702	NA
1619	job_A	A0A529X4L7	1	1.712e-10	464	0.442	113	0.9576	0.6933	NA
1620	job_A	MGYP001385838703.pdb.gz	1	1.441e-10	463	0.415	113	0.9576	1	NA
1621	job_A	MGYP001791842162.pdb.gz	1	2.744e-11	463	0.365	123	1.042	1	NA
1622	job_A	MGYP001436902098.pdb.gz	1	1.146e-10	463	0.373	115	0.9746	0.9055	NA
1623	job_A	MGYP001577518661.pdb.gz	1	2.905e-11	463	0.394	119	1.008	0.9154	NA
1624	job_A	A0A174VIF2	1	1.617e-10	463	0.451	113	0.9576	0.9912	NA
1625	job_A	H7EI54	1	2.313e-11	463	0.446	121	1.025	0.9453	NA
1626	job_A	A0A962CWD8	1	3.452e-11	463	0.413	121	1.025	0.9308	NA
1627	job_A	A0A6N8HKE3	1	1.023e-10	463	0.421	114	0.9661	0.8769	NA
1628	job_A	A0A1H2B6I1	1	9.126e-11	463	0.391	115	0.9746	0.8456	NA
1629	job_A	A0A5C5ZYP3	1	1.527e-10	463	0.436	110	0.9322	0.7586	NA
1630	job_A	MGYP002028420170.pdb.gz	1	1.146e-10	462	0.385	109	0.9237	0.8258	NA
1631	job_A	B4U8K0	1	6.315e-12	462	0.458	120	1.017	0.96	NA
1632	job_A	A0A3P8JRM0	1	2.908e-11	462	0.855	97	0.822	0.9238	NA
1633	job_A	A0A958FX22	1	1.442e-10	462	0.438	114	0.9661	1	NA
1634	job_A	A0A5N7Z833	1	1.812e-10	462	0.401	112	0.9492	0.9655	NA
1635	job_A	A0A8J4A4F5	1	1.617e-10	462	0.389	118	1	0.9916	NA
1636	job_A	A0AAE4A2V6	1	1.362e-10	462	0.472	110	0.9322	0.8661	NA
1637	job_A	A0A7V5SHX6	1	1.527e-10	462	0.387	116	0.9831	0.8992	NA
1638	job_A	A0A1N7PFW6	1	5.775e-11	462	0.375	120	1.017	0.9231	NA
1639	job_A	A0A2J7TEY2	1	2.032e-10	462	0.407	113	0.9576	0.729	NA
1640	job_A	A0A9E2Z7I3	1	2.032e-10	462	0.278	115	0.9746	0.7099	NA
1641	job_A	A0A7C5ADG4	1	1.617e-10	462	0.353	113	0.9576	0.6457	NA
1642	job_A	MGYP001765326947.pdb.gz	1	6.469e-11	461	0.472	108	0.9153	1.019	NA
1643	job_A	MGYP001353196011.pdb.gz	1	1.213e-10	461	0.373	115	0.9746	1.009	NA
1644	job_A	MGYP001476117456.pdb.gz	1	5.77e-11	461	0.376	117	0.9915	1	NA
1645	job_A	MGYP001235118497.pdb.gz	1	7.68e-11	461	0.398	118	1	0.9916	NA
1646	job_A	MGYP001438211048.pdb.gz	1	1.917e-10	461	0.318	116	0.9831	0.9587	NA
1647	job_A	MGYP001596133097.pdb.gz	1	9.117e-11	461	0.362	116	0.9831	0.9062	NA
1648	job_A	MGYP003352313931.pdb.gz	1	1.213e-10	461	0.41	112	0.9492	0.8116	NA
1649	job_A	A0A9E0XDV4	1	9.663e-11	461	0.44	118	1	0.9916	NA
1650	job_A	A0A1F4S5Y7	1	1.812e-10	461	0.373	115	0.9746	0.9664	NA
1651	job_A	A0A920D859	1	1.083e-10	461	0.421	114	0.9661	0.8028	NA
1652	job_A	Q9F5E9	1	1.919e-10	461	0.385	114	0.9661	0.6514	NA
1653	job_A	MGYP001568956455.pdb.gz	1	1.146e-10	460	0.365	115	0.9746	1.009	NA
1654	job_A	MGYP001562618411.pdb.gz	1	5.146e-11	460	0.384	117	0.9915	1.026	NA
1655	job_A	MGYP000700299672.pdb.gz	1	7.68e-11	460	0.443	115	0.9746	0.9664	NA
1656	job_A	MGYP000303648698.pdb.gz	1	5.146e-11	460	0.358	120	1.017	0.9231	NA
1657	job_A	MGYP001307016772.pdb.gz	1	1.811e-10	460	0.401	112	0.9492	0.7417	NA
1658	job_A	B7JX32	1	8.9e-12	460	0.454	121	1.025	0.9167	NA
1659	job_A	A0A1W9P678	1	1.712e-10	460	0.347	115	0.9746	1	NA
1660	job_A	A0A950DNW9	1	3.032e-10	460	0.359	114	0.9661	0.9421	NA
1661	job_A	E7G3H7	1	1.812e-10	460	0.339	115	0.9746	0.8394	NA
1662	job_A	A0A968HEG5	1	5.775e-11	460	0.396	121	1.025	0.8067	NA
1663	job_A	A0A644V0S1	1	1.712e-10	460	0.379	116	0.9831	0.6744	NA
1664	job_A	A0A8J2BI68	1	3.4e-10	460	0.368	114	0.9661	0.6129	NA
1665	job_A	A0A1H7TG69	1	7.687e-11	460	0.438	121	1.025	0.2874	NA
1666	job_A	MGYP001576602910.pdb.gz	1	7.253e-11	459	0.578	95	0.8051	0.95	NA
1667	job_A	MGYP001292434816.pdb.gz	1	7.253e-11	459	0.466	105	0.8898	0.9545	NA
1668	job_A	MGYP000641173398.pdb.gz	1	9.653e-11	459	0.342	114	0.9661	0.9828	NA
1669	job_A	A0A357B544	1	2.554e-10	459	0.417	115	0.9746	0.9274	NA
1670	job_A	A0A2H0PJ18	1	1.362e-10	459	0.417	115	0.9746	0.7516	NA
1671	job_A	MGYP001814236643.pdb.gz	1	1.36e-10	458	0.373	115	0.9746	0.9914	NA
1672	job_A	MGYP001597798959.pdb.gz	1	1.022e-10	458	0.379	116	0.9831	1	NA
1673	job_A	MGYP000400243994.pdb.gz	1	3.867e-11	458	0.388	121	1.025	1.017	NA
1674	job_A	MGYP001175241728.pdb.gz	1	1.213e-10	458	0.405	116	0.9831	0.8992	NA
1675	job_A	MGYP001466124739.pdb.gz	1	1.441e-10	458	0.376	109	0.9237	0.7267	NA
1676	job_A	A0A7C5TQ62	1	1.527e-10	458	0.42	107	0.9068	1.009	NA
1677	job_A	A0A7X7TRJ1	1	2.152e-10	458	0.4	115	0.9746	0.9914	NA
1678	job_A	A0A6I3SNQ9	1	6.856e-11	458	0.388	121	1.025	0.9603	NA
1679	job_A	A0A7C3XQY8	1	7.26e-11	458	0.338	118	1	0.8806	NA
1680	job_A	A0A5C7P8J6	1	1.617e-10	458	0.4	115	0.9746	0.8519	NA
1681	job_A	A0A931K982	1	1.215e-10	458	0.358	117	0.9915	0.854	NA
1682	job_A	MGYP001009921151.pdb.gz	1	2.311e-11	457	0.53	115	0.9746	1.009	NA
1683	job_A	MGYP001248946771.pdb.gz	1	1.146e-10	457	0.336	116	0.9831	1	NA
1684	job_A	MGYP000960389703.pdb.gz	1	5.77e-11	457	0.406	118	1	1.017	NA
1685	job_A	MGYP001294783319.pdb.gz	1	1.146e-10	457	0.387	116	0.9831	1	NA
1686	job_A	MGYP001109553262.pdb.gz	1	3.867e-11	457	0.416	120	1.017	1.008	NA
1687	job_A	MGYP002759878044.pdb.gz	1	4.59e-11	457	0.491	116	0.9831	0.8722	NA
1688	job_A	MGYP001178149983.pdb.gz	1	1.285e-10	457	0.383	112	0.9492	0.6222	NA
1689	job_A	B8ELJ7	1	7.818e-11	457	0.41	112	0.9492	0.7226	NA
1690	job_A	A0A654A8K3	1	1.527e-10	457	0.495	109	0.9237	0.982	NA
1691	job_A	A0A229P290	1	1.286e-10	457	0.391	115	0.9746	0.8456	NA
1692	job_A	A0A072NGA9	1	1.527e-10	457	0.359	114	0.9661	0.8261	NA
1693	job_A	MGYP003396049983.pdb.gz	1	1.811e-10	456	0.382	115	0.9746	1	NA
1694	job_A	MGYP001060494499.pdb.gz	1	1.811e-10	456	0.313	115	0.9746	0.9664	NA
1695	job_A	MGYP001026927894.pdb.gz	1	1.36e-10	456	0.4	115	0.9746	0.8984	NA
1696	job_A	A0A2D4YUF4	1	5.454e-11	456	0.401	112	0.9492	0.896	NA
1697	job_A	A0A1G9EKS5	1	1.362e-10	456	0.429	114	0.9661	0.8571	NA
1698	job_A	A0A6P1R1B6	1	2.554e-10	456	0.389	113	0.9576	0.7902	NA
1699	job_A	MGYP003300951531.pdb.gz	1	2.276e-10	455	0.403	109	0.9237	1	NA
1700	job_A	MGYP000988286662.pdb.gz	1	1.36e-10	455	0.405	111	0.9407	0.9911	NA
1701	job_A	MGYP000580106367.pdb.gz	1	1.285e-10	455	0.385	114	0.9661	0.9828	NA
1702	job_A	MGYP000367119091.pdb.gz	1	3.652e-11	455	0.38	121	1.025	1.017	NA
1703	job_A	MGYP000849533897.pdb.gz	1	1.525e-10	455	0.347	115	0.9746	0.9274	NA
1704	job_A	K1YNK3	1	2.412e-10	455	0.342	108	0.9153	1	NA
1705	job_A	A0A7C3B2F9	1	2.412e-10	455	0.433	113	0.9576	0.9113	NA
1706	job_A	A0A351UJ63	1	1.812e-10	455	0.427	110	0.9322	0.88	NA
1707	job_A	A0A9D8HM18	1	4.036e-10	455	0.35	114	0.9661	0.8976	NA
1708	job_A	A0A4Q1SYL0	1	1.712e-10	455	0.385	114	0.9661	0.8507	NA
1709	job_A	MGYP001123485189.pdb.gz	1	8.132e-11	454	0.387	116	0.9831	1.009	NA
1710	job_A	MGYP000495272766.pdb.gz	1	6.85e-11	454	0.418	117	0.9915	0.9832	NA
1711	job_A	MGYP001155556973.pdb.gz	1	1.441e-10	454	0.381	118	1	0.9752	NA
1712	job_A	A7HLE9	1	2.638e-11	454	0.406	118	1	1.017	NA
1713	job_A	A0A368DF99	1	2.152e-10	454	0.366	112	0.9492	0.9825	NA
1714	job_A	A0A3D1ASR5	1	1.083e-10	454	0.424	113	0.9576	0.9496	NA
1715	job_A	A0A9E4Q083	1	1.919e-10	454	0.41	112	0.9492	0.9032	NA
1716	job_A	A0AAU7CPG6	1	2.152e-10	454	0.391	115	0.9746	0.8915	NA
1717	job_A	A0A2W1JIN1	1	9.126e-11	454	0.363	121	1.025	0.9237	NA
1718	job_A	F8IET2	1	2.554e-10	454	0.403	114	0.9661	0.8261	NA
1719	job_A	MGYP000155526897.pdb.gz	1	2.03e-10	453	0.41	112	0.9492	0.9655	NA
1720	job_A	MGYP001373149853.pdb.gz	1	1.022e-10	453	0.389	118	1	1.017	NA
1721	job_A	MGYP000313953815.pdb.gz	1	2.744e-11	453	0.396	121	1.025	1	NA
1722	job_A	MGYP001573995124.pdb.gz	1	2.552e-10	453	0.339	115	0.9746	0.9504	NA
1723	job_A	MGYP002788942609.pdb.gz	1	1.146e-10	453	0.452	115	0.9746	0.935	NA
1724	job_A	MGYP000712373054.pdb.gz	1	5.146e-11	453	0.44	118	1	0.9593	NA
1725	job_A	MGYP001202720935.pdb.gz	1	1.213e-10	453	0.347	121	1.025	0.9758	NA
1726	job_A	MGYP003568517793.pdb.gz	1	2.061e-11	453	0.471	123	1.042	0.8849	NA
1727	job_A	B2V7Y0	1	2.793e-11	453	0.42	119	1.008	0.8881	NA
1728	job_A	A0A7C0Z5X2	1	2.864e-10	453	0.359	114	0.9661	0.958	NA
1729	job_A	A0A7Y3XGE1	1	2.152e-10	453	0.445	119	1.008	0.9225	NA
1730	job_A	A0A9D6INY1	1	2.594e-11	453	0.38	126	1.068	0.9618	NA
1731	job_A	A0A7Y5W8K9	1	1.617e-10	453	0.391	120	1.017	0.8824	NA
1732	job_A	A0A927C5T6	1	1.527e-10	453	0.396	116	0.9831	0.8467	NA
1733	job_A	A0A6L9LVP6	1	1.712e-10	453	0.412	114	0.9661	0.8085	NA
1734	job_A	MGYP000364291979.pdb.gz	1	5.77e-11	452	0.553	94	0.7966	0.9895	NA
1735	job_A	MGYP000235858072.pdb.gz	1	2.861e-10	452	0.373	115	0.9746	0.8846	NA
1736	job_A	MGYP001613718565.pdb.gz	1	9.653e-11	452	0.355	121	1.025	0.7423	NA
1737	job_A	A0M786	1	7.818e-11	452	0.44	109	0.9237	0.9397	NA
1738	job_A	A0A7R6VKH7	1	3.211e-10	452	0.396	111	0.9407	0.9487	NA
1739	job_A	X1PFY1	1	7.687e-11	452	0.411	119	1.008	0.9675	NA
1740	job_A	A0A0X2NQ61	1	7.26e-11	452	0.473	114	0.9661	0.8636	NA
1741	job_A	A0A559K5A7	1	2.032e-10	452	0.405	116	0.9831	0.8529	NA
1742	job_A	A0A972H149	1	1.712e-10	452	0.394	114	0.9661	0.8321	NA
1743	job_A	A0A972ZAP5	1	2.278e-10	452	0.347	115	0.9746	0.8156	NA
1744	job_A	A0A924WHR8	1	1.812e-10	452	0.406	118	1	0.7763	NA
1745	job_A	A0A4P5X5I9	1	2.705e-10	452	0.4	115	0.9746	0.7188	NA
1746	job_A	MGYP001268258737.pdb.gz	1	1.71e-10	451	0.383	107	0.9068	0.7926	NA
1747	job_A	MGYP001198471768.pdb.gz	1	1.615e-10	451	0.392	112	0.9492	0.6188	NA
1748	job_A	A0A1V4QTS9	1	3.6e-10	451	0.321	115	0.9746	0.9829	NA
1749	job_A	A0A2N5MDP4	1	2.032e-10	451	0.385	114	0.9661	0.8906	NA
1750	job_A	A0A1G6CSF3	1	1.712e-10	451	0.359	114	0.9661	0.8837	NA
1751	job_A	MGYP001262358303.pdb.gz	1	2.03e-10	450	0.431	109	0.9237	1	NA
1752	job_A	MGYP001412585887.pdb.gz	1	2.552e-10	450	0.405	111	0.9407	1	NA
1753	job_A	MGYP001258438048.pdb.gz	1	1.71e-10	450	0.301	116	0.9831	0.9915	NA
1754	job_A	MGYP000637464319.pdb.gz	1	1.811e-10	450	0.407	113	0.9576	0.7902	NA
1755	job_A	A0A1G0L4B9	1	1.286e-10	450	0.371	121	1.025	0.968	NA
1756	job_A	A0A916QCM8	1	1.919e-10	450	0.365	115	0.9746	0.8394	NA
1757	job_A	A0A4Q7FFB9	1	3.6e-10	450	0.41	112	0.9492	0.5773	NA
1758	job_A	MGYP000257331300.pdb.gz	1	9.117e-11	449	0.437	112	0.9492	0.9912	NA
1759	job_A	MGYP001264949169.pdb.gz	1	1.213e-10	449	0.353	116	0.9831	0.9667	NA
1760	job_A	A0A2W6BRS7	1	2.554e-10	449	0.387	111	0.9407	1	NA
1761	job_A	MGYP001568868348.pdb.gz	1	1.71e-10	448	0.351	108	0.9153	0.9818	NA
1762	job_A	MGYP000089802507.pdb.gz	1	1.811e-10	448	0.321	115	0.9746	1	NA
1763	job_A	MGYP003232653430.pdb.gz	1	1.463e-11	448	0.421	121	1.025	0.9453	NA
1764	job_A	B5Y862	1	3.936e-11	448	0.366	120	1.017	1	NA
1765	job_A	A0A5C8GDJ3	1	4.274e-10	448	0.278	115	0.9746	0.9914	NA
1766	job_A	A0A966CXF3	1	3.032e-10	448	0.429	114	0.9661	0.8976	NA
1767	job_A	A0A2T2WME5	1	1.712e-10	448	0.339	115	0.9746	0.8779	NA
1768	job_A	A0A9D2GU06	1	3.032e-10	448	0.355	118	1	0.831	NA
1769	job_A	A0A2K9NC13	1	3.6e-10	448	0.383	112	0.9492	0.7368	NA
1770	job_A	MGYP001229163236.pdb.gz	1	1.441e-10	447	0.466	105	0.8898	0.9375	NA
1771	job_A	MGYP001136898754.pdb.gz	1	6.85e-11	447	0.408	115	0.9746	1	NA
1772	job_A	MGYP000277020359.pdb.gz	1	2.702e-10	447	0.353	113	0.9576	0.9496	NA
1773	job_A	MGYP000747740614.pdb.gz	1	1.615e-10	447	0.347	115	0.9746	0.92	NA
1774	job_A	MGYP000962900676.pdb.gz	1	1.811e-10	447	0.403	114	0.9661	0.8382	NA
1775	job_A	A0A971AAW0	1	2.864e-10	447	0.367	117	0.9915	1	NA
1776	job_A	A0A928AJ37	1	3.6e-10	447	0.419	112	0.9492	0.9412	NA
1777	job_A	A0A7C5VXG7	1	4.036e-10	447	0.428	112	0.9492	0.9032	NA
1778	job_A	A0AA35TMD8	1	2.864e-10	447	0.347	115	0.9746	0.8099	NA
1779	job_A	A0AAE6BFM7	1	4.274e-10	447	0.407	113	0.9576	0.729	NA
1780	job_A	A0A9D8DAJ8	1	4.525e-10	447	0.421	114	0.9661	0.4851	NA
1781	job_A	MGYP001375296994.pdb.gz	1	9.653e-11	446	0.515	95	0.8051	0.9896	NA
1782	job_A	MGYP000026060064.pdb.gz	1	1.525e-10	446	0.373	115	0.9746	1	NA
1783	job_A	MGYP000531076449.pdb.gz	1	1.71e-10	446	0.33	115	0.9746	0.9504	NA
1784	job_A	MGYP001820135371.pdb.gz	1	9.653e-11	446	0.412	114	0.9661	0.8201	NA
1785	job_A	MGYP001183414200.pdb.gz	1	7.68e-11	446	0.413	116	0.9831	0.2755	NA
1786	job_A	A0A3D6DN83	1	1.527e-10	446	0.707	89	0.7542	1	NA
1787	job_A	A0A357AWL3	1	3.812e-10	446	0.389	113	0.9576	0.9113	NA
1788	job_A	A0A3B8XY89	1	1.023e-10	446	0.4	120	1.017	0.9091	NA
1789	job_A	A0A5C4T051	1	2.554e-10	446	0.396	116	0.9831	0.8467	NA
1790	job_A	A0A1G6GDH8	1	4.274e-10	446	0.427	117	0.9915	0.8478	NA
1791	job_A	A0A8T4FLR3	1	2.278e-10	446	0.428	112	0.9492	0.7778	NA
1792	job_A	A0A933UTR5	1	5.688e-10	446	0.373	115	0.9746	0.5425	NA
1793	job_A	MGYP000715794781.pdb.gz	1	1.082e-10	445	0.382	115	0.9746	0.9664	NA
1794	job_A	MGYP001132526905.pdb.gz	1	1.917e-10	445	0.373	115	0.9746	0.7233	NA
1795	job_A	B2IEX5	1	1.102e-10	445	0.419	112	0.9492	0.7467	NA
1796	job_A	A0A1J4SZ19	1	3.6e-10	445	0.42	107	0.9068	0.9727	NA
1797	job_A	A0A2N0LTR9	1	2.705e-10	445	0.407	113	0.9576	0.9187	NA
1798	job_A	A0A933B1B6	1	5.688e-10	445	0.356	115	0.9746	0.8456	NA
1799	job_A	A0A7V6B742	1	3.211e-10	445	0.385	114	0.9661	0.8382	NA
1800	job_A	A0A6A7L5U3	1	3.6e-10	445	0.347	115	0.9746	0.6805	NA
1801	job_A	A0A7C6JHB0	1	4.791e-10	445	0.41	112	0.9492	0.612	NA
1802	job_A	MGYP000712842639.pdb.gz	1	3.808e-10	444	0.401	112	0.9492	1	NA
1803	job_A	X1MT21	1	3.4e-10	444	0.407	103	0.8729	0.9904	NA
1804	job_A	A0A2E5G897	1	5.073e-10	444	0.383	112	0.9492	0.8235	NA
1805	job_A	A0A1G4AKD1	1	6.753e-10	444	0.391	115	0.9746	0.7823	NA
1806	job_A	MGYP000459957234.pdb.gz	1	2.861e-10	443	0.415	106	0.8983	1.01	NA
1807	job_A	MGYP001558814773.pdb.gz	1	2.276e-10	443	0.389	113	0.9576	0.9912	NA
1808	job_A	MGYP000361941147.pdb.gz	1	2.861e-10	443	0.37	116	0.9831	1	NA
1809	job_A	A5INN0	1	1.102e-10	443	0.359	114	0.9661	1	NA
1810	job_A	A0A3N9MLR6	1	4.525e-10	443	0.327	113	0.9576	0.9826	NA
1811	job_A	A0A6L8V169	1	3.812e-10	443	0.396	116	0.9831	0.8722	NA
1812	job_A	A0A978SZ92	1	1.617e-10	443	0.4	120	1.017	0.7895	NA
1813	job_A	MGYP002286153029.pdb.gz	1	2.061e-11	442	0.458	120	1.017	0.9091	NA
1814	job_A	MGYP003623557707.pdb.gz	1	1.917e-10	442	0.362	113	0.9576	0.8248	NA
1815	job_A	A0A969MXU3	1	5.372e-10	442	0.414	111	0.9407	0.925	NA
1816	job_A	M1WPY3	1	1.442e-10	442	0.408	120	1.017	0.9375	NA
1817	job_A	A0A3A4VEX3	1	4.525e-10	442	0.421	114	0.9661	0.2695	NA
1818	job_A	MGYP001034675142.pdb.gz	1	2.276e-10	441	0.403	114	0.9661	1.009	NA
1819	job_A	MGYP000690318803.pdb.gz	1	3.597e-10	441	0.359	114	0.9661	1	NA
1820	job_A	MGYP002629439971.pdb.gz	1	2.15e-10	441	0.313	118	1	1.035	NA
1821	job_A	MGYP000049536413.pdb.gz	1	3.597e-10	441	0.408	115	0.9746	0.9829	NA
1822	job_A	A0A7Y2G0D0	1	1.442e-10	441	0.304	115	0.9746	1	NA
1823	job_A	E8R2X0	1	4.525e-10	441	0.359	114	0.9661	0.8028	NA
1824	job_A	MGYP001569375236.pdb.gz	1	1.917e-10	440	0.33	118	1	1	NA
1825	job_A	B1L8P0	1	1.467e-10	440	0.394	114	0.9661	1	NA
1826	job_A	A0A832PUY8	1	3.211e-10	440	0.45	111	0.9407	0.8473	NA
1827	job_A	B1XKN2	1	2.412e-10	440	0.365	115	0.9746	0.6021	NA
1828	job_A	MGYP001255488731.pdb.gz	1	4.787e-10	439	0.351	111	0.9407	0.9737	NA
1829	job_A	MGYP001385701547.pdb.gz	1	3.597e-10	439	0.348	112	0.9492	0.9739	NA
1830	job_A	MGYP002028527430.pdb.gz	1	1.082e-10	439	0.398	118	1	1.008	NA
1831	job_A	MGYP000195901438.pdb.gz	1	2.552e-10	439	0.38	121	1.025	0.9758	NA
1832	job_A	MGYP000734060805.pdb.gz	1	4.521e-10	439	0.409	110	0.9322	0.719	NA
1833	job_A	MGYP000875324301.pdb.gz	1	2.15e-10	438	0.38	113	0.9576	1.018	NA
1834	job_A	MGYP000203635693.pdb.gz	1	2.03e-10	438	0.434	115	0.9746	0.9583	NA
1835	job_A	MGYP002868462914.pdb.gz	1	2.861e-10	438	0.433	113	0.9576	0.904	NA
1836	job_A	MGYP001791479689.pdb.gz	1	9.653e-11	438	0.371	121	1.025	0.8643	NA
1837	job_A	A0A927BV08	1	3.6e-10	438	0.377	114	0.9661	0.8028	NA
1838	job_A	MGYP001276055304.pdb.gz	1	2.552e-10	437	0.354	110	0.9322	0.9821	NA
1839	job_A	MGYP001124492952.pdb.gz	1	1.082e-10	437	0.411	119	1.008	1.008	NA
1840	job_A	A0A518ES18	1	4.036e-10	437	0.368	114	0.9661	0.8906	NA
1841	job_A	A0A961AAJ9	1	9.517e-10	437	0.385	114	0.9661	0.8702	NA
1842	job_A	A0A2W1LE48	1	5.688e-10	437	0.37	116	0.9831	0.8529	NA
1843	job_A	MGYP003967999437.pdb.gz	1	3.03e-10	436	0.372	110	0.9322	1	NA
1844	job_A	MGYP001489237986.pdb.gz	1	3.597e-10	436	0.421	114	0.9661	0.9194	NA
1845	job_A	MGYP000603516051.pdb.gz	1	4.787e-10	436	0.356	115	0.9746	0.92	NA
1846	job_A	MGYP001821855514.pdb.gz	1	2.861e-10	436	0.383	120	1.017	0.9231	NA
1847	job_A	MGYP003644483186.pdb.gz	1	5.069e-10	436	0.356	115	0.9746	0.7718	NA
1848	job_A	A8F5K4	1	9.281e-11	436	0.396	116	0.9831	1.009	NA
1849	job_A	A0A7V3HNY4	1	2.152e-10	436	0.353	116	0.9831	1.036	NA
1850	job_A	A0A6M0BJ81	1	4.791e-10	436	0.378	111	0.9407	0.9911	NA
1851	job_A	A0A1G2ZFG7	1	6.753e-10	436	0.368	114	0.9661	0.9913	NA
1852	job_A	A0A7W0I4T6	1	5.372e-10	436	0.396	116	0.9831	0.8722	NA
1853	job_A	A0A5C8M1P5	1	5.073e-10	436	0.405	116	0.9831	0.8722	NA
1854	job_A	A0A387G2W6	1	8.016e-10	436	0.41	112	0.9492	0.7134	NA
1855	job_A	MGYP001475170211.pdb.gz	1	5.367e-10	435	0.36	111	0.9407	0.9823	NA
1856	job_A	MGYP002642606852.pdb.gz	1	5.683e-10	435	0.377	114	0.9661	1	NA
1857	job_A	MGYP001550414553.pdb.gz	1	1.285e-10	435	0.403	114	0.9661	0.95	NA
1858	job_A	MGYP000108798108.pdb.gz	1	1.441e-10	435	0.347	121	1.025	0.8705	NA
1859	job_A	MGYP000665585217.pdb.gz	1	3.03e-10	434	0.489	98	0.8305	0.9899	NA
1860	job_A	MGYP001943034031.pdb.gz	1	3.208e-10	434	0.353	116	0.9831	1.009	NA
1861	job_A	MGYP000025778043.pdb.gz	1	4.27e-10	434	0.371	113	0.9576	0.9741	NA
1862	job_A	Q9X037	1	1.952e-10	434	0.359	114	0.9661	1	NA
1863	job_A	A0A831U6D5	1	5.073e-10	434	0.466	105	0.8898	0.9375	NA
1864	job_A	A0A1I3UI47	1	8.488e-10	434	0.398	113	0.9576	0.8129	NA
1865	job_A	MGYP001396800232.pdb.gz	1	6.746e-10	433	0.345	110	0.9322	1.009	NA
1866	job_A	Q2VZZ9	1	1.843e-10	433	0.389	113	0.9576	0.6278	NA
1867	job_A	A0A3B9N7L2	1	6.377e-10	433	0.35	120	1.017	0.9677	NA
1868	job_A	A3ITB4	1	7.15e-10	433	0.376	117	0.9915	0.7748	NA
1869	job_A	MGYP000733483586.pdb.gz	1	1.71e-10	432	0.432	118	1	1.017	NA
1870	job_A	MGYP001828271342.pdb.gz	1	6.371e-10	432	0.373	115	0.9746	0.9504	NA
1871	job_A	MGYP001558177090.pdb.gz	1	6.746e-10	432	0.366	120	1.017	0.96	NA
1872	job_A	MGYP001039426055.pdb.gz	1	8.48e-10	432	0.414	111	0.9407	0.7708	NA
1873	job_A	Q3Z8B5	1	3.084e-10	432	0.4	110	0.9322	0.8871	NA
1874	job_A	Q55382	1	2.067e-10	432	0.356	115	0.9746	0.7931	NA
1875	job_A	B9KA30	1	8.016e-10	432	0.359	114	0.9661	0.912	NA
1876	job_A	H0HXF5	1	1.196e-09	432	0.412	109	0.9237	0.6855	NA
1877	job_A	A0A1K1LGH8	1	7.15e-10	432	0.361	119	1.008	0.7484	NA
1878	job_A	A0A7Z7YS82	1	5.688e-10	431	0.446	103	0.8729	0.9717	NA
1879	job_A	A0A0Q1ATI6	1	7.15e-10	431	0.373	115	0.9746	1	NA
1880	job_A	A0A1Z8ZQ59	1	6.377e-10	431	0.359	114	0.9661	0.9913	NA
1881	job_A	A0AAN1BLP5	1	9.517e-10	431	0.41	112	0.9492	0.6292	NA
1882	job_A	MGYP001061524370.pdb.gz	1	8.61e-11	430	0.366	112	0.9492	0.7179	NA
1883	job_A	A6LJQ5	1	1.308e-10	430	0.389	118	1	0.9916	NA
1884	job_A	Q6MHH9	1	5.239e-11	430	0.421	121	1.025	0.9758	NA
1885	job_A	A0A9E5L3M9	1	8.488e-10	430	0.375	112	0.9492	0.9739	NA
1886	job_A	A0A7Y3NQ83	1	6.753e-10	430	0.33	115	0.9746	0.9274	NA
1887	job_A	A0A2G9YC34	1	1.13e-09	430	0.339	115	0.9746	0.8519	NA
1888	job_A	MGYP001137407818.pdb.gz	1	1.34e-09	429	0.33	109	0.9237	1	NA
1889	job_A	MGYP000033709189.pdb.gz	1	4.521e-10	429	0.383	107	0.9068	0.9817	NA
1890	job_A	MGYP001610021528.pdb.gz	1	7.564e-10	429	0.414	111	0.9407	0.9328	NA
1891	job_A	MGYP000053040178.pdb.gz	1	8.48e-10	429	0.38	113	0.9576	0.8188	NA
1892	job_A	A0A3N5JIY2	1	2.001e-09	429	0.347	115	0.9746	0.9583	NA
1893	job_A	A0A075WV36	1	2.864e-10	429	0.338	121	1.025	1	NA
1894	job_A	A0A0E3UJD2	1	1.008e-09	429	0.394	114	0.9661	0.8636	NA
1895	job_A	MGYP001452873478.pdb.gz	1	7.143e-10	428	0.412	109	0.9237	1.009	NA
1896	job_A	MGYP003474959232.pdb.gz	1	2.552e-10	428	0.314	121	1.025	1	NA
1897	job_A	A0A2E4IX17	1	1.008e-09	428	0.401	107	0.9068	0.9817	NA
1898	job_A	A0A6V8EQN5	1	5.688e-10	428	0.4	115	0.9746	1	NA
1899	job_A	A0A552Q3D0	1	4.274e-10	428	0.352	119	1.008	0.7484	NA
1900	job_A	A0A377PT88	1	1.008e-09	428	0.341	126	1.068	0.6667	NA
1901	job_A	MGYP001810649272.pdb.gz	1	3.808e-10	427	0.485	101	0.8559	0.9902	NA
1902	job_A	MGYP001209281014.pdb.gz	1	4.27e-10	427	0.411	107	0.9068	1	NA
1903	job_A	MGYP001268996342.pdb.gz	1	5.367e-10	427	0.368	114	0.9661	0.9828	NA
1904	job_A	MGYP001465834158.pdb.gz	1	8.48e-10	427	0.369	111	0.9407	0.8952	NA
1905	job_A	B6IPF8	1	3.266e-10	427	0.375	112	0.9492	0.7368	NA
1906	job_A	A0A7X7KAP5	1	3.6e-10	427	0.461	117	0.9915	0.7548	NA
1907	job_A	A0A8J2XBT4	1	7.15e-10	427	0.377	114	0.9661	0.6867	NA
1908	job_A	A0A2M8G0J9	1	1.592e-09	426	0.373	115	0.9746	0.9055	NA
1909	job_A	A0A933Y2C7	1	4.791e-10	426	0.452	115	0.9746	0.8915	NA
1910	job_A	A0A843TAS5	1	6.023e-10	426	0.403	114	0.9661	0.8444	NA
1911	job_A	MGYP000485606886.pdb.gz	1	8.48e-10	425	0.339	115	0.9746	1.027	NA
1912	job_A	MGYP000947189854.pdb.gz	1	5.069e-10	425	0.33	115	0.9746	1.027	NA
1913	job_A	MGYP001801899995.pdb.gz	1	5.069e-10	425	0.35	114	0.9661	1.009	NA
1914	job_A	MGYP001381213833.pdb.gz	1	6.746e-10	425	0.407	113	0.9576	1	NA
1915	job_A	MGYP001497288186.pdb.gz	1	8.48e-10	425	0.357	112	0.9492	0.9825	NA
1916	job_A	A0A7C3X7I4	1	1.592e-09	425	0.427	110	0.9322	0.8943	NA
1917	job_A	A0A7C7KQF6	1	5.688e-10	425	0.442	113	0.9576	0.876	NA
1918	job_A	A0A7C4G088	1	3.211e-10	425	0.361	119	1.008	0.9015	NA
1919	job_A	A0A6P0MLT0	1	6.023e-10	425	0.38	113	0.9576	0.7338	NA
1920	job_A	A0A9D5KBE0	1	6.023e-10	425	0.321	115	0.9746	0.6886	NA
1921	job_A	MGYP001419426540.pdb.gz	1	8.48e-10	424	0.478	115	0.9746	1.027	NA
1922	job_A	MGYP000327153583.pdb.gz	1	4.27e-10	424	0.515	95	0.8051	0.7422	NA
1923	job_A	MGYP001778032151.pdb.gz	1	1.007e-09	424	0.372	118	1	0.7108	NA
1924	job_A	B7K6Z1	1	1.385e-10	424	0.379	116	0.9831	0.7436	NA
1925	job_A	A0A917KBM4	1	1.267e-09	424	0.41	112	0.9492	0.8	NA
1926	job_A	A0A975EKR1	1	1.008e-09	423	0.33	115	0.9746	0.9274	NA
1927	job_A	A0A2M7XEQ0	1	4.525e-10	423	0.418	117	0.9915	0.9435	NA
1928	job_A	A0A7C5UIX6	1	1.267e-09	423	0.356	115	0.9746	0.9055	NA
1929	job_A	A0A6I3IIF2	1	1.341e-09	423	0.442	113	0.9576	0.8129	NA
1930	job_A	A0A7V1EH44	1	1.686e-09	423	0.254	118	1	0.7421	NA
1931	job_A	MGYP001264439962.pdb.gz	1	6.017e-10	422	0.355	107	0.9068	0.9554	NA
1932	job_A	MGYP001191158616.pdb.gz	1	6.371e-10	422	0.438	105	0.8898	0.9375	NA
1933	job_A	MGYP000518803196.pdb.gz	1	8.48e-10	422	0.278	115	0.9746	0.9914	NA
1934	job_A	MGYP001770997264.pdb.gz	1	4.032e-10	422	0.387	116	0.9831	0.9667	NA
1935	job_A	A0A2S8WML0	1	1.89e-09	422	0.324	114	0.9661	0.8444	NA
1936	job_A	MGYP001119409710.pdb.gz	1	6.017e-10	421	0.428	98	0.8305	0.98	NA
1937	job_A	MGYP000187442477.pdb.gz	1	9.508e-10	421	0.409	105	0.8898	0.9722	NA
1938	job_A	MGYP001547459277.pdb.gz	1	8.979e-10	421	0.366	112	0.9492	0.9825	NA
1939	job_A	MGYP001486499175.pdb.gz	1	6.371e-10	421	0.412	97	0.822	0.651	NA
1940	job_A	B7IG50	1	1.843e-10	421	0.383	120	1.017	1	NA
1941	job_A	B8IZG2	1	4.602e-10	421	0.377	114	0.9661	0.8085	NA
1942	job_A	A0A939WKR8	1	1.89e-09	421	0.519	104	0.8814	0.8966	NA
1943	job_A	A0A2P1PQP6	1	5.372e-10	421	0.394	114	0.9661	0.7808	NA
1944	job_A	A0A2G6DUA4	1	1.42e-09	421	0.423	111	0.9407	0.75	NA
1945	job_A	B2HPX5	1	4.274e-10	421	0.384	117	0.9915	0.7222	NA
1946	job_A	MGYP001618890759.pdb.gz	1	8.48e-10	420	0.347	115	0.9746	1.027	NA
1947	job_A	MGYP003646126890.pdb.gz	1	4.787e-10	420	0.415	113	0.9576	1	NA
1948	job_A	MGYP001369144872.pdb.gz	1	1.34e-09	420	0.342	114	0.9661	0.9661	NA
1949	job_A	MGYP001569451279.pdb.gz	1	1.917e-10	420	0.363	121	1.025	1	NA
1950	job_A	MGYP001774057850.pdb.gz	1	3.808e-10	420	0.336	119	1.008	0.9597	NA
1951	job_A	MGYP000656096485.pdb.gz	1	4.521e-10	420	0.382	123	1.042	0.8849	NA
1952	job_A	B1WSW1	1	2.317e-10	420	0.389	118	1	0.7815	NA
1953	job_A	A0A974YEU8	1	1.504e-09	420	0.375	112	0.9492	0.7417	NA
1954	job_A	A0A1Q4R5C6	1	6.377e-10	420	0.356	115	0.9746	0.7419	NA
1955	job_A	MGYP003472380253.pdb.gz	1	5.069e-10	419	0.364	118	1	1.035	NA
1956	job_A	MGYP000653932762.pdb.gz	1	3.03e-10	419	0.4	120	1.017	0.9677	NA
1957	job_A	A0A7Y2G3H6	1	1.13e-09	419	0.394	114	0.9661	0.9048	NA
1958	job_A	A0A5R9G688	1	1.42e-09	419	0.35	114	0.9661	0.8382	NA
1959	job_A	MGYP000280093185.pdb.gz	1	8.009e-10	418	0.505	97	0.822	0.9898	NA
1960	job_A	MGYP001446271396.pdb.gz	1	6.371e-10	418	0.405	101	0.8559	0.8487	NA
1961	job_A	MGYP001794950680.pdb.gz	1	4.032e-10	418	0.398	118	1	0.9752	NA
1962	job_A	MGYP000899892769.pdb.gz	1	2.861e-10	418	0.377	122	1.034	1	NA
1963	job_A	MGYP001000619464.pdb.gz	1	8.979e-10	418	0.403	114	0.9661	0.9268	NA
1964	job_A	Q3ZXG1	1	8.153e-10	418	0.381	110	0.9322	0.8871	NA
1965	job_A	A0A1G1DH05	1	1.13e-09	418	0.466	103	0.8729	0.9904	NA
1966	job_A	A0A2D6ZY61	1	2.001e-09	418	0.333	108	0.9153	0.9908	NA
1967	job_A	A0AAE3HJ88	1	1.592e-09	418	0.318	116	0.9831	0.9508	NA
1968	job_A	MGYP001815259505.pdb.gz	1	3.808e-10	417	0.468	111	0.9407	0.9487	NA
1969	job_A	MGYP001815081285.pdb.gz	1	1.195e-09	417	0.347	115	0.9746	0.8712	NA
1970	job_A	MGYP000511854692.pdb.gz	1	1.007e-09	417	0.327	113	0.9576	0.6278	NA
1971	job_A	A0A7Y4WIX9	1	1.89e-09	417	0.318	116	0.9831	0.8923	NA
1972	job_A	A0A4S4BPA3	1	1.785e-09	417	0.359	114	0.9661	0.8143	NA
1973	job_A	A0A9E6R4U3	1	2.376e-09	417	0.383	112	0.9492	0.7619	NA
1974	job_A	MGYP000214271962.pdb.gz	1	7.564e-10	416	0.527	91	0.7712	1	NA
1975	job_A	A0A351AF89	1	8.016e-10	416	0.293	116	0.9831	0.9667	NA
1976	job_A	A0A6I7PYT5	1	4.791e-10	416	0.447	114	0.9661	0.9344	NA
1977	job_A	A0A8S8XSL9	1	1.067e-09	416	0.39	110	0.9322	0.8661	NA
1978	job_A	A0A1M6NCU1	1	2.119e-09	416	0.37	116	0.9831	0.7945	NA
1979	job_A	A0A6M0FD74	1	8.488e-10	416	0.339	115	0.9746	0.7372	NA
1980	job_A	MGYP003418001829.pdb.gz	1	1.265e-09	415	0.368	114	0.9661	0.9913	NA
1981	job_A	MGYP001578920651.pdb.gz	1	1.783e-09	415	0.339	115	0.9746	0.8712	NA
1982	job_A	A0A1G1HLN3	1	2.664e-09	415	0.4	110	0.9322	0.9483	NA
1983	job_A	A0A4U8TIX4	1	1.008e-09	415	0.343	128	1.085	0.9846	NA
1984	job_A	MGYP003306230335.pdb.gz	1	9.508e-10	414	0.351	111	0.9407	0.888	NA
1985	job_A	A0A1V5KZ57	1	1.42e-09	414	0.338	121	1.025	0.9918	NA
1986	job_A	A0A2M9LDW1	1	1.686e-09	414	0.363	121	1.025	0.968	NA
1987	job_A	MGYP001361256311.pdb.gz	1	1.34e-09	413	0.429	107	0.9068	0.9817	NA
1988	job_A	MGYP001054298051.pdb.gz	1	1.195e-09	413	0.353	113	0.9576	1.009	NA
1989	job_A	MGYP000462883953.pdb.gz	1	6.371e-10	413	0.384	117	0.9915	0.936	NA
1990	job_A	MGYP000938172392.pdb.gz	1	1.419e-09	413	0.318	116	0.9831	0.8593	NA
1991	job_A	A0A843JPN2	1	1.785e-09	413	0.419	112	0.9492	1	NA
1992	job_A	A0A938J754	1	2.244e-09	413	0.333	117	0.9915	0.8931	NA
1993	job_A	MGYP000272860221.pdb.gz	1	1.591e-09	412	0.368	114	0.9661	1.009	NA
1994	job_A	MGYP000961314921.pdb.gz	1	2.374e-09	412	0.389	113	0.9576	0.689	NA
1995	job_A	A0A1Y0H1Z5	1	1.13e-09	412	0.355	107	0.9068	0.9068	NA
1996	job_A	A0AA35RRQ6	1	2.119e-09	412	0.362	113	0.9576	0.904	NA
1997	job_A	A0A934RRZ2	1	2.516e-09	412	0.298	114	0.9661	0.8906	NA
1998	job_A	MGYP000112653613.pdb.gz	1	6.371e-10	411	0.361	119	1.008	0.9917	NA
1999	job_A	A0A352W1V2	1	2.987e-09	411	0.333	114	0.9661	0.9661	NA
2000	job_A	M1WT79	1	2.664e-09	411	0.373	107	0.9068	0.8843	NA
2001	job_A	A0A1I6NSD9	1	1.504e-09	411	0.315	114	0.9661	0.8976	NA
2002	job_A	A0A969JK96	1	2.244e-09	411	0.318	113	0.9576	0.8561	NA
2003	job_A	A0A6P0X207	1	2.664e-09	411	0.341	117	0.9915	0.8797	NA
2004	job_A	MGYP001310256285.pdb.gz	1	3.208e-10	410	0.383	107	0.9068	0.9817	NA
2005	job_A	MGYP001276436448.pdb.gz	1	2.374e-09	410	0.336	107	0.9068	0.964	NA
2006	job_A	MGYP001585463430.pdb.gz	1	1.34e-09	410	0.364	118	1	0.8429	NA
2007	job_A	Q5NF56	1	4.873e-10	410	0.327	110	0.9322	0.991	NA
2008	job_A	A0A948SQQ3	1	2.244e-09	410	0.392	112	0.9492	0.875	NA
2009	job_A	A0A8T3RS54	1	2.119e-09	410	0.327	113	0.9576	0.8433	NA
2010	job_A	MGYP002700545487.pdb.gz	1	8.009e-10	409	0.406	118	1	0.9008	NA
2011	job_A	A0A350M1E9	1	2.821e-09	409	0.364	107	0.9068	0.9907	NA
2012	job_A	A0A946TX58	1	6.377e-10	409	0.364	118	1	1.026	NA
2013	job_A	A5YSZ1	1	5.073e-10	409	0.341	123	1.042	1.034	NA
2014	job_A	J2ZMY5	1	1.89e-09	409	0.39	110	0.9322	0.873	NA
2015	job_A	MGYP002795414414.pdb.gz	1	1.419e-09	408	0.564	85	0.7203	0.9444	NA
2016	job_A	MGYP000347192504.pdb.gz	1	1.066e-09	408	0.391	97	0.822	0.9604	NA
2017	job_A	MGYP002631282103.pdb.gz	1	2.117e-09	408	0.375	112	0.9492	1	NA
2018	job_A	MGYP001553148683.pdb.gz	1	1.591e-09	408	0.359	114	0.9661	0.9268	NA
2019	job_A	Q8U9Q9	1	9.679e-10	408	0.398	113	0.9576	0.729	NA
2020	job_A	A0A1C3RF24	1	4.457e-09	408	0.389	113	0.9576	0.6313	NA
2021	job_A	MGYP000090019979.pdb.gz	1	1.888e-09	407	0.313	118	1	1.026	NA
2022	job_A	MGYP001812127732.pdb.gz	1	2.374e-09	407	0.362	113	0.9576	0.9339	NA
2023	job_A	MGYP002629559329.pdb.gz	1	2.984e-09	407	0.377	114	0.9661	0.6369	NA
2024	job_A	A0A6L6VFG8	1	1.42e-09	407	0.327	119	1.008	0.9754	NA
2025	job_A	MGYP003568063053.pdb.gz	1	1.419e-09	406	0.421	95	0.8051	1	NA
2026	job_A	MGYP000443745726.pdb.gz	1	2.513e-09	406	0.33	115	0.9746	0.92	NA
2027	job_A	A4IWW4	1	6.486e-10	406	0.327	110	0.9322	0.991	NA
2028	job_A	A0A847B0I0	1	8.488e-10	406	0.365	123	1.042	1.008	NA
2029	job_A	A0A7W2AH88	1	1.42e-09	406	0.347	121	1.025	0.8963	NA
2030	job_A	MGYP000324319184.pdb.gz	1	1.265e-09	405	0.526	93	0.7881	0.9118	NA
2031	job_A	MGYP000501129706.pdb.gz	1	1.591e-09	405	0.28	114	0.9661	0.95	NA
2032	job_A	MGYP001819663576.pdb.gz	1	2e-09	405	0.353	113	0.9576	0.9339	NA
2033	job_A	MGYP000117908294.pdb.gz	1	1.129e-09	405	0.347	121	1.025	0.9918	NA
2034	job_A	MGYP000247619042.pdb.gz	1	7.143e-10	405	0.406	118	1	0.8194	NA
2035	job_A	A0A7V3AG74	1	2.244e-09	405	0.347	121	1.025	0.9918	NA
2036	job_A	MGYP000120118728.pdb.gz	1	2e-09	404	0.362	113	0.9576	1	NA
2037	job_A	MGYP001325240599.pdb.gz	1	1.195e-09	404	0.295	115	0.9746	1.009	NA
2038	job_A	MGYP001578287933.pdb.gz	1	1.888e-09	404	0.291	120	1.017	0.9449	NA
2039	job_A	MGYP000632827027.pdb.gz	1	2.661e-09	404	0.38	113	0.9576	0.7687	NA
2040	job_A	A0A2V5YTI1	1	1.89e-09	404	0.401	102	0.8644	0.9808	NA
2041	job_A	MGYP002548784669.pdb.gz	1	1.34e-09	403	0.353	113	0.9576	1.009	NA
2042	job_A	MGYP003619818088.pdb.gz	1	2.242e-09	403	0.368	114	0.9661	1.009	NA
2043	job_A	MGYP000128880199.pdb.gz	1	6.746e-10	403	0.445	110	0.9322	0.9735	NA
2044	job_A	MGYP001322118042.pdb.gz	1	1.502e-09	403	0.37	116	0.9831	0.9915	NA
2045	job_A	A0A2V7XY49	1	5.602e-09	403	0.245	114	0.9661	1.027	NA
2046	job_A	A0A327SWE7	1	5.602e-09	403	0.254	114	0.9661	0.3642	NA
2047	job_A	MGYP002634334933.pdb.gz	1	3.345e-09	402	0.348	112	0.9492	0.7517	NA
2048	job_A	A0A933WRI8	1	3.162e-09	402	0.415	101	0.8559	1	NA
2049	job_A	A0A2R6T866	1	3.162e-09	402	0.3	113	0.9576	1	NA
2050	job_A	MGYP001087098931.pdb.gz	1	1.684e-09	401	0.351	111	0.9407	1.028	NA
2051	job_A	MGYP001794301224.pdb.gz	1	3.159e-09	401	0.336	113	0.9576	1	NA
2052	job_A	MGYP001013012444.pdb.gz	1	2.818e-09	401	0.363	110	0.9322	0.9735	NA
2053	job_A	MGYP001265144366.pdb.gz	1	8.48e-10	401	0.389	118	1	1.026	NA
2054	job_A	Q0BMQ7	1	9.679e-10	401	0.336	107	0.9068	0.964	NA
2055	job_A	MGYP000859095898.pdb.gz	1	2.984e-09	400	0.318	113	0.9576	1	NA
2056	job_A	MGYP000735526430.pdb.gz	1	1.783e-09	400	0.288	118	1	1.026	NA
2057	job_A	A0A660SI28	1	3.546e-09	400	0.304	115	0.9746	0.9914	NA
2058	job_A	A0A212KLL9	1	1.504e-09	400	0.381	118	1	0.6821	NA
2059	job_A	MGYP001812361221.pdb.gz	1	2.661e-09	399	0.353	113	0.9576	1	NA
2060	job_A	MGYP001585974582.pdb.gz	1	3.159e-09	399	0.309	113	0.9576	1	NA
2061	job_A	Q14GK9	1	1.025e-09	399	0.327	110	0.9322	0.991	NA
2062	job_A	A0A117LBH8	1	2.987e-09	399	0.494	91	0.7712	0.9891	NA
2063	job_A	A0A2E4RJ95	1	3.546e-09	399	0.418	110	0.9322	0.9565	NA
2064	job_A	A0A2M8BAC8	1	2.664e-09	399	0.254	114	0.9661	0.755	NA
2065	job_A	MGYP000875810425.pdb.gz	1	2.513e-09	398	0.357	98	0.8305	0.9899	NA
2066	job_A	MGYP000905311103.pdb.gz	1	2.984e-09	398	0.327	113	0.9576	1	NA
2067	job_A	MGYP001312462556.pdb.gz	1	1.007e-09	398	0.364	118	1	1.026	NA
2068	job_A	MGYP001791372109.pdb.gz	1	5.926e-09	398	0.258	112	0.9492	0.9412	NA
2069	job_A	MGYP000877281162.pdb.gz	1	8.979e-10	398	0.363	121	1.025	0.8231	NA
2070	job_A	A0A2S2DS19	1	3.975e-09	398	0.485	105	0.8898	0.9906	NA
2071	job_A	A0A1F9XCE1	1	4.997e-09	398	0.353	113	0.9576	1	NA
2072	job_A	A0A917I5F2	1	1.592e-09	398	0.367	117	0.9915	0.907	NA
2073	job_A	MGYP001442305314.pdb.gz	1	1.591e-09	397	0.358	117	0.9915	0.9915	NA
2074	job_A	MGYP000108963167.pdb.gz	1	3.971e-09	397	0.333	114	0.9661	0.7917	NA
2075	job_A	Q2A4C8	1	1.217e-09	397	0.336	107	0.9068	0.964	NA
2076	job_A	A0A353BBM3	1	3.162e-09	397	0.505	91	0.7712	1	NA
2077	job_A	A0A359G521	1	2.987e-09	397	0.462	93	0.7881	0.9789	NA
2078	job_A	MGYP001297351028.pdb.gz	1	5.286e-09	396	0.327	113	0.9576	0.9826	NA
2079	job_A	MGYP001607614763.pdb.gz	1	1.34e-09	396	0.272	121	1.025	0.9308	NA
2080	job_A	Q18HQ3	1	9.141e-10	396	0.398	118	1	1.035	NA
2081	job_A	A0A7V2V0E7	1	3.754e-09	396	0.296	118	1	1.008	NA
2082	job_A	A0A831WXD7	1	4.997e-09	396	0.373	115	0.9746	0.8712	NA
2083	job_A	MGYP003894873637.pdb.gz	1	2.861e-10	395	0.491	118	1	0.9916	NA
2084	job_A	MGYP000184199231.pdb.gz	1	3.542e-09	395	0.327	116	0.9831	0.9431	NA
2085	job_A	B0JNW2	1	8.153e-10	394	0.35	117	0.9915	0.8417	NA
2086	job_A	MGYP000930323255.pdb.gz	1	8.009e-10	393	0.333	120	1.017	1	NA
2087	job_A	MGYP001463687556.pdb.gz	1	1.783e-09	392	0.358	120	1.017	1.034	NA
2088	job_A	MGYP001588749017.pdb.gz	1	2.984e-09	392	0.218	133	1.127	1.015	NA
2089	job_A	3oug-assembly1.cif.gz_A	1	4.431e-10	392	0.321	112	0.9492	1.047	NA
2090	job_A	A0A7Y1UHI7	1	7.457e-09	392	0.245	118	1	1.026	NA
2091	job_A	A0A660ZSU4	1	9.925e-09	392	0.284	116	0.9831	0.4014	NA
2092	job_A	MGYP003784464257.pdb.gz	1	1.265e-09	391	0.345	107	0.9068	0.8492	NA
2093	job_A	3oug-assembly1.cif.gz_C	1	6.244e-10	391	0.321	109	0.9237	1.028	NA
2094	job_A	MGYP000439325676.pdb.gz	1	5.597e-09	390	0.301	116	0.9831	1.009	NA
2095	job_A	MGYP000600318738.pdb.gz	1	3.159e-09	389	0.432	97	0.822	1.021	NA
2096	job_A	MGYP003681925374.pdb.gz	1	2e-09	389	0.344	116	0.9831	1	NA
2097	job_A	MGYP002654471974.pdb.gz	1	3.971e-09	389	0.333	114	0.9661	0.9661	NA
2098	job_A	A0A1G2DY75	1	9.373e-09	389	0.302	109	0.9237	0.9646	NA
2099	job_A	A0A389M220	1	2.987e-09	389	0.366	120	1.017	0.7362	NA
2100	job_A	MGYP001201736307.pdb.gz	1	4.453e-09	388	0.269	115	0.9746	0.9829	NA
2101	job_A	MGYP000890700644.pdb.gz	1	3.345e-09	387	0.339	109	0.9237	1.058	NA
2102	job_A	MGYP000366941696.pdb.gz	1	8.844e-09	387	0.333	114	0.9661	1.009	NA
2103	job_A	MGYP001583131851.pdb.gz	1	5.926e-09	387	0.345	113	0.9576	0.9826	NA
2104	job_A	A0A315EME4	1	2.376e-09	387	0.444	117	0.9915	0.9	NA
2105	job_A	A0A6A8QMG4	1	1.051e-08	387	0.407	108	0.9153	0.7013	NA
2106	job_A	A0A1X6P9R9	1	3.349e-09	387	0.33	115	0.9746	0.2511	NA
2107	job_A	MGYP000601566596.pdb.gz	1	1.066e-09	386	0.403	109	0.9237	1.019	NA
2108	job_A	MGYP002819350626.pdb.gz	1	4.205e-09	385	0.431	95	0.8051	1	NA
2109	job_A	MGYP000480602906.pdb.gz	1	5.597e-09	385	0.35	117	0.9915	0.936	NA
2110	job_A	A0Q7L4	1	2.417e-09	385	0.336	107	0.9068	0.964	NA
2111	job_A	A0A971GZQ6	1	9.373e-09	385	0.431	95	0.8051	0.9406	NA
2112	job_A	A0A7J4USM7	1	7.042e-09	385	0.368	122	1.034	0.9242	NA
2113	job_A	A0A939HR71	1	5.291e-09	385	0.333	117	0.9915	0.7697	NA
2114	job_A	MGYP001606482771.pdb.gz	1	8.352e-09	384	0.318	113	0.9576	1	NA
2115	job_A	MGYP002261187326.pdb.gz	1	8.352e-09	384	0.296	118	1	1.026	NA
2116	job_A	MGYP001465317519.pdb.gz	1	2.661e-09	384	0.513	109	0.9237	0.6728	NA
2117	job_A	MGYP002590489926.pdb.gz	1	2.818e-09	383	0.387	124	1.051	0.9118	NA
2118	job_A	Q83EA4	1	2.709e-09	383	0.317	107	0.9068	0.964	NA
2119	job_A	A0A8T4S8P2	1	1.504e-09	383	0.311	122	1.034	1.052	NA
2120	job_A	MGYP001433903636.pdb.gz	1	6.645e-09	382	0.428	91	0.7712	1	NA
2121	job_A	MGYP001626286133.pdb.gz	1	3.159e-09	382	0.358	117	0.9915	1.026	NA
2122	job_A	MGYP000915258496.pdb.gz	1	5.286e-09	382	0.401	117	0.9915	0.975	NA
2123	job_A	A0A371QWI8	1	8.852e-09	382	0.353	113	0.9576	0.9658	NA
2124	job_A	MGYP000984057933.pdb.gz	1	5.286e-09	381	0.295	115	0.9746	0.9664	NA
2125	job_A	A0A961GKB1	1	9.373e-09	381	0.41	95	0.8051	1.011	NA
2126	job_A	W5Y3N3	1	1.178e-08	381	0.348	112	0.9492	0.855	NA
2127	job_A	A0AAE9Z3B5	1	5.602e-09	381	0.33	115	0.9746	0.7278	NA
2128	job_A	A0A1M6VPA3	1	9.925e-09	380	0.383	112	0.9492	0.9412	NA
2129	job_A	A0A4U3KXX0	1	5.932e-09	380	0.297	121	1.025	1	NA
2130	job_A	A0A2G9ZB13	1	1.321e-08	379	0.361	108	0.9153	1.048	NA
2131	job_A	A0A2P9AGB9	1	1.113e-08	379	0.458	96	0.8136	0.7742	NA
2132	job_A	A0A502GCH1	1	6.651e-09	379	0.344	119	1.008	0.7677	NA
2133	job_A	MGYP001163554859.pdb.gz	1	1.246e-08	377	0.389	113	0.9576	0.9187	NA
2134	job_A	A0A537FM12	1	5.602e-09	377	0.51	98	0.8305	0.8596	NA
2135	job_A	A0A9D9KYD2	1	4.997e-09	377	0.436	110	0.9322	0.8943	NA
2136	job_A	MGYP001560795164.pdb.gz	1	1.112e-08	376	0.327	113	0.9576	1	NA
2137	job_A	Q118E6	1	9.679e-10	376	0.345	113	0.9576	0.7152	NA
2138	job_A	A0A7Y7CN84	1	5.602e-09	376	0.41	112	0.9492	0.8	NA
2139	job_A	MGYP001185086610.pdb.gz	1	6.645e-09	375	0.339	112	0.9492	0.9655	NA
2140	job_A	MGYP001042940575.pdb.gz	1	5.926e-09	375	0.319	119	1.008	0.952	NA
2141	job_A	A0A3A4ZHS3	1	1.758e-08	374	0.31	116	0.9831	0.2024	NA
2142	job_A	A0A7C4YR40	1	3.115e-08	371	0.301	116	0.9831	0.9062	NA
2143	job_A	MGYP000136937184.pdb.gz	1	7.036e-09	369	0.419	93	0.7881	0.7881	NA
2144	job_A	MGYP000571209536.pdb.gz	1	1.177e-08	369	0.42	107	0.9068	0.7329	NA
2145	job_A	A0A7Z1TT40	1	1.481e-08	369	0.21	114	0.9661	0.8571	NA
2146	job_A	A0A937IL27	1	1.758e-08	366	0.258	116	0.9831	0.9915	NA
2147	job_A	G7VEE1	1	7.896e-09	366	0.358	117	0.9915	0.8298	NA
2148	job_A	MGYP002349563447.pdb.gz	1	3.295e-08	365	0.241	116	0.9831	1	NA
2149	job_A	MGYP001400224749.pdb.gz	1	1.757e-08	364	0.307	114	0.9661	1.018	NA
2150	job_A	A1RUA9	1	2.282e-09	364	0.347	118	1	0.9833	NA
2151	job_A	MGYP001031016244.pdb.gz	1	1.969e-08	363	0.46	102	0.8644	0.9903	NA
2152	job_A	MGYP001608600911.pdb.gz	1	3.694e-08	362	0.289	114	0.9661	1.009	NA
2153	job_A	MGYP001549864614.pdb.gz	1	2.621e-08	362	0.273	106	0.8983	0.906	NA
2154	job_A	MGYP000901056893.pdb.gz	1	2.476e-08	362	0.338	118	1	0.9672	NA
2155	job_A	MGYP001557231581.pdb.gz	1	1.659e-08	361	0.234	115	0.9746	0.9055	NA
2156	job_A	A0A1G8EZX4	1	4.146e-08	361	0.252	111	0.9407	0.9328	NA
2157	job_A	MGYP000598438643.pdb.gz	1	4.142e-08	360	0.292	113	0.9576	0.9826	NA
2158	job_A	A0A258FBX6	1	4.209e-09	359	0.555	99	0.839	1	NA
2159	job_A	X1HSN6	1	4.922e-08	359	0.446	103	0.8729	0.9717	NA
2160	job_A	A0A1E4JK61	1	2.244e-09	359	0.438	121	1.025	1.12	NA
2161	job_A	G8SAU3	1	3.698e-08	357	0.495	101	0.8559	0.7891	NA
2162	job_A	MGYP001550073744.pdb.gz	1	3.295e-08	355	0.536	95	0.8051	0.9794	NA
2163	job_A	MGYP000091104882.pdb.gz	1	2.338e-08	355	0.301	116	0.9831	0.9915	NA
2164	job_A	MGYP000229686000.pdb.gz	1	2.338e-08	354	0.45	102	0.8644	1.01	NA
2165	job_A	MGYP001236928873.pdb.gz	1	3.694e-08	353	0.28	114	0.9661	1	NA
2166	job_A	MGYP001773423530.pdb.gz	1	4.917e-08	351	0.398	103	0.8729	0.9626	NA
2167	job_A	A0AAE0RZH4	1	5.518e-08	351	0.397	88	0.7458	0.2635	NA
2168	job_A	A0A2W5TS02	1	3.298e-08	350	0.283	113	0.9576	0.9912	NA
2169	job_A	MGYP001496934231.pdb.gz	1	5.513e-08	349	0.371	105	0.8898	0.9813	NA
2170	job_A	MGYP003565232360.pdb.gz	1	5.837e-08	349	0.378	103	0.8729	0.9035	NA
2171	job_A	MGYP001196164649.pdb.gz	1	5.513e-08	349	0.315	114	0.9661	0.9913	NA
2172	job_A	A0A7X7GE77	1	3.492e-08	348	0.327	113	0.9576	0.9339	NA
2173	job_A	MGYP001818173147.pdb.gz	1	2.476e-08	347	0.516	89	0.7542	1	NA
2174	job_A	MGYP001034148094.pdb.gz	1	4.142e-08	347	0.449	89	0.7542	0.9889	NA
2175	job_A	MGYP000620680335.pdb.gz	1	6.544e-08	347	0.266	109	0.9237	1.048	NA
2176	job_A	MGYP000592445490.pdb.gz	1	7.337e-08	345	0.257	105	0.8898	1.029	NA
2177	job_A	MGYP003332783269.pdb.gz	1	1.48e-08	345	0.364	107	0.9068	1.029	NA
2178	job_A	MGYP000162043724.pdb.gz	1	1.177e-08	345	0.319	122	1.034	1	NA
2179	job_A	A0A2E7MXB7	1	3.915e-08	345	0.295	115	0.9746	1.018	NA
2180	job_A	A0A7X9FSH7	1	9.232e-08	345	0.213	117	0.9915	0.8603	NA
2181	job_A	A0A9N8HYZ6	1	4.39e-08	344	0.342	108	0.9153	0.5	NA
2182	job_A	MGYP001028136094.pdb.gz	1	9.223e-08	342	0.278	115	0.9746	1	NA
2183	job_A	A0A251XP31	1	3.298e-08	340	0.471	89	0.7542	1.06	NA
2184	job_A	MGYP001432943632.pdb.gz	1	1.48e-08	339	0.272	125	1.059	1.008	NA
2185	job_A	A0A2N2BW33	1	3.915e-08	339	0.371	121	1.025	1.08	NA
2186	job_A	A0A1V6B5S1	1	1.16e-07	338	0.42	100	0.8475	0.9615	NA
2187	job_A	A0A9D2AX88	1	6.936e-08	338	0.444	108	0.9153	0.9908	NA
2188	job_A	A0A950ZEB2	1	3.115e-08	338	0.206	121	1.025	1.071	NA
2189	job_A	A0A965CE52	1	4.922e-08	336	0.51	100	0.8475	0.9524	NA
2190	job_A	MGYP001380506629.pdb.gz	1	1.543e-07	335	0.333	105	0.8898	0.9545	NA
2191	job_A	A0A959TJE5	1	1.096e-07	335	0.526	95	0.8051	0.9223	NA
2192	job_A	A0A512D522	1	5.518e-08	335	0.453	108	0.9153	0.72	NA
2193	job_A	3ougB00	1	1.359e-08	334	0.327	107	0.9068	1.019	NA
2194	job_A	A0A3E0NDN9	1	8.719e-08	334	0.311	122	1.034	0.8714	NA
2195	job_A	MGYP002005712085.pdb.gz	1	9.766e-08	333	0.355	107	0.9068	1	NA
2196	job_A	A0A9N8DZ52	1	9.775e-08	332	0.351	108	0.9153	0.3649	NA
2197	job_A	MGYP003394430473.pdb.gz	1	1.3e-07	330	0.421	95	0.8051	0.9896	NA
2198	job_A	MGYP000370026614.pdb.gz	1	2.775e-08	329	0.305	121	1.025	1.043	NA
2199	job_A	MGYP001408437899.pdb.gz	1	4.142e-08	327	0.246	126	1.068	0.9844	NA
2200	job_A	A0A3M1SAZ3	1	2.584e-07	327	0.414	94	0.7966	0.9691	NA
2201	job_A	A0A833KZW1	1	2.177e-07	327	0.33	103	0.8729	1	NA
2202	job_A	A0A1H8SGK4	1	2.897e-07	327	0.285	105	0.8898	0.9375	NA
2203	job_A	MGYP003297440419.pdb.gz	1	1.177e-08	326	0.379	108	0.9153	0.9643	NA
2204	job_A	A0A9E4H8I9	1	1.545e-07	326	0.309	113	0.9576	0.9339	NA
2205	job_A	MGYP001450443817.pdb.gz	1	2.303e-07	325	0.404	89	0.7542	0.978	NA
2206	job_A	MGYP001817257266.pdb.gz	1	2.175e-07	325	0.467	92	0.7797	0.9684	NA
2207	job_A	MGYP000515860100.pdb.gz	1	2.303e-07	323	0.35	97	0.822	0.8151	NA
2208	job_A	A0A6B3N2X4	1	3.068e-07	323	0.469	83	0.7034	0.9326	NA
2209	job_A	A0A9E5QSF6	1	7.344e-08	323	0.367	117	0.9915	1.045	NA
2210	job_A	A0A5Q3L567	1	1.229e-07	323	0.313	115	0.9746	0.9914	NA
2211	job_A	A0A953BDI4	1	1.635e-07	322	0.433	106	0.8983	0.8217	NA
2212	job_A	A0A2N9VT76	1	4.578e-07	322	0.388	103	0.8729	0.7464	NA
2213	job_A	A0A355E4F1	1	2.897e-07	320	0.256	117	0.9915	0.9213	NA
2214	job_A	A0A537KC32	1	4.323e-07	319	0.424	99	0.839	0.9802	NA
2215	job_A	A0A382C2T8	1	2.736e-07	319	0.418	98	0.8305	0.8991	NA
2216	job_A	X5ZUW8	1	2.736e-07	318	0.438	89	0.7542	0.9889	NA
2217	job_A	A0A7X9CCH9	1	2.897e-07	318	0.424	106	0.8983	0.8346	NA
2218	job_A	MGYP000565448139.pdb.gz	1	3.245e-07	317	0.294	119	1.008	0.937	NA
2219	job_A	MGYP001079599001.pdb.gz	1	1.832e-07	317	0.324	114	0.9661	0.8976	NA
2220	job_A	A0ABD5DG65	1	1.16e-07	317	0.909	77	0.6525	1	NA
2221	job_A	MGYP002637975515.pdb.gz	1	4.843e-07	316	0.39	87	0.7373	0.9886	NA
2222	job_A	G2FK10	1	5.754e-07	316	0.425	101	0.8559	0.8938	NA
2223	job_A	MGYP000954835985.pdb.gz	1	1.832e-07	315	0.235	123	1.042	0.7785	NA
2224	job_A	A0A354FBL7	1	5.435e-07	315	0.394	104	0.8814	0.9123	NA
2225	job_A	MGYP001065410830.pdb.gz	1	3.065e-07	312	0.471	87	0.7373	0.9886	NA
2226	job_A	MGYP003610190543.pdb.gz	1	3.436e-07	312	0.236	114	0.9661	1.036	NA
2227	job_A	A0A9E2LPF8	1	6.093e-07	312	0.432	97	0.822	1	NA
2228	job_A	A0A3D9SMZ6	1	7.659e-07	312	0.434	99	0.839	0.8761	NA
2229	job_A	MGYP001549804833.pdb.gz	1	4.319e-07	311	0.521	92	0.7797	1	NA
2230	job_A	MGYP000388838930.pdb.gz	1	6.087e-07	311	0.494	95	0.8051	0.9794	NA
2231	job_A	MGYP002525343086.pdb.gz	1	1.095e-07	311	0.272	121	1.025	0.9837	NA
2232	job_A	A0A838HPC6	1	7.233e-07	311	0.39	105	0.8898	0.9459	NA
2233	job_A	MGYP001423067951.pdb.gz	1	4.843e-07	310	0.31	103	0.8729	1.04	NA
2234	job_A	MGYP001132415866.pdb.gz	1	6.446e-07	309	0.387	93	0.7881	1	NA
2235	job_A	MGYP001768317445.pdb.gz	1	2.894e-07	308	0.427	96	0.8136	0.9897	NA
2236	job_A	MGYP000851850789.pdb.gz	1	3.436e-07	307	0.44	93	0.7881	0.9894	NA
2237	job_A	MGYP001102397273.pdb.gz	1	1.832e-07	307	0.221	122	1.034	0.8356	NA
2238	job_A	A0A4V1SKP4	1	7.233e-07	307	0.494	93	0.7881	0.6503	NA
2239	job_A	MGYP000772459955.pdb.gz	1	1.3e-07	305	0.413	116	0.9831	0.9667	NA
2240	job_A	A0A3D3FEI4	1	5.754e-07	305	0.435	101	0.8559	0.9528	NA
2241	job_A	MGYP000107880020.pdb.gz	1	4.843e-07	304	0.393	99	0.839	0.99	NA
2242	job_A	A0A4Q3CWU5	1	1.019e-06	303	0.417	91	0.7712	0.9785	NA
2243	job_A	A0AAP2DSP8	1	4.323e-07	303	0.457	94	0.7966	0.9691	NA
2244	job_A	A0A947IUD5	1	1.357e-06	303	0.419	93	0.7881	0.9208	NA
2245	job_A	MGYP002725792884.pdb.gz	1	1.078e-06	300	0.428	91	0.7712	0.9891	NA
2246	job_A	A0A328TRI2	1	5.754e-07	300	0.65	80	0.678	0.9877	NA
2247	job_A	MGYP003610572528.pdb.gz	1	1.28e-06	299	0.388	90	0.7627	0.9474	NA
2248	job_A	MGYP001550650456.pdb.gz	1	1.018e-06	299	0.463	95	0.8051	0.8261	NA
2249	job_A	6oz8-assembly1.cif.gz_D	1	1.795e-07	298	0.459	87	0.7373	0.956	NA
2250	job_A	A0A348ZKH7	1	1.21e-06	298	0.442	95	0.8051	0.8333	NA
2251	job_A	A0A9X2E0X7	1	7.659e-07	298	0.381	97	0.822	0.8017	NA
2252	job_A	A0A1R0KFQ7	1	4.578e-07	298	0.22	109	0.9237	0.4619	NA
2253	job_A	MGYP001325868576.pdb.gz	1	3.065e-07	297	0.25	124	1.051	0.8212	NA
2254	job_A	J9R8L9	1	1.706e-06	297	0.413	87	0.7373	0.9255	NA
2255	job_A	A0A535CBE3	1	5.754e-07	297	0.446	103	0.8729	0.8175	NA
2256	job_A	MGYP003545672627.pdb.gz	1	1.52e-06	295	0.419	93	0.7881	1	NA
2257	job_A	MGYP003485195898.pdb.gz	1	6.087e-07	295	0.453	97	0.822	0.951	NA
2258	job_A	6p1y-assembly1.cif.gz_B	1	2.39e-07	295	0.449	89	0.7542	0.8812	NA
2259	job_A	M3IDC8	1	9.092e-07	295	0.458	85	0.7203	0.977	NA
2260	job_A	A0AA96Y9C8	1	9.092e-07	294	0.226	119	1.008	0.4312	NA
2261	job_A	MGYP000175260748.pdb.gz	1	9.084e-07	293	0.653	78	0.661	0.9176	NA
2262	job_A	MGYP001383928861.pdb.gz	1	1.52e-06	292	0.465	88	0.7458	0.9888	NA
2263	job_A	A0A2V5V3P5	1	3.021e-06	291	0.44	93	0.7881	0.8158	NA
2264	job_A	MGYP003395381157.pdb.gz	1	2.401e-06	290	0.411	85	0.7203	0.9239	NA
2265	job_A	A0A847VWB6	1	1.611e-06	290	0.224	116	0.9831	0.428	NA
2266	job_A	MGYP000205897519.pdb.gz	1	2.401e-06	289	0.406	91	0.7712	0.8585	NA
2267	job_A	A0A5R2N031	1	2.144e-06	288	0.493	83	0.7034	0.9765	NA
2268	job_A	A0A6N2UY69	1	2.144e-06	286	0.326	101	0.8559	1.02	NA
2269	job_A	MGYP003612754262.pdb.gz	1	2.692e-06	285	0.282	92	0.7797	0.7419	NA
2270	job_A	X0SHK5	1	3.587e-06	285	0.53	81	0.6864	0.9419	NA
2271	job_A	MGYP000450984787.pdb.gz	1	1.52e-06	284	0.391	97	0.822	1	NA
2272	job_A	MGYP003424428035.pdb.gz	1	1.435e-06	283	0.434	99	0.839	0.9706	NA
2273	job_A	A0A1V3RR42	1	2.404e-06	283	0.426	89	0.7542	0.9889	NA
2274	job_A	A0A9D7LD94	1	1.437e-06	283	0.186	123	1.042	0.7593	NA
2275	job_A	2eeoB00	1	4.447e-07	282	0.477	88	0.7458	0.9263	NA
2276	job_A	2eeo-assembly1.cif.gz_B	1	5.634e-07	282	0.477	88	0.7458	0.9263	NA
2277	job_A	U5C5F7	1	1.521e-06	282	0.44	100	0.8475	1	NA
2278	job_A	MGYP000080908710.pdb.gz	1	1.356e-06	281	0.494	85	0.7203	0.9884	NA
2279	job_A	MGYP000936369165.pdb.gz	1	1.28e-06	281	0.437	96	0.8136	0.768	NA
2280	job_A	MGYP001158815484.pdb.gz	1	7.227e-07	280	0.44	100	0.8475	0.8621	NA
2281	job_A	MGYP001556192721.pdb.gz	1	1.609e-06	279	0.389	95	0.8051	1	NA
2282	job_A	MGYP000650488849.pdb.gz	1	1.142e-06	279	0.261	107	0.9068	0.877	NA
2283	job_A	A0A380FKC6	1	1.611e-06	279	0.431	102	0.8644	0.9358	NA
2284	job_A	A0A0K2RLG3	1	9.628e-07	275	0.478	94	0.7966	1.022	NA
2285	job_A	MGYP002719132472.pdb.gz	1	3.065e-07	272	0.357	112	0.9492	1	NA
2286	job_A	MGYP002780370924.pdb.gz	1	3.019e-06	271	0.608	69	0.5847	0.9452	NA
2287	job_A	A0A4Q3TUH4	1	7.544e-06	270	0.602	83	0.7034	1	NA
2288	job_A	MGYP000974552777.pdb.gz	1	4.77e-06	269	0.406	86	0.7288	0.9348	NA
2289	job_A	MGYP001619447262.pdb.gz	1	2.023e-06	269	0.407	103	0.8729	0.8803	NA
2290	job_A	MGYP001285321625.pdb.gz	1	1.435e-06	269	0.505	99	0.839	0.7984	NA
2291	job_A	MGYP000492981275.pdb.gz	1	7.227e-07	269	0.204	122	1.034	0.4469	NA
2292	job_A	MGYP001069243133.pdb.gz	1	4.77e-06	268	0.382	81	0.6864	0.9529	NA
2293	job_A	MGYP000670712814.pdb.gz	1	3.384e-06	268	0.437	96	0.8136	0.9231	NA
2294	job_A	Q21QU6	1	3.199e-06	268	0.456	92	0.7797	1.022	NA
2295	job_A	MGYP003307115567.pdb.gz	1	2.023e-06	266	0.385	96	0.8136	0.8649	NA
2296	job_A	MGYP003612942833.pdb.gz	1	1.28e-06	266	0.377	106	0.8983	0.9298	NA
2297	job_A	A0A3D5NJT8	1	9.482e-06	264	0.56	82	0.6949	1	NA
2298	job_A	A0A535E255	1	5.668e-06	264	0.229	109	0.9237	0.3964	NA
2299	job_A	MGYP001323217263.pdb.gz	1	6.722e-06	263	0.442	95	0.8051	1.022	NA
2300	job_A	MGYP001550590033.pdb.gz	1	1.804e-06	263	0.287	94	0.7966	0.9592	NA
2301	job_A	MGYP002763281412.pdb.gz	1	2.851e-06	263	0.392	102	0.8644	0.8226	NA
2302	job_A	MGYP002789460456.pdb.gz	1	1.335e-05	262	0.391	92	0.7797	0.9388	NA
2303	job_A	MGYP001454155043.pdb.gz	1	5.662e-06	261	0.447	85	0.7203	0.9884	NA
2304	job_A	MGYP001611370565.pdb.gz	1	8.45e-06	259	0.314	89	0.7542	1.023	NA
2305	job_A	A0A7J4VAU6	1	1.68e-05	259	0.5	84	0.7119	0.9882	NA
2306	job_A	A0A1G3BSJ9	1	2.507e-05	257	0.43	79	0.6695	0.9875	NA
2307	job_A	MGYP002779868120.pdb.gz	1	7.536e-06	256	0.5	74	0.6271	1	NA
2308	job_A	MGYP003317154766.pdb.gz	1	3.196e-06	256	0.349	106	0.8983	0.9907	NA
2309	job_A	MGYP001026406846.pdb.gz	1	1.414e-05	249	0.443	97	0.822	0.951	NA
2310	job_A	A0A9D8HKM7	1	1.68e-05	247	0.303	102	0.8644	0.9444	NA
2311	job_A	A0A6B2YMM0	1	2.507e-05	247	0.226	119	1.008	0.4359	NA
2312	job_A	A0A7V4HIS7	1	8.458e-06	246	0.349	103	0.8729	0.9537	NA
2313	job_A	MGYP001587515833.pdb.gz	1	1.678e-05	245	0.388	85	0.7203	1.012	NA
2314	job_A	A0A352CCF7	1	3.741e-05	244	0.46	89	0.7542	1	NA
2315	job_A	MGYP003755371487.pdb.gz	1	1.585e-05	242	0.388	90	0.7627	1	NA
2316	job_A	3plxB00	1	1.967e-06	242	0.41	95	0.8051	0.95	NA
2317	job_A	3plx-assembly1.cif.gz_B	1	2.492e-06	242	0.41	95	0.8051	0.95	NA
2318	job_A	A0A259GRH8	1	9.628e-07	242	0.521	115	0.9746	1.036	NA
2319	job_A	MGYP000155445652.pdb.gz	1	3.794e-06	241	0.19	110	0.9322	1.018	NA
2320	job_A	MGYP000117851892.pdb.gz	1	1.125e-05	240	0.296	91	0.7712	1.058	NA
2321	job_A	MGYP000605884937.pdb.gz	1	1.777e-05	240	0.453	86	0.7288	0.9053	NA
2322	job_A	MGYP001035662460.pdb.gz	1	9.473e-06	239	0.235	106	0.8983	1.05	NA
2323	job_A	MGYP000371440114.pdb.gz	1	2.973e-05	237	0.364	85	0.7203	0.7391	NA
2324	job_A	MGYP003629905675.pdb.gz	1	1.261e-05	236	0.205	102	0.8644	0.8793	NA
2325	job_A	MGYP003507731129.pdb.gz	1	1.497e-05	235	0.358	81	0.6864	0.9759	NA
2326	job_A	1uhe-assembly1.cif.gz_A	1	6.976e-06	235	0.359	89	0.7542	0.9175	NA
2327	job_A	A0A510Y851	1	1.994e-05	235	0.303	102	0.8644	0.9533	NA
2328	job_A	MGYP001215256353.pdb.gz	1	2.365e-05	233	0.381	97	0.822	0.9798	NA
2329	job_A	A0A660VIN1	1	0.0001047	232	0.43	79	0.6695	1	NA
2330	job_A	MGYP001290479627.pdb.gz	1	7.423e-05	231	0.375	88	0.7458	0.967	NA
2331	job_A	A0A970CIU2	1	8.82e-05	231	0.512	82	0.6949	1	NA
2332	job_A	A0A6P0N529	1	3.961e-05	231	0.284	102	0.8644	0.9903	NA
2333	job_A	A0A3D5S1H9	1	8.82e-05	228	0.436	87	0.7373	0.9886	NA
2334	job_A	A0A7R8WSY0	1	5.668e-06	227	0.307	127	1.076	0.2566	NA
2335	job_A	MGYP001290366797.pdb.gz	1	2.234e-05	226	0.488	88	0.7458	0.9462	NA
2336	job_A	MGYP001576372681.pdb.gz	1	1.062e-05	226	0.214	121	1.025	0.903	NA
2337	job_A	MGYP000874951961.pdb.gz	1	0.0001108	225	0.4	80	0.678	0.9412	NA
2338	job_A	MGYP001270658909.pdb.gz	1	2.808e-05	225	0.443	88	0.7458	0.9263	NA
2339	job_A	MGYP002529983607.pdb.gz	1	2.234e-05	225	0.304	105	0.8898	0.9375	NA
2340	job_A	A0A853KAJ9	1	8.33e-05	223	0.295	98	0.8305	0.8991	NA
2341	job_A	1uhdA00	1	1.632e-05	220	0.359	89	0.7542	0.9368	NA
2342	job_A	A0A1Q7WAW2	1	0.0001109	220	0.519	77	0.6525	1	NA
2343	job_A	A0A1V5CX11	1	0.0001174	219	0.423	85	0.7203	0.8854	NA
2344	job_A	A0A2M8PJP7	1	0.0001752	217	0.372	94	0.7966	0.7769	NA
2345	job_A	MGYP001309868102.pdb.gz	1	8.322e-05	216	0.375	96	0.8136	0.9697	NA
2346	job_A	MGYP001028043457.pdb.gz	1	2.504e-05	216	0.344	116	0.9831	1.16	NA
2347	job_A	MGYP003465524236.pdb.gz	1	4.437e-05	216	0.477	88	0.7458	0.8627	NA
2348	job_A	MGYP001401741280.pdb.gz	1	5.267e-05	215	0.482	87	0.7373	0.956	NA
2349	job_A	A0A6M0AXB9	1	0.0001964	215	0.481	79	0.6695	1	NA
2350	job_A	MGYP000168720153.pdb.gz	1	0.0001653	213	0.366	90	0.7627	0.989	NA
2351	job_A	MGYP001619289505.pdb.gz	1	1.191e-05	213	0.155	109	0.9237	0.9083	NA
2352	job_A	A0A238DJU6	1	1.192e-05	209	0.341	117	0.9915	0.5939	NA
2353	job_A	A0A965FY46	1	0.0002768	207	0.397	83	0.7034	0.8218	NA
2354	job_A	A0A533XLQ9	1	0.0003901	205	0.385	83	0.7034	0.9881	NA
2355	job_A	MGYP001179686676.pdb.gz	1	0.0002467	204	0.369	84	0.7119	0.8936	NA
2356	job_A	A0A3L7PZ50	1	0.0006911	203	0.434	76	0.6441	0.9383	NA
2357	job_A	MGYP001617411013.pdb.gz	1	0.0003681	199	0.329	85	0.7203	0.8854	NA
2358	job_A	MGYP001134400116.pdb.gz	1	0.0003897	197	0.493	73	0.6186	0.9125	NA
2359	job_A	MGYP003475810618.pdb.gz	1	6.621e-05	195	0.427	103	0.8729	1.157	NA
2360	job_A	MGYP001555451345.pdb.gz	1	0.00022	182	0.229	87	0.7373	0.725	NA
2361	job_A	MGYP001203843869.pdb.gz	1	0.00022	180	0.418	86	0.7288	0.8776	NA
2362	job_A	MGYP000420385187.pdb.gz	1	0.000437	179	0.415	77	0.6525	0.9167	NA
2363	job_A	MGYP001580597017.pdb.gz	1	0.000437	170	0.375	80	0.678	1	NA
2364	job_A	MGYP001014827946.pdb.gz	1	0.0006158	170	0.281	103	0.8729	1.04	NA
2365	job_A	A0A8J4H4K3	1	0.001373	169	0.145	96	0.8136	0.7007	NA
2366	job_A	A0A952ZZ66	1	0.003842	168	0.164	97	0.822	0.6783	NA
2367	job_A	A0A7S0C022	1	0.0006527	168	0.2	115	0.9746	0.5583	NA
2368	job_A	MGYP000860884084.pdb.gz	1	0.000437	165	0.492	67	0.5678	0.9178	NA
2369	job_A	MGYP000485263243.pdb.gz	1	0.001825	165	0.421	76	0.6441	0.9268	NA
2370	job_A	MGYP001235838670.pdb.gz	1	0.001452	164	0.418	74	0.6271	0.8409	NA
2371	job_A	MGYP003349245791.pdb.gz	1	0.00541	156	0.421	64	0.5424	0.8889	NA
2372	job_A	MGYP001320141292.pdb.gz	1	0.0006904	151	0.226	84	0.7119	0.5385	NA
2373	job_A	MGYP004158156879.pdb.gz	1	0.001295	150	0.131	99	0.839	0.9802	NA
2374	job_A	A0A7C1E0J6	1	0.002048	147	0.145	96	0.8136	0.7111	NA
2375	job_A	A0A819KD03	1	0.01277	145	0.17	82	0.6949	0.5616	NA
2376	job_A	af_Q4DWB5_6_96_2.40.40.20	1	0.001061	143	0.139	86	0.7288	0.9451	NA
2377	job_A	MGYP000435589758.pdb.gz	1	0.004304	141	0.314	70	0.5932	0.7609	NA
2378	job_A	MGYP002761284556.pdb.gz	1	0.003839	140	0.168	107	0.9068	0.8992	NA
2379	job_A	5kiy-assembly1.cif.gz_A	1	0.0009006	140	0.136	88	0.7458	0.1938	NA
2380	job_A	MGYP001613136996.pdb.gz	1	0.004825	139	0.133	90	0.7627	0.9474	NA
2381	job_A	3tiw-assembly1.cif.gz_A	1	0.0009006	139	0.159	88	0.7458	0.55	NA
2382	job_A	P54811	1	0.002083	136	0.17	88	0.7458	0.1088	NA
2383	job_A	4kdi-assembly1.cif.gz_A	1	0.0008033	136	0.13	92	0.7797	0.586	NA
2384	job_A	A0A842I546	1	0.005415	136	0.214	84	0.7119	0.5283	NA
2385	job_A	A0A813VBN0	1	0.00483	136	0.147	88	0.7458	0.5333	NA
2386	job_A	MGYP000539450182.pdb.gz	1	0.001933	134	0.123	89	0.7542	0.978	NA
2387	job_A	A0AAE2XX56	1	0.01799	134	0.172	81	0.6864	0.0911	NA
2388	job_A	MGYP000433379527.pdb.gz	1	0.003625	133	0.139	93	0.7881	1.022	NA
2389	job_A	Q3ZBT1	1	0.002473	133	0.136	88	0.7458	0.1092	NA
2390	job_A	AF-Q7KN62-3-F1-model_v6	1	0.002206	133	0.159	88	0.7458	0.1065	NA
2391	job_A	G4M0P7	1	0.002928	133	0.181	88	0.7458	0.1096	NA
2392	job_A	A0A8R1TKB7	1	0.002766	133	0.147	88	0.7458	0.1072	NA
2393	job_A	P55072	1	0.002773	132	0.136	88	0.7458	0.1092	NA
2394	job_A	af_A0A1D6GQ42_10_115_2.40.40.20	1	0.001061	132	0.147	88	0.7458	0.8302	NA
2395	job_A	7dg7-assembly1.cif.gz_A	1	0.00101	131	0.168	89	0.7542	1.035	NA
2396	job_A	MGYP003400262069.pdb.gz	1	0.008548	130	0.101	89	0.7542	0.7607	NA
2397	job_A	K7VQA7	1	0.002612	130	0.17	88	0.7458	0.1095	NA
2398	job_A	Q29RA2	1	0.003283	130	0.125	88	0.7458	0.1093	NA
2399	job_A	A0A1D6KUI9	1	0.003476	130	0.159	88	0.7458	0.1086	NA
2400	job_A	4rv0-assembly4.cif.gz_G	1	0.001269	130	0.152	92	0.7797	0.5576	NA
2401	job_A	3hu1-assembly1.cif.gz_B	1	0.001344	130	0.13	92	0.7797	0.204	NA
2402	job_A	5kiw-assembly1.cif.gz_A	1	0.001596	129	0.136	88	0.7458	0.2	NA
2403	job_A	5ifs-assembly1.cif.gz_D	1	0.002993	129	0.147	88	0.7458	0.1986	NA
2404	job_A	5ifs-assembly1.cif.gz_B	1	0.002827	129	0.147	88	0.7458	0.1982	NA
2405	job_A	P46462	1	0.003908	128	0.136	88	0.7458	0.1092	NA
2406	job_A	K7LQC6	1	0.002766	128	0.193	88	0.7458	0.1092	NA
2407	job_A	A0A0J9XXY9	1	0.004127	128	0.147	88	0.7458	0.1084	NA
2408	job_A	A0A3P7GHM4	1	0.00437	128	0.147	88	0.7458	0.1067	NA
2409	job_A	P54812	1	0.001858	127	0.128	109	0.9237	0.1346	NA
2410	job_A	7dww-assembly2.cif.gz_A	1	0.001069	127	0.168	95	0.8051	1.105	NA
2411	job_A	7r7s-assembly1.cif.gz_D	1	0.001199	127	0.13	92	0.7797	0.1276	NA
2412	job_A	A0A815WHS4	1	0.03784	127	0.168	77	0.6525	0.6111	NA
2413	job_A	MGYP001113589654.pdb.gz	1	0.01276	126	0.125	96	0.8136	0.5246	NA
2414	job_A	Q2FTS5	1	0.008702	126	0.175	80	0.678	0.155	NA
2415	job_A	Q10RP0	1	0.003681	126	0.147	88	0.7458	0.1088	NA
2416	job_A	3hu2-assembly1.cif.gz_B	1	0.002827	126	0.136	88	0.7458	0.1947	NA
2417	job_A	P03974	1	0.003292	125	0.136	88	0.7458	0.1092	NA
2418	job_A	I1NAA5	1	0.003681	125	0.204	88	0.7458	0.1089	NA
2419	job_A	A0A1C1C871	1	0.003898	125	0.152	92	0.7797	0.1121	NA
2420	job_A	3tiw-assembly2.cif.gz_B	1	0.003356	125	0.159	88	0.7458	0.5466	NA
2421	job_A	I1LTL9	1	0.005816	124	0.193	88	0.7458	0.109	NA
2422	job_A	7dvf-assembly1.cif.gz_A	1	0.004466	124	0.183	87	0.7373	1.024	NA
2423	job_A	5ifw-assembly1.cif.gz_B	1	0.002249	124	0.152	92	0.7797	0.1311	NA
2424	job_A	A0A175VYV0	1	0.00437	123	0.173	92	0.7797	0.113	NA
2425	job_A	3qwzA01	1	0.002362	123	0.159	88	0.7458	1.048	NA
2426	job_A	7ln1-assembly1.cif.gz_B	1	0.001894	123	0.131	91	0.7712	0.1245	NA
2427	job_A	P23787	1	0.006538	122	0.125	88	0.7458	0.1093	NA
2428	job_A	I1LZ82	1	0.005188	122	0.17	88	0.7458	0.1085	NA
2429	job_A	4rv0-assembly3.cif.gz_E	1	0.002669	122	0.152	92	0.7797	0.5786	NA
2430	job_A	2pjh-assembly1.cif.gz_B	1	0.002249	122	0.136	88	0.7458	0.456	NA
2431	job_A	7pux-assembly1.cif.gz_A	1	0.004729	122	0.136	88	0.7458	0.1982	NA
2432	job_A	3cf2-assembly1.cif.gz_A	1	0.002669	122	0.136	88	0.7458	0.1335	NA
2433	job_A	Q6GL04	1	0.00733	121	0.125	88	0.7458	0.1093	NA
2434	job_A	Q7ZU99	1	0.00733	121	0.113	88	0.7458	0.1092	NA
2435	job_A	P54609	1	0.00733	121	0.181	88	0.7458	0.1088	NA
2436	job_A	Q9SCN8	1	0.004912	121	0.193	88	0.7458	0.108	NA
2437	job_A	A0A1D6GQ42	1	0.005493	121	0.147	88	0.7458	0.1085	NA
2438	job_A	ModelArchive_ma-low-csi-0084_B	1	0.003497	121	0.136	88	0.7458	0.1092	NA
2439	job_A	Q7KN62	1	0.00733	120	0.159	88	0.7458	0.1099	NA
2440	job_A	I1JPP3	1	0.006159	120	0.204	88	0.7458	0.1089	NA
2441	job_A	U7Q155	1	0.005493	120	0.152	92	0.7797	0.1108	NA
2442	job_A	A0A0D2GTZ1	1	0.005816	120	0.152	92	0.7797	0.1095	NA
2443	job_A	3qc8-assembly1.cif.gz_A	1	0.005302	120	0.17	88	0.7458	0.5176	NA
2444	job_A	MGYP001120131775.pdb.gz	1	0.006065	119	0.163	92	0.7797	0.8519	NA
2445	job_A	MGYP002395992013.pdb.gz	1	0.01138	119	0.129	108	0.9153	0.931	NA
2446	job_A	P54774	1	0.008702	119	0.193	88	0.7458	0.109	NA
2447	job_A	Q9LZF6	1	0.009214	119	0.181	88	0.7458	0.1086	NA
2448	job_A	A0AAF5CYW9	1	0.003476	119	0.136	110	0.9322	0.0825	NA
2449	job_A	7dvc-assembly6.cif.gz_D	1	0.002827	119	0.178	95	0.8051	1.092	NA
2450	job_A	4ko8-assembly1.cif.gz_A	1	0.004729	119	0.159	88	0.7458	0.193	NA
2451	job_A	MGYP001099382163.pdb.gz	1	0.01074	118	0.187	96	0.8136	0.9143	NA
2452	job_A	Q38B27	1	0.02884	118	0.134	82	0.6949	0.1051	NA
2453	job_A	Q4CVL6	1	0.003898	118	0.104	86	0.7288	0.1098	NA
2454	job_A	8hl7-assembly1.cif.gz_B	1	0.006294	118	0.137	87	0.7373	0.2091	NA
2455	job_A	MGYP001766249560.pdb.gz	1	0.008548	117	0.112	89	0.7542	0.5742	NA
2456	job_A	3qq8-assembly1.cif.gz_A	1	0.007472	117	0.136	88	0.7458	0.4972	NA
2457	job_A	Q96372	1	0.01158	116	0.204	88	0.7458	0.1093	NA
2458	job_A	7dbo-assembly2.cif.gz_B	1	0.001894	116	0.145	96	0.8136	1.116	NA
2459	job_A	7ln1-assembly1.cif.gz_F	1	0.006294	116	0.136	88	0.7458	0.1252	NA
2460	job_A	7rlg-assembly1.cif.gz_A	1	0.001894	116	0.141	92	0.7797	0.1252	NA
2461	job_A	MGYP000162016139.pdb.gz	1	0.01798	115	0.092	97	0.822	0.9898	NA
2462	job_A	Q01853	1	0.01158	115	0.159	88	0.7458	0.1092	NA
2463	job_A	I1KCD7	1	0.0103	115	0.147	88	0.7458	0.1081	NA
2464	job_A	7dbo-assembly1.cif.gz_A	1	0.002381	115	0.164	91	0.7712	1	NA
2465	job_A	MGYP002762611310.pdb.gz	1	0.009051	114	0.12	91	0.7712	0.3085	NA
2466	job_A	Q58081	1	0.02052	114	0.176	85	0.7203	0.169	NA
2467	job_A	Q5AWS6	1	0.01033	114	0.163	92	0.7797	0.1118	NA
2468	job_A	A0A0K0EHY8	1	0.005816	114	0.136	110	0.9322	0.1361	NA
2469	job_A	C1H425	1	0.0103	114	0.13	92	0.7797	0.1122	NA
2470	job_A	A0AAF5DF39	1	0.00437	114	0.131	91	0.7712	0.0864	NA
2471	job_A	af_P46468_319_424_2.40.40.20	1	0.007849	114	0.098	91	0.7712	0.8585	NA
2472	job_A	A0A9E7JUY5	1	0.01905	114	0.118	110	0.9322	0.1897	NA
2473	job_A	MGYP000660358911.pdb.gz	1	0.01903	113	0.171	105	0.8898	0.2043	NA
2474	job_A	A0A913HL69	1	0.004127	113	0.122	90	0.7627	0.1208	NA
2475	job_A	Q4DWB5	1	0.02572	113	0.139	86	0.7288	0.1105	NA
2476	job_A	7du6-assembly1.cif.gz_A	1	0.004729	113	0.163	92	0.7797	1.07	NA
2477	job_A	7du7-assembly2.cif.gz_B	1	0.004729	113	0.171	99	0.839	1.151	NA
2478	job_A	7dg9-assembly1.cif.gz_A	1	0.002827	113	0.183	98	0.8305	1.089	NA
2479	job_A	8hrz-assembly1.cif.gz_D	1	0.007912	113	0.159	88	0.7458	0.2018	NA
2480	job_A	1e32-assembly1.cif.gz_A	1	0.005614	113	0.152	92	0.7797	0.21	NA
2481	job_A	1r7r-assembly1.cif.gz_A	1	0.009945	113	0.136	88	0.7458	0.1288	NA
2482	job_A	A0A842SVQ8	1	0.02536	113	0.123	105	0.8898	0.146	NA
2483	job_A	C0NF61	1	0.01223	112	0.141	92	0.7797	0.1225	NA
2484	job_A	A0A0P0XFK3	1	0.01452	112	0.122	90	0.7627	0.0996	NA
2485	job_A	af_Q58556_3_88_2.40.40.20	1	0.005897	112	0.168	89	0.7542	1.035	NA
2486	job_A	8dat-assembly1.cif.gz_A	1	0.004218	112	0.142	91	0.7712	0.1278	NA
2487	job_A	7vcx-assembly1.cif.gz_A	1	0.005944	112	0.13	92	0.7797	0.1233	NA
2488	job_A	A0A1D6JNX1	1	0.01452	111	0.147	88	0.7458	0.109	NA
2489	job_A	C6KT34	1	0.01371	111	0.136	88	0.7458	0.1063	NA
2490	job_A	Predictome_04fvido_ASTE1_HUMAN__AFG2A_HUMAN__1572aa_unrelaxed_af2mv3_model_1_B	1	0.009245	111	0.15	93	0.7881	0.1041	NA
2491	job_A	5c19-assembly1.cif.gz_F	1	0.007472	111	0.159	88	0.7458	0.1217	NA
2492	job_A	5c1a-assembly2.cif.gz_L	1	0.007912	111	0.13	92	0.7797	0.1252	NA
2493	job_A	7bpa-assembly1.cif.gz_A	1	0.007057	111	0.152	92	0.7797	0.124	NA
2494	job_A	7lmz-assembly1.cif.gz_C	1	0.007912	111	0.146	89	0.7542	0.1184	NA
2495	job_A	A0A842VBW1	1	0.04493	111	0.121	82	0.6949	0.1454	NA
2496	job_A	O05209	1	0.01226	110	0.138	94	0.7966	0.1262	NA
2497	job_A	Q07590	1	0.01728	110	0.148	94	0.7966	0.1205	NA
2498	job_A	7di1-assembly2.cif.gz_B	1	0.003169	110	0.197	91	0.7712	0.9891	NA
2499	job_A	5dyi-assembly2.cif.gz_H	1	0.009393	110	0.136	88	0.7458	0.2005	NA
2500	job_A	8fct-assembly1.cif.gz_F	1	0.006665	110	0.147	88	0.7458	0.1236	NA
2501	job_A	A2BJU0	1	0.02579	109	0.139	79	0.6695	0.1574	NA
2502	job_A	A0A077ZLV1	1	0.01724	109	0.113	88	0.7458	0.109	NA
2503	job_A	5c1b-assembly1.cif.gz_F	1	0.006294	109	0.13	92	0.7797	0.1271	NA
2504	job_A	7jy5-assembly1.cif.gz_A	1	0.008871	109	0.136	88	0.7458	0.1204	NA
2505	job_A	MGYP001277633377.pdb.gz	1	0.04752	108	0.1	100	0.8475	1.031	NA
2506	job_A	MGYP000144276331.pdb.gz	1	0.04488	108	0.079	101	0.8559	0.7594	NA
2507	job_A	MGYP001325762143.pdb.gz	1	0.01603	108	0.145	103	0.8729	0.7744	NA
2508	job_A	Q8Y2X7	1	0.02173	108	0.152	85	0.7203	0.1677	NA
2509	job_A	Q9P3A7	1	0.01158	108	0.119	92	0.7797	0.1129	NA
2510	job_A	K7LTM9	1	0.01825	108	0.181	88	0.7458	0.1215	NA
2511	job_A	I1L8Z3	1	0.01825	108	0.17	88	0.7458	0.1082	NA
2512	job_A	5c18-assembly1.cif.gz_F	1	0.009393	108	0.147	88	0.7458	0.1215	NA
2513	job_A	A0A842R4V0	1	0.05037	108	0.113	79	0.6695	0.1113	NA
2514	job_A	A0A497PEI2	1	0.09448	108	0.136	88	0.7458	0.1011	NA
2515	job_A	A1RWC3	1	0.01033	107	0.214	84	0.7119	0.1644	NA
2516	job_A	Q58556	1	0.01158	107	0.181	99	0.839	0.1096	NA
2517	job_A	A0A8M9Q017	1	0.008197	107	0.119	92	0.7797	0.1481	NA
2518	job_A	Q59WG3	1	0.01452	107	0.13	92	0.7797	0.1114	NA
2519	job_A	7oat-assembly1.cif.gz_B	1	0.01664	107	0.114	87	0.7373	0.2005	NA
2520	job_A	5c1a-assembly2.cif.gz_K	1	0.01324	107	0.159	88	0.7458	0.1183	NA
2521	job_A	7ln4-assembly1.cif.gz_D	1	0.01181	107	0.147	88	0.7458	0.1172	NA
2522	job_A	AF-Q8NB90-3-F1-model_v6	1	0.01375	106	0.168	95	0.8051	0.1365	NA
2523	job_A	af_Q58081_2_83_2.40.40.20	1	0.0196	106	0.18	83	0.7034	1.012	NA
2524	job_A	7di0-assembly3.cif.gz_C	1	0.01324	106	0.135	96	0.8136	1.091	NA
2525	job_A	7ln3-assembly1.cif.gz_A	1	0.009945	106	0.136	88	0.7458	0.1202	NA
2526	job_A	MGYP001571330130.pdb.gz	1	0.03008	105	0.125	104	0.8814	0.1962	NA
2527	job_A	P25694	1	0.01456	105	0.13	92	0.7797	0.1102	NA
2528	job_A	A4ICJ9	1	0.01933	105	0.13	92	0.7797	0.1333	NA
2529	job_A	P90532	1	0.02294	105	0.125	88	0.7458	0.111	NA
2530	job_A	I1JXA0	1	0.0243	105	0.147	88	0.7458	0.1081	NA
2531	job_A	5e7p-assembly1.cif.gz_A	1	0.005007	105	0.154	97	0.822	0.1349	NA
2532	job_A	7r7t-assembly1.cif.gz_C	1	0.005614	105	0.142	91	0.7712	0.1245	NA
2533	job_A	7y4w-assembly1.cif.gz_B	1	0.007472	105	0.141	92	0.7797	0.1235	NA
2534	job_A	Q1GQ92	1	0.008702	104	0.151	99	0.839	0.1926	NA
2535	job_A	7r7t-assembly1.cif.gz_B	1	0.01181	104	0.136	88	0.7458	0.121	NA
2536	job_A	Q21222	1	0.05424	103	0.142	91	0.7712	0.1257	NA
2537	job_A	K0F946	1	0.04304	103	0.135	111	0.9407	0.1449	NA
2538	job_A	6hd0-assembly1.cif.gz_C	1	0.01324	103	0.159	88	0.7458	0.2014	NA
2539	job_A	7ln3-assembly1.cif.gz_F	1	0.01571	103	0.136	88	0.7458	0.1257	NA
2540	job_A	A0AA36N852	1	0.05647	103	0.07	100	0.8475	0.8621	NA
2541	job_A	AF-Q8NB90-2-F1-model_v6	1	0.02173	102	0.168	95	0.8051	0.1203	NA
2542	job_A	X1IBF2	1	0.07959	102	0.152	85	0.7203	0.368	NA
2543	job_A	MGYP001041902706.pdb.gz	1	0.04003	101	0.081	98	0.8305	1.032	NA
2544	job_A	MGYP000022789153.pdb.gz	1	0.05328	101	0.133	90	0.7627	0.1761	NA
2545	job_A	O28927	1	0.01728	101	0.172	87	0.7373	0.1723	NA
2546	job_A	7ln6-assembly1.cif.gz_F	1	0.01975	101	0.147	88	0.7458	0.1232	NA
2547	job_A	MGYP003735552117.pdb.gz	1	0.02841	100	0.096	93	0.7881	0.1816	NA
2548	job_A	6hd3-assembly1.cif.gz_C	1	0.02483	100	0.181	88	0.7458	0.2023	NA
2549	job_A	A0A0F9H972	1	0.2228	100	0.135	81	0.6864	0.125	NA
2550	job_A	7r7t-assembly1.cif.gz_D	0.999	0.01484	99	0.147	88	0.7458	0.1215	NA
2551	job_A	MGYP001609482773.pdb.gz	0.999	0.03571	98	0.129	93	0.7881	0.6327	NA
2552	job_A	MGYP003320194717.pdb.gz	0.999	0.05032	98	0.119	92	0.7797	0.2004	NA
2553	job_A	6hd3-assembly1.cif.gz_A	0.999	0.02948	98	0.181	88	0.7458	0.1956	NA
2554	job_A	5c18-assembly1.cif.gz_E	0.999	0.02629	98	0.137	87	0.7373	0.1203	NA
2555	job_A	A0AAD4LTH5	0.999	0.08427	98	0.063	95	0.8051	0.0863	NA
2556	job_A	MGYP001612667431.pdb.gz	0.999	0.02534	97	0.134	104	0.8814	0.2076	NA
2557	job_A	Q46S32	0.999	0.01938	97	0.142	98	0.8305	0.1914	NA
2558	job_A	8daw-assembly1.cif.gz_B	0.999	0.01324	97	0.147	95	0.8051	0.1323	NA
2559	job_A	3cf1-assembly1.cif.gz_A-2	0.999	0.02345	97	0.152	92	0.7797	0.128	NA
2560	job_A	7r7t-assembly1.cif.gz_E	0.999	0.0695	97	0.121	82	0.6949	0.1129	NA
2561	job_A	7k57-assembly1.cif.gz_A	0.999	0.0125	97	0.17	88	0.7458	0.1188	NA
2562	job_A	A0A841HX17	0.999	0.04757	97	0.163	92	0.7797	0.342	NA
2563	job_A	A0A812V984	0.999	0.1332	97	0.108	92	0.7797	0.1603	NA
2564	job_A	A0A316UPT5	0.999	0.1059	97	0.085	82	0.6949	0.0711	NA
2565	job_A	A7I5N0	0.999	0.06082	96	0.118	93	0.7881	0.1831	NA
2566	job_A	Q607P2	0.999	0.02731	96	0.157	89	0.7542	0.1725	NA
2567	job_A	7r7s-assembly1.cif.gz_F	0.999	0.02629	96	0.137	87	0.7373	0.1187	NA
2568	job_A	MGYP001136471510.pdb.gz	0.998	0.05032	95	0.148	108	0.9153	1.091	NA
2569	job_A	Q8SSJ5	0.998	0.04569	95	0.136	95	0.8051	0.1218	NA
2570	job_A	Q8NB90	0.998	0.01938	95	0.127	94	0.7966	0.1053	NA
2571	job_A	K7UEH4	0.998	0.04825	95	0.131	91	0.7712	0.1152	NA
2572	job_A	A0A8I6A2A6	0.998	0.01724	95	0.118	93	0.7881	0.1041	NA
2573	job_A	7k56-assembly1.cif.gz_A	0.998	0.01664	95	0.17	88	0.7458	0.1188	NA
2574	job_A	L8HFS5	0.998	0.1	95	0.076	92	0.7797	0.0767	NA
2575	job_A	MGYP003804803867.pdb.gz	0.998	0.04003	94	0.107	102	0.8644	0.2	NA
2576	job_A	Q3UMC0	0.998	0.03849	94	0.111	90	0.7627	0.1008	NA
2577	job_A	5e7p-assembly2.cif.gz_B	0.998	0.01402	94	0.134	97	0.822	0.1378	NA
2578	job_A	A0A524DPD2	0.998	0.04757	94	0.147	88	0.7458	0.2061	NA
2579	job_A	Q0KA59	0.998	0.01158	93	0.158	101	0.8559	0.1942	NA
2580	job_A	7rli-assembly1.cif.gz_E	0.998	0.01402	93	0.147	88	0.7458	0.1197	NA
2581	job_A	MGYP000698699076.pdb.gz	0.997	0.04239	92	0.127	102	0.8644	0.1984	NA
2582	job_A	MGYP001615139562.pdb.gz	0.997	0.03781	91	0.134	104	0.8814	0.8189	NA
2583	job_A	MGYP001066846788.pdb.gz	0.997	0.06698	91	0.101	99	0.839	0.4626	NA
2584	job_A	A7HYS8	0.997	0.03242	91	0.136	88	0.7458	0.1743	NA
2585	job_A	Q2SLV0	0.997	0.005507	91	0.16	106	0.8983	0.2099	NA
2586	job_A	A3CSY4	0.997	0.03242	91	0.135	96	0.8136	0.1893	NA
2587	job_A	Q12E97	0.997	0.01226	91	0.127	94	0.7966	0.184	NA
2588	job_A	P32794	0.997	0.1608	91	0.102	88	0.7458	0.1128	NA
2589	job_A	A0A1D6KSC9	0.997	0.0103	91	0.14	107	0.9068	0.6045	NA
2590	job_A	C1GSK3	0.997	0.08073	91	0.104	96	0.8136	0.1273	NA
2591	job_A	6opc-assembly1.cif.gz_F	0.997	0.03705	91	0.13	92	0.7797	0.1351	NA
2592	job_A	6opc-assembly1.cif.gz_D	0.997	0.03499	91	0.13	92	0.7797	0.1242	NA
2593	job_A	MGYP001420997202.pdb.gz	0.996	0.1256	90	0.12	100	0.8475	0.6757	NA
2594	job_A	A1W9B0	0.996	0.01632	90	0.117	102	0.8644	0.1988	NA
2595	job_A	7mdm-assembly1.cif.gz_D	0.996	0.02948	90	0.137	87	0.7373	0.1238	NA
2596	job_A	7rlb-assembly1.cif.gz_A	0.996	0.0125	90	0.147	88	0.7458	0.1197	NA
2597	job_A	C5A1L9	0.996	0.04569	89	0.163	92	0.7797	0.1829	NA
2598	job_A	A6UUN0	0.996	0.05424	89	0.086	92	0.7797	0.1825	NA
2599	job_A	O28972	0.996	0.02436	89	0.182	93	0.7881	0.1269	NA
2600	job_A	6opc-assembly1.cif.gz_A	0.996	0.04399	89	0.13	92	0.7797	0.1255	NA
2601	job_A	B6YWT7	0.995	0.06082	88	0.142	91	0.7712	0.1809	NA
2602	job_A	A2SPI9	0.995	0.01094	88	0.125	96	0.8136	0.1901	NA
2603	job_A	Q466X0	0.995	0.1354	88	0.12	83	0.7034	0.164	NA
2604	job_A	Q21W90	0.995	0.01375	88	0.153	98	0.8305	0.1877	NA
2605	job_A	Q9HPF0	0.995	0.06439	88	0.163	92	0.7797	0.124	NA
2606	job_A	P96281	0.995	0.09584	88	0.157	95	0.8051	0.1305	NA
2607	job_A	af_Q8NB90_50_135_2.40.40.20	0.995	0.08185	88	0.162	74	0.6271	0.8605	NA
2608	job_A	8daw-assembly1.cif.gz_A	0.995	0.04154	88	0.125	88	0.7458	0.1236	NA
2609	job_A	6opc-assembly1.cif.gz_E	0.995	0.04932	88	0.13	92	0.7797	0.1285	NA
2610	job_A	7rld-assembly1.cif.gz_B	0.995	0.03923	88	0.136	88	0.7458	0.1197	NA
2611	job_A	MGYP001287096610.pdb.gz	0.994	0.1187	87	0.089	89	0.7542	0.1636	NA
2612	job_A	Q55BK0	0.994	0.05744	87	0.127	102	0.8644	0.3091	NA
2613	job_A	Q5JCX3	0.994	0.1434	87	0.156	83	0.7034	0.165	NA
2614	job_A	4ga5-assembly4.cif.gz_D	0.994	0.04399	87	0.096	93	0.7881	0.1886	NA
2615	job_A	E0VNU9	0.994	0.1877	87	0.152	85	0.7203	0.5944	NA
2616	job_A	MGYP001604799069.pdb.gz	0.993	0.00541	86	0.148	108	0.9153	1.048	NA
2617	job_A	MGYP001138973333.pdb.gz	0.993	0.09439	86	0.109	137	1.161	0.4018	NA
2618	job_A	Q3IP82	0.993	0.06439	86	0.117	94	0.7966	0.188	NA
2619	job_A	A1W631	0.993	0.03242	86	0.153	98	0.8305	0.1918	NA
2620	job_A	2iv2X04	0.993	0.01171	86	0.102	107	0.9068	1.081	NA
2621	job_A	af_Q8I3L7_53_159_2.40.40.50	0.993	0.002231	86	0.103	97	0.822	0.9065	NA
2622	job_A	1wlf-assembly1.cif.gz_A	0.993	0.08251	86	0.111	90	0.7627	0.5488	NA
2623	job_A	Q5X2M8	0.992	0.06818	85	0.113	88	0.7458	0.1702	NA
2624	job_A	7dvh-assembly4.cif.gz_C	0.992	0.04399	85	0.166	90	0.7627	1.034	NA
2625	job_A	MGYP003548866104.pdb.gz	0.991	0.04488	84	0.131	114	0.9661	0.8321	NA
2626	job_A	MGYP001555862826.pdb.gz	0.991	0.1121	84	0.136	73	0.6186	0.1637	NA
2627	job_A	Q8U0I2	0.991	0.04075	84	0.197	91	0.7712	0.1809	NA
2628	job_A	Q9V163	0.991	0.03849	84	0.153	91	0.7712	0.1809	NA
2629	job_A	A5IFN1	0.991	0.05123	84	0.109	91	0.7712	0.176	NA
2630	job_A	Q8RNP4	0.991	0.05123	84	0.109	91	0.7712	0.176	NA
2631	job_A	Q0ATA0	0.991	0.04315	84	0.136	95	0.8051	0.183	NA
2632	job_A	Q5F621	0.991	0.09052	84	0.104	67	0.5678	0.089	NA
2633	job_A	Q585X7	0.991	0.1075	84	0.13	92	0.7797	0.1157	NA
2634	job_A	K7TS12	0.991	0.3185	84	0.076	130	1.102	0.132	NA
2635	job_A	1wlfA01	0.991	0.02463	84	0.122	90	0.7627	1.071	NA
2636	job_A	A4FZL0	0.99	0.09075	83	0.096	93	0.7881	0.1842	NA
2637	job_A	A9A6M7	0.99	0.08094	83	0.096	93	0.7881	0.1842	NA
2638	job_A	A6URW3	0.99	0.06439	83	0.086	93	0.7881	0.1842	NA
2639	job_A	Q88FH2	0.99	0.08571	83	0.109	64	0.5424	0.0708	NA
2640	job_A	P46468	0.99	0.02892	83	0.095	147	1.246	0.1196	NA
2641	job_A	4ga5A01	0.99	0.05485	83	0.093	86	0.7288	1.036	NA
2642	job_A	af_O42915_18_129_2.40.40.50	0.99	0.02326	83	0.102	98	0.8305	0.875	NA
2643	job_A	MGYP001385332915.pdb.gz	0.988	0.09439	82	0.118	101	0.8559	1.063	NA
2644	job_A	Q5ZWR3	0.988	0.06082	82	0.109	91	0.7712	0.176	NA
2645	job_A	Q9KGW3	0.988	0.09609	82	0.093	64	0.5424	0.0708	NA
2646	job_A	Q5BL07	0.988	0.269	82	0.134	89	0.7542	0.0693	NA
2647	job_A	K7M3G0	0.988	0.01223	82	0.141	113	0.9576	0.3857	NA
2648	job_A	Q8I3L7	0.988	0.004899	82	0.103	106	0.8983	0.1514	NA
2649	job_A	Q5A331	0.988	0.3185	82	0.119	92	0.7797	0.1201	NA
2650	job_A	af_A8MQW3_26_128_2.40.40.50	0.988	0.0518	82	0.11	100	0.8475	0.9709	NA
2651	job_A	LevyLab_Q8U0I2_V1_5_relaxed_B	0.988	0.03072	82	0.193	88	0.7458	0.175	NA
2652	job_A	7mdm-assembly1.cif.gz_E	0.988	0.0695	82	0.149	87	0.7373	0.1236	NA
2653	job_A	MGYP001133801279.pdb.gz	0.986	0.03571	81	0.109	110	0.9322	0.4527	NA
2654	job_A	O60058	0.986	0.1141	81	0.127	94	0.7966	0.1162	NA
2655	job_A	P60068	0.986	0.2021	81	0.153	52	0.4407	0.0569	NA
2656	job_A	X1G7I9	0.986	0.2645	81	0.085	94	0.7966	0.1958	NA
2657	job_A	MGYP000577791375.pdb.gz	0.984	0.2495	80	0.096	93	0.7881	0.6691	NA
2658	job_A	MGYP000862625223.pdb.gz	0.984	0.06698	80	0.084	95	0.8051	0.1866	NA
2659	job_A	P9WIV9	0.984	0.09075	80	0.121	107	0.9068	0.1328	NA
2660	job_A	Q5AMF9	0.984	0.01825	80	0.138	108	0.9153	0.4303	NA
2661	job_A	Q9VK63	0.984	0.1138	80	0.111	99	0.839	0.1239	NA
2662	job_A	D3ZZB2	0.984	0.1904	80	0.107	93	0.7881	0.0725	NA
2663	job_A	7bp9-assembly1.cif.gz_A	0.984	0.0695	80	0.142	91	0.7712	0.123	NA
2664	job_A	MGYP000897819958.pdb.gz	0.981	0.07509	79	0.091	98	0.8305	0.1846	NA
2665	job_A	Q9S1H0	0.981	0.2266	79	0.153	52	0.4407	0.0566	NA
2666	job_A	Q9I0C8	0.981	0.1276	79	0.189	58	0.4915	0.0754	NA
2667	job_A	af_Q5BL07_3_99_2.40.40.20	0.981	0.04621	79	0.115	95	0.8051	0.9794	NA
2668	job_A	1siwA13	0.981	0.0124	79	0.081	123	1.042	0.8255	NA
2669	job_A	MGYP001304154015.pdb.gz	0.978	0.04488	78	0.145	96	0.8136	0.8205	NA
2670	job_A	Q58568	0.978	0.08571	78	0.099	121	1.025	0.9098	NA
2671	job_A	G3GXG9	0.978	0.1909	78	0.123	89	0.7542	0.0693	NA
2672	job_A	K0F4A3	0.978	0.03424	78	0.134	97	0.822	0.6178	NA
2673	job_A	A0A0P0VFH4	0.978	0.1138	78	0.118	101	0.8559	0.3117	NA
2674	job_A	af_Q5AMF9_148_250_2.40.40.10	0.978	0.01851	78	0.147	102	0.8644	0.9903	NA
2675	job_A	MGYP000072946423.pdb.gz	0.975	0.3137	77	0.1	90	0.7627	0.1789	NA
2676	job_A	A0B6C9	0.975	0.1518	77	0.114	87	0.7373	0.1699	NA
2677	job_A	P9WIV8	0.975	0.1279	77	0.121	107	0.9068	0.1328	NA
2678	job_A	P59962	0.975	0.1279	77	0.121	107	0.9068	0.1328	NA
2679	job_A	Q9VUC7	0.975	0.07201	77	0.122	98	0.8305	0.0974	NA
2680	job_A	1cz5-assembly1.cif.gz_A	0.975	0.03923	77	0.125	96	0.8136	0.5189	NA
2681	job_A	O59251	0.971	0.1017	76	0.142	91	0.7712	0.1809	NA
2682	job_A	A4VHV6	0.971	0.01728	76	0.18	100	0.8475	0.1901	NA
2683	job_A	C4J8Y3	0.971	0.1205	76	0.118	101	0.8559	0.3258	NA
2684	job_A	A0A0D2GEP7	0.971	0.06066	76	0.153	98	0.8305	0.2579	NA
2685	job_A	C0P059	0.971	0.06423	76	0.112	98	0.8305	0.2444	NA
2686	job_A	U7PJZ1	0.971	0.06801	76	0.102	98	0.8305	0.2284	NA
2687	job_A	A0A158Q482	0.971	0.1276	76	0.13	100	0.8475	0.1337	NA
2688	job_A	2ki8A01	0.971	0.02075	76	0.069	115	0.9746	0.92	NA
2689	job_A	4pmk-assembly2.cif.gz_B	0.971	0.01664	76	0.152	118	1	0.8429	NA
2690	job_A	2yuj-assembly1.cif.gz_A	0.971	0.01402	76	0.101	99	0.839	0.5211	NA
2691	job_A	Q11BH8	0.967	0.05123	75	0.099	101	0.8559	0.1984	NA
2692	job_A	C0NYV3	0.967	0.1698	75	0.099	101	0.8559	0.1341	NA
2693	job_A	af_A0A0R4IPF0_1_91_2.40.40.20	0.967	0.05485	75	0.098	91	0.7712	1	NA
2694	job_A	1e60A04	0.967	0.08185	75	0.112	80	0.678	0.4908	NA
2695	job_A	4pmk-assembly1.cif.gz_A	0.967	0.01762	75	0.15	120	1.017	0.7595	NA
2696	job_A	3ir7-assembly1.cif.gz_A	0.967	0.03923	75	0.119	92	0.7797	0.0741	NA
2697	job_A	MGYP000406156027.pdb.gz	0.961	0.07509	74	0.118	118	1	0.8741	NA
2698	job_A	MGYP000939287327.pdb.gz	0.961	1.042	74	0.126	71	0.6017	0.0791	NA
2699	job_A	Q6M0E4	0.961	0.2021	74	0.107	93	0.7881	0.1842	NA
2700	job_A	A0A804LYC0	0.961	0.09052	74	0.113	106	0.8983	0.6272	NA
2701	job_A	O25163	0.961	0.3185	74	0.148	54	0.4576	0.0678	NA
2702	job_A	1cz5A01	0.961	0.03892	74	0.125	96	0.8136	1.044	NA
2703	job_A	ProtVar_O76064_Q92890_B	0.961	0.04089	74	0.102	98	0.8305	0.3192	NA
2704	job_A	1e60-assembly2.cif.gz_C	0.961	0.231	74	0.153	52	0.4407	0.0675	NA
2705	job_A	P54934	0.956	0.05123	73	0.174	86	0.7288	0.1156	NA
2706	job_A	P46923	0.956	0.03433	73	0.137	145	1.229	0.1792	NA
2707	job_A	A0A3Q0KUV5	0.956	0.05109	73	0.09	99	0.839	0.3257	NA
2708	job_A	I1LK05	0.956	0.1604	73	0.122	98	0.8305	0.2899	NA
2709	job_A	af_P46923_646_802_2.40.40.20	0.956	0.03096	73	0.108	129	1.093	0.8217	NA
2710	job_A	3ir6A04	0.956	0.03676	73	0.092	97	0.822	0.5079	NA
2711	job_A	2ki8-assembly1.cif.gz_A	0.956	0.03705	73	0.069	115	0.9746	0.7877	NA
2712	job_A	7r7s-assembly1.cif.gz_E	0.956	0.1462	73	0.142	91	0.7712	0.1269	NA
2713	job_A	A0A0E9NJQ8	0.956	0.2359	73	0.113	106	0.8983	0.0959	NA
2714	job_A	MGYP000512326626.pdb.gz	0.949	0.4421	72	0.155	90	0.7627	0.3913	NA
2715	job_A	Q92890	0.949	0.05424	72	0.107	102	0.8644	0.3322	NA
2716	job_A	Q9ES53	0.949	0.05744	72	0.107	102	0.8644	0.3322	NA
2717	job_A	P70362	0.949	0.05744	72	0.107	102	0.8644	0.3322	NA
2718	job_A	C6A2A0	0.949	0.1354	72	0.131	91	0.7712	0.1809	NA
2719	job_A	O28928	0.949	0.09075	72	0.112	98	0.8305	0.1944	NA
2720	job_A	A6VIW6	0.949	0.2266	72	0.096	93	0.7881	0.1842	NA
2721	job_A	C0SP82	0.949	0.254	72	0.123	81	0.6864	0.1191	NA
2722	job_A	P06131	0.949	0.06818	72	0.129	93	0.7881	0.136	NA
2723	job_A	A8IA58	0.949	0.04569	72	0.108	101	0.8559	0.1457	NA
2724	job_A	P20099	0.949	0.1434	72	0.142	84	0.7119	0.1081	NA
2725	job_A	Q8GPG4	0.949	0.3791	72	0.173	52	0.4407	0.0571	NA
2726	job_A	Q8ILR6	0.949	0.1514	72	0.153	98	0.8305	0.3475	NA
2727	job_A	A0A0P0WDV8	0.949	0.1514	72	0.128	101	0.8559	0.3156	NA
2728	job_A	A0A0H3GUK9	0.949	0.143	72	0.144	83	0.7034	0.107	NA
2729	job_A	af_Q9VTF9_5_114_2.40.40.50	0.949	0.0518	72	0.132	98	0.8305	0.8909	NA
2730	job_A	af_Q19584_10_121_2.40.40.50	0.949	0.07301	72	0.118	101	0.8559	0.9018	NA
2731	job_A	1h5n-assembly2.cif.gz_C	0.949	0.1837	72	0.108	83	0.7034	0.1084	NA
2732	job_A	3ir6-assembly1.cif.gz_A	0.949	0.0695	72	0.119	92	0.7797	0.0746	NA
2733	job_A	MGYP002833242840.pdb.gz	0.941	0.133	71	0.115	95	0.8051	0.4299	NA
2734	job_A	P58362	0.941	0.03433	71	0.134	149	1.263	0.1842	NA
2735	job_A	P85097	0.941	0.01456	71	0.124	129	1.093	0.143	NA
2736	job_A	AF-Q5BL07-2-F1-model_v6	0.941	0.358	71	0.114	87	0.7373	0.0699	NA
2737	job_A	O43933	0.941	0.1909	71	0.105	95	0.8051	0.074	NA
2738	job_A	C0NF62	0.941	0.5974	71	0.089	56	0.4746	0.5657	NA
2739	job_A	Q0P854	0.941	0.1351	71	0.147	88	0.7458	0.3826	NA
2740	job_A	A0A804N031	0.941	0.1698	71	0.125	96	0.8136	0.3404	NA
2741	job_A	A0A3P7EX61	0.941	0.1205	71	0.133	112	0.9492	0.3489	NA
2742	job_A	A4ICA6	0.941	0.1075	71	0.105	104	0.8814	0.32	NA
2743	job_A	A0A0P0Y148	0.941	0.143	71	0.07	127	1.076	0.2714	NA
2744	job_A	A0A3P7DKK5	0.941	0.3008	71	0.073	109	0.9237	0.1453	NA
2745	job_A	af_D4A2B7_1_190_2.40.40.20	0.941	0.193	71	0.15	80	0.678	0.4211	NA
2746	job_A	7mdm-assembly1.cif.gz_B	0.941	0.1946	71	0.137	87	0.7373	0.1241	NA
2747	job_A	8h2n-assembly4.cif.gz_D	0.941	0.05222	71	0.151	99	0.839	0.1396	NA
2748	job_A	7z11-assembly1.cif.gz_A	0.941	0.206	71	0.096	93	0.7881	0.1279	NA
2749	job_A	8h2m-assembly1.cif.gz_A	0.941	0.09251	71	0.112	80	0.678	0.1061	NA
2750	job_A	1dms-assembly1.cif.gz_A	0.941	0.2903	71	0.153	52	0.4407	0.0679	NA
2751	job_A	Q21A54	0.933	0.3381	70	0.159	69	0.5847	0.3053	NA
2752	job_A	AF-Q92890-3-F1-model_v6	0.933	0.06818	70	0.107	102	0.8644	0.3835	NA
2753	job_A	O42915	0.933	0.1803	70	0.102	98	0.8305	0.2865	NA
2754	job_A	Q8CVZ3	0.933	0.03635	70	0.12	150	1.271	0.1854	NA
2755	job_A	Q9CK41	0.933	0.2266	70	0.088	79	0.6695	0.096	NA
2756	job_A	Q87ZQ4	0.933	0.2399	70	0.094	74	0.6271	0.0818	NA
2757	job_A	Q328L3	0.933	0.2134	70	0.13	84	0.7119	0.1137	NA
2758	job_A	1qcsA01	0.933	0.04621	70	0.063	95	0.8051	1.173	NA
2759	job_A	af_A0A1D6KSC9_73_176_2.40.40.10	0.933	0.03472	70	0.128	109	0.9237	1.048	NA
2760	job_A	5fj8A03	0.933	0.05808	70	0.14	100	0.8475	0.7937	NA
2761	job_A	3j97-assembly1.cif.gz_F	0.933	0.1037	70	0.049	101	0.8559	0.1544	NA
2762	job_A	2dmr-assembly1.cif.gz_A	0.933	0.1837	70	0.111	81	0.6864	0.1051	NA
2763	job_A	3dmr-assembly1.cif.gz_A	0.933	0.1735	70	0.111	81	0.6864	0.104	NA
2764	job_A	2ivf-assembly1.cif.gz_A	0.933	0.2903	70	0.108	83	0.7034	0.091	NA
2765	job_A	1siw-assembly1.cif.gz_A	0.933	0.07359	70	0.108	92	0.7797	0.0742	NA
2766	job_A	Q7XD66	0.923	0.05424	69	0.133	112	0.9492	0.6707	NA
2767	job_A	Q9WYK8	0.923	0.2848	69	0.136	73	0.6186	0.3476	NA
2768	job_A	Q9Z4S6	0.923	0.3016	69	0.111	54	0.4576	0.0529	NA
2769	job_A	Q6DRD5	0.923	0.08073	69	0.098	102	0.8644	0.3312	NA
2770	job_A	I1KQB3	0.923	0.1904	69	0.122	106	0.8983	0.3354	NA
2771	job_A	A8MQW3	0.923	0.1205	69	0.132	106	0.8983	0.3118	NA
2772	job_A	2iv2-assembly1.cif.gz_X	0.923	0.01975	69	0.118	118	1	0.1693	NA
2773	job_A	7rl6-assembly1.cif.gz_A	0.923	0.07359	69	0.129	93	0.7881	0.1265	NA
2774	job_A	1e61-assembly2.cif.gz_C	0.923	0.1946	69	0.111	81	0.6864	0.1056	NA
2775	job_A	4dmr-assembly1.cif.gz_A	0.923	0.1946	69	0.111	81	0.6864	0.1048	NA
2776	job_A	1e60-assembly1.cif.gz_A	0.923	0.206	69	0.111	81	0.6864	0.1041	NA
2777	job_A	D5AKU6	0.912	0.425	68	0.089	67	0.5678	0.3116	NA
2778	job_A	Q9VTF9	0.912	0.09075	68	0.127	102	0.8644	0.3228	NA
2779	job_A	Q19584	0.912	0.214	68	0.118	101	0.8559	0.2953	NA
2780	job_A	P31075	0.912	0.599	68	0.17	47	0.3983	0.0616	NA
2781	job_A	Q5Y818	0.912	0.5046	68	0.222	54	0.4576	0.0638	NA
2782	job_A	A0A1D6KSD3	0.912	0.06423	68	0.135	111	0.9407	0.6607	NA
2783	job_A	K0EYY0	0.912	0.06066	68	0.06	115	0.9746	0.1376	NA
2784	job_A	af_Q75JI3_9_102_2.40.40.20	0.912	0.09717	68	0.101	99	0.839	1.053	NA
2785	job_A	2r93A03	0.912	0.1029	68	0.055	109	0.9237	1.079	NA
2786	job_A	af_Q2FVM1_41_1229_3.40.50.12440	0.912	0.1221	68	0.105	85	0.7203	0.0715	NA
2787	job_A	1fdi-assembly1.cif.gz_A	0.912	0.01571	68	0.112	125	1.059	0.1748	NA
2788	job_A	1e18-assembly1.cif.gz_A	0.912	0.231	68	0.111	81	0.6864	0.104	NA
2789	job_A	8e9i-assembly1.cif.gz_G	0.912	0.1735	68	0.097	103	0.8729	0.1321	NA
2790	job_A	MGYP001437676840.pdb.gz	0.9	0.623	67	0.079	88	0.7458	0.386	NA
2791	job_A	AF-Q92890-1-F1-model_v6	0.9	0.09609	67	0.081	111	0.9407	0.3236	NA
2792	job_A	Q9XAR0	0.9	0.0722	67	0.099	111	0.9407	0.1317	NA
2793	job_A	Q47CW6	0.9	0.269	67	0.125	80	0.678	0.0863	NA
2794	job_A	Q9SVK0	0.9	0.1205	67	0.121	115	0.9746	0.3651	NA
2795	job_A	A0A0K0IZH8	0.9	0.1904	67	0.135	111	0.9407	0.3469	NA
2796	job_A	A0A804MBL0	0.9	0.2683	67	0.128	101	0.8559	0.3117	NA
2797	job_A	A0A175WC53	0.9	0.06066	67	0.1	150	1.271	0.3916	NA
2798	job_A	A0A0H3GH07	0.9	0.03234	67	0.12	125	1.059	0.2236	NA
2799	job_A	A0A0J9YAJ0	0.9	0.3008	67	0.039	101	0.8559	0.1348	NA
2800	job_A	K0EK18	0.9	0.1276	67	0.102	117	0.9915	0.1529	NA
2801	job_A	af_P9WIV9_711_804_2.40.40.20	0.9	0.1721	67	0.136	73	0.6186	0.7766	NA
2802	job_A	7bkb-assembly1.cif.gz_J	0.9	0.06564	67	0.083	96	0.8136	0.7328	NA
2803	job_A	1qcs-assembly1.cif.gz_A	0.9	0.06564	67	0.081	98	0.8305	0.5026	NA
2804	job_A	7tvp-assembly1.cif.gz_A	0.9	0.3074	67	0.131	76	0.6441	0.3378	NA
2805	job_A	7r7s-assembly1.cif.gz_A	0.9	0.3074	67	0.136	88	0.7458	0.1219	NA
2806	job_A	1eu1-assembly1.cif.gz_A	0.9	0.231	67	0.148	81	0.6864	0.1056	NA
2807	job_A	P42175	0.887	0.1909	66	0.1	90	0.7627	0.0733	NA
2808	job_A	A0A0N4ULF6	0.887	0.2683	66	0.133	112	0.9492	0.3902	NA
2809	job_A	K0EYK0	0.887	0.09584	66	0.098	142	1.203	0.1935	NA
2810	job_A	L0T2Z1	0.887	0.751	66	0.115	52	0.4407	0.0682	NA
2811	job_A	G3XCX1	0.887	0.1138	66	0.11	109	0.9237	0.0864	NA
2812	job_A	1fdoA04	0.887	0.04364	66	0.098	122	1.034	1.052	NA
2813	job_A	7z11-assembly1.cif.gz_F	0.887	0.4587	66	0.13	100	0.8475	0.1374	NA
2814	job_A	1tmo-assembly1.cif.gz_A	0.887	0.2446	66	0.111	81	0.6864	0.102	NA
2815	job_A	Q187N2	0.872	0.1279	65	0.08	75	0.6356	0.3589	NA
2816	job_A	A4YIY0	0.872	0.04315	65	0.087	114	0.9661	0.5377	NA
2817	job_A	P19435	0.872	0.269	65	0.112	89	0.7542	0.3708	NA
2818	job_A	Q55752	0.872	0.04838	65	0.137	109	0.9237	0.3396	NA
2819	job_A	P37519	0.872	0.1702	65	0.098	81	0.6864	0.1214	NA
2820	job_A	Q9HR74	0.872	0.2021	65	0.096	83	0.7034	0.0992	NA
2821	job_A	I3R9M9	0.872	0.3381	65	0.094	85	0.7203	0.0864	NA
2822	job_A	I1JSI6	0.872	0.3008	65	0.122	106	0.8983	0.3593	NA
2823	job_A	I1K5K8	0.872	0.3008	65	0.122	106	0.8983	0.3354	NA
2824	job_A	I1MDD7	0.872	0.2683	65	0.148	94	0.7966	0.2956	NA
2825	job_A	A0A8R1TLG9	0.872	0.09584	65	0.105	104	0.8814	0.1394	NA
2826	job_A	Q0P855	0.872	0.2841	65	0.048	103	0.8729	0.1256	NA
2827	job_A	af_P10100_78_169_2.40.40.10	0.872	0.05485	65	0.145	103	0.8729	1.12	NA
2828	job_A	5t5iD00	0.872	0.03472	65	0.081	122	1.034	0.9385	NA
2829	job_A	5t5i-assembly1.cif.gz_D	0.872	0.04399	65	0.081	122	1.034	0.9385	NA
2830	job_A	3j99-assembly1.cif.gz_D	0.872	0.1231	65	0.058	103	0.8729	0.153	NA
2831	job_A	6mdn-assembly1.cif.gz_D	0.872	0.206	65	0.074	94	0.7966	0.1318	NA
2832	job_A	7r7t-assembly1.cif.gz_F	0.872	0.09251	65	0.144	90	0.7627	0.1241	NA
2833	job_A	D5DKA5	0.855	0.254	64	0.116	77	0.6525	0.3548	NA
2834	job_A	Q9QUL6	0.855	0.1909	64	0.098	102	0.8644	0.1371	NA
2835	job_A	Q7W733	0.855	0.1279	64	0.093	86	0.7288	0.1035	NA
2836	job_A	Q9LET7	0.855	0.254	64	0.117	119	1.008	0.1164	NA
2837	job_A	Q8ZR20	0.855	0.2016	64	0.123	81	0.6864	0.1067	NA
2838	job_A	Q2FVM1	0.855	0.4003	64	0.107	84	0.7119	0.0683	NA
2839	job_A	2e7zA04	0.855	0.1089	64	0.087	80	0.678	0.4969	NA
2840	job_A	8gzh-assembly1.cif.gz_D	0.855	0.1304	64	0.108	138	1.169	0.2244	NA
2841	job_A	6mdn-assembly1.cif.gz_B	0.855	0.1548	64	0.058	102	0.8644	0.1443	NA
2842	job_A	3egw-assembly1.cif.gz_A	0.855	0.1098	64	0.118	110	0.9322	0.0884	NA
2843	job_A	Q834M4	0.837	0.7972	63	0.089	67	0.5678	0.3175	NA
2844	job_A	Q74FU6	0.837	0.254	63	0.115	78	0.661	0.0924	NA
2845	job_A	D7AF63	0.837	0.1077	63	0.1	110	0.9322	0.1303	NA
2846	job_A	A0A1C1CST2	0.837	0.3185	63	0.161	105	0.8898	0.3977	NA
2847	job_A	I1M7E7	0.837	0.2683	63	0.052	115	0.9746	0.2007	NA
2848	job_A	D2CK11	0.837	0.2016	63	0.12	91	0.7712	0.0736	NA
2849	job_A	af_Q2FVV9_812_944_2.40.40.20	0.837	0.08185	63	0.119	92	0.7797	0.6917	NA
2850	job_A	ModelArchive_ma-bak-cepc-0687_A	0.837	0.1145	63	0.07	99	0.839	0.2742	NA
2851	job_A	P53044	0.817	0.2266	62	0.07	99	0.839	0.2742	NA
2852	job_A	P46460	0.817	0.1909	62	0.097	103	0.8729	0.1384	NA
2853	job_A	Q5R410	0.817	0.2266	62	0.098	102	0.8644	0.1371	NA
2854	job_A	Q47A87	0.817	0.1608	62	0.073	123	1.042	0.147	NA
2855	job_A	A0A0D2HN04	0.817	0.3372	62	0.16	106	0.8983	0.3941	NA
2856	job_A	A0A0D2H9J2	0.817	0.2841	62	0.144	97	0.822	0.1376	NA
2857	job_A	Q8ZLA2	0.817	0.1604	62	0.114	140	1.186	0.1802	NA
2858	job_A	K7U2U2	0.817	1.121	62	0.123	130	1.102	0.1188	NA
2859	job_A	af_P96281_14_94_2.40.40.20	0.817	0.288	62	0.15	80	0.678	0.9877	NA
2860	job_A	af_Q55G32_30_145_2.40.40.10	0.817	0.08185	62	0.112	116	0.9831	1	NA
2861	job_A	1y5nA02	0.817	0.1626	62	0.119	92	0.7797	0.0765	NA
2862	job_A	LevyLab_P46459_V1_4_relaxed_B	0.817	0.09106	62	0.099	101	0.8559	0.1358	NA
2863	job_A	ProtVar_O43933_Q13608_A	0.817	0.1613	62	0.108	92	0.7797	0.0717	NA
2864	job_A	3j99-assembly1.cif.gz_E	0.817	0.138	62	0.066	105	0.8898	0.1567	NA
2865	job_A	6sdr-assembly1.cif.gz_A	0.817	0.1462	62	0.121	99	0.839	0.1028	NA
2866	job_A	Q9KTF4	0.795	0.1141	61	0.189	111	0.9407	0.4221	NA
2867	job_A	Q9ZDE1	0.795	0.08094	61	0.17	123	1.042	0.3844	NA
2868	job_A	Q72E84	0.795	1.26	61	0.117	51	0.4322	0.0738	NA
2869	job_A	P42434	0.795	0.06439	61	0.099	121	1.025	0.1704	NA
2870	job_A	P33760	0.795	0.2399	61	0.117	111	0.9407	0.1078	NA
2871	job_A	P9WJQ3	0.795	0.254	61	0.078	152	1.288	0.1234	NA
2872	job_A	Q9HVT6	0.795	0.1514	61	0.168	107	0.9068	0.856	NA
2873	job_A	Q9I0J6	0.795	0.944	61	0.149	67	0.5678	0.074	NA
2874	job_A	F1QMB0	0.795	0.1904	61	0.084	153	1.297	0.1429	NA
2875	job_A	2bh0A01	0.795	0.06512	61	0.172	110	0.9322	1.048	NA
2876	job_A	1zc1-assembly1.cif.gz_A	0.795	0.1946	61	0.098	102	0.8644	0.4904	NA
2877	job_A	7tvn-assembly1.cif.gz_A	0.795	0.5143	61	0.13	84	0.7119	0.3733	NA
2878	job_A	8h40-assembly1.cif.gz_E	0.795	0.1548	61	0.104	134	1.136	0.2161	NA
2879	job_A	2jiq-assembly1.cif.gz_A	0.795	0.2446	61	0.107	84	0.7119	0.1167	NA
2880	job_A	5g4f-assembly1.cif.gz_P	0.795	0.1946	61	0.163	92	0.7797	0.1267	NA
2881	job_A	4ydd-assembly2.cif.gz_C	0.795	0.2181	61	0.149	87	0.7373	0.0975	NA
2882	job_A	7z7t-assembly1.cif.gz_G	0.795	0.3447	61	0.085	70	0.5932	0.0773	NA
2883	job_A	3ir5-assembly1.cif.gz_A	0.795	0.1304	61	0.118	110	0.9322	0.0884	NA
2884	job_A	A6TJX7	0.772	0.2399	60	0.055	72	0.6102	0.3396	NA
2885	job_A	A9KN62	0.772	0.45	60	0.117	68	0.5763	0.3192	NA
2886	job_A	A0A0H2ZFV1	0.772	0.03849	60	0.188	122	1.034	0.3578	NA
2887	job_A	Q795Y4	0.772	0.5046	60	0.078	89	0.7542	0.0908	NA
2888	job_A	Q5F638	0.772	0.09052	60	0.196	117	0.9915	0.5132	NA
2889	job_A	A0A0K0ES12	0.772	0.2393	60	0.111	108	0.9153	0.3473	NA
2890	job_A	AF-Q9BVQ7-3-F1-model_v6	0.772	0.3008	60	0.158	101	0.8559	0.2577	NA
2891	job_A	A0A8M9PEX3	0.772	0.3185	60	0.116	103	0.8729	0.1379	NA
2892	job_A	Q32H77	0.772	0.1604	60	0.131	145	1.229	0.1845	NA
2893	job_A	A0A0H3GUA4	0.772	0.2393	60	0.109	110	0.9322	0.0882	NA
2894	job_A	af_A4ICA6_1_101_2.40.40.50	0.772	0.1089	60	0.094	106	0.8983	1.05	NA
2895	job_A	2pmzQ02	0.772	0.305	60	0.062	96	0.8136	0.8421	NA
2896	job_A	3o5aA04	0.772	0.06512	60	0.09	122	1.034	0.9839	NA
2897	job_A	ProtVar_P24390_Q92890-1_B	0.772	0.06102	60	0.088	135	1.144	0.3936	NA
2898	job_A	1qdn-assembly1.cif.gz_C	0.772	0.2589	60	0.051	97	0.822	0.5105	NA
2899	job_A	3j98-assembly1.cif.gz_B	0.772	0.231	60	0.067	103	0.8729	0.1535	NA
2900	job_A	3j99-assembly1.cif.gz_B	0.772	0.231	60	0.067	103	0.8729	0.1533	NA
2901	job_A	6mdm-assembly1.cif.gz_A	0.772	0.1735	60	0.058	103	0.8729	0.1474	NA
2902	job_A	7wd3-assembly1.cif.gz_C	0.772	0.3864	60	0.111	90	0.7627	0.1247	NA
2903	job_A	6cz7-assembly1.cif.gz_A	0.772	0.6465	60	0.132	53	0.4492	0.0651	NA
2904	job_A	1q16-assembly1.cif.gz_A	0.772	0.1548	60	0.118	110	0.9322	0.0884	NA
2905	job_A	8dy9-assembly1.cif.gz_D	0.772	0.1098	60	0.081	148	1.254	0.1181	NA
2906	job_A	8eoe-assembly1.cif.gz_D	0.772	0.1735	60	0.085	140	1.186	0.1103	NA
2907	job_A	P73455	0.747	0.1279	59	0.108	101	0.8559	1.122	NA
2908	job_A	Q8Y7T9	0.747	0.5046	59	0.066	75	0.6356	0.3521	NA
2909	job_A	Q9ZJ38	0.747	0.1909	59	0.173	104	0.8814	0.3312	NA
2910	job_A	Q9X6V6	0.747	0.08094	59	0.173	121	1.025	0.3538	NA
2911	job_A	P22704	0.747	0.45	59	0.102	137	1.161	0.2192	NA
2912	job_A	P46459	0.747	0.3016	59	0.098	102	0.8644	0.1371	NA
2913	job_A	Q7WTU0	0.747	1.124	59	0.132	53	0.4492	0.0621	NA
2914	job_A	Q99RW4	0.747	0.4014	59	0.13	92	0.7797	0.0935	NA
2915	job_A	O34720	0.747	0.5342	59	0.095	84	0.7119	0.0853	NA
2916	job_A	F1QGG3	0.747	0.4239	59	0.1	100	0.8475	0.1339	NA
2917	job_A	I1NB32	0.747	0.07201	59	0.163	98	0.8305	0.1066	NA
2918	job_A	ModelArchive_ma-ji6ro_B	0.747	0.1145	59	0.109	119	1.008	0.1269	NA
2919	job_A	8eof-assembly1.cif.gz_D	0.747	0.1639	59	0.097	143	1.212	0.1126	NA
2920	job_A	O67235	0.72	0.2266	58	0.173	104	0.8814	0.4602	NA
2921	job_A	Q55G31	0.72	0.1608	58	0.094	116	0.9831	0.4056	NA
2922	job_A	P18708	0.72	0.4765	58	0.058	103	0.8729	0.1384	NA
2923	job_A	P81186	0.72	0.5046	58	0.107	84	0.7119	0.1113	NA
2924	job_A	P37600	0.72	0.425	58	0.103	97	0.822	0.128	NA
2925	job_A	Q56350	0.72	0.2399	58	0.065	91	0.7712	0.1095	NA
2926	job_A	P0A1Y4	0.72	1.124	58	0.059	67	0.5678	0.0738	NA
2927	job_A	A0A175VQB0	0.72	0.06423	58	0.154	110	0.9322	0.4104	NA
2928	job_A	Q57092	0.72	0.1276	58	0.134	134	1.136	0.4669	NA
2929	job_A	A0A8R1XS41	0.72	0.4488	58	0.099	111	0.9407	0.3447	NA
2930	job_A	P45004	0.72	1.672	58	0.094	53	0.4492	0.0658	NA
2931	job_A	P44798	0.72	1.579	58	0.134	52	0.4407	0.063	NA
2932	job_A	A0A175W2F3	0.72	0.9995	58	0.038	78	0.661	0.0807	NA
2933	job_A	A0A0R0KQA1	0.72	0.1904	58	0.06	149	1.263	0.1424	NA
2934	job_A	Q8ZP37	0.72	0.4003	58	0.1	90	0.7627	0.0722	NA
2935	job_A	1h0hK04	0.72	0.0518	58	0.08	136	1.153	0.7727	NA
2936	job_A	af_P9WJQ3_54_1231_3.40.50.12440	0.72	0.2164	58	0.078	152	1.288	0.129	NA
2937	job_A	4fer-assembly1.cif.gz_A	0.72	0.0695	58	0.15	113	0.9576	0.5459	NA
2938	job_A	8syi-assembly1.cif.gz_D	0.72	0.07793	58	0.101	148	1.254	0.2387	NA
2939	job_A	6mdm-assembly1.cif.gz_B	0.72	0.1304	58	0.113	97	0.822	0.1378	NA
2940	job_A	8e8m-assembly1.cif.gz_D	0.72	0.1946	58	0.091	142	1.203	0.112	NA
2941	job_A	A5UAE1	0.692	0.45	57	0.081	123	1.042	0.1487	NA
2942	job_A	A0KIM1	0.692	0.3791	57	0.069	86	0.7288	0.1037	NA
2943	job_A	Q12P44	0.692	0.3791	57	0.078	89	0.7542	0.1074	NA
2944	job_A	A1SWQ0	0.692	0.358	57	0.081	86	0.7288	0.1035	NA
2945	job_A	Q7VRV7	0.692	1.061	57	0.102	78	0.661	0.0829	NA
2946	job_A	O13764	0.692	0.6342	57	0.137	102	0.8644	0.1076	NA
2947	job_A	Q99LC9	0.692	0.8938	57	0.083	120	1.017	0.1223	NA
2948	job_A	Q6FW67	0.692	0.599	57	0.096	104	0.8814	0.1023	NA
2949	job_A	Q5A0H8	0.692	0.4239	57	0.101	99	0.839	0.2727	NA
2950	job_A	AF-P24928-2-F1-model_v6	0.692	1.058	57	0.05	160	1.356	0.2827	NA
2951	job_A	A0A077YUX6	0.692	0.4239	57	0.11	100	0.8475	0.1381	NA
2952	job_A	Q75JI3	0.692	0.5642	57	0.121	107	0.9068	0.145	NA
2953	job_A	A0A0D2GK94	0.692	0.2534	57	0.085	163	1.381	0.2142	NA
2954	job_A	A0A175WES9	0.692	0.4753	57	0.141	99	0.839	0.1158	NA
2955	job_A	1g8jC04	0.692	0.1293	57	0.093	129	1.093	0.9556	NA
2956	job_A	2nap-assembly1.cif.gz_A	0.692	0.3447	57	0.097	82	0.6949	0.1139	NA
2957	job_A	8cm7-assembly1.cif.gz_A	0.692	0.2742	57	0.117	94	0.7966	0.0983	NA
2958	job_A	8u0v-assembly1.cif.gz_D	0.692	0.2742	57	0.091	109	0.9237	0.1058	NA
2959	job_A	6c04-assembly1.cif.gz_D	0.692	0.1735	57	0.104	143	1.212	0.1129	NA
2960	job_A	8e95-assembly1.cif.gz_D	0.692	0.3074	57	0.079	139	1.178	0.1095	NA
2961	job_A	8eos-assembly1.cif.gz_D	0.692	0.2742	57	0.085	140	1.186	0.1097	NA
2962	job_A	A0A1S3TQZ8	0.692	0.2104	57	0.115	113	0.9576	0.143	NA
2963	job_A	Q8YSZ4	0.663	0.254	56	0.119	109	0.9237	0.2938	NA
2964	job_A	Q1ACN5	0.663	0.599	56	0.07	141	1.195	0.2117	NA
2965	job_A	Q9MUS6	0.663	0.5046	56	0.079	138	1.169	0.2066	NA
2966	job_A	Q09X26	0.663	0.5046	56	0.079	138	1.169	0.2018	NA
2967	job_A	P52733	0.663	0.5046	56	0.12	141	1.195	0.2026	NA
2968	job_A	A3N277	0.663	0.358	56	0.109	91	0.7712	0.11	NA
2969	job_A	Q7VPJ7	0.663	0.358	56	0.065	91	0.7712	0.11	NA
2970	job_A	A4SPG7	0.663	0.425	56	0.069	86	0.7288	0.1037	NA
2971	job_A	Q8ZCF3	0.663	0.5046	56	0.069	86	0.7288	0.1036	NA
2972	job_A	A9QZL3	0.663	0.3381	56	0.058	86	0.7288	0.1036	NA
2973	job_A	Q46RX3	0.663	0.269	56	0.054	129	1.093	0.1552	NA
2974	job_A	P56914	0.663	0.599	56	0.026	76	0.6441	0.0891	NA
2975	job_A	Q38AI5	0.663	0.5032	56	0.111	99	0.839	0.3235	NA
2976	job_A	Q8W1E7	0.663	0.2134	56	0.102	107	0.9068	0.1907	NA
2977	job_A	Q8ZN48	0.663	1.985	56	0.113	53	0.4492	0.0662	NA
2978	job_A	Q0PBP1	0.663	0.5032	56	0.083	84	0.7119	0.1002	NA
2979	job_A	af_Q9FNP1_1_103_2.40.330.10	0.663	0.1293	56	0.101	99	0.839	0.9612	NA
2980	job_A	2jirA04	0.663	0.288	56	0.098	81	0.6864	0.7105	NA
2981	job_A	2e7z-assembly1.cif.gz_A	0.663	0.3447	56	0.087	80	0.678	0.11	NA
2982	job_A	1h0h-assembly2.cif.gz_K	0.663	0.05855	56	0.119	134	1.136	0.1372	NA
2983	job_A	7ye1-assembly1.cif.gz_D	0.663	0.3074	56	0.114	140	1.186	0.1224	NA
2984	job_A	6vvz-assembly1.cif.gz_D	0.663	0.1548	56	0.097	143	1.212	0.113	NA
2985	job_A	8exy-assembly1.cif.gz_D	0.663	0.2181	56	0.092	140	1.186	0.11	NA
2986	job_A	O83958	0.632	0.2021	55	0.157	114	0.9661	0.3585	NA
2987	job_A	Q7WIQ1	0.632	0.1803	55	0.103	126	1.068	0.152	NA
2988	job_A	P39185	0.632	0.3791	55	0.065	91	0.7712	0.1095	NA
2989	job_A	Q487G4	0.632	0.3016	55	0.046	129	1.093	0.155	NA
2990	job_A	Q9HY76	0.632	0.7092	55	0.096	83	0.7034	0.1182	NA
2991	job_A	A0A1C1CSE6	0.632	0.2841	55	0.104	162	1.373	0.2129	NA
2992	job_A	Q8ZR90	0.632	0.2393	55	0.093	129	1.093	0.1604	NA
2993	job_A	4aayA04	0.632	0.09177	55	0.093	129	1.093	0.9485	NA
2994	job_A	4l48-assembly2.cif.gz_C	0.632	0.03923	55	0.122	114	0.9661	0.5644	NA
2995	job_A	1ogy-assembly6.cif.gz_K	0.632	0.206	55	0.065	91	0.7712	0.1153	NA
2996	job_A	7p7k-assembly1.cif.gz_G	0.632	0.6106	55	0.085	70	0.5932	0.0773	NA
2997	job_A	Q2VEI5	0.601	0.6716	54	0.079	138	1.169	0.2009	NA
2998	job_A	P73448	0.601	0.3791	54	0.068	87	0.7373	0.1218	NA
2999	job_A	Q71EW5	0.601	0.599	54	0.087	80	0.678	0.1096	NA
3000	job_A	A0T0R0	0.601	0.6716	54	0.086	138	1.169	0.1885	NA
3001	job_A	Q67QZ1	0.601	0.3791	54	0.064	125	1.059	0.1658	NA
3002	job_A	Q8EIJ1	0.601	0.6716	54	0.059	84	0.7119	0.1017	NA
3003	job_A	B0BR28	0.601	0.45	54	0.109	91	0.7712	0.11	NA
3004	job_A	C6DK59	0.601	0.4014	54	0.086	93	0.7881	0.1123	NA
3005	job_A	A1JL26	0.601	0.4765	54	0.058	86	0.7288	0.1035	NA
3006	job_A	Q8XCX2	0.601	0.8938	54	0.094	74	0.6271	0.0815	NA
3007	job_A	P19319	0.601	0.5046	54	0.109	110	0.9322	0.0883	NA
3008	job_A	A0A077Z1H1	0.601	0.4003	54	0.092	119	1.008	0.4235	NA
3009	job_A	K0EX86	0.601	0.1698	54	0.127	110	0.9322	0.3571	NA
3010	job_A	A0A1C1CSB2	0.601	1.121	54	0.135	96	0.8136	0.1389	NA
3011	job_A	af_Q9W0E3_1_98_2.40.40.20	0.601	0.1089	54	0.14	107	0.9068	1.092	NA
3012	job_A	8cgs-assembly2.cif.gz_G-2	0.601	0.3649	54	0.082	133	1.127	0.1618	NA
3013	job_A	8cm4-assembly2.cif.gz_C	0.601	0.4587	54	0.174	63	0.5339	0.0649	NA
3014	job_A	7f75-assembly1.cif.gz_D	0.601	0.08737	54	0.087	148	1.254	0.1296	NA
3015	job_A	4yfn-assembly1.cif.gz_D	0.601	0.2903	54	0.111	144	1.22	0.1238	NA
3016	job_A	6j9e-assembly1.cif.gz_D	0.601	0.4857	54	0.094	138	1.169	0.115	NA
3017	job_A	6bzo-assembly1.cif.gz_D	0.601	0.138	54	0.074	148	1.254	0.1172	NA
3018	job_A	Q9FWU1	0.569	0.5046	53	0.121	123	1.042	0.5694	NA
3019	job_A	Q55G32	0.569	0.6342	53	0.098	112	0.9492	0.3836	NA
3020	job_A	Q9CJR6	0.569	0.2021	53	0.128	132	1.119	0.449	NA
3021	job_A	B3H2D1	0.569	0.4765	53	0.109	91	0.7712	0.11	NA
3022	job_A	B8F7K2	0.569	0.6342	53	0.048	123	1.042	0.1487	NA
3023	job_A	P33602	0.569	1.775	53	0.078	64	0.5424	0.0705	NA
3024	job_A	Q13608	0.569	0.5342	53	0.052	133	1.127	0.1357	NA
3025	job_A	A0A369NIV7	0.569	2.232	53	0.148	47	0.3983	0.0462	NA
3026	job_A	C8WLC6	0.569	2.232	53	0.148	47	0.3983	0.0462	NA
3027	job_A	A0A0A8X0K1	0.569	1.775	53	0.05	60	0.5085	0.0573	NA
3028	job_A	A0A0R0EXN2	0.569	0.7952	53	0.039	128	1.085	0.166	NA
3029	job_A	K0EN14	0.569	0.5642	53	0.118	101	0.8559	0.1202	NA
3030	job_A	Q2FVV9	0.569	0.5329	53	0.108	92	0.7797	0.0935	NA
3031	job_A	af_P33602_811_906_2.40.40.20	0.569	0.6791	53	0.101	69	0.5847	0.7188	NA
3032	job_A	8him-assembly1.cif.gz_A	0.569	0.5766	53	0.059	152	1.288	0.1792	NA
3033	job_A	4v4d-assembly10.cif.gz_S	0.569	0.9111	53	0.174	63	0.5339	0.072	NA
3034	job_A	8ej3-assembly1.cif.gz_D	0.569	0.4092	53	0.079	139	1.178	0.1085	NA
3035	job_A	8ac2-assembly1.cif.gz_D	0.569	0.2589	53	0.109	137	1.161	0.1024	NA
3036	job_A	D5SXM0	0.537	0.4014	52	0.085	70	0.5932	0.2869	NA
3037	job_A	A4QLS4	0.537	0.7529	52	0.101	138	1.169	0.2029	NA
3038	job_A	Q6D5Z2	0.537	0.7529	52	0.069	86	0.7288	0.1039	NA
3039	job_A	A4XWM0	0.537	0.254	52	0.062	127	1.076	0.1523	NA
3040	job_A	Q8U7P1	0.537	0.358	52	0.088	125	1.059	0.1499	NA
3041	job_A	B1Y6A6	0.537	0.7111	52	0.081	86	0.7288	0.1011	NA
3042	job_A	A0A0H3GT83	0.537	0.1904	52	0.091	131	1.11	0.171	NA
3043	job_A	A0A0H3GQD5	0.537	0.5974	52	0.118	110	0.9322	0.0883	NA
3044	job_A	1iw7D04	0.537	0.5102	52	0.068	87	0.7373	0.9355	NA
3045	job_A	4avrB00	0.537	0.1369	52	0.126	103	0.8729	1.084	NA
3046	job_A	ModelArchive_ma-rap-bacsu-112_B	0.537	0.4264	52	0.086	138	1.169	0.1151	NA
3047	job_A	4avr-assembly1.cif.gz_B	0.537	0.1735	52	0.126	103	0.8729	1.096	NA
3048	job_A	8hyj-assembly1.cif.gz_A	0.537	0.6465	52	0.082	157	1.331	0.1376	NA
3049	job_A	7kin-assembly1.cif.gz_D	0.537	0.2903	52	0.074	148	1.254	0.1165	NA
3050	job_A	6xas-assembly1.cif.gz_J	0.537	0.5143	52	0.086	138	1.169	0.104	NA
3051	job_A	8ac1-assembly1.cif.gz_D	0.537	0.3255	52	0.099	141	1.195	0.1055	NA
3052	job_A	7vwy-assembly1.cif.gz_D	0.537	0.2742	52	0.112	142	1.203	0.1062	NA
3053	job_A	D1AFM9	0.505	0.3791	51	0.111	72	0.6102	0.3412	NA
3054	job_A	Q9CKL8	0.505	1.124	51	0.057	121	1.025	0.1461	NA
3055	job_A	A8GHJ4	0.505	0.599	51	0.064	93	0.7881	0.1123	NA
3056	job_A	C5B7B9	0.505	0.5657	51	0.065	123	1.042	0.1484	NA
3057	job_A	Q1C5S8	0.505	0.6342	51	0.058	86	0.7288	0.1036	NA
3058	job_A	Q1CK03	0.505	0.6716	51	0.058	86	0.7288	0.1036	NA
3059	job_A	A7FG75	0.505	0.7111	51	0.059	84	0.7119	0.1012	NA
3060	job_A	Q668I0	0.505	0.6342	51	0.058	86	0.7288	0.1036	NA
3061	job_A	B2K970	0.505	0.6342	51	0.058	86	0.7288	0.1036	NA
3062	job_A	Q2SGV7	0.505	0.6716	51	0.069	86	0.7288	0.1036	NA
3063	job_A	B1JSJ0	0.505	0.6342	51	0.058	86	0.7288	0.1036	NA
3064	job_A	A4TMK8	0.505	0.6716	51	0.058	86	0.7288	0.1036	NA
3065	job_A	Q21PN1	0.505	0.5657	51	0.054	129	1.093	0.1552	NA
3066	job_A	Q06457	0.505	0.5342	51	0.047	126	1.068	0.1455	NA
3067	job_A	Q8ZDL2	0.505	1.88	51	0.067	74	0.6271	0.081	NA
3068	job_A	Q74Z13	0.505	0.8938	51	0.099	101	0.8559	0.0989	NA
3069	job_A	Q941F5	0.505	0.2393	51	0.093	128	1.085	0.8767	NA
3070	job_A	Q32IU7	0.505	0.1276	51	0.125	135	1.144	0.3729	NA
3071	job_A	Q0P7W7	0.505	0.5032	51	0.151	99	0.839	0.2661	NA
3072	job_A	Q32DQ6	0.505	1.579	51	0.083	72	0.6102	0.0791	NA
3073	job_A	K0F0B3	0.505	0.3185	51	0.08	99	0.839	0.0731	NA
3074	job_A	6f0k-assembly1.cif.gz_B	0.505	0.6465	51	0.122	57	0.4831	0.0593	NA
3075	job_A	1kqf-assembly1.cif.gz_A	0.505	0.231	51	0.135	103	0.8729	0.1049	NA
3076	job_A	8sy5-assembly1.cif.gz_J	0.505	0.5446	51	0.093	139	1.178	0.1347	NA
3077	job_A	7b04-assembly6.cif.gz_Q	0.505	0.9648	51	0.101	69	0.5847	0.0618	NA
3078	job_A	4yfx-assembly2.cif.gz_J	0.505	0.6465	51	0.097	143	1.212	0.1238	NA
3079	job_A	6c6u-assembly1.cif.gz_J	0.505	0.4857	51	0.108	138	1.169	0.1032	NA
3080	job_A	O31963	0.473	0.3193	50	0.105	95	0.8051	0.3585	NA
3081	job_A	B0TSW5	0.473	0.7111	50	0.075	93	0.7881	0.1126	NA
3082	job_A	Q13I15	0.473	0.6342	50	0.069	129	1.093	0.156	NA
3083	job_A	Q2W3T1	0.473	0.599	50	0.048	123	1.042	0.1487	NA
3084	job_A	Q93HX3	0.473	0.7111	50	0.049	121	1.025	0.1463	NA
3085	job_A	B0URQ3	0.473	0.6716	50	0.075	93	0.7881	0.1125	NA
3086	job_A	C4ZU48	0.473	0.8442	50	0.086	93	0.7881	0.1123	NA
3087	job_A	Q65Q72	0.473	0.7111	50	0.076	91	0.7712	0.1096	NA
3088	job_A	Q0TMN9	0.473	1.002	50	0.079	139	1.178	0.118	NA
3089	job_A	A0A077ZH36	0.473	0.3571	50	0.129	124	1.051	0.3553	NA
3090	job_A	A0A0H3GR17	0.473	0.2134	50	0.091	131	1.11	0.178	NA
3091	job_A	Q9I2W3	0.473	0.751	50	0.056	124	1.051	0.1366	NA
3092	job_A	A0A1C1C7W7	0.473	0.8419	50	0.122	131	1.11	0.0674	NA
3093	job_A	af_Q55G31_17_140_2.40.40.10	0.473	0.1221	50	0.106	122	1.034	0.9839	NA
3094	job_A	af_P77561_600_759_2.40.40.20	0.473	0.2291	50	0.097	123	1.042	0.7688	NA
3095	job_A	7tvm-assembly1.cif.gz_B	0.473	1.022	50	0.115	78	0.661	0.3498	NA
3096	job_A	5e7o-assembly3.cif.gz_E	0.473	0.4857	50	0.127	94	0.7966	0.105	NA
3097	job_A	8sy7-assembly1.cif.gz_J	0.473	0.5766	50	0.094	138	1.169	0.1312	NA
3098	job_A	7b04-assembly8.cif.gz_W	0.473	1.082	50	0.101	69	0.5847	0.0617	NA
3099	job_A	6koq-assembly1.cif.gz_D	0.473	0.3074	50	0.091	142	1.203	0.1129	NA
3100	job_A	7ypb-assembly1.cif.gz_D	0.473	0.4332	50	0.097	144	1.22	0.109	NA
3101	job_A	6xav-assembly1.cif.gz_J	0.473	0.5143	50	0.093	139	1.178	0.1039	NA
3102	job_A	A0T0D8	0.442	1.124	49	0.079	138	1.169	0.1983	NA
3103	job_A	P39458	0.442	0.4014	49	0.094	138	1.169	0.1893	NA
3104	job_A	Q4QNJ6	0.442	0.8938	49	0.073	123	1.042	0.1487	NA
3105	job_A	Q0I5G9	0.442	0.8442	49	0.069	86	0.7288	0.104	NA
3106	job_A	Q8VL02	0.442	0.8938	49	0.054	91	0.7712	0.1099	NA
3107	job_A	Q53176	0.442	0.6342	49	0.086	93	0.7881	0.1119	NA
3108	job_A	A6V924	0.442	0.4014	49	0.055	127	1.076	0.1523	NA
3109	job_A	Q89EN5	0.442	0.6342	49	0.062	129	1.093	0.1541	NA
3110	job_A	Q21AR4	0.442	0.599	49	0.068	132	1.119	0.1577	NA
3111	job_A	B2UBL7	0.442	0.3016	49	0.093	96	0.8136	0.1146	NA
3112	job_A	AF-O43933-2-F1-model_v6	0.442	1.412	49	0.113	106	0.8983	0.1103	NA
3113	job_A	Q6CPV1	0.442	0.6716	49	0.088	113	0.9576	0.113	NA
3114	job_A	Q2R1V1	0.442	0.1904	49	0.112	133	1.127	0.875	NA
3115	job_A	Q59ZE6	0.442	0.4753	49	0.097	113	0.9576	0.0977	NA
3116	job_A	Q2G0N5	0.442	1.492	49	0.086	139	1.178	0.1152	NA
3117	job_A	af_G5EFR8_1_233_2.40.40.20	0.442	0.8536	49	0.085	94	0.7966	0.4034	NA
3118	job_A	4jjo-assembly1.cif.gz_A	0.442	0.05529	49	0.12	116	0.9831	0.5743	NA
3119	job_A	7l5s-assembly1.cif.gz_A	0.442	1.082	49	0.117	85	0.7203	0.1102	NA
3120	job_A	3ml1-assembly1.cif.gz_A	0.442	0.4587	49	0.097	92	0.7797	0.1151	NA
3121	job_A	4mex-assembly2.cif.gz_J	0.442	0.6106	49	0.108	138	1.169	0.1207	NA
3122	job_A	5uah-assembly1.cif.gz_D	0.442	0.6846	49	0.115	139	1.178	0.1191	NA
3123	job_A	6vvv-assembly1.cif.gz_D	0.442	0.3255	49	0.074	148	1.254	0.1261	NA
3124	job_A	6jcy-assembly1.cif.gz_D	0.442	0.4857	49	0.091	142	1.203	0.1127	NA
3125	job_A	6m6c-assembly1.cif.gz_D	0.442	0.4857	49	0.116	146	1.237	0.1119	NA
3126	job_A	6asx-assembly1.cif.gz_J	0.442	0.5446	49	0.104	144	1.22	0.1076	NA
3127	job_A	MGYP003571418024.pdb.gz	0.411	2.07	48	0.068	146	1.237	0.4695	NA
3128	job_A	Q32I06	0.411	0.9464	48	0.058	86	0.7288	0.1039	NA
3129	job_A	B7M5P6	0.411	0.9464	48	0.058	86	0.7288	0.1039	NA
3130	job_A	B2TV30	0.411	1.002	48	0.058	86	0.7288	0.1039	NA
3131	job_A	Q6LQJ3	0.411	0.4765	48	0.104	96	0.8136	0.1157	NA
3132	job_A	B3R8B4	0.411	0.7972	48	0.046	129	1.093	0.1552	NA
3133	job_A	B7UX15	0.411	0.45	48	0.047	127	1.076	0.1523	NA
3134	job_A	C1D9G3	0.411	1.124	48	0.035	84	0.7119	0.1001	NA
3135	job_A	D3RNN8	0.411	3.145	48	0.078	51	0.4322	0.0527	NA
3136	job_A	P54777	0.411	0.8938	48	0.063	126	1.068	0.1288	NA
3137	job_A	Q20EX2	0.411	1.334	48	0.086	138	1.169	0.1352	NA
3138	job_A	O30078	0.411	0.5046	48	0.126	111	0.9407	0.0979	NA
3139	job_A	Q49V53	0.411	1.19	48	0.1	139	1.178	0.1152	NA
3140	job_A	Q034X1	0.411	1.334	48	0.079	138	1.169	0.1131	NA
3141	job_A	Q54PL5	0.411	0.5032	48	0.106	113	0.9576	0.438	NA
3142	job_A	O06817	0.411	1.875	48	0.061	81	0.6864	0.1057	NA
3143	job_A	P18775	0.411	2.495	48	0.102	78	0.661	0.0958	NA
3144	job_A	K0ERF9	0.411	3.724	48	0.163	49	0.4153	0.0439	NA
3145	job_A	7l5i-assembly1.cif.gz_A	0.411	0.3864	48	0.147	142	1.203	0.1861	NA
3146	job_A	7l7b-assembly1.cif.gz_D	0.411	0.5143	48	0.105	142	1.203	0.1237	NA
3147	job_A	6vjs-assembly1.cif.gz_D	0.411	0.8127	48	0.122	139	1.178	0.1194	NA
3148	job_A	5w1t-assembly1.cif.gz_D	0.411	0.8605	48	0.1	130	1.102	0.111	NA
3149	job_A	7dy6-assembly1.cif.gz_D	0.411	0.9111	48	0.122	139	1.178	0.1026	NA
3150	job_A	Q03Q37	0.382	0.6342	47	0.111	72	0.6102	0.3462	NA
3151	job_A	B2Y1V6	0.382	1.677	47	0.056	141	1.195	0.2026	NA
3152	job_A	A8LLY9	0.382	1.412	47	0.083	84	0.7119	0.1011	NA
3153	job_A	Q250N9	0.382	1.19	47	0.071	139	1.178	0.1197	NA
3154	job_A	Q38UQ3	0.382	1.583	47	0.094	138	1.169	0.1137	NA
3155	job_A	P9WGY7	0.382	1.334	47	0.077	142	1.203	0.1079	NA
3156	job_A	Q54PL6	0.382	0.6698	47	0.115	113	0.9576	0.4363	NA
3157	job_A	G5EFR8	0.382	1.256	47	0.106	103	0.8729	0.1431	NA
3158	job_A	C1GSI0	0.382	0.3185	47	0.087	172	1.458	0.2155	NA
3159	job_A	A0A077ZHP6	0.382	0.2683	47	0.116	155	1.314	0.1916	NA
3160	job_A	O74941	0.382	1.492	47	0.07	99	0.839	0.1057	NA
3161	job_A	ProtVar_P63104_Q8CZY0_B	0.382	0.6738	47	0.103	135	1.144	0.1907	NA
3162	job_A	5cuo-assembly1.cif.gz_A	0.382	1.145	47	0.159	69	0.5847	0.367	NA
3163	job_A	7wd3-assembly1.cif.gz_F	0.382	0.7248	47	0.101	108	0.9153	0.1496	NA
3164	job_A	8j83-assembly1.cif.gz_A	0.382	0.7675	47	0.077	90	0.7627	0.0988	NA
3165	job_A	8i24-assembly1.cif.gz_D	0.382	0.6106	47	0.111	143	1.212	0.1241	NA
3166	job_A	4yfk-assembly2.cif.gz_J	0.382	0.8127	47	0.113	141	1.195	0.1224	NA
3167	job_A	8dkc-assembly1.cif.gz_D	0.382	0.4092	47	0.094	148	1.254	0.1232	NA
3168	job_A	6j9f-assembly1.cif.gz_D	0.382	0.7675	47	0.101	148	1.254	0.1218	NA
3169	job_A	6kon-assembly1.cif.gz_D	0.382	0.5766	47	0.094	138	1.169	0.1102	NA
3170	job_A	6ldi-assembly1.cif.gz_D	0.382	0.5143	47	0.094	148	1.254	0.1112	NA
3171	job_A	7qxi-assembly1.cif.gz_D	0.382	0.6465	47	0.113	141	1.195	0.1057	NA
3172	job_A	7xyb-assembly1.cif.gz_D	0.382	0.8127	47	0.1	140	1.186	0.1046	NA
3173	job_A	MGYP000193012188.pdb.gz	0.353	2.602	46	0.071	126	1.068	0.3206	NA
3174	job_A	A6VQY7	0.353	1.26	46	0.065	91	0.7712	0.1102	NA
3175	job_A	Q9I4G3	0.353	0.599	46	0.047	127	1.076	0.1532	NA
3176	job_A	B0UCB6	0.353	0.6342	46	0.053	131	1.11	0.1563	NA
3177	job_A	A7GZP5	0.353	1.334	46	0.107	84	0.7119	0.0907	NA
3178	job_A	A4XI31	0.353	1.495	46	0.105	142	1.203	0.1221	NA
3179	job_A	A5U053	0.353	1.583	46	0.079	139	1.178	0.1056	NA
3180	job_A	P0A675	0.353	1.495	46	0.077	142	1.203	0.1079	NA
3181	job_A	Q54C80	0.353	1.256	46	0.087	114	0.9661	0.2351	NA
3182	job_A	P9WJP9	0.353	0.3008	46	0.096	124	1.051	0.1592	NA
3183	job_A	A0A0H3GYA2	0.353	0.3571	46	0.105	133	1.127	0.1656	NA
3184	job_A	C0NYS8	0.353	0.9995	46	0.072	166	1.407	0.2049	NA
3185	job_A	A0A0H3GM96	0.353	2.226	46	0.129	93	0.7881	0.1145	NA
3186	job_A	af_O06817_598_760_2.40.40.20	0.353	0.305	46	0.088	147	1.246	0.9018	NA
3187	job_A	2g5dA01	0.353	0.1823	46	0.142	112	0.9492	0.5572	NA
3188	job_A	7ykz-assembly1.cif.gz_F	0.353	1.709	46	0.089	89	0.7542	0.1213	NA
3189	job_A	4aay-assembly1.cif.gz_C	0.353	0.3447	46	0.102	137	1.161	0.1625	NA
3190	job_A	6kop-assembly1.cif.gz_D	0.353	0.6846	46	0.098	142	1.203	0.1124	NA
3191	job_A	7p5x-assembly1.cif.gz_AD	0.353	0.7248	46	0.097	143	1.212	0.113	NA
3192	job_A	6fbv-assembly1.cif.gz_D	0.353	0.6846	46	0.098	142	1.203	0.1118	NA
3193	job_A	4jkr-assembly2.cif.gz_J	0.353	0.9111	46	0.108	138	1.169	0.1031	NA
3194	job_A	7vf9-assembly1.cif.gz_D	0.353	1.022	46	0.093	139	1.178	0.1038	NA
3195	job_A	C7NCT6	0.326	0.7972	45	0.111	72	0.6102	0.3412	NA
3196	job_A	A9N5G2	0.326	1.677	45	0.058	86	0.7288	0.1039	NA
3197	job_A	B5YWZ7	0.326	1.495	45	0.059	84	0.7119	0.1014	NA
3198	job_A	Q8Z570	0.326	1.775	45	0.047	84	0.7119	0.1014	NA
3199	job_A	A4VJ11	0.326	0.6716	45	0.062	127	1.076	0.1523	NA
3200	job_A	A9I7M5	0.326	1.334	45	0.058	86	0.7288	0.1015	NA
3201	job_A	A0A0K0E0F8	0.326	1.121	45	0.117	111	0.9407	0.3616	NA
3202	job_A	A0A0H3GPW3	0.326	0.5032	45	0.112	133	1.127	0.3482	NA
3203	job_A	K0EQH5	0.326	1.492	45	0.105	85	0.7203	0.1102	NA
3204	job_A	Q8ZQD3	0.326	3.321	45	0.102	78	0.661	0.0958	NA
3205	job_A	af_L0T2Z1_596_747_2.40.40.20	0.326	1.013	45	0.087	80	0.678	0.5263	NA
3206	job_A	2vpxE05	0.326	0.3229	45	0.089	146	1.237	0.9125	NA
3207	job_A	5ntb-assembly2.cif.gz_B	0.326	0.2903	45	0.168	113	0.9576	1.027	NA
3208	job_A	7r7t-assembly1.cif.gz_A	0.326	1.082	45	0.134	89	0.7542	0.1221	NA
3209	job_A	7vw6-assembly1.cif.gz_A	0.326	0.7248	45	0.073	123	1.042	0.1347	NA
3210	job_A	6tg9-assembly1.cif.gz_A	0.326	0.6465	45	0.078	127	1.076	0.1338	NA
3211	job_A	5vi8-assembly1.cif.gz_D	0.326	0.6106	45	0.067	148	1.254	0.1186	NA
3212	job_A	8sy6-assembly1.cif.gz_J	0.326	0.8605	45	0.097	144	1.22	0.1135	NA
3213	job_A	7fjj-assembly1.cif.gz_A	0.326	0.7675	45	0.074	67	0.5678	0.0493	NA
3214	job_A	A8AEM8	0.301	1.412	44	0.092	76	0.6441	0.3619	NA
3215	job_A	Q9PHM1	0.301	0.8938	44	0.142	105	0.8898	0.3818	NA
3216	job_A	B1LKV2	0.301	1.583	44	0.058	86	0.7288	0.1039	NA
3217	job_A	Q57M92	0.301	1.775	44	0.046	86	0.7288	0.1039	NA
3218	job_A	Q8XE47	0.301	1.775	44	0.059	84	0.7119	0.1014	NA
3219	job_A	A1AD59	0.301	1.583	44	0.058	86	0.7288	0.1039	NA
3220	job_A	B7N5G7	0.301	1.583	44	0.058	86	0.7288	0.1039	NA
3221	job_A	A7ZP28	0.301	1.583	44	0.058	86	0.7288	0.1039	NA
3222	job_A	C0Q0P2	0.301	1.775	44	0.046	86	0.7288	0.1039	NA
3223	job_A	A9MJZ6	0.301	2.363	44	0.059	84	0.7119	0.1014	NA
3224	job_A	B5FNQ2	0.301	1.775	44	0.046	86	0.7288	0.1039	NA
3225	job_A	B7MXN6	0.301	1.677	44	0.058	86	0.7288	0.1039	NA
3226	job_A	Q31Z29	0.301	1.677	44	0.058	86	0.7288	0.1039	NA
3227	job_A	Q5PI61	0.301	1.99	44	0.059	84	0.7119	0.1014	NA
3228	job_A	B5RC85	0.301	1.775	44	0.046	86	0.7288	0.1039	NA
3229	job_A	Q02IZ4	0.301	0.7972	44	0.047	127	1.076	0.1523	NA
3230	job_A	Q3A9Q8	0.301	1.88	44	0.107	139	1.178	0.1207	NA
3231	job_A	A6TWI9	0.301	1.99	44	0.105	142	1.203	0.1213	NA
3232	job_A	Q5FM96	0.301	1.334	44	0.091	142	1.203	0.1167	NA
3233	job_A	B3WAM7	0.301	1.583	44	0.079	138	1.169	0.1131	NA
3234	job_A	Q4A5S8	0.301	2.97	44	0.072	137	1.161	0.0918	NA
3235	job_A	Q9I4B6	0.301	0.6698	44	0.144	97	0.822	0.2519	NA
3236	job_A	A0A0H3GT22	0.301	1.771	44	0.081	86	0.7288	0.1001	NA
3237	job_A	A0A0H3GRF5	0.301	1.256	44	0.055	126	1.068	0.1455	NA
3238	job_A	A4IAB8	0.301	1.875	44	0.174	103	0.8729	0.108	NA
3239	job_A	A0A0D2HG12	0.301	1.579	44	0.1	130	1.102	0.088	NA
3240	job_A	C1H3Q4	0.301	2.357	44	0.147	68	0.5763	0.039	NA
3241	job_A	af_Q54PA4_29_134_2.40.40.10	0.301	0.3419	44	0.099	111	0.9407	1.047	NA
3242	job_A	af_P77374_677_808_2.40.40.20	0.301	1.136	44	0.144	90	0.7627	0.6818	NA
3243	job_A	af_P18775_670_814_2.40.40.20	0.301	1.695	44	0.102	78	0.661	0.5379	NA
3244	job_A	1ti2G04	0.301	0.4059	44	0.119	126	1.068	0.8129	NA
3245	job_A	ProtVar_O14802_O15160-2_A	0.301	0.7135	44	0.074	67	0.5678	0.0482	NA
3246	job_A	4zh4-assembly1.cif.gz_D	0.301	0.9648	44	0.118	143	1.212	0.1242	NA
3247	job_A	6byu-assembly1.cif.gz_D	0.301	1.082	44	0.105	142	1.203	0.1221	NA
3248	job_A	6m6a-assembly1.cif.gz_D	0.301	0.8127	44	0.062	143	1.212	0.1097	NA
3249	job_A	7d7c-assembly1.cif.gz_D	0.301	0.5143	44	0.074	148	1.254	0.1109	NA
3250	job_A	8f1k-assembly1.cif.gz_J	0.301	1.213	44	0.1	139	1.178	0.103	NA
3251	job_A	B8PYF3	0.277	0.599	43	0.096	125	1.059	0.4717	NA
3252	job_A	A8A268	0.277	1.88	43	0.058	86	0.7288	0.1039	NA
3253	job_A	B7LJU7	0.277	1.88	43	0.058	86	0.7288	0.1039	NA
3254	job_A	Q0T2R8	0.277	1.88	43	0.058	86	0.7288	0.1039	NA
3255	job_A	B4SYT3	0.277	2.363	43	0.059	84	0.7119	0.1014	NA
3256	job_A	B5R233	0.277	2.108	43	0.047	84	0.7119	0.1014	NA
3257	job_A	B4TPE6	0.277	2.363	43	0.059	84	0.7119	0.1014	NA
3258	job_A	Q046D1	0.277	1.412	43	0.091	142	1.203	0.1161	NA
3259	job_A	P10100	0.277	0.4239	43	0.115	130	1.102	0.3591	NA
3260	job_A	Q8ZPJ6	0.277	2.102	43	0.097	82	0.6949	0.1009	NA
3261	job_A	4s20-assembly1.cif.gz_D	0.277	1.36	43	0.102	136	1.153	0.1184	NA
3262	job_A	8hkc-assembly1.cif.gz_F	0.277	1.284	43	0.101	138	1.169	0.119	NA
3263	job_A	4s20-assembly2.cif.gz_I	0.277	1.36	43	0.102	136	1.153	0.1172	NA
3264	job_A	6vjs-assembly2.cif.gz_I	0.277	1.284	43	0.115	138	1.169	0.119	NA
3265	job_A	5zx2-assembly1.cif.gz_D	0.277	0.7675	43	0.074	148	1.254	0.1175	NA
3266	job_A	6ri9-assembly1.cif.gz_D	0.277	1.284	43	0.101	138	1.169	0.1033	NA
3267	job_A	7szk-assembly1.cif.gz_D	0.277	1.213	43	0.097	144	1.22	0.1075	NA
3268	job_A	O26091	0.254	0.45	42	0.168	107	0.9068	0.3397	NA
3269	job_A	B7UFL9	0.254	2.232	42	0.059	84	0.7119	0.1014	NA
3270	job_A	B7MFB8	0.254	1.99	42	0.058	86	0.7288	0.1039	NA
3271	job_A	B1IY66	0.254	1.99	42	0.058	86	0.7288	0.1039	NA
3272	job_A	Q3Z001	0.254	1.99	42	0.058	86	0.7288	0.1039	NA
3273	job_A	B7LAM9	0.254	1.99	42	0.058	86	0.7288	0.1039	NA
3274	job_A	B1X8A2	0.254	1.124	42	0.104	96	0.8136	0.1159	NA
3275	job_A	Q6LTV9	0.254	1.061	42	0.095	94	0.7966	0.1135	NA
3276	job_A	Q1R9L3	0.254	1.99	42	0.058	86	0.7288	0.1039	NA
3277	job_A	B7NN18	0.254	2.232	42	0.059	84	0.7119	0.1014	NA
3278	job_A	Q8ZNH6	0.254	2.502	42	0.059	84	0.7119	0.1014	NA
3279	job_A	B6I1A4	0.254	1.99	42	0.058	86	0.7288	0.1039	NA
3280	job_A	P33937	0.254	1.124	42	0.104	96	0.8136	0.1159	NA
3281	job_A	Q83QV0	0.254	1.99	42	0.058	86	0.7288	0.1039	NA
3282	job_A	Q8CVW4	0.254	2.502	42	0.069	86	0.7288	0.1039	NA
3283	job_A	A5ED21	0.254	0.7111	42	0.104	86	0.7288	0.1031	NA
3284	job_A	I1NIQ9	0.254	1.187	42	0.054	128	1.085	0.8533	NA
3285	job_A	Q54C76	0.254	0.7092	42	0.088	113	0.9576	0.2684	NA
3286	job_A	af_Q5JLH9_73_181_2.40.40.50	0.254	0.3419	42	0.073	122	1.034	1.119	NA
3287	job_A	6qk4-assembly1.cif.gz_B	0.254	0.3864	42	0.094	95	0.8051	0.287	NA
3288	job_A	4yfx-assembly1.cif.gz_D	0.254	1.022	42	0.089	145	1.229	0.1244	NA
3289	job_A	5w1s-assembly1.cif.gz_D	0.254	0.8605	42	0.087	148	1.254	0.1262	NA
3290	job_A	6z11-assembly1.cif.gz_D	0.254	1.022	42	0.091	142	1.203	0.1132	NA
3291	job_A	7q4u-assembly1.cif.gz_D	0.254	0.6846	42	0.074	148	1.254	0.1166	NA
3292	job_A	7du2-assembly1.cif.gz_A	0.254	1.213	42	0.075	66	0.5593	0.051	NA
3293	job_A	4llg-assembly2.cif.gz_J	0.254	1.614	42	0.104	143	1.212	0.1079	NA
3294	job_A	7ubm-assembly1.cif.gz_D	0.254	1.709	42	0.094	138	1.169	0.104	NA
3295	job_A	7uwe-assembly1.cif.gz_J	0.254	1.44	42	0.101	138	1.169	0.1038	NA
3296	job_A	6xl5-assembly1.cif.gz_D	0.254	1.916	42	0.093	139	1.178	0.104	NA
3297	job_A	7mkq-assembly1.cif.gz_D	0.254	1.022	42	0.106	141	1.195	0.1054	NA
3298	job_A	Q9KLR4	0.233	1.412	41	0.087	126	1.068	0.152	NA
3299	job_A	A4Z0A1	0.233	0.7972	41	0.098	91	0.7712	0.1091	NA
3300	job_A	Q5FFD8	0.233	2.805	41	0.1	139	1.178	0.0985	NA
3301	job_A	Q8ZR01	0.233	0.5642	41	0.115	130	1.102	0.3412	NA
3302	job_A	U7PLS7	0.233	1.33	41	0.128	109	0.9237	0.1291	NA
3303	job_A	Q5F5R6	0.233	3.517	41	0.109	137	1.161	0.0985	NA
3304	job_A	af_Q54PL5_18_122_2.40.40.10	0.233	0.3229	41	0.094	117	0.9915	1.114	NA
3305	job_A	ProtVar_Q7Z3K3_Q9X6B6_B	0.233	1.886	41	0.093	75	0.6356	0.0911	NA
3306	job_A	7wd3-assembly1.cif.gz_E	0.233	2.55	41	0.101	99	0.839	0.1369	NA
3307	job_A	6zjn-assembly1.cif.gz_3	0.233	1.213	41	0.144	90	0.7627	0.1194	NA
3308	job_A	6dcf-assembly1.cif.gz_D	0.233	1.213	41	0.091	142	1.203	0.1207	NA
3309	job_A	5zx3-assembly1.cif.gz_D	0.233	0.7248	41	0.081	148	1.254	0.1177	NA
3310	job_A	6yxu-assembly1.cif.gz_D	0.233	0.5766	41	0.087	148	1.254	0.1166	NA
3311	job_A	7ade-assembly1.cif.gz_Y	0.233	1.213	41	0.112	142	1.203	0.1057	NA
3312	job_A	7rdq-assembly1.cif.gz_D	0.233	1.44	41	0.089	145	1.229	0.1061	NA
3313	job_A	7z31-assembly1.cif.gz_A	0.233	0.8605	41	0.13	92	0.7797	0.0648	NA
3314	job_A	P77374	0.214	3.734	40	0.096	83	0.7034	0.1027	NA
3315	job_A	P56300	0.214	3.145	40	0.089	134	1.136	0.1603	NA
3316	job_A	I1NCA0	0.214	1.492	40	0.079	126	1.068	0.5972	NA
3317	job_A	af_A0A1D6MLI6_10_86_2.40.40.50	0.214	1.512	40	0.112	80	0.678	1.039	NA
3318	job_A	4js7A01	0.214	0.07301	40	0.134	119	1.008	1.144	NA
3319	job_A	1smyD04	0.214	0.8536	40	0.102	147	1.246	1.014	NA
3320	job_A	3i9v-assembly1.cif.gz_3	0.214	1.709	40	0.13	92	0.7797	0.122	NA
3321	job_A	3hkz-assembly2.cif.gz_I	0.214	1.022	40	0.067	74	0.6271	0.0885	NA
3322	job_A	4yfn-assembly2.cif.gz_J	0.214	1.81	40	0.104	144	1.22	0.125	NA
3323	job_A	6n62-assembly1.cif.gz_D	0.214	1.284	40	0.111	143	1.212	0.1166	NA
3324	job_A	6eyd-assembly1.cif.gz_D	0.214	1.022	40	0.098	142	1.203	0.1144	NA
3325	job_A	8fvw-assembly1.cif.gz_G	0.214	2.275	40	0.101	138	1.169	0.1038	NA
3326	job_A	6c9y-assembly1.cif.gz_D	0.214	2.148	40	0.112	125	1.059	0.0926	NA
3327	job_A	8eha-assembly1.cif.gz_J	0.214	1.916	40	0.101	138	1.169	0.1016	NA
3328	job_A	A0A061IR73	0.196	3.145	39	0.066	120	1.017	0.1224	NA
3329	job_A	Q6F0L8	0.196	3.734	39	0.083	143	1.212	0.114	NA
3330	job_A	Q9C1E9	0.196	2.649	39	0.086	127	1.076	0.0915	NA
3331	job_A	O83270	0.196	3.145	39	0.057	139	1.178	0.0982	NA
3332	job_A	Q21782	0.196	0.7952	39	0.11	118	1	0.2059	NA
3333	job_A	ProtVar_O75140_Q8WTW4_A	0.196	0.8968	39	0.113	106	0.8983	0.0661	NA
3334	job_A	5vi5-assembly1.cif.gz_D	0.196	1.145	39	0.074	148	1.254	0.1195	NA
3335	job_A	4zh4-assembly2.cif.gz_J	0.196	1.709	39	0.117	145	1.229	0.1099	NA
3336	job_A	7vwz-assembly1.cif.gz_D	0.196	1.81	39	0.101	138	1.169	0.1036	NA
3337	job_A	7xue-assembly1.cif.gz_J	0.196	2.701	39	0.086	138	1.169	0.1034	NA
3338	job_A	6z9t-assembly1.cif.gz_Y	0.196	1.145	39	0.094	148	1.254	0.1102	NA
3339	job_A	4llg-assembly1.cif.gz_D	0.196	2.148	39	0.104	143	1.212	0.1063	NA
3340	job_A	AF-Q13608-2-F1-model_v6	0.179	3.526	38	0.059	135	1.144	0.1829	NA
3341	job_A	B5EYU5	0.179	1.677	38	0.083	96	0.8136	0.1159	NA
3342	job_A	B4TAT3	0.179	1.677	38	0.083	96	0.8136	0.1159	NA
3343	job_A	B5BDZ4	0.179	1.677	38	0.083	96	0.8136	0.1159	NA
3344	job_A	Q7SGP2	0.179	1.26	38	0.097	154	1.305	0.1115	NA
3345	job_A	Q8SSC4	0.179	3.33	38	0.074	67	0.5678	0.0419	NA
3346	job_A	F1Q8W3	0.179	3.724	38	0.095	73	0.6186	0.0976	NA
3347	job_A	Q32AG0	0.179	4.175	38	0.093	139	1.178	0.0988	NA
3348	job_A	1kqgA04	0.179	0.2044	38	0.12	133	1.127	0.7557	NA
3349	job_A	ModelArchive_ma-cww19_N	0.179	1.006	38	0.102	147	1.246	0.1056	NA
3350	job_A	4jp7-assembly2.cif.gz_B	0.179	1.524	38	0.071	126	1.068	1.033	NA
3351	job_A	4wqs-assembly1.cif.gz_D	0.179	3.028	38	0.101	128	1.085	0.1112	NA
3352	job_A	8igs-assembly1.cif.gz_J	0.179	1.524	38	0.118	143	1.212	0.1239	NA
3353	job_A	1i6v-assembly1.cif.gz_D	0.179	1.81	38	0.084	142	1.203	0.121	NA
3354	job_A	6yys-assembly1.cif.gz_D	0.179	1.524	38	0.081	148	1.254	0.1158	NA
3355	job_A	7ypa-assembly1.cif.gz_D	0.179	1.44	38	0.1	150	1.271	0.1125	NA
3356	job_A	6gfw-assembly1.cif.gz_D	0.179	1.284	38	0.118	143	1.212	0.1063	NA
3357	job_A	6psw-assembly1.cif.gz_J	0.179	2.029	38	0.1	140	1.186	0.1041	NA
3358	job_A	Q0TFN6	0.164	1.677	37	0.093	96	0.8136	0.1159	NA
3359	job_A	A8AE11	0.164	2.232	37	0.083	96	0.8136	0.1159	NA
3360	job_A	Q8RY16	0.164	3.526	37	0.117	68	0.5763	0.0723	NA
3361	job_A	A0A0H3GMZ1	0.164	5.557	37	0.085	82	0.6949	0.1011	NA
3362	job_A	Q54CS8	0.164	1.256	37	0.11	100	0.8475	0.0833	NA
3363	job_A	Q9HWC9	0.164	4.681	37	0.09	143	1.212	0.1022	NA
3364	job_A	af_Q9M203_23_155_2.40.40.10	0.164	1.073	37	0.091	131	1.11	0.985	NA
3365	job_A	4qiw-assembly1.cif.gz_A	0.164	1.213	37	0.096	93	0.7881	0.1078	NA
3366	job_A	6wvk-assembly1.cif.gz_D	0.164	2.148	37	0.117	145	1.229	0.1225	NA
3367	job_A	4xsz-assembly2.cif.gz_J	0.164	2.029	37	0.117	145	1.229	0.1173	NA
3368	job_A	7uwh-assembly1.cif.gz_J	0.164	1.81	37	0.117	145	1.229	0.11	NA
3369	job_A	6r9b-assembly1.cif.gz_D	0.164	0.5766	37	0.1	149	1.263	0.1126	NA
3370	job_A	7xui-assembly1.cif.gz_J	0.164	3.028	37	0.101	138	1.169	0.1033	NA
3371	job_A	4mq9-assembly1.cif.gz_D	0.164	1.709	37	0.075	146	1.237	0.107	NA
3372	job_A	6wox-assembly1.cif.gz_D	0.164	1.524	37	0.092	151	1.28	0.1017	NA
3373	job_A	A0A804NKN1	0.15	0.7952	36	0.106	131	1.11	1.008	NA
3374	job_A	B6SH12	0.15	0.7952	36	0.113	132	1.119	0.8684	NA
3375	job_A	A0A0K0EQ12	0.15	1.771	36	0.116	112	0.9492	0.1968	NA
3376	job_A	I1KMB2	0.15	7.832	36	0.103	135	1.144	0.1195	NA
3377	job_A	P0A8T7	0.15	5.557	36	0.093	139	1.178	0.0988	NA
3378	job_A	1bw4-assembly1.cif.gz_A	0.15	0.9648	36	0.107	93	0.7881	0.744	NA
3379	job_A	2g5d-assembly1.cif.gz_A	0.15	1.36	36	0.147	95	0.8051	0.2487	NA
3380	job_A	2vpw-assembly1.cif.gz_E	0.15	0.5446	36	0.104	125	1.059	0.1703	NA
3381	job_A	1g8k-assembly1.cif.gz_A	0.15	1.36	36	0.101	118	1	0.1436	NA
3382	job_A	7b04-assembly2.cif.gz_E	0.15	6.014	36	0.106	66	0.5593	0.0594	NA
3383	job_A	7khc-assembly1.cif.gz_D	0.15	3.028	36	0.108	138	1.169	0.1028	NA
3384	job_A	7a6h-assembly1.cif.gz_A	0.15	2.859	36	0.074	67	0.5678	0.0487	NA
3385	job_A	2a6h-assembly2.cif.gz_N	0.15	2.275	36	0.096	145	1.229	0.105	NA
3386	job_A	1i3q-assembly1.cif.gz_A	0.15	5.066	36	0.051	155	1.314	0.1096	NA
3387	job_A	4g7h-assembly1.cif.gz_D	0.15	1.709	36	0.079	151	1.28	0.1016	NA
3388	job_A	Q4WB37	0.138	1.495	35	0.121	115	0.9746	0.4752	NA
3389	job_A	O68639	0.138	2.232	35	0.068	102	0.8644	0.2125	NA
3390	job_A	Q6BS73	0.138	0.5657	35	0.098	112	0.9492	0.0935	NA
3391	job_A	B2S2I9	0.138	5.572	35	0.071	139	1.178	0.0982	NA
3392	job_A	Q32FC9	0.138	0.4239	35	0.116	86	0.7288	0.2876	NA
3393	job_A	A0A175W4P6	0.138	7.396	35	0.09	122	1.034	0.0978	NA
3394	job_A	1vw3C01	0.138	0.7614	35	0.101	99	0.839	0.7557	NA
3395	job_A	3suk-assembly2.cif.gz_B	0.138	0.6465	35	0.104	125	1.059	1.008	NA
3396	job_A	7ykk-assembly1.cif.gz_D	0.138	2.55	35	0.1	70	0.5932	0.0954	NA
3397	job_A	6n60-assembly1.cif.gz_D	0.138	3.395	35	0.108	138	1.169	0.1117	NA
3398	job_A	6n61-assembly1.cif.gz_D	0.138	2.859	35	0.094	148	1.254	0.1195	NA
3399	job_A	2o5i-assembly1.cif.gz_D	0.138	2.409	35	0.096	145	1.229	0.1113	NA
3400	job_A	6asg-assembly1.cif.gz_D	0.138	2.409	35	0.09	133	1.127	0.0981	NA
3401	job_A	1iw7-assembly1.cif.gz_D	0.138	3.028	35	0.078	141	1.195	0.1013	NA
3402	job_A	1pqv-assembly1.cif.gz_A	0.138	3.395	35	0.068	58	0.4915	0.0412	NA
3403	job_A	A9MLP6	0.126	4.969	34	0.082	73	0.6186	0.3476	NA
3404	job_A	P76185	0.126	0.425	34	0.116	86	0.7288	0.3018	NA
3405	job_A	G1X4S3	0.126	6.614	34	0.057	121	1.025	0.1023	NA
3406	job_A	A5VLL3	0.126	2.108	34	0.096	83	0.7034	0.0685	NA
3407	job_A	A0A804NLN4	0.126	1.875	34	0.073	136	1.153	1.015	NA
3408	job_A	C1HAN1	0.126	0.6698	34	0.111	144	1.22	0.4768	NA
3409	job_A	Q0JA37	0.126	4.956	34	0.111	72	0.6102	0.0766	NA
3410	job_A	Q4DA27	0.126	3.943	34	0.088	68	0.5763	0.0712	NA
3411	job_A	af_O96252_32_131_2.40.30.20	0.126	2.013	34	0.21	57	0.4831	0.57	NA
3412	job_A	1g8j-assembly1.cif.gz_A	0.126	1.524	34	0.11	118	1	0.1439	NA
3413	job_A	6kf9-assembly1.cif.gz_A	0.126	2.275	34	0.094	74	0.6271	0.0822	NA
3414	job_A	6lod-assembly1.cif.gz_B	0.126	4.518	34	0.076	91	0.7712	0.098	NA
3415	job_A	5tbz-assembly2.cif.gz_I	0.126	3.028	34	0.1	139	1.178	0.1064	NA
3416	job_A	2ppb-assembly2.cif.gz_N	0.126	2.701	34	0.096	145	1.229	0.1104	NA
3417	job_A	6ztj-assembly1.cif.gz_CD	0.126	4.03	34	0.121	140	1.186	0.105	NA
3418	job_A	6jbq-assembly1.cif.gz_D	0.126	3.594	34	0.113	150	1.271	0.1124	NA
3419	job_A	6xln-assembly1.cif.gz_D	0.126	2.55	34	0.11	145	1.229	0.1085	NA
3420	job_A	6n58-assembly1.cif.gz_J	0.126	3.206	34	0.112	142	1.203	0.1054	NA
3421	job_A	4gzz-assembly1.cif.gz_D	0.126	2.859	34	0.103	145	1.229	0.1068	NA
3422	job_A	5nwt-assembly1.cif.gz_D	0.126	2.029	34	0.121	82	0.6949	0.0604	NA
3423	job_A	1nt9-assembly1.cif.gz_A	0.126	3.806	34	0.07	57	0.4831	0.0412	NA
3424	job_A	3wod-assembly1.cif.gz_D	0.126	4.03	34	0.083	144	1.22	0.0968	NA
3425	job_A	B7LTW5	0.116	3.953	33	0.064	78	0.661	0.3714	NA
3426	job_A	Q9P961	0.116	3.145	33	0.102	98	0.8305	0.4	NA
3427	job_A	A0A0N4URG3	0.116	9.844	33	0.111	72	0.6102	0.0688	NA
3428	job_A	A0A0D2FDJ9	0.116	6.23	33	0.074	67	0.5678	0.038	NA
3429	job_A	af_O16635_354_450_2.40.70.10	0.116	2.013	33	0.116	86	0.7288	0.8866	NA
3430	job_A	af_A0A0R0HU31_5_119_2.40.40.10	0.116	1.601	33	0.066	90	0.7627	0.7826	NA
3431	job_A	LevyLab_Q8X639_V1_3_relaxed_B	0.116	0.2699	33	0.115	78	0.661	0.2737	NA
3432	job_A	2nya-assembly2.cif.gz_F	0.116	2.029	33	0.095	94	0.7966	0.1188	NA
3433	job_A	2wb1-assembly2.cif.gz_W	0.116	2.029	33	0.084	95	0.8051	0.113	NA
3434	job_A	2o5j-assembly2.cif.gz_N	0.116	3.395	33	0.102	146	1.237	0.1155	NA
3435	job_A	6eu3-assembly1.cif.gz_A	0.116	3.806	33	0.132	68	0.5763	0.0485	NA
3436	job_A	5c4a-assembly1.cif.gz_A	0.116	3.395	33	0.074	67	0.5678	0.047	NA
3437	job_A	A0A804MB22	0.106	9.844	32	0.109	64	0.5424	0.0706	NA
3438	job_A	A0A804UN50	0.106	9.297	32	0.114	70	0.5932	0.0754	NA
3439	job_A	1zyrM01	0.106	1.274	32	0.118	59	0.5	0.2796	NA
3440	job_A	2g6g-assembly1.cif.gz_A	0.106	1.614	32	0.147	95	0.8051	0.2346	NA
3441	job_A	2pmz-assembly2.cif.gz_Q	0.106	3.028	32	0.06	66	0.5593	0.0851	NA
3442	job_A	8c0w-assembly1.cif.gz_E	0.106	3.028	32	0.138	108	0.9153	0.1049	NA
3443	job_A	4jk2-assembly1.cif.gz_D	0.106	4.518	32	0.112	142	1.203	0.1224	NA
3444	job_A	7yp9-assembly1.cif.gz_D	0.106	3.395	32	0.105	142	1.203	0.1105	NA
3445	job_A	3eql-assembly2.cif.gz_N	0.106	3.594	32	0.096	145	1.229	0.1098	NA
3446	job_A	1twc-assembly1.cif.gz_A	0.106	5.364	32	0.089	67	0.5678	0.0496	NA
3447	job_A	8b3f-assembly1.cif.gz_A	0.106	5.066	32	0.044	67	0.5678	0.0476	NA
3448	job_A	4by1-assembly1.cif.gz_A	0.106	4.518	32	0.089	67	0.5678	0.047	NA
3449	job_A	7o73-assembly1.cif.gz_A	0.106	5.364	32	0.074	67	0.5678	0.0469	NA
3450	job_A	O53900	0.098	4.432	31	0.087	91	0.7712	0.1064	NA
3451	job_A	Q9FNP1	0.098	7.852	31	0.112	98	0.8305	0.0867	NA
3452	job_A	P80357	0.098	7.832	31	0.104	96	0.8136	0.284	NA
3453	job_A	Q5F581	0.098	2.357	31	0.141	92	0.7797	0.2086	NA
3454	job_A	Q4DRS8	0.098	2.495	31	0.12	100	0.8475	0.1429	NA
3455	job_A	A0A077Z0B4	0.098	2.102	31	0.147	122	1.034	0.1315	NA
3456	job_A	LevyLab_Q8X8P4_V1_1_relaxed_B	0.098	2.51	31	0.117	85	0.7203	0.2833	NA
3457	job_A	ModelArchive_ma-mrryl_D	0.098	1.781	31	0.077	77	0.6525	0.0608	NA
3458	job_A	6y3y-assembly1.cif.gz_B	0.098	1.022	31	0.118	59	0.5	0.1777	NA
3459	job_A	4wqt-assembly2.cif.gz_I	0.098	3.028	31	0.064	154	1.305	0.1168	NA
3460	job_A	7xug-assembly1.cif.gz_J	0.098	2.859	31	0.094	148	1.254	0.1105	NA
3461	job_A	6o6c-assembly1.cif.gz_A	0.098	6.014	31	0.074	67	0.5678	0.0463	NA
3462	job_A	A0A0H3GUH7	0.09	1.121	30	0.093	86	0.7288	0.2886	NA
3463	job_A	C1HBH8	0.09	6.597	30	0.18	50	0.4237	0.1359	NA
3464	job_A	A0AAF5HYX6	0.09	1.672	30	0.089	101	0.8559	0.1772	NA
3465	job_A	A0A8M1RIV5	0.09	2.102	30	0.108	111	0.9407	0.1442	NA
3466	job_A	af_B4FXK9_198_327_2.60.210.10	0.09	0.7191	30	0.063	63	0.5339	0.4846	NA
3467	job_A	3sumB00	0.09	5.634	30	0.083	48	0.4068	0.3529	NA
3468	job_A	LevyLab_Q8XC52_V1_4_relaxed_B	0.09	2.371	30	0.14	64	0.5424	0.3459	NA
3469	job_A	8g1s-assembly1.cif.gz_J	0.09	7.559	30	0.093	139	1.178	0.104	NA
3470	job_A	6oul-assembly1.cif.gz_J	0.09	7.139	30	0.107	149	1.263	0.1114	NA
3471	job_A	5nss-assembly1.cif.gz_D	0.09	7.559	30	0.097	134	1.136	0.0991	NA
3472	job_A	7ae3-assembly1.cif.gz_A	0.09	4.03	30	0.086	92	0.7797	0.0672	NA
3473	job_A	8oev-assembly1.cif.gz_A	0.09	6.014	30	0.045	66	0.5593	0.0468	NA
3474	job_A	7opd-assembly1.cif.gz_A	0.09	6.368	30	0.044	67	0.5678	0.0475	NA
3475	job_A	Q1C8B0	0.082	4.432	29	0.152	85	0.7203	0.2429	NA
3476	job_A	A4TJU6	0.082	4.969	29	0.104	105	0.8898	0.3	NA
3477	job_A	B2K295	0.082	4.969	29	0.114	105	0.8898	0.3	NA
3478	job_A	Q8ZPN3	0.082	1.187	29	0.093	86	0.7288	0.2886	NA
3479	job_A	ProtVar_Q6AHZ1_Q81WM3_B	0.082	1.417	29	0.116	112	0.9492	0.1633	NA
3480	job_A	ProtVar_P43897_P46199_B	0.082	0.8968	29	0.121	115	0.9746	0.1582	NA
3481	job_A	5jif-assembly1.cif.gz_B	0.082	0.6846	29	0.13	100	0.8475	0.2817	NA
3482	job_A	4wqt-assembly1.cif.gz_D	0.082	4.03	29	0.066	150	1.271	0.1124	NA
3483	job_A	6f44-assembly1.cif.gz_A	0.082	4.518	29	0.107	65	0.5508	0.0465	NA
3484	job_A	A9QZ62	0.076	4.969	28	0.141	85	0.7203	0.2429	NA
3485	job_A	Q8EWX0	0.076	7.416	28	0.125	72	0.6102	0.0559	NA
3486	job_A	C0NUQ0	0.076	5.884	28	0.098	132	1.119	0.0875	NA
3487	job_A	3cl5-assembly1.cif.gz_A-2	0.076	1.213	28	0.096	93	0.7881	0.2598	NA
3488	job_A	5jif-assembly1.cif.gz_A	0.076	1.022	28	0.13	100	0.8475	0.2755	NA
3489	job_A	1l9u-assembly1.cif.gz_D	0.076	5.066	28	0.069	144	1.22	0.1217	NA
3490	job_A	3cqz-assembly1.cif.gz_A	0.076	8.475	28	0.074	67	0.5678	0.0497	NA
3491	job_A	4xlq-assembly2.cif.gz_J	0.076	6.014	28	0.138	65	0.5508	0.0475	NA
3492	job_A	7b0y-assembly1.cif.gz_A	0.076	7.559	28	0.041	73	0.6186	0.0513	NA
3493	job_A	5d4d-assembly2.cif.gz_N	0.076	8.974	28	0.078	140	1.186	0.0944	NA
3494	job_A	5vo8-assembly1.cif.gz_D	0.076	4.784	28	0.085	152	1.288	0.1024	NA
3495	job_A	Q8LN49	0.069	3.734	27	0.123	81	0.6864	0.2935	NA
3496	job_A	Q9XHZ8	0.069	4.432	27	0.125	56	0.4746	0.1718	NA
3497	job_A	Q8U0X0	0.069	6.614	27	0.242	33	0.2797	0.0753	NA
3498	job_A	P75271	0.069	6.614	27	0.076	78	0.661	0.0605	NA
3499	job_A	Q9PQV5	0.069	8.314	27	0.093	75	0.6356	0.0575	NA
3500	job_A	A2AKX3	0.069	6.614	27	0.109	82	0.6949	0.031	NA
3501	job_A	af_Q4DRS8_153_366_3.40.50.2000	0.069	2.679	27	0.12	100	0.8475	0.4673	NA
3502	job_A	LevyLab_Q8U0X0_V1_3_relaxed_B	0.069	2.658	27	0.258	31	0.2627	0.0708	NA
3503	job_A	ModelArchive_ma-hxt70_A	0.069	5.28	27	0.074	67	0.5678	0.0463	NA
3504	job_A	3suj-assembly1.cif.gz_A	0.069	1.284	27	0.11	118	1	0.9593	NA
3505	job_A	8fxr-assembly1.cif.gz_m	0.069	3.206	27	0.093	64	0.5424	0.3333	NA
3506	job_A	7w2b-assembly4.cif.gz_J	0.069	4.267	27	0.14	57	0.4831	0.2714	NA
3507	job_A	6mn6-assembly1.cif.gz_A	0.069	1.082	27	0.142	56	0.4746	0.1911	NA
3508	job_A	3aoi-assembly2.cif.gz_I	0.069	7.559	27	0.102	146	1.237	0.1157	NA
3509	job_A	4wqt-assembly3.cif.gz_N	0.069	6.368	27	0.089	145	1.229	0.1096	NA
3510	job_A	6ca0-assembly1.cif.gz_D	0.069	7.559	27	0.115	138	1.169	0.1021	NA
3511	job_A	5my1-assembly1.cif.gz_Y	0.069	5.364	27	0.121	82	0.6949	0.0598	NA
3512	job_A	8jh4-assembly1.cif.gz_A	0.069	6.742	27	0.068	73	0.6186	0.0521	NA
3513	job_A	3i4n-assembly1.cif.gz_A	0.069	7.559	27	0.081	74	0.6271	0.0518	NA
3514	job_A	8ceo-assembly1.cif.gz_A	0.069	7.139	27	0.093	75	0.6356	0.0497	NA
3515	job_A	Q9FKD5	0.063	1.99	26	0.063	63	0.5339	0.2283	NA
3516	job_A	Q66B20	0.063	7.852	26	0.114	105	0.8898	0.3	NA
3517	job_A	A8F3K2	0.063	8.314	26	0.134	52	0.4407	0.1109	NA
3518	job_A	Q38BT6	0.063	6.23	26	0.138	101	0.8559	0.1447	NA
3519	job_A	Q4DEH7	0.063	5.557	26	0.11	100	0.8475	0.142	NA
3520	job_A	A0A175WG96	0.063	6.23	26	0.094	170	1.441	0.1213	NA
3521	job_A	af_O16551_3_131_2.60.210.10	0.063	1.695	26	0.152	59	0.5	0.4574	NA
3522	job_A	1y1vB06	0.063	3.368	26	0.109	91	0.7712	0.4081	NA
3523	job_A	ModelArchive_ma-rap-bacsu-106_A	0.063	3.341	26	0.096	104	0.8814	0.5977	NA
3524	job_A	8hsh-assembly1.cif.gz_J	0.063	5.066	26	0.072	83	0.7034	0.0649	NA
3525	job_A	3aoi-assembly1.cif.gz_D	0.063	8.475	26	0.095	146	1.237	0.1109	NA
3526	job_A	3aoi-assembly3.cif.gz_N	0.063	8.004	26	0.095	146	1.237	0.11	NA
3527	job_A	2e2i-assembly1.cif.gz_A	0.063	8.475	26	0.089	67	0.5678	0.0475	NA
3528	job_A	Q8IB46	0.057	8.292	25	0.127	102	0.8644	0.534	NA
3529	job_A	Q9FKD7	0.057	2.226	25	0.046	65	0.5508	0.2273	NA
3530	job_A	I1K0D1	0.057	2.357	25	0.129	62	0.5254	0.1818	NA
3531	job_A	O50419	0.057	5.248	25	0.186	86	0.7288	0.1632	NA
3532	job_A	Q9I1W4	0.057	9.844	25	0.089	67	0.5678	0.1009	NA
3533	job_A	2cdp-assembly4.cif.gz_D	0.057	2.275	25	0.127	102	0.8644	0.7846	NA
3534	job_A	3cl4-assembly1.cif.gz_A-2	0.057	1.916	25	0.12	100	0.8475	0.2793	NA
3535	job_A	4p22-assembly1.cif.gz_B	0.057	4.784	25	0.095	105	0.8898	0.28	NA
3536	job_A	5x22-assembly1.cif.gz_D	0.057	7.559	25	0.079	151	1.28	0.105	NA
3537	job_A	4oio-assembly1.cif.gz_D	0.057	7.559	25	0.079	151	1.28	0.1021	NA
3538	job_A	4oin-assembly1.cif.gz_D	0.057	8.004	25	0.079	151	1.28	0.1017	NA
3539	job_A	4q4z-assembly1.cif.gz_D	0.057	8.004	25	0.079	151	1.28	0.1011	NA
3540	job_A	A6LJR1	0.051	7.852	24	0.152	92	0.7797	0.1962	NA
3541	job_A	B7IG44	0.051	9.322	24	0.109	55	0.4661	0.117	NA
3542	job_A	B6YQC5	0.051	8.314	24	0.2	60	0.5085	0.12	NA
3543	job_A	Q8ZKD7	0.051	5.248	24	0.094	117	0.9915	0.1494	NA
3544	job_A	1yleA02	0.051	4.482	24	0.094	95	0.8051	1.462	NA
3545	job_A	af_P71846_339_440_2.40.30.10	0.051	3.004	24	0.112	107	0.9068	1.049	NA
3546	job_A	af_A0A0B7P9G0_600_710_2.60.120.10	0.051	3.368	24	0.077	77	0.6525	0.6937	NA
3547	job_A	af_Q4KM83_9_123_2.60.120.260	0.051	2.679	24	0.108	83	0.7034	0.7217	NA
3548	job_A	af_Q7XA77_192_328_2.60.210.10	0.051	3.368	24	0.031	63	0.5339	0.4599	NA
3549	job_A	af_Q9W2L6_167_335_2.60.40.150	0.051	1.349	24	0.16	100	0.8475	0.5917	NA
3550	job_A	1yq2E01	0.051	3.776	24	0.125	56	0.4746	0.2605	NA
3551	job_A	LevyLab_P0AE38_V1_5_relaxed_B	0.051	2.51	24	0.088	90	0.7627	0.2616	NA
3552	job_A	6g52-assembly8.cif.gz_H	0.051	2.701	24	0.121	66	0.5593	0.4748	NA
3553	job_A	5n11-assembly1.cif.gz_A	0.051	2.859	24	0.156	64	0.5424	0.1871	NA
3554	job_A	6m0x-assembly1.cif.gz_A	0.051	7.139	24	0.061	49	0.4153	0.0475	NA
3555	job_A	5fja-assembly1.cif.gz_A	0.051	7.139	24	0.178	73	0.6186	0.052	NA
3556	job_A	Q8X5L8	0.045	3.145	23	0.073	95	0.8051	0.121	NA
3557	job_A	Q9HYU0	0.045	2.962	23	0.089	78	0.661	0.2737	NA
3558	job_A	P46482	0.045	2.798	23	0.046	86	0.7288	0.2774	NA
3559	job_A	A0A0H3H3P2	0.045	3.517	23	0.069	72	0.6102	0.2323	NA
3560	job_A	I1LW88	0.045	3.943	23	0.18	61	0.5169	0.1883	NA
3561	job_A	A0A0A2V2C3	0.045	9.844	23	0.1	140	1.186	0.0919	NA
3562	job_A	af_P34118_379_445_2.30.30.620	0.045	5.634	23	0.25	28	0.2373	0.4179	NA
3563	job_A	3lnnA02	0.045	6.689	23	0.098	102	0.8644	1.097	NA
3564	job_A	af_I1JIM1_283_389_2.60.120.380	0.045	2.013	23	0.097	123	1.042	1.149	NA
3565	job_A	1nc7C00	0.045	3.566	23	0.09	99	0.839	0.9	NA
3566	job_A	ModelArchive_ma-bak-cepc-0191_B	0.045	2.98	23	0.107	102	0.8644	0.1973	NA
3567	job_A	8fwg-assembly1.cif.gz_E4	0.045	2.701	23	0.048	104	0.8814	1.195	NA
3568	job_A	3zn6-assembly1.cif.gz_A-2	0.045	3.806	23	0.105	104	0.8814	0.4706	NA
3569	job_A	2zbk-assembly2.cif.gz_H	0.045	2.148	23	0.084	106	0.8983	0.2095	NA
3570	job_A	7ey9-assembly1.cif.gz_s	0.045	5.364	23	0.098	102	0.8644	0.1288	NA
3571	job_A	8d8o-assembly1.cif.gz_B	0.045	7.559	23	0.125	56	0.4746	0.0505	NA
3572	job_A	5fj9-assembly1.cif.gz_A	0.045	7.139	23	0.166	72	0.6102	0.051	NA
3573	job_A	K0F5L5	0.04	7.396	22	0.144	111	0.9407	0.7762	NA
3574	job_A	Q17798	0.04	6.23	22	0.122	90	0.7627	0.4245	NA
3575	job_A	I1KAC4	0.04	7.832	22	0.092	54	0.4576	0.1651	NA
3576	job_A	Q5F8R4	0.04	6.23	22	0.138	101	0.8559	0.2525	NA
3577	job_A	E9AG27	0.04	6.597	22	0.1	110	0.9322	0.1752	NA
3578	job_A	A0A3P7E078	0.04	6.597	22	0.129	62	0.5254	0.09	NA
3579	job_A	I1LNW1	0.04	9.844	22	0.06	83	0.7034	0.0982	NA
3580	job_A	3sujA00	0.04	2.679	22	0.111	117	0.9915	0.959	NA
3581	job_A	ProtVar_O00590_Q99720-2_B	0.04	6.268	22	0.089	56	0.4746	0.2759	NA
3582	job_A	6dfd-assembly1.cif.gz_A	0.04	3.395	22	0.095	63	0.5339	0.4599	NA
3583	job_A	6mn6-assembly1.cif.gz_B	0.04	3.206	22	0.142	56	0.4746	0.1886	NA
3584	job_A	6w98-assembly1.cif.gz_A	0.04	3.206	22	0.117	94	0.7966	0.0716	NA
3585	job_A	C0NTS9	0.034	3.321	21	0.101	59	0.5	0.2731	NA
3586	job_A	Q9HVJ5	0.034	7.396	21	0.191	73	0.6186	0.1718	NA
3587	job_A	U7PKH1	0.034	8.78	21	0.141	92	0.7797	0.1779	NA
3588	job_A	af_F1M8T4_938_1020_2.60.20.10	0.034	3.18	21	0.102	49	0.4153	0.5904	NA
3589	job_A	1sqrA00	0.034	3.004	21	0.123	97	0.822	1.115	NA
3590	job_A	af_Q9V6K1_891_1078_2.60.120.260	0.034	3.004	21	0.117	102	0.8644	0.5426	NA
3591	job_A	af_Q99720_12_217_2.60.120.10	0.034	9.426	21	0.089	56	0.4746	0.2718	NA
3592	job_A	4g3nA00	0.034	8.902	21	0.157	57	0.4831	0.1887	NA
3593	job_A	LevyLab_Q8XDK9_V1_2_relaxed_B	0.034	2.371	21	0.078	114	0.9661	0.4207	NA
3594	job_A	LevyLab_A0A0H3JG53_V1_3_relaxed_B	0.034	7.878	21	0.098	51	0.4322	0.1116	NA
3595	job_A	ProtVar_Q93096_Q9H8M5-2_B	0.034	2.239	21	0.096	104	0.8814	0.1219	NA
3596	job_A	5cdf-assembly1.cif.gz_E	0.034	8.475	21	0.196	51	0.4322	0.1118	NA
3597	job_A	A8G1G4	0.029	7.852	20	0.153	65	0.5508	0.189	NA
3598	job_A	Q9I4A1	0.029	6.597	20	0.135	81	0.6864	0.2115	NA
3599	job_A	Q8H1D9	0.029	7.396	20	0.107	65	0.5508	0.1074	NA
3600	job_A	AF-A2A5Z6-2-F1-model_v6	0.029	8.292	20	0.142	77	0.6525	0.1048	NA
3601	job_A	K7LKM1	0.029	9.844	20	0.094	53	0.4492	0.0581	NA
3602	job_A	2yn3B01	0.029	5.634	20	0.125	24	0.2034	0.32	NA
3603	job_A	3dclE02	0.029	7.94	20	0.135	59	0.5	0.686	NA
3604	job_A	af_Q6K9G4_18_110_2.60.120.10	0.029	5.321	20	0.103	97	0.822	1.043	NA
3605	job_A	af_P76081_2_100_2.40.30.10	0.029	3.566	20	0.105	104	0.8814	1.05	NA
3606	job_A	af_Q54VD1_290_401_2.40.70.10	0.029	3.566	20	0.064	93	0.7881	0.8304	NA
3607	job_A	af_P75974_90_216_2.10.109.10	0.029	9.981	20	0.114	61	0.5169	0.4803	NA
3608	job_A	af_Q9T0K3_82_212_2.40.70.10	0.029	5.634	20	0.086	93	0.7881	0.7099	NA
3609	job_A	8es4-assembly1.cif.gz_E	0.029	5.066	20	0.072	96	0.8136	0.1244	NA
3610	job_A	P57153	0.024	9.87	19	0.151	66	0.5593	0.1854	NA
3611	job_A	Q0E2N7	0.024	7.396	19	0.152	59	0.5	0.2489	NA
3612	job_A	A0AAF5DEP9	0.024	8.78	19	0.137	87	0.7373	0.3118	NA
3613	job_A	C0P0C5	0.024	9.844	19	0.125	96	0.8136	0.1839	NA
3614	job_A	Q583J6	0.024	7.832	19	0.1	60	0.5085	0.107	NA
3615	job_A	3h20A01	0.024	7.082	19	0.25	28	0.2373	0.4242	NA
3616	job_A	af_F4IFT4_39_114_2.60.40.1120	0.024	5.966	19	0.106	47	0.3983	0.6184	NA
3617	job_A	af_P01023_352_433_2.60.40.10	0.024	5.025	19	0.129	77	0.6525	0.939	NA
3618	job_A	af_Q54YY8_40_121_2.60.20.10	0.024	7.94	19	0.081	49	0.4153	0.5976	NA
3619	job_A	af_Q57960_1_85_2.30.30.100	0.024	8.902	19	0.106	47	0.3983	0.5529	NA
3620	job_A	af_P22068_42_128_2.40.10.170	0.024	9.981	19	0.193	88	0.7458	1.012	NA
3621	job_A	af_O48852_32_133_2.60.120.10	0.024	6.317	19	0.048	104	0.8814	1.02	NA
3622	job_A	af_Q08CS6_336_485_2.60.120.230	0.024	3.998	19	0.129	85	0.7203	0.5667	NA
3623	job_A	5bwyA01	0.024	4.482	19	0.063	158	1.339	0.7383	NA
3624	job_A	af_O50419_75_527_3.30.1490.100	0.024	5.321	19	0.172	87	0.7373	0.1921	NA
3625	job_A	LevyLab_Q8X4L0_V1_3_relaxed_B	0.024	3.156	19	0.107	112	0.9492	0.2909	NA
3626	job_A	ProtVar_O14498_Q7Z333-3_B	0.024	7.441	19	0.089	89	0.7542	0.0337	NA
3627	job_A	7pt6-assembly1.cif.gz_7	0.024	5.364	19	0.102	98	0.8305	0.1435	NA
3628	job_A	P59450	0.02	9.322	18	0.142	70	0.5932	0.2096	NA
3629	job_A	I1MA51	0.02	8.78	18	0.19	63	0.5339	0.1944	NA
3630	job_A	Q6IWL4	0.02	7.396	18	0.098	81	0.6864	0.1494	NA
3631	job_A	2zuoA08	0.02	9.981	18	0.181	33	0.2797	0.569	NA
3632	job_A	af_P98161_1299_1370_2.60.40.10	0.02	5.321	18	0.068	58	0.4915	0.8056	NA
3633	job_A	af_C6SYR7_40_141_2.60.120.10	0.02	4.746	18	0.09	100	0.8475	0.9804	NA
3634	job_A	2cdpB00	0.02	4.482	18	0.102	107	0.9068	0.8359	NA
3635	job_A	af_A2VEK1_7_139_2.60.120.260	0.02	6.689	18	0.07	71	0.6017	0.5338	NA
3636	job_A	af_I1MA51_1_134_2.60.210.10	0.02	4.482	18	0.19	63	0.5339	0.4701	NA
3637	job_A	af_Q54FD5_360_505_2.60.210.10	0.02	7.082	18	0.111	63	0.5339	0.4315	NA
3638	job_A	af_Q8N8W4_91_255_3.40.1090.10	0.02	8.902	18	0.125	32	0.2712	0.1939	NA
3639	job_A	af_A0A1D8PE86_130_351_2.60.120.260	0.02	5.321	18	0.108	92	0.7797	0.4144	NA
3640	job_A	ModelArchive_ma-k1ufx_D	0.02	5.59	18	0.115	78	0.661	0.5417	NA
3641	job_A	ProtVar_O00590_Q99720_B	0.02	7.878	18	0.09	55	0.4661	0.2466	NA
3642	job_A	LevyLab_P0ABB6_V1_1_relaxed_B	0.02	7.878	18	0.172	87	0.7373	0.1891	NA
3643	job_A	6wgi-assembly1.cif.gz_2	0.02	6.014	18	0.097	103	0.8729	0.1798	NA
3644	job_A	8b9d-assembly1.cif.gz_4	0.02	8.475	18	0.083	96	0.8136	0.1418	NA
3645	job_A	af_K7KB01_69_144_2.60.40.1180	0.016	5.634	17	0.079	101	0.8559	1.329	NA
3646	job_A	af_Q8VDF2_121_205_2.30.30.140	0.016	5.321	17	0.122	90	0.7627	1.059	NA
3647	job_A	af_F1QSR3_345_431_2.60.40.10	0.016	5.634	17	0.144	76	0.6441	0.8736	NA
3648	job_A	af_Q04164_1408_1495_2.60.40.10	0.016	5.966	17	0.121	66	0.5593	0.75	NA
3649	job_A	af_P28192_140_236_2.60.40.10	0.016	6.689	17	0.113	106	0.8983	1.093	NA
3650	job_A	af_Q6JDV7_338_444_3.30.1490.100	0.016	5.321	17	0.133	75	0.6356	0.7009	NA
3651	job_A	af_H2KYC9_206_317_2.60.120.290	0.016	7.499	17	0.078	102	0.8644	0.9107	NA
3652	job_A	af_Q9N5Q0_1_127_2.60.210.10	0.016	5.634	17	0.128	70	0.5932	0.5512	NA
3653	job_A	4a90A00	0.016	8.902	17	0.091	120	1.017	0.916	NA
3654	job_A	3ht2C00	0.016	8.408	17	0.093	75	0.6356	0.5396	NA
3655	job_A	af_Q5ZEM1_88_242_2.60.120.260	0.016	6.317	17	0.113	97	0.822	0.6258	NA
3656	job_A	af_Q5APM8_143_310_2.60.120.260	0.016	9.426	17	0.092	97	0.822	0.5774	NA
3657	job_A	LevyLab_P60873_V1_3_relaxed_A	0.016	8.833	17	0.146	89	0.7542	0.1609	NA
3658	job_A	ProtVar_Q86TG7_Q9BWD3_A	0.016	6.636	17	0.09	121	1.025	0.1709	NA
3659	job_A	6ifz-assembly1.cif.gz_H	0.016	5.679	17	0.112	62	0.5254	0.1797	NA
3660	job_A	1mx0-assembly1.cif.gz_B	0.016	8.004	17	0.096	104	0.8814	0.2286	NA
3661	job_A	4czw-assembly1.cif.gz_A	0.016	9.502	17	0.144	83	0.7034	0.1363	NA
3662	job_A	6uwi-assembly1.cif.gz_J	0.016	8.475	17	0.135	103	0.8729	0.1602	NA
3663	job_A	6rj9-assembly1.cif.gz_C	0.016	8.004	17	0.05	118	1	0.1411	NA
3664	job_A	C1H3W5	0.014	9.297	16	0.096	62	0.5254	0.3626	NA
3665	job_A	2d9rA00	0.014	8.408	16	0.097	103	0.8729	1.241	NA
3666	job_A	af_Q99MF4_219_310_2.60.40.10	0.014	6.689	16	0.104	67	0.5678	0.7283	NA
3667	job_A	af_K7TJG7_68_172_2.60.120.260	0.014	8.902	16	0.142	91	0.7712	0.8667	NA
3668	job_A	af_O17189_5_131_2.60.210.10	0.014	7.94	16	0.133	60	0.5085	0.4724	NA
3669	job_A	af_Q7XEG0_18_150_2.60.210.10	0.014	7.94	16	0.095	63	0.5339	0.4737	NA
3670	job_A	af_Q80TT8_494_636_2.60.120.260	0.014	9.981	16	0.087	91	0.7712	0.6364	NA
3671	job_A	af_Q9LUJ7_61_262_2.60.120.10	0.014	5.966	16	0.142	77	0.6525	0.3812	NA
3672	job_A	LevyLab_Q8XCK1_V1_3_relaxed_B	0.014	7.441	16	0.141	85	0.7203	0.2196	NA
3673	job_A	ProtVar_P01308_P15313_B	0.014	7.878	16	0.101	99	0.839	0.193	NA
3674	job_A	4psp-assembly2.cif.gz_B	0.014	8.974	16	0.078	51	0.4322	0.0875	NA
3675	job_A	af_E7EXE8_1097_1188_2.60.40.10	0.011	8.408	15	0.1	70	0.5932	0.7609	NA
3676	job_A	af_F1Q5U3_1229_1324_2.60.40.10	0.011	6.689	15	0.119	67	0.5678	0.6979	NA
3677	job_A	af_K7MP55_157_266_3.30.1370.10	0.011	7.499	15	0.125	64	0.5424	0.5818	NA
3678	job_A	af_Q9SK09_83_262_2.60.120.10	0.011	9.981	15	0.048	62	0.5254	0.3444	NA
3679	job_A	af_Q9W2S8_24_227_2.60.40.1730	0.011	9.981	15	0.079	88	0.7458	0.4314	NA
3680	job_A	ModelArchive_ma-t3vr3-818_B	0.011	9.353	15	0.093	96	0.8136	0.4465	NA
3681	job_A	ProtVar_P58166_Q99619_A	0.011	7.027	15	0.087	114	0.9661	0.3257	NA
3682	job_A	LevyLab_P0ABH2_V1_3_relaxed_B	0.011	9.903	15	0.071	112	0.9492	0.2667	NA
3683	job_A	ProtVar_Q6PCB0_Q9Y2B0_A	0.011	9.353	15	0.101	89	0.7542	0.2	NA
3684	job_A	ProtVar_Q96FT7_Q9NRU3_B	0.011	8.833	15	0.095	115	0.9746	0.1209	NA
3685	job_A	af_O07175_146_258_2.40.10.10	0.01	9.426	14	0.129	77	0.6525	0.6814	NA
3686	job_A	af_K7L281_26_158_3.90.79.10	0.01	9.981	14	0.111	72	0.6102	0.5414	NA
3687	job_A	af_E7F1Z9_60_216_2.60.120.200	0.01	8.902	14	0.078	64	0.5424	0.4076	NA
3688	job_A	af_P9WIJ1_24_224_2.30.110.10	0.01	5.966	14	0.259	27	0.2288	0.1343	NA
3689	job_A	ProtVar_P78552_Q9UMR7_A	0.01	8.833	14	0.115	52	0.4407	0.1218	NA
3690	job_A	af_Q57730_15_149_2.30.110.10	0.009	7.082	13	0.156	32	0.2712	0.237	NA
