acc	dist	pos22	pos23	pos24	pos25	pos26	pos27	pos28	pos29	pos30	pos54	pos55	pos56	pos57	pos58	pos59	pos60	pos61	pos62	pos69	pos70	pos71	pos72	pos73	pos74	pos75	pos76	cat
Q0TLK2	4.55	TYR	GLU	GLY	SER	CYS	ALA	ILE	ASP	GLN	ARG	PHE	SER	THR	TYR	ALA	ILE	ALA	ALA	ILE	SER	VAL	ASN	GLY	ALA	ALA	ALA	optimal
B7NI91	4.46	TYR	GLU	GLY	SER	CYS	ALA	ILE	ASP	GLN	ARG	PHE	SER	THR	TYR	ALA	ILE	ALA	ALA	ILE	SER	VAL	ASN	GLY	ALA	ALA	ALA	tight
A0A376ZNN1	4.37	TYR	GLU	GLY	SER	CYS	ALA	ILE	ASP	GLN	ARG	PHE	SER	THR	TYR	ALA	ILE	ALA	ALA	ILE	SER	VAL	ASN	GLY	ALA	ALA	ALA	tight
B4SUA6	4.5	TYR	GLU	GLY	SER	CYS	ALA	ILE	ASP	GLN	ARG	PHE	SER	THR	TYR	ALA	ILE	ALA	ALA	ILE	SER	VAL	ASN	GLY	ALA	ALA	ALA	tight
B1IQK9	4.82	TYR	GLU	GLY	SER	CYS	ALA	ILE	ASP	GLN	ARG	PHE	SER	THR	TYR	ALA	ILE	ALA	ALA	ILE	SER	VAL	ASN	GLY	ALA	ALA	ALA	optimal
B1XCA6	4.44	TYR	GLU	GLY	SER	CYS	ALA	ILE	ASP	GLN	ARG	PHE	SER	THR	TYR	ALA	ILE	ALA	ALA	ILE	SER	VAL	ASN	GLY	ALA	ALA	ALA	tight
B5YZG7	4.91	TYR	GLU	GLY	SER	CYS	ALA	ILE	ASP	GLN	ARG	PHE	SER	THR	TYR	ALA	ILE	ALA	ALA	ILE	SER	VAL	ASN	GLY	ALA	ALA	ALA	optimal
B1LGT2	4.84	TYR	GLU	GLY	SER	CYS	ALA	ILE	ASP	GLN	ARG	PHE	SER	THR	TYR	ALA	ILE	ALA	ALA	ILE	SER	VAL	ASN	GLY	ALA	ALA	ALA	optimal
Q3Z5M9	4.39	TYR	GLU	GLY	SER	CYS	ALA	ILE	ASP	GLN	ARG	PHE	SER	THR	TYR	ALA	ILE	ALA	ALA	ILE	SER	VAL	ASN	GLY	ALA	ALA	ALA	tight
P65663	4.52	TYR	GLU	GLY	SER	CYS	ALA	ILE	ASP	GLN	ARG	PHE	SER	THR	TYR	ALA	ILE	ALA	ALA	ILE	SER	VAL	ASN	GLY	ALA	ALA	ALA	optimal
A7ZHM0	4.69	TYR	GLU	GLY	SER	CYS	ALA	ILE	ASP	GLN	ARG	PHE	SER	THR	TYR	ALA	ILE	ALA	ALA	ILE	SER	VAL	ASN	GLY	ALA	ALA	ALA	optimal
A7ZW80	4.48	TYR	GLU	GLY	SER	CYS	ALA	ILE	ASP	GLN	ARG	PHE	SER	THR	TYR	ALA	ILE	ALA	ALA	ILE	SER	VAL	ASN	GLY	ALA	ALA	ALA	tight
P0A792	4.5	TYR	GLU	GLY	SER	CYS	ALA	ILE	ASP	GLN	ARG	PHE	SER	THR	TYR	ALA	ILE	ALA	ALA	ILE	SER	VAL	ASN	GLY	ALA	ALA	ALA	tight
B7LGJ3	5.05	TYR	GLU	GLY	SER	CYS	ALA	ILE	ASP	GLN	ARG	PHE	SER	THR	TYR	ALA	ILE	ALA	ALA	ILE	SER	VAL	ASN	GLY	ALA	ALA	ALA	optimal
B7UIH9	4.36	TYR	GLU	GLY	SER	CYS	ALA	ILE	ASP	GLN	ARG	PHE	SER	THR	TYR	ALA	ILE	ALA	ALA	ILE	SER	VAL	ASN	GLY	ALA	ALA	ALA	tight
A1A7H7	5.04	TYR	GLU	GLY	SER	CYS	ALA	ILE	ASP	GLN	ARG	PHE	SER	THR	TYR	ALA	ILE	ALA	ALA	ILE	SER	VAL	ASN	GLY	ALA	ALA	ALA	optimal
Q326A6	5.07	TYR	GLU	GLY	SER	CYS	ALA	ILE	ASP	GLN	ARG	PHE	SER	THR	TYR	ALA	ILE	ALA	ALA	ILE	SER	VAL	ASN	GLY	ALA	ALA	ALA	optimal
C0Q5P2	4.53	TYR	GLU	GLY	SER	CYS	ALA	ILE	ASP	GLN	ARG	PHE	SER	THR	TYR	ALA	ILE	ALA	ALA	ILE	SER	VAL	ASN	GLY	ALA	ALA	ALA	optimal
Q0T870	4.39	TYR	GLU	GLY	SER	CYS	ALA	ILE	ASP	GLN	ARG	PHE	SER	THR	TYR	ALA	ILE	ALA	ALA	ILE	SER	VAL	ASN	GLY	ALA	ALA	ALA	tight
B5FIX6	4.5	TYR	GLU	GLY	SER	CYS	ALA	ILE	ASP	GLN	ARG	PHE	SER	THR	TYR	ALA	ILE	ALA	ALA	ILE	SER	VAL	ASN	GLY	ALA	ALA	ALA	tight
A9MZS9	4.53	TYR	GLU	GLY	SER	CYS	ALA	ILE	ASP	GLN	ARG	PHE	SER	THR	TYR	ALA	ILE	ALA	ALA	ILE	SER	VAL	ASN	GLY	ALA	ALA	ALA	optimal
B4TXN2	4.5	TYR	GLU	GLY	SER	CYS	ALA	ILE	ASP	GLN	ARG	PHE	SER	THR	TYR	ALA	ILE	ALA	ALA	ILE	SER	VAL	ASN	GLY	ALA	ALA	ALA	tight
B5F831	4.52	TYR	GLU	GLY	SER	CYS	ALA	ILE	ASP	GLN	ARG	PHE	SER	THR	TYR	ALA	ILE	ALA	ALA	ILE	SER	VAL	ASN	GLY	ALA	ALA	ALA	optimal
P0C7I4	5.0	TYR	GLU	GLY	SER	CYS	ALA	ILE	ASP	GLN	ARG	PHE	SER	THR	TYR	ALA	ILE	ALA	ALA	ILE	SER	VAL	ASN	GLY	ALA	ALA	ALA	optimal
P0A790	5.05	TYR	GLU	GLY	SER	CYS	ALA	ILE	ASP	GLN	ARG	PHE	SER	THR	TYR	ALA	ILE	ALA	ALA	ILE	SER	VAL	ASN	GLY	ALA	ALA	ALA	optimal
P0A791	4.44	TYR	GLU	GLY	SER	CYS	ALA	ILE	ASP	GLN	ARG	PHE	SER	THR	TYR	ALA	ILE	ALA	ALA	ILE	SER	VAL	ASN	GLY	ALA	ALA	ALA	tight
B6HZA6	4.75	TYR	GLU	GLY	SER	CYS	ALA	ILE	ASP	GLN	ARG	PHE	SER	THR	TYR	ALA	ILE	ALA	ALA	ILE	SER	VAL	ASN	GLY	ALA	ALA	ALA	optimal
B7M172	5.0	TYR	GLU	GLY	SER	CYS	ALA	ILE	ASP	GLN	ARG	PHE	SER	THR	TYR	ALA	ILE	ALA	ALA	ILE	SER	VAL	ASN	GLY	ALA	ALA	ALA	optimal
B7MNZ3	4.41	TYR	GLU	GLY	SER	CYS	ALA	ILE	ASP	GLN	ARG	PHE	SER	THR	TYR	ALA	ILE	ALA	ALA	ILE	SER	VAL	ASN	GLY	ALA	ALA	ALA	tight
Q5PDB9	4.53	TYR	GLU	GLY	SER	CYS	ALA	ILE	ASP	GLN	ARG	PHE	SER	THR	TYR	ALA	ILE	ALA	ALA	ILE	SER	VAL	ASN	GLY	ALA	ALA	ALA	optimal
A8ALF1	4.54	TYR	GLU	GLY	SER	CYS	ALA	ILE	ASP	GLN	ARG	PHE	SER	THR	TYR	ALA	ILE	ALA	ALA	ILE	SER	VAL	ASN	GLY	ALA	ALA	ALA	optimal
B5RHB9	4.54	TYR	GLU	GLY	SER	CYS	ALA	ILE	ASP	GLN	ARG	PHE	SER	THR	TYR	ALA	ILE	ALA	ALA	ILE	SER	VAL	ASN	GLY	ALA	ALA	ALA	optimal
Q32K78	4.88	TYR	GLU	GLY	SER	CYS	ALA	ILE	ASP	GLN	ARG	PHE	SER	THR	TYR	ALA	ILE	ALA	ALA	ILE	SER	VAL	ASN	GLY	ALA	ALA	ALA	optimal
B7LW38	4.44	TYR	GLU	GLY	SER	CYS	ALA	ILE	ASP	GLN	ARG	PHE	SER	THR	TYR	ALA	ILE	ALA	ALA	ILE	SER	VAL	ASN	GLY	ALA	ALA	ALA	tight
B5BL63	4.54	TYR	GLU	GLY	SER	CYS	ALA	ILE	ASP	GLN	ARG	PHE	SER	THR	TYR	ALA	ILE	ALA	ALA	ILE	SER	VAL	ASN	GLY	ALA	ALA	ALA	optimal
Q1RG60	5.01	TYR	GLU	GLY	SER	CYS	ALA	ILE	ASP	GLN	ARG	PHE	SER	THR	TYR	ALA	ILE	ALA	ALA	ILE	SER	VAL	ASN	GLY	ALA	ALA	ALA	optimal
B5R3E4	4.57	TYR	GLU	GLY	SER	CYS	ALA	ILE	ASP	GLN	ARG	PHE	SER	THR	TYR	ALA	ILE	ALA	ALA	ILE	SER	VAL	ASN	GLY	ALA	ALA	ALA	optimal
P0A793	4.42	TYR	GLU	GLY	SER	CYS	ALA	ILE	ASP	GLN	ARG	PHE	SER	THR	TYR	ALA	ILE	ALA	ALA	ILE	SER	VAL	ASN	GLY	ALA	ALA	ALA	tight
B4TK03	4.52	TYR	GLU	GLY	SER	CYS	ALA	ILE	ASP	GLN	ARG	PHE	SER	THR	TYR	ALA	ILE	ALA	ALA	ILE	SER	VAL	ASN	GLY	ALA	ALA	ALA	optimal
B2U2X8	4.61	TYR	GLU	GLY	SER	CYS	ALA	ILE	ASP	GLN	ARG	PHE	SER	THR	TYR	ALA	ILE	ALA	ALA	ILE	SER	VAL	ASN	GLY	ALA	ALA	ALA	optimal
G5S6F5	4.53	GLY	LYS	GLU	VAL	MET	ILE	ARG	THR	MET	ASP	GLN	ASP	PHE	LEU	ASP	ALA	SER	GLY	ILE	ASP	ILE	TRP	ASN	VAL	THR	ASN	optimal
B7N801	5.03	TYR	GLU	GLY	SER	CYS	ALA	ILE	ASP	GLN	ARG	PHE	SER	THR	TYR	ALA	ILE	ALA	ALA	ILE	SER	VAL	ASN	GLY	ALA	ALA	ALA	optimal
Q57T75	4.51	TYR	GLU	GLY	SER	CYS	ALA	ILE	ASP	GLN	ARG	PHE	SER	THR	TYR	ALA	ILE	ALA	ALA	ILE	SER	VAL	ASN	GLY	ALA	ALA	ALA	optimal
C4ZRM4	5.0	TYR	GLU	GLY	SER	CYS	ALA	ILE	ASP	GLN	ARG	PHE	SER	THR	TYR	ALA	ILE	ALA	ALA	ILE	SER	VAL	ASN	GLY	ALA	ALA	ALA	optimal
P65662	4.64	TYR	GLU	GLY	SER	CYS	ALA	ILE	ASP	GLN	ARG	PHE	SER	THR	TYR	ALA	ILE	ALA	ALA	ILE	SER	VAL	ASN	GLY	ALA	ALA	ALA	optimal
B7MBB4	5.01	TYR	GLU	GLY	SER	CYS	ALA	ILE	ASP	GLN	ARG	PHE	SER	THR	TYR	ALA	ILE	ALA	ALA	ILE	SER	VAL	ASN	GLY	ALA	ALA	ALA	optimal
A9MPM3	4.67	TYR	GLU	GLY	SER	CYS	ALA	ILE	ASP	GLN	ARG	PHE	SER	THR	TYR	ALA	ILE	ALA	ALA	ILE	SER	VAL	ASN	GLY	ALA	ALA	ALA	optimal
A4W6N6	4.53	TYR	GLU	GLY	SER	CYS	ALA	ILE	ASP	GLN	ARG	PHE	SER	THR	TYR	ALA	ILE	ALA	GLY	ILE	SER	VAL	ASN	GLY	ALA	ALA	ALA	optimal
A0A2S9UED0	4.77	TYR	GLU	GLY	SER	CYS	ALA	ILE	ASP	GLN	ARG	PHE	SER	THR	TYR	ALA	ILE	ALA	GLY	ILE	SER	VAL	ASN	GLY	ALA	ALA	ALA	optimal
A7MGP8	4.53	TYR	GLU	GLY	SER	CYS	ALA	ILE	ASP	GLN	ARG	PHE	SER	THR	TYR	ALA	ILE	ALA	GLY	ILE	SER	VAL	ASN	GLY	ALA	ALA	ALA	optimal
A0A0H3GRW9	4.44	GLU	GLY	SER	CYS	ALA	ILE	ASP	GLN	ASP	PHE	SER	THR	TYR	ALA	ILE	ALA	ALA	GLU	SER	VAL	ASN	GLY	ALA	ALA	ALA	HIS	tight
A0A5U3NPZ0	4.51	TYR	GLU	GLY	SER	CYS	ALA	ILE	ASP	GLN	ARG	PHE	SER	THR	TYR	ALA	ILE	ALA	ALA	ILE	SER	VAL	ASN	GLY	ALA	ALA	ALA	optimal
A0A366I841	4.52	TYR	GLU	GLY	SER	CYS	ALA	ILE	ASP	GLN	ARG	PHE	SER	THR	TYR	ALA	ILE	ALA	GLY	ILE	SER	VAL	ASN	GLY	ALA	ALA	ALA	optimal
B2VD17	5.26	TYR	GLU	GLY	SER	CYS	ALA	ILE	ASP	GLN	ARG	PHE	SER	THR	TYR	ALA	ILE	ALA	ALA	ILE	SER	VAL	ASN	GLY	ALA	ALA	ALA	optimal
B4EUD1	4.6	TYR	GLU	GLY	SER	CYS	ALA	ILE	ASP	GLN	ARG	PHE	SER	THR	TYR	ALA	ILE	CYS	ALA	ILE	SER	VAL	ASN	GLY	ALA	ALA	ALA	optimal
C6DC49	5.19	TYR	GLU	GLY	SER	CYS	ALA	ILE	ASP	GLN	ARG	PHE	SER	THR	TYR	ALA	ILE	ALA	GLY	ILE	SER	VAL	ASN	GLY	ALA	ALA	ALA	optimal
Q7N871	4.52	TYR	GLU	GLY	SER	CYS	ALA	MET	ASP	GLN	ARG	PHE	SER	THR	TYR	ALA	ILE	ALA	ALA	ILE	SER	VAL	ASN	GLY	ALA	ALA	ALA	optimal
Q1C3V6	4.52	TYR	GLU	GLY	SER	CYS	ALA	ILE	ASP	GLN	ARG	PHE	SER	THR	TYR	ALA	ILE	ALA	ALA	ILE	SER	VAL	ASN	GLY	ALA	ALA	ALA	optimal
Q6D1X4	4.58	TYR	GLU	GLY	SER	CYS	ALA	ILE	ASP	GLN	ARG	PHE	SER	THR	TYR	ALA	ILE	ALA	GLY	ILE	SER	VAL	ASN	GLY	ALA	ALA	ALA	optimal
A4TPV3	4.53	TYR	GLU	GLY	SER	CYS	ALA	ILE	ASP	GLN	ARG	PHE	SER	THR	TYR	ALA	ILE	ALA	ALA	ILE	SER	VAL	ASN	GLY	ALA	ALA	ALA	optimal
A7FM24	4.49	TYR	GLU	GLY	SER	CYS	ALA	ILE	ASP	GLN	ARG	PHE	SER	THR	TYR	ALA	ILE	ALA	ALA	ILE	SER	VAL	ASN	GLY	ALA	ALA	ALA	tight
A0A380QNF7	4.56	ILE	ARG	VAL	LYS	GLY	LYS	ALA	MET	ILE	CYS	ALA	ILE	ASP	GLN	ASP	PHE	LEU	GLU	TYR	GLU	ALA	ILE	ASP	ILE	TYR	ASN	optimal
B2K532	5.1	TYR	GLU	GLY	SER	CYS	ALA	ILE	ASP	GLN	ARG	PHE	SER	THR	TYR	ALA	ILE	ALA	ALA	ILE	SER	VAL	ASN	GLY	ALA	ALA	ALA	optimal
A8GIZ8	5.2	TYR	GLU	GLY	SER	CYS	ALA	ILE	ASP	GLN	ARG	PHE	SER	THR	TYR	ALA	ILE	ALA	ALA	ILE	SER	VAL	ASN	GLY	ALA	ALA	ALA	optimal
B1JK37	5.12	TYR	GLU	GLY	SER	CYS	ALA	ILE	ASP	GLN	ARG	PHE	SER	THR	TYR	ALA	ILE	ALA	ALA	ILE	SER	VAL	ASN	GLY	ALA	ALA	ALA	optimal
A1JJN6	4.86	TYR	GLU	GLY	SER	CYS	ALA	ILE	ASP	GLN	ARG	PHE	SER	THR	TYR	ALA	ILE	ALA	ALA	ILE	SER	VAL	ASN	GLY	ALA	ALA	ALA	optimal
Q66EG5	5.13	TYR	GLU	GLY	SER	CYS	ALA	ILE	ASP	GLN	ARG	PHE	SER	THR	TYR	ALA	ILE	ALA	ALA	ILE	SER	VAL	ASN	GLY	ALA	ALA	ALA	optimal
Q8ZBK6	5.17	TYR	GLU	GLY	SER	CYS	ALA	ILE	ASP	GLN	ARG	PHE	SER	THR	TYR	ALA	ILE	ALA	ALA	ILE	SER	VAL	ASN	GLY	ALA	ALA	ALA	optimal
Q1CLW2	5.19	TYR	GLU	GLY	SER	CYS	ALA	ILE	ASP	GLN	ARG	PHE	SER	THR	TYR	ALA	ILE	ALA	ALA	ILE	SER	VAL	ASN	GLY	ALA	ALA	ALA	optimal
E9CLG3	4.55	LEU	GLN	GLY	LYS	LEU	HIS	ARG	VAL	LYS	ILE	LEU	GLU	TYR	GLU	ALA	ILE	ASP	ILE	GLN	ARG	PHE	SER	THR	TYR	ALA	ILE	optimal
C5B9K4	5.78	TYR	GLU	GLY	SER	CYS	ALA	ILE	ASP	GLN	ARG	PHE	SER	THR	TYR	ALA	ILE	ALA	ALA	ILE	SER	VAL	ASN	GLY	ALA	ALA	ALA	wide
Q2NVR4	5.08	TYR	GLU	GLY	SER	CYS	ALA	ILE	ASP	GLN	ARG	PHE	SER	THR	TYR	ALA	ILE	ALA	ALA	ILE	SER	VAL	ASN	GLY	ALA	ALA	ALA	optimal
A9R1G4	5.83	TYR	GLU	GLY	SER	CYS	ALA	ILE	ASP	GLN	ARG	PHE	SER	THR	TYR	ALA	ILE	ALA	ALA	ILE	SER	VAL	ASN	GLY	ALA	ALA	ALA	wide
A0AAV3M5X5	4.53	ARG	LYS	MET	LEU	LEU	GLY	LYS	LEU	HIS	ALA	VAL	GLY	ILE	LEU	GLU	TYR	GLU	ALA	ASP	ASN	GLY	GLU	ARG	PHE	SER	THR	optimal
A0A7R9LA66	4.52	TYR	GLU	GLY	SER	CYS	ALA	ILE	ASP	GLY	ARG	PHE	THR	THR	TYR	ALA	ILE	ARG	GLY	ILE	SER	VAL	ASN	GLY	GLY	ALA	ALA	optimal
A0A4R0FK03	4.57	TYR	GLU	GLY	SER	CYS	ALA	ILE	ASP	GLY	ARG	PHE	ALA	THR	TYR	ALA	ILE	ARG	GLY	ILE	SER	VAL	ASN	GLY	GLY	ALA	ALA	optimal
B8GNA7	4.49	TYR	GLU	GLY	SER	CYS	ALA	ILE	ASP	GLY	ARG	PHE	THR	THR	TYR	ALA	ILE	ARG	ALA	ILE	SER	VAL	ASN	GLY	ALA	ALA	ALA	tight
A0A9D7MZZ1	4.53	TYR	GLU	GLY	SER	VAL	THR	ILE	ASP	GLN	ARG	LEU	THR	THR	TYR	ALA	LEU	SER	GLY	ILE	CYS	LEU	ASN	GLY	ALA	ALA	ALA	optimal
A0A2Z6IJ20	4.4	GLU	TYR	GLU	GLY	SER	CYS	ALA	ILE	ASP	ASP	ARG	PHE	SER	THR	TYR	ALA	ILE	SER	ILE	ILE	SER	VAL	ASN	GLY	ALA	ALA	tight
A0A385ESN2	4.58	TYR	GLU	GLY	SER	CYS	ALA	ILE	ASP	GLY	ARG	PHE	THR	THR	TYR	ALA	ILE	ARG	GLY	ILE	SER	VAL	ASN	GLY	GLY	ALA	ALA	optimal
A0A970S7P9	4.56	TYR	GLU	GLY	SER	CYS	ALA	ILE	ASP	GLY	ARG	PHE	THR	THR	TYR	ALA	ILE	ARG	GLY	ILE	SER	VAL	ASN	GLY	GLY	ALA	ALA	optimal
A5WHA7	4.48	TYR	GLU	GLY	SER	CYS	GLY	ILE	ASP	GLY	ARG	PHE	ARG	THR	TYR	ALA	ILE	ARG	ALA	ILE	SER	LEU	ASN	GLY	ALA	ALA	ALA	tight
A0AAN4MF58	4.56	TYR	GLU	GLY	SER	CYS	ALA	ILE	ASP	GLY	ARG	PHE	THR	THR	TYR	ALA	ILE	ARG	GLY	ILE	SER	VAL	ASN	GLY	GLY	ALA	ALA	optimal
B7I7B4	5.25	TYR	GLU	GLY	SER	CYS	ALA	ILE	ASP	GLY	ARG	PHE	THR	THR	TYR	ALA	ILE	ARG	GLY	ILE	SER	VAL	ASN	GLY	GLY	ALA	ALA	optimal
A1VKS5	4.56	TYR	GLU	GLY	SER	CYS	ALA	ILE	ASP	GLU	ARG	PHE	ILE	THR	TYR	ALA	ILE	ARG	ALA	ILE	SER	VAL	ASN	GLY	SER	ALA	ALA	optimal
C4L931	5.25	TYR	GLU	GLY	SER	CYS	GLY	ILE	ASP	GLN	ARG	PHE	SER	THR	TYR	ALA	ILE	SER	GLY	ILE	SER	LEU	ASN	GLY	ALA	ALA	ALA	optimal
N8WBL4	4.6	TYR	GLU	GLY	SER	CYS	ALA	ILE	ASP	GLY	ARG	PHE	THR	THR	TYR	ALA	ILE	ARG	GLY	ILE	SER	VAL	ASN	GLY	GLY	ALA	ALA	optimal
B0VTX3	5.28	TYR	GLU	GLY	SER	CYS	ALA	ILE	ASP	GLY	ARG	PHE	THR	THR	TYR	ALA	ILE	ARG	GLY	ILE	SER	VAL	ASN	GLY	GLY	ALA	ALA	optimal
A0AAE6WUI5	4.56	TYR	GLU	GLY	SER	CYS	ALA	ILE	ASP	GLY	ARG	PHE	THR	THR	TYR	ALA	ILE	ARG	GLY	ILE	SER	VAL	ASN	GLY	GLY	ALA	ALA	optimal
Q4FVB6	6.02	TYR	GLU	GLY	SER	CYS	GLY	ILE	ASP	GLY	ARG	PHE	ARG	THR	TYR	ALA	ILE	ARG	ALA	ILE	SER	LEU	ASN	GLY	ALA	ALA	ALA	wide
A0A9X1WYV8	4.56	TYR	GLU	GLY	SER	CYS	ALA	ILE	ASP	GLY	ARG	PHE	ALA	THR	TYR	ALA	ILE	ARG	GLY	ILE	SER	VAL	ASN	GLY	GLY	ALA	ALA	optimal
B7GYR1	4.95	TYR	GLU	GLY	SER	CYS	ALA	ILE	ASP	GLY	ARG	PHE	THR	THR	TYR	ALA	ILE	ARG	GLY	ILE	SER	VAL	ASN	GLY	GLY	ALA	ALA	optimal
A0A3E1D919	4.53	ASN	ALA	MET	GLN	ARG	THR	MET	LEU	LYS	ASP	LEU	LEU	ASP	ALA	ALA	ASP	ILE	LEU	ILE	TYR	ASN	VAL	THR	ASN	GLY	GLU	optimal
Q87EV8	4.68	TYR	GLU	GLY	SER	ILE	ALA	ILE	ASP	GLY	ARG	PHE	THR	THR	TYR	ALA	ILE	ARG	ALA	ILE	SER	VAL	ASN	GLY	GLY	ALA	ALA	optimal
A0A145X5I0	4.59	TYR	GLU	GLY	SER	CYS	ALA	ILE	ASP	GLY	ARG	PHE	THR	THR	TYR	ALA	ILE	ARG	GLY	ILE	SER	VAL	ASN	GLY	GLY	ALA	ALA	optimal
A0A9D7KDB0	4.52	TYR	GLU	GLY	SER	CYS	ALA	ILE	ASP	GLU	ARG	PHE	THR	THR	TYR	ALA	ILE	ARG	ALA	ILE	SER	VAL	ASN	GLY	ALA	ALA	ALA	optimal
B8GYS2	4.6	TYR	GLU	GLY	SER	ILE	ALA	ILE	ASP	ARG	ARG	PHE	THR	THR	TYR	ALA	ILE	GLU	ALA	ILE	GLY	VAL	ASN	GLY	ALA	ALA	ALA	optimal
B0T725	4.52	TYR	GLU	GLY	SER	ILE	ALA	ILE	ASP	THR	ARG	PHE	THR	THR	TYR	ALA	ILE	ALA	ALA	ILE	GLY	VAL	ASN	GLY	ALA	ALA	ALA	optimal
Q1QED7	4.91	TYR	GLU	GLY	SER	CYS	GLY	ILE	ASP	GLY	ARG	PHE	ARG	THR	TYR	ALA	ILE	ARG	ALA	ILE	SER	LEU	ASN	GLY	ALA	ALA	ALA	optimal
A0A520S9G7	4.61	TYR	ILE	GLY	SER	CYS	ALA	ILE	ASP	GLN	ARG	LEU	VAL	THR	TYR	ALA	ILE	LYS	ALA	ILE	SER	VAL	ASN	GLY	SER	THR	ALA	optimal
A0A537E5G1	4.56	TYR	GLU	GLY	SER	ILE	GLU	ILE	ASP	SER	ARG	PHE	SER	THR	TYR	ALA	LEU	SER	ALA	VAL	ALA	VAL	ASN	GLY	ALA	ALA	ALA	optimal
A1AUV5	5.04	TYR	GLU	GLY	SER	ILE	THR	ILE	ASP	ARG	ARG	LEU	GLU	THR	TYR	ALA	ILE	GLU	GLY	ILE	CYS	LEU	ASN	GLY	ALA	ALA	ALA	optimal
A0A2V5NXA9	4.5	TYR	GLU	GLY	SER	ILE	GLU	ILE	ASP	SER	ARG	PHE	SER	THR	TYR	ALA	LEU	SER	ALA	VAL	ALA	ILE	ASN	GLY	ALA	ALA	ALA	tight
A0A537H0G7	4.48	TYR	GLU	GLY	SER	ILE	GLU	ILE	ASP	SER	ARG	PHE	SER	THR	TYR	ALA	LEU	PRO	ALA	ILE	ALA	LEU	ASN	GLY	ALA	ALA	ALA	tight
A0A537FB65	4.51	TYR	GLU	GLY	SER	ILE	GLU	ILE	ASP	SER	ARG	PHE	SER	THR	TYR	ALA	LEU	PRO	ALA	ILE	ALA	LEU	ASN	GLY	ALA	ALA	ALA	optimal
A0A1Q7SQP4	4.49	TYR	GLU	GLY	SER	ILE	GLU	ILE	ASP	SER	ARG	PHE	SER	THR	TYR	ALA	LEU	PRO	ALA	ILE	ALA	LEU	ASN	GLY	ALA	ALA	ALA	tight
Q02FU1	4.55	TYR	GLU	GLY	SER	CYS	ALA	ILE	ASP	GLY	ARG	PHE	THR	THR	TYR	ALA	ILE	ARG	ALA	ILE	SER	VAL	ASN	GLY	ALA	ALA	ALA	optimal
A0A537H879	4.45	TYR	GLU	GLY	SER	ILE	GLU	ILE	ASP	SER	ARG	PHE	SER	THR	TYR	ALA	LEU	SER	ALA	VAL	ALA	ILE	ASN	GLY	ALA	ALA	ALA	tight
A0A062UCB9	4.52	MET	LEU	LYS	ALA	LYS	LEU	HIS	SER	ALA	GLY	ILE	LEU	PRO	ASN	GLU	ARG	VAL	ASP	GLY	ALA	ARG	ILE	GLN	THR	TYR	ALA	optimal
Q7NXI9	4.83	TYR	ILE	GLY	SER	CYS	ALA	ILE	ASP	GLU	ARG	PHE	ALA	THR	TYR	ALA	ILE	LYS	ALA	ILE	SER	VAL	ASN	GLY	SER	ALA	ALA	optimal
A0A377WCL7	4.55	TYR	GLU	GLY	SER	CYS	ALA	ILE	ASP	GLN	ARG	PHE	SER	THR	TYR	ALA	ILE	ALA	ALA	ILE	SER	VAL	ASN	GLY	ALA	ALA	ALA	optimal
A0A1Q7IDQ2	4.52	TYR	GLU	GLY	SER	ILE	GLU	ILE	ASP	SER	ARG	PHE	SER	THR	TYR	ALA	LEU	SER	ALA	VAL	ALA	ILE	ASN	GLY	ALA	ALA	ALA	optimal
A0A537FS56	4.75	TYR	GLU	GLY	SER	ILE	GLU	ILE	ASP	SER	ARG	PHE	SER	THR	TYR	ALA	LEU	SER	ALA	VAL	ALA	ILE	ASN	GLY	ALA	ALA	ALA	optimal
A0A537FXW5	4.54	TYR	GLU	GLY	SER	ILE	GLU	ILE	ASP	SER	ARG	PHE	SER	THR	TYR	ALA	LEU	SER	ALA	VAL	ALA	VAL	ASN	GLY	ALA	ALA	ALA	optimal
A0A060GY28	4.79	LEU	LYS	ALA	LYS	ILE	HIS	ARG	ALA	THR	LEU	TYR	GLU	PHE	GLU	LYS	VAL	HIS	ILE	ALA	ARG	PHE	THR	THR	TYR	ALA	ILE	optimal
Q31FF9	4.33	TYR	GLU	GLY	SER	CYS	ALA	ILE	ASP	GLY	ARG	PHE	THR	THR	TYR	ALA	ILE	ARG	ALA	ILE	SER	VAL	ASN	GLY	ALA	ALA	ALA	tight
A0A2G2LX95	4.53	TYR	GLU	GLY	SER	CYS	ALA	ILE	ASP	SER	ARG	PHE	THR	THR	TYR	ALA	ILE	ARG	ALA	ILE	SER	VAL	ASN	GLY	ALA	ALA	ALA	optimal
A0A7Y4UKY9	4.76	TYR	GLU	GLY	SER	CYS	ALA	ILE	ASP	GLU	ARG	PHE	SER	THR	TYR	ALA	ILE	LEU	GLY	ILE	SER	VAL	ASN	GLY	ALA	ALA	ALA	optimal
Q6F8I6	5.12	TYR	GLU	GLY	SER	CYS	ALA	ILE	ASP	GLY	ARG	PHE	THR	THR	TYR	ALA	ILE	ARG	GLY	ILE	SER	VAL	ASN	GLY	GLY	ALA	ALA	optimal
B0V8G1	5.29	TYR	GLU	GLY	SER	CYS	ALA	ILE	ASP	GLY	ARG	PHE	THR	THR	TYR	ALA	ILE	ARG	GLY	ILE	SER	VAL	ASN	GLY	GLY	ALA	ALA	optimal
A0A537GAP5	4.64	TYR	GLU	GLY	SER	ILE	GLU	ILE	ASP	SER	ARG	PHE	SER	THR	TYR	ALA	LEU	PRO	ALA	ILE	ALA	LEU	ASN	GLY	ALA	ALA	ALA	optimal
A0A537DUH3	4.45	TYR	GLU	GLY	SER	ILE	GLU	ILE	ASP	SER	ARG	PHE	SER	THR	TYR	ALA	LEU	PRO	ALA	ILE	ALA	LEU	ASN	GLY	ALA	ALA	ALA	tight
A0A7W2GG94	4.55	TYR	GLU	GLY	SER	ILE	THR	ILE	ASP	LYS	ARG	PHE	ILE	THR	TYR	VAL	ILE	GLU	GLY	ILE	CYS	THR	ASN	GLY	ALA	ALA	ALA	optimal
A0A537DHD8	4.5	TYR	GLU	GLY	SER	ILE	GLU	ILE	ASP	SER	ARG	PHE	SER	THR	TYR	ALA	LEU	PRO	ALA	ILE	ALA	LEU	ASN	GLY	ALA	ALA	ALA	tight
Q9RWF1	4.68	TYR	VAL	GLY	SER	VAL	THR	ILE	ASP	GLN	ARG	LEU	HIS	THR	TYR	ALA	LEU	SER	GLY	ILE	GLY	ILE	ASN	GLY	ALA	ALA	ALA	optimal
Q21LV5	4.7	TYR	ASP	GLY	SER	CYS	ALA	ILE	ASP	GLU	ARG	PHE	SER	THR	TYR	VAL	ILE	LEU	ALA	ILE	SER	MET	ASN	GLY	ALA	ALA	ALA	optimal
A0A2N7VCF4	4.6	TYR	GLU	GLY	SER	CYS	ALA	ILE	ASP	GLU	ARG	PHE	SER	THR	TYR	ALA	ILE	ARG	GLY	ILE	SER	LEU	ASN	GLY	SER	ALA	ALA	optimal
A0A318SFA4	4.64	TYR	GLU	GLY	SER	CYS	ALA	ILE	ASP	GLU	ARG	PHE	VAL	THR	TYR	ALA	ILE	ARG	GLY	VAL	SER	VAL	ASN	GLY	SER	ALA	ALA	optimal
A0A537HBK2	4.52	TYR	GLU	GLY	SER	ILE	GLU	ILE	ASP	SER	ARG	PHE	SER	THR	TYR	ALA	LEU	PRO	ALA	ILE	ALA	LEU	ASN	GLY	ALA	ALA	ALA	optimal
Q1IYG7	4.45	TYR	VAL	GLY	SER	VAL	THR	ILE	ASP	GLN	ARG	LEU	SER	THR	TYR	ALA	LEU	SER	GLY	ILE	GLY	ILE	ASN	GLY	ALA	ALA	ALA	tight
Q1H3S3	5.18	TYR	GLU	GLY	SER	CYS	ALA	ILE	ASP	GLU	ARG	PHE	THR	THR	TYR	ALA	ILE	ARG	ALA	ILE	SER	VAL	ASN	GLY	ALA	ALA	ALA	optimal
A3M2W9	4.81	TYR	GLU	GLY	SER	CYS	ALA	ILE	ASP	GLY	ARG	PHE	THR	THR	TYR	ALA	ILE	ARG	GLY	ILE	SER	VAL	ASN	GLY	GLY	ALA	ALA	optimal
A0A1Q7BBI6	4.51	TYR	GLU	GLY	SER	ILE	GLU	ILE	ASP	SER	ARG	PHE	SER	THR	TYR	ALA	LEU	SER	ALA	VAL	ALA	VAL	ASN	GLY	ALA	ALA	ALA	optimal
A0A1Q7QV33	4.54	TYR	GLU	GLY	SER	ILE	GLU	ILE	ASP	SER	ARG	PHE	SER	THR	TYR	ALA	LEU	SER	ALA	VAL	ALA	VAL	ASN	GLY	ALA	ALA	ALA	optimal
Q7WHJ6	4.99	TYR	GLU	GLY	SER	CYS	GLY	ILE	ASP	GLU	ARG	PHE	ASP	THR	TYR	ILE	ILE	LYS	ALA	ILE	SER	LEU	ASN	GLY	ALA	ALA	ALA	optimal
Q605G8	4.94	TYR	GLU	GLY	SER	CYS	ALA	ILE	ASP	GLY	ARG	PHE	THR	THR	TYR	ALA	ILE	ARG	ALA	ILE	SER	VAL	ASN	GLY	ALA	ALA	ALA	optimal
A0A1F3C3U0	4.7	TYR	GLU	GLY	SER	VAL	THR	ILE	ASP	GLU	ARG	LEU	GLN	THR	TYR	ALA	VAL	LYS	GLY	ILE	CYS	ILE	ASN	GLY	ALA	ALA	ALA	optimal
A0A1Q6Z855	4.52	TYR	GLU	GLY	SER	ILE	GLU	ILE	ASP	SER	ARG	PHE	SER	THR	TYR	ALA	LEU	SER	ALA	VAL	ALA	ILE	ASN	GLY	ALA	ALA	ALA	optimal
Q9A602	4.58	TYR	GLU	GLY	SER	ILE	ALA	ILE	ASP	ARG	ARG	PHE	THR	THR	TYR	ALA	ILE	GLU	ALA	ILE	GLY	VAL	ASN	GLY	ALA	ALA	ALA	optimal
Q7VXF8	5.13	TYR	GLU	GLY	SER	CYS	GLY	ILE	ASP	GLU	ARG	PHE	ASP	THR	TYR	ILE	ILE	LYS	ALA	ILE	SER	LEU	ASN	GLY	ALA	ALA	ALA	optimal
B4SRY6	4.85	TYR	GLU	GLY	SER	ILE	ALA	ILE	ASP	ASP	ARG	PHE	SER	THR	TYR	ALA	ILE	ARG	ALA	VAL	SER	LEU	ASN	GLY	GLY	ALA	ALA	optimal
Q1QSZ7	4.55	TYR	GLU	GLY	SER	CYS	ALA	ILE	ASP	GLY	ARG	PHE	THR	THR	TYR	ALA	ILE	ARG	GLY	ILE	SER	ILE	ASN	GLY	ALA	ALA	ALA	optimal
B0RTT9	4.86	TYR	GLU	GLY	SER	ILE	ALA	ILE	ASP	GLY	ARG	PHE	SER	THR	TYR	ALA	ILE	ARG	ALA	ILE	SER	LEU	ASN	GLY	GLY	ALA	ALA	optimal
A0A537FFL9	4.48	TYR	GLU	GLY	SER	ILE	GLU	ILE	ASP	SER	ARG	PHE	SER	THR	TYR	ALA	LEU	PRO	ALA	ILE	ALA	LEU	ASN	GLY	ALA	ALA	ALA	tight
A0A2E0TA27	4.38	TYR	GLU	GLY	SER	VAL	THR	ILE	ASP	ALA	ARG	LEU	MET	THR	TYR	ALA	LEU	ARG	GLY	ILE	CYS	VAL	ASN	GLY	ALA	ALA	ALA	tight
A5G3A2	5.12	TYR	GLU	GLY	SER	ILE	THR	ILE	ASP	LYS	ARG	PHE	GLU	THR	TYR	ALA	ILE	GLU	GLY	ILE	CYS	ILE	ASN	GLY	ALA	ALA	ALA	optimal
C6E3N6	4.64	TYR	GLU	GLY	SER	ILE	THR	ILE	ASP	LEU	ARG	PHE	GLU	THR	TYR	ALA	ILE	GLU	GLY	ILE	CYS	ILE	ASN	GLY	ALA	ALA	ALA	optimal
A0A1Q7ZRG3	4.54	TYR	GLU	GLY	SER	ILE	GLU	ILE	ASP	SER	ARG	PHE	SER	THR	TYR	ALA	LEU	SER	ALA	VAL	ALA	VAL	ASN	GLY	ALA	ALA	ALA	optimal
C1D7F0	4.56	TYR	ILE	GLY	SER	CYS	ALA	ILE	ASP	GLU	ARG	PHE	ALA	THR	TYR	ALA	ILE	ARG	GLY	ILE	SER	VAL	ASN	GLY	SER	ALA	ALA	optimal
A0A4Y6PTL4	4.63	TYR	GLU	GLY	SER	VAL	THR	ILE	ASP	THR	ARG	LEU	GLU	THR	TYR	ALA	ILE	PRO	GLY	ILE	CYS	VAL	ASN	GLY	ALA	ALA	ALA	optimal
A0AA39CK22	4.68	TYR	GLU	GLY	SER	ILE	ALA	ILE	ASP	ASP	ARG	PHE	SER	THR	TYR	ALA	ILE	ARG	ALA	VAL	SER	LEU	ASN	GLY	GLY	ALA	ALA	optimal
B4RH30	4.57	TYR	GLU	GLY	SER	ILE	ALA	ILE	ASP	ARG	ARG	PHE	THR	THR	TYR	ALA	ILE	GLU	ALA	ILE	GLY	VAL	ASN	GLY	ALA	ALA	ALA	optimal
A1SSG7	4.7	TYR	GLU	GLY	SER	CYS	ALA	ILE	ASP	GLN	ARG	PHE	SER	THR	TYR	ALA	ILE	THR	GLY	ILE	SER	VAL	ASN	GLY	ALA	ALA	ALA	optimal
Q3BUL4	4.82	TYR	GLU	GLY	SER	ILE	ALA	ILE	ASP	GLY	ARG	PHE	SER	THR	TYR	ALA	ILE	ARG	ALA	MET	SER	LEU	ASN	GLY	GLY	ALA	ALA	optimal
A6VCI7	4.72	TYR	GLU	GLY	SER	CYS	ALA	ILE	ASP	GLY	ARG	PHE	THR	THR	TYR	ALA	ILE	ARG	ALA	ILE	SER	VAL	ASN	GLY	ALA	ALA	ALA	optimal
B5E844	4.92	TYR	GLU	GLY	SER	ILE	THR	ILE	ASP	LEU	ARG	PHE	GLU	THR	TYR	ALA	ILE	GLU	GLY	ILE	CYS	ILE	ASN	GLY	ALA	ALA	ALA	optimal
A0PV49	4.67	TYR	VAL	GLY	SER	VAL	THR	ILE	ASP	ALA	ARG	LEU	VAL	THR	TYR	ALA	ILE	THR	GLY	ILE	GLY	ILE	ASN	GLY	ALA	ALA	ALA	optimal
A0A1Q7P511	4.44	TYR	GLU	GLY	SER	ILE	GLU	ILE	ASP	SER	ARG	PHE	SER	THR	TYR	ALA	LEU	PRO	ALA	ILE	ALA	LEU	ASN	GLY	ALA	ALA	ALA	tight
Q0VSR5	5.19	TYR	GLU	GLY	SER	CYS	ALA	ILE	ASP	GLY	ARG	PHE	GLU	THR	TYR	ALA	ILE	ARG	GLY	ILE	SER	VAL	ASN	GLY	ALA	ALA	ALA	optimal
A4VPM8	4.62	TYR	GLU	GLY	SER	CYS	ALA	ILE	ASP	GLY	ARG	PHE	THR	THR	TYR	ALA	ILE	ARG	GLY	ILE	SER	VAL	ASN	GLY	ALA	ALA	ALA	optimal
A0A972J6F3	4.66	TYR	GLU	GLY	SER	VAL	THR	ILE	ASP	ARG	ARG	LEU	GLU	THR	TYR	ALA	ILE	GLU	GLY	VAL	CYS	VAL	ASN	GLY	ALA	ALA	ALA	optimal
Q2KY48	5.03	TYR	GLU	GLY	SER	CYS	GLY	ILE	ASP	GLU	ARG	PHE	ASP	THR	TYR	ILE	ILE	LYS	ALA	ILE	SER	LEU	ASN	GLY	ALA	ALA	ALA	optimal
Q2P379	4.77	TYR	GLU	GLY	SER	ILE	ALA	ILE	ASP	GLY	ARG	PHE	SER	THR	TYR	ALA	ILE	ARG	ALA	MET	SER	LEU	ASN	GLY	GLY	ALA	ALA	optimal
Q8P9S8	4.8	TYR	GLU	GLY	SER	ILE	ALA	ILE	ASP	GLY	ARG	PHE	SER	THR	TYR	ALA	ILE	ARG	ALA	ILE	SER	LEU	ASN	GLY	GLY	ALA	ALA	optimal
B2T171	4.8	TYR	GLU	GLY	SER	CYS	ALA	ILE	ASP	GLU	ARG	PHE	SER	THR	TYR	ALA	ILE	LYS	GLY	ILE	SER	LEU	ASN	GLY	SER	ALA	ALA	optimal
A0A1B4PUF7	4.57	TYR	GLU	GLY	SER	CYS	ALA	ILE	ASP	GLU	ARG	PHE	SER	THR	TYR	ALA	ILE	LYS	GLY	ILE	SER	LEU	ASN	GLY	SER	ALA	ALA	optimal
A0A929HJY0	4.59	TYR	GLU	GLY	SER	VAL	ALA	ILE	ASP	SER	ARG	PHE	THR	THR	TYR	VAL	ILE	THR	ALA	ILE	SER	ILE	ASN	GLY	ALA	ALA	ALA	optimal
A0A1L3MJD6	4.66	TYR	VAL	GLY	SER	LEU	THR	ILE	ASP	MET	ARG	LEU	THR	THR	TYR	ALA	ILE	GLU	GLY	VAL	CYS	ILE	ASN	GLY	ALA	ALA	ALA	optimal
A0A3M3EW83	4.58	GLU	LYS	PRO	MET	HIS	ALA	ILE	MET	LEU	GLY	GLU	TRP	LEU	ASP	LEU	SER	GLY	ILE	GLN	ILE	TYR	ASN	VAL	ASP	ASN	GLY	optimal
Q7W972	4.87	TYR	GLU	GLY	SER	CYS	GLY	ILE	ASP	GLU	ARG	PHE	ASP	THR	TYR	ILE	ILE	LYS	ALA	ILE	SER	LEU	ASN	GLY	ALA	ALA	ALA	optimal
B2HUM1	3.64	TYR	GLU	GLY	SER	CYS	ALA	ILE	ASP	GLY	ARG	PHE	THR	THR	TYR	ALA	ILE	ARG	GLY	ILE	SER	VAL	ASN	GLY	GLY	ALA	ALA	tight
Q9HV68	4.54	TYR	GLU	GLY	SER	CYS	ALA	ILE	ASP	GLY	ARG	PHE	THR	THR	TYR	ALA	ILE	ARG	ALA	ILE	SER	VAL	ASN	GLY	ALA	ALA	ALA	optimal
Q12F35	5.16	TYR	GLU	GLY	SER	CYS	ALA	ILE	ASP	GLU	ARG	PHE	ILE	THR	TYR	ALA	ILE	ARG	ALA	ILE	SER	VAL	ASN	GLY	SER	ALA	ALA	optimal
Q47B64	5.28	TYR	GLU	GLY	SER	CYS	ALA	ILE	ASP	GLU	ARG	PHE	THR	THR	TYR	ALA	ILE	ARG	ALA	ILE	SER	VAL	ASN	GLY	SER	ALA	ALA	optimal
A0A7C1XEQ1	4.49	TYR	GLU	GLY	SER	CYS	ALA	ILE	ASP	GLY	ARG	PHE	THR	THR	TYR	ALA	ILE	ARG	ALA	ILE	SER	VAL	ASN	GLY	ALA	ALA	ALA	tight
A0A4P2QHI4	4.49	TYR	GLU	GLY	SER	VAL	THR	ILE	ASP	VAL	ARG	LEU	THR	THR	TYR	ALA	LEU	ALA	GLY	VAL	CYS	ILE	ASN	GLY	ALA	ALA	ALA	tight
Q5H0A6	4.83	TYR	GLU	GLY	SER	ILE	ALA	ILE	ASP	GLY	ARG	PHE	SER	THR	TYR	ALA	ILE	ARG	ALA	MET	SER	LEU	ASN	GLY	GLY	ALA	ALA	optimal
Q9PGR7	4.94	TYR	GLU	GLY	SER	ILE	ALA	ILE	ASP	GLY	ARG	PHE	THR	THR	TYR	ALA	ILE	ARG	ALA	ILE	SER	VAL	ASN	GLY	GLY	ALA	ALA	optimal
A0A2E9SLD8	4.54	TYR	GLU	GLY	SER	CYS	ALA	ILE	ASP	GLY	ARG	PHE	THR	THR	TYR	ALA	ILE	ARG	GLY	ILE	SER	ILE	ASN	GLY	ALA	ALA	ALA	optimal
A0A5Q2Q6U2	4.6	HIS	TYR	ILE	GLY	SER	CYS	ALA	ILE	ASP	GLU	ARG	PHE	SER	THR	TYR	ALA	ILE	GLU	VAL	ILE	SER	VAL	ASN	GLY	SER	ALA	optimal
A0A1Q7MNQ7	4.46	TYR	GLU	GLY	SER	ILE	GLU	ILE	ASP	SER	ARG	PHE	SER	THR	TYR	ALA	LEU	PRO	ALA	ILE	ALA	LEU	ASN	GLY	ALA	ALA	ALA	tight
B2FL70	4.84	TYR	GLU	GLY	SER	ILE	ALA	ILE	ASP	ASP	ARG	PHE	SER	THR	TYR	ALA	ILE	ARG	ALA	VAL	SER	LEU	ASN	GLY	GLY	ALA	ALA	optimal
A0A0J5ZEC8	4.84	TYR	GLU	GLY	SER	CYS	ALA	ILE	ASP	GLU	ARG	PHE	SER	THR	TYR	ALA	ILE	LYS	GLY	ILE	SER	LEU	ASN	GLY	SER	ALA	ALA	optimal
A0A537EAJ2	4.49	TYR	GLU	GLY	SER	ILE	GLU	ILE	ASP	SER	ARG	PHE	SER	THR	TYR	ALA	LEU	PRO	ALA	ILE	ALA	LEU	ASN	GLY	ALA	ALA	ALA	tight
A0A7V4UVV9	4.61	TYR	GLU	GLY	SER	ILE	THR	ILE	ASP	ARG	ARG	PHE	GLU	THR	TYR	ALA	ILE	GLU	GLY	ILE	CYS	ILE	ASN	GLY	ALA	ALA	ALA	optimal
A0A537EST4	4.48	SER	SER	SER	LEU	ILE	THR	ARG	CYS	PHE	PRO	TYR	GLY	PHE	LEU	ALA	VAL	LEU	PHE	LEU	GLY	PHE	ASP	THR	VAL	GLN	ILE	tight
A3Q6Y4	4.97	TYR	VAL	GLY	SER	VAL	THR	ILE	ASP	ALA	ARG	LEU	VAL	THR	TYR	ALA	ILE	THR	GLY	ILE	GLY	ILE	ASN	GLY	ALA	ALA	ALA	optimal
A0A3N6NI46	4.58	TYR	GLU	GLY	SER	CYS	ALA	ILE	ASP	GLU	ARG	PHE	SER	THR	TYR	ALA	ILE	LYS	GLY	ILE	SER	LEU	ASN	GLY	SER	ALA	ALA	optimal
A0A937CGR1	4.52	PRO	GLU	PRO	ILE	LEU	THR	LEU	MET	LYS	ASN	LEU	LEU	LYS	GLU	ALA	GLY	ILE	LEU	ILE	TYR	ASP	ILE	THR	ASN	GLY	GLN	optimal
Q4UTV7	4.81	TYR	GLU	GLY	SER	ILE	ALA	ILE	ASP	GLY	ARG	PHE	SER	THR	TYR	ALA	ILE	ARG	ALA	ILE	SER	LEU	ASN	GLY	GLY	ALA	ALA	optimal
A0A537DMS7	4.44	TYR	GLU	GLY	SER	ILE	GLU	ILE	ASP	SER	ARG	PHE	SER	THR	TYR	ALA	LEU	PRO	ALA	ILE	ALA	LEU	ASN	GLY	ALA	ALA	ALA	tight
A0A2H9SED5	4.61	TYR	GLU	GLY	SER	PHE	SER	ILE	ASP	GLU	ARG	PHE	VAL	THR	TYR	ALA	ILE	THR	ALA	MET	CYS	ALA	ASN	GLY	ALA	CYS	ALA	optimal
C5C713	4.59	TYR	VAL	GLY	SER	VAL	THR	VAL	ASP	GLN	ARG	LEU	GLU	THR	TYR	THR	ILE	ALA	GLY	LEU	GLY	ILE	ASN	GLY	ALA	ALA	ALA	optimal
A0A1E3RTK4	4.7	TYR	VAL	GLY	SER	VAL	THR	ILE	ASP	ALA	ARG	LEU	VAL	THR	TYR	ALA	ILE	THR	GLY	ILE	GLY	ILE	ASN	GLY	ALA	ALA	ALA	optimal
A0A2E5YLE5	4.55	TYR	GLU	GLY	SER	VAL	THR	ILE	ASP	SER	ARG	LEU	THR	THR	TYR	VAL	ILE	GLU	GLY	ILE	CYS	ILE	ASN	GLY	ALA	ALA	ALA	optimal
A0A1J5IN43	4.63	TYR	GLU	GLY	SER	CYS	ALA	ILE	ASP	THR	ARG	PHE	THR	THR	TYR	ALA	ILE	VAL	ALA	ILE	GLY	VAL	ASN	GLY	ALA	ALA	ALA	optimal
Q5SKN7	5.07	TYR	VAL	GLY	SER	VAL	THR	VAL	ASP	GLN	ARG	LEU	THR	THR	TYR	ALA	LEU	PRO	GLY	ILE	GLY	ILE	ASN	GLY	ALA	ALA	ALA	optimal
Q3SH81	3.75	TYR	GLU	GLY	SER	CYS	ALA	ILE	ASP	GLU	ARG	PHE	THR	THR	TYR	ALA	ILE	ARG	ALA	ILE	SER	VAL	ASN	GLY	ALA	ALA	ALA	tight
B8JAL2	4.76	TYR	GLU	GLY	SER	VAL	SER	ILE	ASP	GLU	ARG	LEU	GLN	THR	TYR	ALA	ILE	LYS	GLY	ILE	CYS	ILE	ASN	GLY	ALA	ALA	ALA	optimal
A0A2G3K0C0	4.65	TYR	ILE	GLY	SER	CYS	ALA	ILE	ASP	GLU	ARG	PHE	GLN	THR	TYR	ALA	ILE	ARG	ALA	ILE	SER	VAL	ASN	GLY	SER	ALA	ALA	optimal
A0A951AUW2	4.53	TYR	VAL	GLY	SER	VAL	THR	VAL	ASP	GLU	ARG	LEU	GLU	THR	TYR	VAL	ILE	PRO	GLY	ILE	GLY	ILE	ASN	GLY	ALA	ALA	ALA	optimal
Q72L22	4.89	TYR	VAL	GLY	SER	VAL	THR	VAL	ASP	GLN	ARG	LEU	THR	THR	TYR	ALA	LEU	PRO	GLY	ILE	GLY	ILE	ASN	GLY	ALA	ALA	ALA	optimal
B0U1Q4	4.95	TYR	GLU	GLY	SER	ILE	ALA	ILE	ASP	GLY	ARG	PHE	THR	THR	TYR	ALA	ILE	ARG	ALA	ILE	SER	VAL	ASN	GLY	GLY	ALA	ALA	optimal
A0A7G9L2X8	4.54	TYR	VAL	GLY	SER	ILE	ALA	ILE	ASP	ARG	ARG	LEU	GLU	THR	TYR	VAL	ILE	PRO	ALA	ILE	GLY	ILE	ASN	GLY	ALA	ALA	ALA	optimal
Q0C2E7	5.02	TYR	GLU	GLY	SER	VAL	SER	ILE	ASP	GLN	ARG	ILE	GLN	THR	TYR	ALA	LEU	GLU	ALA	ILE	GLY	VAL	ASN	GLY	ALA	ALA	ALA	optimal
Q848I5	5.37	TYR	GLU	GLY	SER	CYS	ALA	ILE	ASP	GLY	ARG	PHE	THR	THR	TYR	ALA	ILE	ARG	GLY	ILE	SER	VAL	ASN	GLY	ALA	ALA	ALA	optimal
A3MLN3	4.75	TYR	GLU	GLY	SER	CYS	ALA	ILE	ASP	GLU	ARG	PHE	SER	THR	TYR	ALA	ILE	LYS	GLY	ILE	SER	LEU	ASN	GLY	SER	ALA	ALA	optimal
Q63W98	4.76	TYR	GLU	GLY	SER	CYS	ALA	ILE	ASP	GLU	ARG	PHE	SER	THR	TYR	ALA	ILE	LYS	GLY	ILE	SER	LEU	ASN	GLY	SER	ALA	ALA	optimal
A4T5N4	4.66	TYR	VAL	GLY	SER	VAL	THR	VAL	ASP	ALA	ARG	LEU	VAL	THR	TYR	VAL	ILE	THR	GLY	ILE	GLY	ILE	ASN	GLY	ALA	ALA	ALA	optimal
A0A0H5BBM8	4.54	TYR	GLU	GLY	SER	CYS	THR	ILE	ASP	ALA	ARG	LEU	VAL	THR	TYR	ALA	ILE	ASP	GLY	ILE	CYS	ILE	ASN	GLY	ALA	ALA	ALA	optimal
A0A956GPI9	4.51	LEU	ASP	TYR	GLU	GLY	SER	VAL	THR	ILE	GLY	THR	ARG	LEU	VAL	THR	TYR	ALA	LEU	ARG	ILE	ILE	CYS	ILE	ASN	GLY	ALA	optimal
A0AAU3FUI2	4.72	TYR	VAL	GLY	SER	VAL	THR	VAL	ASP	GLN	ARG	LEU	GLU	THR	TYR	VAL	ILE	PRO	GLY	ILE	GLY	ILE	ASN	GLY	ALA	ALA	ALA	optimal
X7ZVG2	4.45	TYR	VAL	GLY	SER	VAL	THR	ILE	ASP	ALA	ARG	LEU	VAL	THR	TYR	ALA	ILE	THR	GLY	ILE	GLY	ILE	ASN	GLY	ALA	ALA	ALA	tight
C5BN52	4.7	TYR	ASP	GLY	SER	CYS	ALA	ILE	ASP	ALA	ARG	PHE	SER	THR	TYR	VAL	ILE	LEU	ALA	ILE	SER	MET	ASN	GLY	ALA	ALA	ALA	optimal
Q8PLK9	4.83	TYR	GLU	GLY	SER	ILE	ALA	ILE	ASP	GLY	ARG	PHE	SER	THR	TYR	ALA	ILE	ARG	ALA	MET	SER	LEU	ASN	GLY	GLY	ALA	ALA	optimal
Q143J3	5.08	TYR	GLU	GLY	SER	CYS	ALA	ILE	ASP	GLU	ARG	PHE	SER	THR	TYR	ALA	ILE	LYS	GLY	ILE	SER	LEU	ASN	GLY	SER	ALA	ALA	optimal
A0A1Y5Q0Y3	4.5	GLY	THR	VAL	MET	GLN	LEU	THR	LEU	LEU	GLY	ASP	LEU	LEU	GLU	ALA	THR	GLY	ILE	ASN	ILE	TRP	VAL	VAL	THR	ASN	GLY	tight
A0A562DMF6	4.5	TYR	VAL	GLY	SER	VAL	THR	ILE	ASP	ARG	ARG	LEU	GLU	THR	TYR	ALA	ILE	GLU	GLY	ILE	GLY	ILE	ASN	GLY	ALA	ALA	ALA	tight
Q2LSQ4	5.04	TYR	GLU	GLY	SER	ILE	SER	ILE	ASP	GLU	ARG	PHE	THR	THR	TYR	VAL	ILE	THR	GLY	ILE	CYS	LEU	ASN	GLY	ALA	ALA	ALA	optimal
A6VUR3	4.89	TYR	ASP	GLY	SER	CYS	ALA	ILE	ASP	LYS	ARG	PHE	HIS	THR	TYR	VAL	ILE	LEU	ALA	ILE	SER	MET	ASN	GLY	ALA	ALA	ALA	optimal
A1TG34	4.69	TYR	VAL	GLY	SER	VAL	THR	VAL	ASP	ALA	ARG	LEU	VAL	THR	TYR	VAL	ILE	THR	GLY	ILE	GLY	ILE	ASN	GLY	ALA	ALA	ALA	optimal
A1RAZ4	5.15	TYR	VAL	GLY	SER	VAL	THR	VAL	ASP	LEU	ARG	LEU	GLU	THR	TYR	THR	ILE	ALA	GLY	ILE	GLY	ILE	ASN	GLY	ALA	ALA	ALA	optimal
A6SUW8	4.53	TYR	GLU	GLY	SER	CYS	GLY	ILE	ASP	GLU	ARG	PHE	SER	THR	TYR	ALA	ILE	LYS	GLY	ILE	SER	LEU	ASN	GLY	ALA	ALA	ALA	optimal
A0A9W3JZ81	4.6	TYR	GLU	GLY	SER	CYS	ALA	ILE	ASP	GLU	ARG	PHE	SER	THR	TYR	ALA	ILE	LYS	GLY	ILE	SER	LEU	ASN	GLY	SER	ALA	ALA	optimal
A0A1F1TTG7	4.63	TYR	VAL	GLY	SER	VAL	THR	VAL	ASP	GLN	ARG	LEU	GLU	THR	TYR	THR	ILE	ALA	GLY	LEU	GLY	ILE	ASN	GLY	ALA	ALA	ALA	optimal
A0A0E4H235	4.54	TYR	VAL	GLY	SER	VAL	THR	ILE	ASP	ALA	ARG	LEU	VAL	THR	TYR	ALA	ILE	THR	GLY	ILE	GLY	ILE	ASN	GLY	ALA	ALA	ALA	optimal
C1D1G6	4.63	TYR	VAL	GLY	SER	VAL	THR	ILE	ASP	GLN	ARG	LEU	HIS	THR	TYR	ALA	LEU	SER	GLY	ILE	GLY	ILE	ASN	GLY	ALA	ALA	ALA	optimal
A3NSK7	4.78	TYR	GLU	GLY	SER	CYS	ALA	ILE	ASP	GLU	ARG	PHE	SER	THR	TYR	ALA	ILE	LYS	GLY	ILE	SER	LEU	ASN	GLY	SER	ALA	ALA	optimal
P65661	4.63	TYR	VAL	GLY	SER	VAL	THR	ILE	ASP	ALA	ARG	LEU	VAL	THR	TYR	ALA	ILE	THR	GLY	ILE	GLY	ILE	ASN	GLY	ALA	ALA	ALA	optimal
A0A7Y8GW29	4.59	TYR	GLU	GLY	SER	CYS	GLY	ILE	ASP	GLU	ARG	PHE	ILE	THR	TYR	ALA	ILE	ARG	SER	ILE	SER	LEU	ASN	GLY	SER	ALA	ALA	optimal
A0A518CPW6	4.55	ARG	ARG	THR	LEU	LEU	LYS	SER	LYS	ILE	GLU	ALA	ALA	ASN	ILE	LEU	ASP	HIS	GLU	ILE	THR	ASN	GLY	ASN	ARG	LEU	CYS	optimal
A0A2W2EYS6	4.56	TYR	VAL	GLY	SER	VAL	THR	VAL	ASP	GLU	ARG	LEU	GLU	THR	TYR	VAL	ILE	PRO	GLY	ILE	GLY	ILE	ASN	GLY	ALA	ALA	ALA	optimal
B7V1E3	4.88	TYR	GLU	GLY	SER	CYS	ALA	ILE	ASP	GLY	ARG	PHE	THR	THR	TYR	ALA	ILE	ARG	ALA	ILE	SER	VAL	ASN	GLY	ALA	ALA	ALA	optimal
A9EUF9	4.51	TYR	GLU	GLY	SER	VAL	THR	ILE	ASP	ALA	ARG	LEU	THR	THR	TYR	ALA	LEU	ALA	GLY	VAL	CYS	ILE	ASN	GLY	ALA	ALA	ALA	optimal
A0A537HXX3	4.55	TYR	GLU	GLY	SER	ILE	GLU	ILE	ASP	SER	ARG	PHE	SER	THR	TYR	ALA	LEU	SER	ALA	VAL	ALA	VAL	ASN	GLY	ALA	ALA	ALA	optimal
A0A2D9XUH0	4.44	TYR	GLU	GLY	SER	CYS	GLU	ILE	ASP	ILE	ARG	LEU	SER	THR	TYR	ALA	ILE	PRO	GLY	ILE	CYS	VAL	ASN	GLY	ALA	ALA	CYS	tight
A0A7Y9E157	4.61	TYR	VAL	GLY	SER	VAL	THR	VAL	ASP	THR	ARG	LEU	GLU	THR	TYR	VAL	ILE	PRO	GLY	ILE	GLY	ILE	ASN	GLY	ALA	ALA	ALA	optimal
A4G215	4.84	TYR	GLU	GLY	SER	CYS	GLY	ILE	ASP	ALA	ARG	PHE	SER	THR	TYR	ALA	ILE	GLN	GLY	ILE	SER	LEU	ASN	GLY	ALA	ALA	ALA	optimal
Q3A3I8	4.83	TYR	GLU	GLY	SER	ILE	THR	ILE	ASP	SER	ARG	PHE	GLN	THR	TYR	ALA	ILE	GLU	GLY	ILE	CYS	ILE	ASN	GLY	ALA	ALA	ALA	optimal
E8UZY0	4.39	TYR	VAL	GLY	SER	LEU	ALA	ILE	ASP	GLU	ARG	LEU	THR	THR	TYR	ALA	ILE	ARG	ALA	ILE	CYS	ALA	ASN	GLY	ALA	ALA	ALA	tight
Q6ALV4	5.26	TYR	GLU	GLY	SER	LEU	THR	ILE	ASP	THR	ARG	PHE	GLU	THR	TYR	ALA	ILE	GLU	GLY	ILE	GLN	LEU	ASN	GLY	ALA	ALA	ALA	optimal
Q2T096	4.78	TYR	GLU	GLY	SER	CYS	ALA	ILE	ASP	GLU	ARG	PHE	SER	THR	TYR	ALA	ILE	LYS	GLY	ILE	SER	LEU	ASN	GLY	SER	ALA	ALA	optimal
Q1CXC6	4.63	TYR	GLU	GLY	SER	VAL	THR	ILE	ASP	ARG	ARG	LEU	GLU	THR	TYR	ALA	LEU	GLU	GLY	ILE	CYS	ILE	ASN	GLY	ALA	ALA	ALA	optimal
B1Y852	4.63	TYR	GLU	GLY	SER	CYS	GLY	ILE	ASP	GLU	ARG	PHE	VAL	THR	TYR	VAL	ILE	LYS	ALA	ILE	SER	LEU	ASN	GLY	SER	ALA	ALA	optimal
A0A6H1W2X4	4.23	TYR	VAL	GLY	SER	LEU	THR	VAL	ASP	LEU	ARG	PHE	GLU	THR	TYR	LEU	ILE	ALA	GLY	ILE	GLY	VAL	ASN	GLY	ALA	ALA	ALA	tight
A0A3B0WVW7	4.53	VAL	THR	ALA	THR	HIS	SER	GLU	LEU	ASP	HIS	ILE	TYR	ASN	VAL	ASN	ASN	GLY	LYS	ILE	ARG	ALA	GLU	GLU	ASN	SER	GLY	optimal
U2PT98	4.47	ARG	GLY	LYS	SER	PHE	MET	THR	LEU	GLN	ILE	ASP	GLU	ASP	LEU	LEU	ASP	ALA	ALA	LYS	VAL	GLN	ILE	VAL	ASP	VAL	ASN	tight
B0K363	5.1	TYR	GLN	GLY	SER	ILE	THR	ILE	ASP	LYS	ARG	PHE	ASP	THR	TYR	ALA	ILE	GLU	GLY	ILE	CYS	ILE	ASN	GLY	ALA	ALA	ALA	optimal
B0KC92	5.15	TYR	GLN	GLY	SER	ILE	THR	ILE	ASP	LYS	ARG	PHE	ASP	THR	TYR	ALA	ILE	GLU	GLY	ILE	CYS	ILE	ASN	GLY	ALA	ALA	ALA	optimal
Q8XVU6	5.08	TYR	GLU	GLY	SER	CYS	GLY	ILE	ASP	GLU	ARG	PHE	SER	THR	TYR	ILE	ILE	LYS	GLY	ILE	SER	LEU	ASN	GLY	ALA	ALA	ALA	optimal
A5U8S6	4.79	TYR	VAL	GLY	SER	VAL	THR	ILE	ASP	ALA	ARG	LEU	VAL	THR	TYR	ALA	ILE	THR	GLY	ILE	GLY	ILE	ASN	GLY	ALA	ALA	ALA	optimal
A0A5C1ANS6	4.46	TYR	GLU	GLY	SER	LEU	LEU	ILE	ASP	THR	ARG	LEU	VAL	THR	TYR	ALA	LEU	ALA	GLY	ILE	GLN	VAL	ASN	GLY	GLY	GLY	ALA	tight
A2SAE9	4.74	TYR	GLU	GLY	SER	CYS	ALA	ILE	ASP	GLU	ARG	PHE	SER	THR	TYR	ALA	ILE	LYS	GLY	ILE	SER	LEU	ASN	GLY	SER	ALA	ALA	optimal
B1JWS9	4.86	TYR	GLU	GLY	SER	CYS	ALA	ILE	ASP	GLU	ARG	PHE	SER	THR	TYR	ALA	ILE	LYS	GLY	ILE	SER	LEU	ASN	GLY	SER	ALA	ALA	optimal
A7H796	5.31	TYR	GLU	GLY	SER	VAL	SER	ILE	ASP	GLU	ARG	LEU	GLN	THR	TYR	ALA	ILE	LYS	GLY	ILE	CYS	ILE	ASN	GLY	ALA	ALA	ALA	optimal
P9WIL3	4.66	TYR	VAL	GLY	SER	VAL	THR	ILE	ASP	ALA	ARG	LEU	VAL	THR	TYR	ALA	ILE	THR	GLY	ILE	GLY	ILE	ASN	GLY	ALA	ALA	ALA	optimal
B2GGA2	4.75	TYR	VAL	GLY	SER	VAL	THR	VAL	ASP	GLN	ARG	LEU	GLU	THR	TYR	THR	ILE	ALA	GLY	LEU	GLY	ILE	ASN	GLY	ALA	ALA	ALA	optimal
A0A9P6PBL1	4.54	THR	THR	MET	GLN	ARG	THR	MET	LEU	LYS	SER	LEU	LEU	GLU	ALA	ALA	ASN	ILE	THR	ILE	TRP	ASN	ILE	SER	ASN	GLY	GLU	optimal
A3N6X1	4.81	TYR	GLU	GLY	SER	CYS	ALA	ILE	ASP	GLU	ARG	PHE	SER	THR	TYR	ALA	ILE	LYS	GLY	ILE	SER	LEU	ASN	GLY	SER	ALA	ALA	optimal
Q47NS4	4.66	TYR	VAL	GLY	SER	ILE	THR	ILE	ASP	ALA	ARG	LEU	VAL	THR	TYR	VAL	LEU	THR	GLY	ILE	GLY	ILE	ASN	GLY	ALA	ALA	ALA	optimal
P9WIL2	4.62	TYR	VAL	GLY	SER	VAL	THR	ILE	ASP	ALA	ARG	LEU	VAL	THR	TYR	ALA	ILE	THR	GLY	ILE	GLY	ILE	ASN	GLY	ALA	ALA	ALA	optimal
A1SDW8	5.05	TYR	VAL	GLY	SER	VAL	THR	VAL	ASP	GLU	ARG	LEU	GLU	THR	TYR	THR	ILE	ALA	GLY	ILE	GLY	ILE	ASN	GLY	ALA	ALA	ALA	optimal
A0A1W1DU36	4.52	TYR	GLU	GLY	SER	CYS	GLU	ILE	ASP	GLY	ARG	PHE	ILE	THR	TYR	ALA	ILE	ARG	GLY	ILE	SER	VAL	ASN	GLY	ALA	ALA	ALA	optimal
A0A2U1C6Y1	4.68	LYS	ILE	HIS	ARG	ALA	THR	ALA	THR	HIS	ASN	GLU	GLN	VAL	HIS	ILE	TRP	ASN	ILE	ILE	THR	TYR	ALA	ILE	LYS	GLY	GLU	optimal
A2SLT3	4.95	TYR	GLU	GLY	SER	CYS	GLY	ILE	ASP	ALA	ARG	PHE	SER	THR	TYR	VAL	ILE	PRO	ALA	ILE	SER	LEU	ASN	GLY	ALA	ALA	ALA	optimal
Q62LE8	4.74	TYR	GLU	GLY	SER	CYS	ALA	ILE	ASP	GLU	ARG	PHE	SER	THR	TYR	ALA	ILE	LYS	GLY	ILE	SER	LEU	ASN	GLY	SER	ALA	ALA	optimal
B4UHC8	4.66	TYR	GLU	GLY	SER	VAL	SER	ILE	ASP	GLU	ARG	LEU	GLN	THR	TYR	ALA	ILE	LYS	GLY	ILE	CYS	ILE	ASN	GLY	ALA	ALA	ALA	optimal
C1AI59	4.55	TYR	VAL	GLY	SER	VAL	THR	ILE	ASP	ALA	ARG	LEU	VAL	THR	TYR	ALA	ILE	THR	GLY	ILE	GLY	ILE	ASN	GLY	ALA	ALA	ALA	optimal
C0ZPL4	4.91	TYR	VAL	GLY	SER	VAL	THR	VAL	ASP	GLN	ARG	LEU	GLU	THR	TYR	VAL	ILE	ALA	GLY	ILE	GLY	ILE	ASN	GLY	ALA	ALA	ALA	optimal
A0A354R7E5	4.5	TYR	GLU	GLY	SER	LEU	THR	LEU	ASP	PRO	ARG	PHE	GLU	THR	TYR	ALA	ILE	ALA	GLY	CYS	CYS	LEU	ASN	GLY	ALA	ALA	ALA	tight
A0A380WAE4	4.74	TYR	GLU	GLY	SER	ILE	SER	ILE	ASP	ARG	ARG	PHE	SER	THR	TYR	VAL	ILE	GLU	ALA	ILE	GLY	LEU	ASN	GLY	ALA	ALA	ALA	optimal
A0A7C4STN4	4.41	TYR	GLN	GLY	SER	ILE	SER	ILE	ASP	ALA	ARG	PHE	SER	THR	TYR	ALA	MET	GLU	ALA	VAL	CYS	ILE	ASN	GLY	ALA	ALA	ALA	tight
C3XBD9	4.6	MET	LEU	ARG	GLY	LYS	ILE	HIS	ARG	ALA	GLY	MET	ALA	LEU	TYR	GLU	LYS	ILE	ASP	GLY	GLU	ARG	PHE	SER	THR	TYR	THR	optimal
J6IZ40	4.43	ARG	ALA	ASP	HIS	PRO	THR	THR	ALA	SER	TRP	SER	LYS	ILE	HIS	ARG	ALA	THR	ILE	TYR	GLU	GLY	SER	CYS	THR	ILE	ASP	tight
A0A1H3GIF9	4.62	TYR	VAL	GLY	SER	VAL	THR	ILE	ASP	GLU	ARG	LEU	GLU	THR	TYR	VAL	ILE	PRO	GLY	ILE	GLY	ILE	ASN	GLY	ALA	ALA	ALA	optimal
A1V5W9	4.85	TYR	GLU	GLY	SER	CYS	ALA	ILE	ASP	GLU	ARG	PHE	SER	THR	TYR	ALA	ILE	LYS	GLY	ILE	SER	LEU	ASN	GLY	SER	ALA	ALA	optimal
B2JEQ8	5.82	TYR	GLU	GLY	SER	CYS	ALA	ILE	ASP	GLU	ARG	PHE	SER	THR	TYR	ALA	ILE	LYS	GLY	ILE	SER	LEU	ASN	GLY	SER	ALA	ALA	wide
Q2IGV9	4.87	TYR	GLU	GLY	SER	VAL	SER	ILE	ASP	GLU	ARG	LEU	GLN	THR	TYR	ALA	ILE	LYS	GLY	ILE	CYS	ILE	ASN	GLY	ALA	ALA	ALA	optimal
A0A917JY36	4.83	ASP	TYR	GLU	GLY	SER	ILE	THR	LEU	SER	THR	ARG	PHE	GLU	THR	TYR	ALA	ILE	GLU	ASP	VAL	CYS	VAL	ASN	GLY	ALA	ALA	optimal
D4XAJ7	4.47	GLN	ARG	ILE	MET	LEU	ARG	ALA	LYS	LEU	ASP	ALA	ALA	GLY	MET	ARG	GLU	PHE	GLU	VAL	THR	ASN	GLY	GLU	ARG	PHE	ASP	tight
E0N8L5	4.49	THR	ILE	ILE	ARG	HIS	SER	ASP	PHE	GLN	LYS	ILE	HIS	ARG	ALA	THR	VAL	THR	GLU	GLY	SER	ILE	THR	VAL	ASP	GLN	ASP	tight
Q3JUY9	4.84	TYR	GLU	GLY	SER	CYS	ALA	ILE	ASP	GLU	ARG	PHE	SER	THR	TYR	ALA	ILE	LYS	GLY	ILE	SER	LEU	ASN	GLY	SER	ALA	ALA	optimal
A1KPT6	4.64	TYR	VAL	GLY	SER	VAL	THR	ILE	ASP	ALA	ARG	LEU	VAL	THR	TYR	ALA	ILE	THR	GLY	ILE	GLY	ILE	ASN	GLY	ALA	ALA	ALA	optimal
A0A2D5Y189	4.71	TYR	GLU	GLY	SER	ILE	THR	VAL	ASP	GLN	ARG	PHE	THR	THR	TYR	THR	ILE	THR	GLY	ILE	GLY	VAL	ASN	GLY	ALA	ALA	ALA	optimal
A0A495HZN3	4.58	TYR	GLU	GLY	SER	CYS	ALA	ILE	ASP	GLU	ARG	PHE	VAL	THR	TYR	ALA	ILE	LYS	GLY	ILE	SER	VAL	ASN	GLY	SER	ALA	ALA	optimal
A0A4Q5NR85	4.69	TYR	VAL	GLY	SER	LEU	THR	ILE	ASP	LEU	ARG	MET	VAL	THR	TYR	ALA	ILE	GLU	GLY	MET	CYS	LEU	ASN	GLY	ALA	ALA	ALA	optimal
A0A4R5TWA7	4.44	TYR	VAL	GLY	SER	VAL	THR	VAL	ASP	LEU	ARG	LEU	GLU	THR	TYR	THR	ILE	ALA	GLY	ILE	GLY	ILE	ASN	GLY	ALA	ALA	ALA	tight
A0A1Y0BY55	4.54	TYR	VAL	GLY	SER	VAL	THR	ILE	ASP	ALA	ARG	LEU	VAL	THR	TYR	ALA	ILE	THR	GLY	ILE	GLY	ILE	ASN	GLY	ALA	ALA	ALA	optimal
A0A7K3LIM3	4.73	TYR	VAL	GLY	SER	VAL	THR	ILE	ASP	ALA	ARG	LEU	GLU	THR	TYR	ALA	ILE	ALA	GLY	ILE	GLY	ILE	ASN	GLY	ALA	ALA	ALA	optimal
Q743Y4	5.11	TYR	VAL	GLY	SER	VAL	THR	ILE	ASP	ALA	ARG	LEU	VAL	THR	TYR	ALA	ILE	THR	GLY	ILE	GLY	ILE	ASN	GLY	ALA	ALA	ALA	optimal
A0A0A0BMQ5	4.55	ALA	ALA	ASP	LEU	HIS	TYR	VAL	GLY	SER	VAL	THR	ASN	GLY	ALA	ARG	LEU	THR	THR	ALA	GLY	SER	GLY	THR	VAL	CYS	ILE	optimal
A0A450ZE47	4.5	TYR	GLY	LEU	ASN	GLY	HIS	SER	ILE	SER	MET	LEU	LYS	ALA	LYS	LEU	HIS	ASN	ALA	LEU	GLU	TYR	ASP	GLY	SER	CYS	ALA	tight
Q0AMS2	4.83	TYR	GLU	GLY	SER	ILE	SER	ILE	ASP	ARG	ARG	PHE	THR	THR	TYR	ALA	ILE	GLU	ALA	PHE	GLY	ILE	ASN	GLY	ALA	ALA	ALA	optimal
Q1B2L9	4.52	TYR	VAL	GLY	SER	VAL	THR	ILE	ASP	ALA	ARG	LEU	VAL	THR	TYR	ALA	ILE	THR	GLY	ILE	GLY	ILE	ASN	GLY	ALA	ALA	ALA	optimal
B8H729	4.48	TYR	VAL	GLY	SER	VAL	THR	VAL	ASP	LEU	ARG	LEU	GLU	THR	TYR	THR	ILE	ALA	GLY	ILE	GLY	ILE	ASN	GLY	ALA	ALA	ALA	tight
C1BA76	5.2	TYR	VAL	GLY	SER	VAL	THR	VAL	ASP	GLN	ARG	LEU	GLU	THR	TYR	VAL	ILE	ALA	GLY	ILE	GLY	ILE	ASN	GLY	ALA	ALA	ALA	optimal
Q0S8D4	5.05	TYR	VAL	GLY	SER	VAL	THR	VAL	ASP	GLN	ARG	LEU	GLU	THR	TYR	VAL	ILE	ALA	GLY	ILE	GLY	ILE	ASN	GLY	ALA	ALA	ALA	optimal
A0A286EHZ7	4.64	TYR	VAL	GLY	SER	VAL	THR	VAL	ASP	ALA	ARG	LEU	GLU	THR	TYR	THR	ILE	GLU	GLY	ILE	GLY	ILE	ASN	GLY	ALA	ALA	ALA	optimal
A0A2E3NF17	4.55	TYR	GLU	GLY	SER	VAL	THR	ILE	ASP	ARG	ARG	LEU	THR	THR	TYR	VAL	ILE	GLU	GLY	ILE	CYS	ILE	ASN	GLY	ALA	ALA	ALA	optimal
A0A6P2CDE7	4.58	TYR	VAL	GLY	SER	VAL	THR	VAL	ASP	GLN	ARG	LEU	GLU	THR	TYR	VAL	ILE	ALA	GLY	ILE	GLY	ILE	ASN	GLY	ALA	ALA	ALA	optimal
G0AAT4	4.59	LEU	TRP	PRO	GLY	ALA	LEU	CYS	LYS	ASP	GLN	ALA	ASP	LEU	HIS	TYR	GLU	GLY	SER	LEU	LEU	GLU	ALA	ALA	ASP	ILE	ARG	optimal
Q9ZHI5	4.56	TYR	GLU	GLY	SER	CYS	GLY	ILE	ASP	GLN	ARG	PHE	SER	THR	TYR	ILE	ILE	LYS	GLY	ILE	SER	LEU	ASN	GLY	ALA	ALA	ALA	optimal
B2UC88	5.07	TYR	GLU	GLY	SER	CYS	GLY	ILE	ASP	GLU	ARG	PHE	SER	THR	TYR	ILE	ILE	LYS	GLY	ILE	SER	LEU	ASN	GLY	ALA	ALA	ALA	optimal
C1DFK0	4.83	TYR	GLU	GLY	SER	CYS	ALA	ILE	ASP	GLY	ARG	PHE	THR	THR	TYR	ALA	ILE	ARG	ALA	ILE	SER	VAL	ASN	GLY	ALA	ALA	ALA	optimal
A1WBI2	5.03	TYR	GLU	GLY	SER	CYS	ALA	ILE	ASP	GLU	ARG	PHE	VAL	THR	TYR	ALA	ILE	LYS	GLY	ILE	SER	VAL	ASN	GLY	SER	ALA	ALA	optimal
A1KUB3	4.5	TYR	VAL	GLY	SER	ILE	THR	VAL	ASP	GLN	ARG	PHE	GLU	THR	TYR	THR	ILE	SER	GLY	VAL	CYS	LEU	ASN	GLY	ALA	ALA	ALA	tight
P58286	4.66	TYR	VAL	GLY	SER	VAL	THR	ILE	ASP	ALA	ARG	LEU	GLU	THR	TYR	VAL	ILE	GLU	GLY	ILE	GLY	ILE	ASN	GLY	ALA	ALA	ALA	optimal
A4F6T1	4.79	TYR	VAL	GLY	SER	VAL	THR	VAL	ASP	ALA	ARG	LEU	GLU	THR	TYR	VAL	ILE	THR	GLY	ILE	GLY	ILE	ASN	GLY	ALA	ALA	ALA	optimal
A0A3A8JLZ9	4.55	TYR	GLU	GLY	SER	VAL	THR	ILE	ASP	LYS	ARG	LEU	GLU	THR	TYR	ALA	LEU	GLU	GLY	ILE	CYS	ILE	ASN	GLY	ALA	ALA	ALA	optimal
B4RMD5	4.54	TYR	VAL	GLY	SER	ILE	THR	VAL	ASP	GLN	ARG	PHE	GLU	THR	TYR	THR	ILE	ALA	GLY	ILE	CYS	LEU	ASN	GLY	ALA	ALA	ALA	optimal
A0A7C7QZS8	4.36	TYR	GLU	GLY	SER	LEU	SER	ILE	ASP	ARG	ARG	LEU	ILE	THR	TYR	ALA	ILE	GLU	ALA	LEU	ARG	LEU	ASN	GLY	ALA	ALA	ALA	tight
A0A895YBB4	4.67	TYR	ILE	GLY	SER	VAL	THR	VAL	ASP	VAL	ARG	LEU	GLU	THR	TYR	VAL	ILE	PRO	GLY	ILE	GLY	ILE	ASN	GLY	ALA	ALA	ALA	optimal
A0A7K0BXZ1	4.17	TYR	VAL	GLY	SER	LEU	THR	LEU	ASP	GLN	ARG	LEU	GLU	THR	TYR	LEU	ILE	ALA	GLY	ILE	GLY	ILE	ASN	GLY	ALA	ALA	ALA	tight
Q5WSM2	4.61	ASP	TYR	GLU	GLY	SER	ILE	THR	ILE	SER	THR	ARG	PHE	GLU	THR	TYR	ALA	ILE	THR	ASP	ILE	CYS	VAL	ASN	GLY	ALA	ALA	optimal
A0A2E3SMX6	4.61	TYR	VAL	GLY	SER	ILE	ALA	ILE	ASP	GLU	ARG	LEU	GLU	THR	TYR	VAL	ILE	LYS	GLY	ILE	SER	LEU	ASN	GLY	ALA	ALA	ALA	optimal
A0A357BTC8	4.74	TYR	GLU	GLY	SER	ILE	THR	LEU	ASP	GLU	ARG	PHE	GLN	THR	TYR	VAL	ILE	LYS	GLY	VAL	CYS	ILE	ASN	GLY	ALA	ALA	ALA	optimal
A0A7W0HR21	4.53	TYR	VAL	GLY	SER	ILE	THR	ILE	ASP	GLU	ARG	LEU	VAL	THR	TYR	ALA	LEU	LEU	GLY	ILE	GLY	ILE	ASN	GLY	ALA	ALA	ALA	optimal
A0A316ASK6	4.67	LYS	ALA	ARG	ASP	LEU	SER	LEU	ASN	PHE	SER	LYS	ILE	HIS	ARG	VAL	LYS	VAL	THR	VAL	GLY	SER	ILE	THR	ILE	ASP	GLU	optimal
A0A7Z0K9A5	4.55	TYR	VAL	GLY	SER	ILE	THR	VAL	ASP	GLN	ARG	LEU	GLU	THR	TYR	THR	ILE	ALA	GLY	ILE	GLY	ILE	ASN	GLY	ALA	ALA	ALA	optimal
B8I2Z2	4.99	TYR	VAL	GLY	SER	ILE	THR	ILE	ASP	GLN	ARG	LEU	GLU	THR	TYR	THR	ILE	ALA	GLY	ILE	CYS	LEU	ASN	GLY	ALA	ALA	ALA	optimal
A0A961FD44	4.43	TYR	GLU	GLY	SER	ILE	SER	ILE	ASP	ALA	ARG	LEU	GLU	THR	TYR	THR	LEU	GLU	ALA	ILE	CYS	ILE	ASN	GLY	ALA	ALA	ALA	tight
A0A8T7KAF8	4.64	GLU	GLY	SER	ILE	THR	ILE	ASP	ARG	VAL	PHE	SER	THR	TYR	ALA	ILE	GLU	GLY	GLU	GLY	VAL	ASN	GLY	ALA	ALA	ALA	ARG	optimal
Q3JCP7	4.53	TYR	GLU	GLY	SER	CYS	ALA	ILE	ASP	SER	ARG	PHE	VAL	THR	TYR	ALA	ILE	ARG	ALA	ILE	SER	VAL	ASN	GLY	ALA	ALA	ALA	optimal
A9BV13	4.7	TYR	GLU	GLY	SER	CYS	ALA	ILE	ASP	GLU	ARG	PHE	VAL	THR	TYR	ALA	ILE	LYS	GLY	ILE	SER	VAL	ASN	GLY	SER	ALA	ALA	optimal
Q9JU49	4.46	TYR	VAL	GLY	SER	ILE	THR	VAL	ASP	GLN	ARG	PHE	GLU	THR	TYR	THR	ILE	ALA	GLY	ILE	CYS	LEU	ASN	GLY	ALA	ALA	ALA	tight
A0K9L6	4.76	TYR	GLU	GLY	SER	CYS	ALA	ILE	ASP	GLU	ARG	PHE	SER	THR	TYR	ALA	ILE	LYS	GLY	ILE	SER	LEU	ASN	GLY	SER	ALA	ALA	optimal
A0A139D473	4.63	TYR	MET	GLY	SER	ILE	THR	ILE	ASP	GLN	ARG	PHE	SER	THR	TYR	VAL	ILE	PRO	GLY	ILE	CYS	LEU	ASN	GLY	ALA	ALA	ALA	optimal
A0A9E4MP87	4.71	TYR	GLU	GLY	SER	VAL	THR	ILE	ASP	GLU	ARG	LEU	GLU	THR	TYR	ALA	ILE	PRO	GLY	VAL	CYS	ILE	ASN	GLY	ALA	ALA	ALA	optimal
A0A940QIR5	4.47	TYR	GLU	GLY	SER	ILE	THR	VAL	ASP	SER	ARG	PHE	GLN	THR	TYR	VAL	ILE	PRO	GLY	ILE	CYS	VAL	ASN	GLY	SER	ALA	ALA	tight
A0A6L4YBF8	4.67	GLN	ARG	ILE	MET	LEU	LYS	SER	LYS	ILE	GLU	ASP	ALA	GLY	ILE	ILE	PRO	TYR	GLU	ILE	SER	ASN	GLY	GLU	ARG	PHE	GLU	optimal
A0A0W0VG54	4.63	CYS	PRO	MET	PHE	TYR	ARG	LYS	MET	LEU	PRO	GLU	LEU	LEU	ALA	ALA	ALA	ASP	ILE	ASN	VAL	TRP	ASN	VAL	THR	ALA	GLY	optimal
A0A1B1BEP8	4.47	ARG	LEU	ILE	ARG	LYS	GLY	PRO	ALA	PRO	GLY	SER	LEU	THR	VAL	ASP	LEU	ASP	LEU	LEU	PRO	GLY	GLU	LEU	VAL	SER	ILE	tight
A0A1V5QXN3	4.58	TYR	GLN	GLY	SER	CYS	GLY	ILE	ASP	GLU	ARG	PHE	PHE	THR	TYR	ALA	ILE	LYS	ALA	ILE	SER	LEU	ASN	GLY	SER	ALA	ALA	optimal
A0A2D4SRC0	4.51	TYR	GLU	GLY	SER	VAL	SER	ILE	ASP	GLU	ARG	LEU	THR	THR	TYR	ALA	LEU	LYS	ALA	ILE	CYS	ILE	ASN	GLY	ALA	ALA	ALA	optimal
Q9AMS6	5.04	TYR	GLU	GLY	SER	ILE	SER	ILE	ASP	ARG	ARG	PHE	ALA	THR	TYR	VAL	ILE	GLU	ALA	MET	SER	LEU	ASN	GLY	ALA	ALA	ALA	optimal
A0LF66	4.89	TYR	GLU	GLY	SER	LEU	THR	ILE	ASP	GLU	ARG	PHE	ASP	THR	TYR	ALA	ILE	ALA	GLY	PHE	CYS	LEU	ASN	GLY	ALA	ALA	ALA	optimal
Q5ZRF3	4.59	ASP	TYR	GLU	GLY	SER	ILE	THR	ILE	SER	THR	ARG	PHE	GLU	THR	TYR	ALA	ILE	THR	ASP	ILE	CYS	VAL	ASN	GLY	ALA	ALA	optimal
A0A960PLB6	4.66	TYR	VAL	GLY	SER	VAL	THR	ILE	ASP	LEU	ARG	LEU	GLU	THR	TYR	VAL	ILE	ALA	GLY	ILE	CYS	LEU	ASN	GLY	ALA	ALA	ALA	optimal
A1WUU3	5.78	TYR	GLU	GLY	SER	CYS	ALA	ILE	ASP	LEU	ARG	PHE	VAL	THR	TYR	ALA	ILE	ILE	GLY	ILE	SER	MET	ASN	GLY	ALA	ALA	ALA	wide
A0AAW8EPG2	4.59	TYR	GLU	GLY	SER	CYS	ALA	ILE	ASP	GLU	ARG	PHE	VAL	THR	TYR	ALA	ILE	LYS	GLY	ILE	SER	VAL	ASN	GLY	SER	ALA	ALA	optimal
A0A1F9API6	4.6	TYR	GLU	GLY	SER	ILE	GLU	VAL	ASP	ALA	ARG	PHE	GLN	THR	TYR	VAL	VAL	PRO	GLY	ILE	CYS	ILE	ASN	GLY	ALA	ALA	ALA	optimal
A0A1Q7A8P0	4.83	TYR	GLU	GLY	SER	ILE	THR	ILE	ASP	SER	ARG	PHE	GLU	THR	TYR	ALA	ILE	GLU	GLY	VAL	CYS	VAL	ASN	GLY	ALA	ALA	ALA	optimal
C6M2F7	4.57	PRO	MET	PHE	ARG	THR	MET	LEU	GLY	GLY	LEU	LEU	ASP	ALA	ALA	GLY	ILE	LEU	VAL	VAL	ASN	ASN	ASN	ASN	GLY	GLU	ARG	optimal
A0A4R6VI13	4.57	TYR	VAL	GLY	SER	VAL	THR	VAL	ASP	GLU	ARG	LEU	GLU	THR	TYR	VAL	ILE	THR	GLY	ILE	GLY	ILE	ASN	GLY	ALA	ALA	ALA	optimal
A0A1C4VEB4	4.82	VAL	GLY	VAL	VAL	MET	THR	MET	GLY	ALA	PHE	VAL	ASN	PRO	LEU	GLN	PHE	GLY	PRO	TYR	PRO	ARG	THR	LEU	GLU	ALA	ASP	optimal
A5CNC0	4.55	TYR	VAL	GLY	SER	VAL	THR	VAL	ASP	ARG	ARG	LEU	ASP	THR	TYR	THR	ILE	ALA	GLY	LEU	GLY	ILE	ASN	GLY	ALA	ALA	ALA	optimal
A0A1M7XY14	4.61	TYR	VAL	GLY	SER	ILE	THR	VAL	ASP	GLU	ARG	PHE	GLU	THR	TYR	THR	ILE	ALA	GLY	ILE	CYS	LEU	ASN	GLY	ALA	ALA	ALA	optimal
A0AB37U538	4.5	TYR	VAL	GLY	SER	VAL	THR	ILE	ASP	ALA	ARG	LEU	GLU	THR	TYR	VAL	ILE	GLU	GLY	ILE	GLY	ILE	ASN	GLY	ALA	ALA	ALA	tight
A0A0W0XH37	4.77	SER	LYS	ILE	HIS	ARG	ALA	ARG	VAL	THR	PRO	TYR	GLU	ALA	VAL	ASN	VAL	TRP	ASN	PHE	GLU	THR	TYR	ALA	ILE	GLU	GLY	optimal
A0A923TNC7	4.6	TYR	VAL	GLY	SER	VAL	THR	VAL	ASP	GLU	ARG	LEU	GLU	THR	TYR	VAL	ILE	THR	GLY	MET	GLY	ILE	ASN	GLY	ALA	ALA	ALA	optimal
A0A2H5B0T4	4.55	TYR	VAL	GLY	SER	VAL	THR	VAL	ASP	GLN	ARG	LEU	GLU	THR	TYR	THR	ILE	ALA	GLY	ILE	GLY	ILE	ASN	GLY	ALA	ALA	ALA	optimal
F8A4S3	4.07	ASP	LEU	HIS	TYR	VAL	GLY	SER	VAL	THR	ASN	GLY	ALA	ARG	LEU	THR	THR	TYR	ALA	SER	GLY	GLN	VAL	CYS	ILE	ASN	GLY	tight
A0A510V087	4.86	ASP	LEU	HIS	TYR	VAL	GLY	SER	VAL	THR	ASN	GLY	SER	ARG	LEU	THR	THR	TYR	ALA	SER	GLY	GLN	ILE	CYS	ILE	ASN	GLY	optimal
A9WT19	5.13	TYR	VAL	GLY	SER	VAL	THR	VAL	ASP	LYS	ARG	LEU	GLU	THR	TYR	THR	ILE	GLU	GLY	ILE	GLY	ILE	ASN	GLY	ALA	ALA	ALA	optimal
A0A960QEB0	4.62	TYR	GLU	GLY	SER	CYS	ALA	ILE	ASP	ARG	ARG	LEU	ASP	THR	TYR	ALA	ILE	PRO	ALA	VAL	GLY	LEU	ASN	GLY	ALA	ALA	ALA	optimal
A0AA37UKQ7	4.45	TYR	VAL	GLY	SER	VAL	THR	VAL	ASP	LEU	ARG	LEU	ASP	THR	TYR	THR	ILE	ALA	GLY	ILE	GLY	ILE	ASN	GLY	ALA	ALA	ALA	tight
A0A6L9S2L1	4.67	TYR	VAL	GLY	SER	VAL	THR	VAL	ASP	GLU	ARG	LEU	THR	THR	TYR	THR	ILE	PRO	GLY	ILE	GLY	ILE	ASN	GLY	ALA	ALA	ALA	optimal
A0A960AEZ3	4.25	TYR	VAL	GLY	SER	VAL	THR	VAL	ASP	GLU	ARG	LEU	GLU	THR	TYR	THR	ILE	ALA	GLY	ILE	GLY	ILE	ASN	GLY	ALA	ALA	ALA	tight
A0A1G9TMH6	4.76	TYR	VAL	GLY	SER	VAL	THR	ILE	ASP	GLU	ARG	LEU	GLU	THR	TYR	VAL	ILE	PRO	GLY	ILE	GLY	ILE	ASN	GLY	ALA	ALA	ALA	optimal
A0A9D9E0L1	4.6	TYR	ILE	GLY	SER	ILE	THR	ILE	ASP	GLU	ARG	PHE	THR	THR	TYR	VAL	ILE	LYS	GLY	ILE	CYS	LEU	ASN	GLY	ALA	ALA	ALA	optimal
A0A4Q2TAS9	4.55	TYR	VAL	GLY	SER	VAL	THR	VAL	ASP	GLU	ARG	LEU	GLU	THR	TYR	THR	ILE	ALA	GLY	ILE	GLY	ILE	ASN	GLY	ALA	ALA	ALA	optimal
A0A4R2JLQ8	4.65	TYR	VAL	GLY	SER	LEU	THR	VAL	ASP	ALA	ARG	LEU	GLU	THR	TYR	VAL	ILE	GLU	GLY	LEU	GLY	ILE	ASN	GLY	ALA	ALA	ALA	optimal
A0A0H5CSH0	4.72	HIS	TYR	VAL	GLY	SER	VAL	THR	ILE	ASP	ALA	ARG	LEU	GLU	THR	TYR	VAL	ILE	GLU	VAL	ILE	GLY	ILE	ASN	GLY	ALA	ALA	optimal
B9MEY1	4.76	TYR	GLU	GLY	SER	CYS	ALA	ILE	ASP	GLU	ARG	PHE	VAL	THR	TYR	ALA	ILE	LYS	GLY	ILE	SER	VAL	ASN	GLY	SER	ALA	ALA	optimal
T0ZHU4	4.56	TYR	GLU	GLY	SER	CYS	ALA	ILE	ASP	ARG	ARG	LEU	VAL	THR	TYR	ALA	ILE	ALA	ALA	ILE	SER	LEU	ASN	GLY	ALA	ALA	ALA	optimal
A0A1F9BPQ1	4.54	TYR	GLU	GLY	SER	LEU	THR	ILE	ASP	ALA	ARG	PHE	GLN	THR	TYR	ALA	ILE	GLU	GLY	MET	CYS	LEU	ASN	GLY	ALA	ALA	ALA	optimal
A0A1X7CAT6	4.28	TYR	VAL	GLY	SER	VAL	THR	VAL	ASP	GLN	ARG	LEU	GLU	THR	TYR	THR	ILE	ALA	GLY	VAL	GLY	ILE	ASN	GLY	ALA	ALA	ALA	tight
A0A975MIG1	4.76	TYR	VAL	GLY	SER	VAL	THR	VAL	ASP	GLU	ARG	LEU	GLU	THR	TYR	THR	ILE	ALA	GLY	LEU	GLY	ILE	ASN	GLY	ALA	ALA	ALA	optimal
A0A402DR51	4.69	ASP	LEU	HIS	TYR	VAL	GLY	SER	ILE	THR	ASN	GLY	SER	ARG	LEU	THR	THR	TYR	ALA	SER	GLY	GLN	VAL	CYS	ILE	ASN	GLY	optimal
B3R6Q3	4.69	TYR	GLU	GLY	SER	CYS	GLY	ILE	ASP	GLN	ARG	PHE	SER	THR	TYR	ILE	ILE	LYS	GLY	ILE	SER	LEU	ASN	GLY	ALA	ALA	ALA	optimal
B3PCR4	5.74	TYR	ASP	GLY	SER	CYS	ALA	ILE	ASP	ALA	ARG	PHE	HIS	THR	TYR	ILE	ILE	LEU	ALA	ILE	SER	MET	ASN	GLY	ALA	ALA	ALA	wide
Q9JZ56	4.63	TYR	VAL	GLY	SER	ILE	THR	VAL	ASP	GLN	ARG	PHE	GLU	THR	TYR	THR	ILE	ALA	GLY	ILE	CYS	LEU	ASN	GLY	ALA	ALA	ALA	optimal
B1YUU0	4.81	TYR	GLU	GLY	SER	CYS	ALA	ILE	ASP	GLU	ARG	PHE	SER	THR	TYR	ALA	ILE	LYS	GLY	ILE	SER	LEU	ASN	GLY	SER	ALA	ALA	optimal
A0A1Q8BJ07	4.67	ILE	GLU	ILE	ASP	SER	SER	LEU	MET	GLU	TYR	ALA	LEU	SER	ALA	PRO	ARG	GLY	SER	GLY	ALA	ALA	ALA	ARG	ARG	VAL	GLN	optimal
A0A2V8T945	4.54	TYR	GLU	GLY	SER	LEU	THR	LEU	ASP	GLY	ARG	PHE	SER	THR	TYR	MET	ILE	GLU	GLY	CYS	CYS	VAL	ASN	GLY	ALA	ALA	ALA	optimal
A0A538N4S7	4.51	TYR	VAL	GLY	SER	VAL	THR	VAL	ASP	GLU	ARG	LEU	GLU	THR	TYR	VAL	ILE	PRO	GLY	ILE	GLY	ILE	ASN	GLY	ALA	ALA	ALA	optimal
Q39DU8	4.86	TYR	GLU	GLY	SER	CYS	ALA	ILE	ASP	GLU	ARG	PHE	SER	THR	TYR	ALA	ILE	LYS	GLY	ILE	SER	LEU	ASN	GLY	SER	ALA	ALA	optimal
A0QA94	4.82	TYR	VAL	GLY	SER	VAL	THR	ILE	ASP	ALA	ARG	LEU	VAL	THR	TYR	ALA	ILE	THR	GLY	ILE	GLY	ILE	ASN	GLY	ALA	ALA	ALA	optimal
A0A1G6R1R9	4.83	TYR	ILE	GLY	SER	ILE	THR	ILE	ASP	GLU	ARG	PHE	GLN	THR	TYR	THR	ILE	LYS	GLY	ILE	CYS	LEU	ASN	GLY	ALA	ALA	ALA	optimal
A0A1M3EMY0	4.42	ASP	LEU	GLU	TYR	VAL	GLY	SER	ILE	THR	ASN	GLY	ALA	ARG	LEU	THR	THR	TYR	ALA	GLY	ARG	ASP	ILE	GLN	ILE	ASN	GLY	tight
A0A1G0ZRM3	4.64	TYR	GLU	GLY	SER	LEU	GLU	ILE	ASP	THR	ARG	PHE	GLU	THR	TYR	ALA	ILE	PRO	GLY	PHE	LYS	VAL	ASN	GLY	ALA	ALA	ALA	optimal
A0A7V9DVE6	4.64	TYR	VAL	GLY	SER	VAL	THR	VAL	ASP	GLU	ARG	LEU	GLU	THR	TYR	VAL	ILE	PRO	GLY	LEU	GLY	ILE	ASN	GLY	ALA	ALA	ALA	optimal
E5AN51	4.53	THR	LEU	MET	GLN	ARG	THR	MET	LEU	LYS	ASN	LEU	LEU	GLU	ALA	ALA	ASN	ILE	ALA	ILE	TRP	ASN	ILE	ASN	ASN	GLY	GLU	optimal
A0AB33VFQ7	4.44	ALA	ASN	TRP	CYS	VAL	LEU	PRO	PRO	PRO	CYS	PHE	LYS	GLU	ARG	PHE	MET	GLN	ARG	LEU	HIS	ARG	ALA	THR	VAL	THR	GLN	tight
B1VHK2	4.7	TYR	VAL	GLY	SER	CYS	THR	ILE	ASP	ALA	ARG	LEU	THR	THR	TYR	ALA	ILE	THR	GLY	ILE	GLY	ILE	ASN	GLY	ALA	ALA	ALA	optimal
A0A6G3DCG1	4.55	TYR	VAL	GLY	SER	VAL	THR	ILE	ASP	ALA	ARG	LEU	GLU	THR	TYR	VAL	ILE	GLU	GLY	ILE	GLY	ILE	ASN	GLY	ALA	ALA	ALA	optimal
A0A850DK61	4.93	TYR	VAL	GLY	SER	VAL	THR	VAL	ASP	ARG	ARG	LEU	GLU	THR	TYR	VAL	ILE	GLU	GLY	ILE	GLY	ILE	ASN	GLY	ALA	ALA	ALA	optimal
A0A511JCK4	4.66	ASP	LEU	HIS	TYR	VAL	GLY	SER	VAL	THR	ASN	GLY	SER	ARG	LEU	THR	THR	TYR	ALA	SER	GLY	GLN	ILE	CYS	ILE	ASN	GLY	optimal
A6LWN4	4.56	TYR	VAL	GLY	SER	ILE	THR	ILE	ASP	LYS	ARG	LEU	GLU	THR	TYR	VAL	ILE	PRO	GLY	ILE	CYS	LEU	ASN	GLY	ALA	ALA	ALA	optimal
Q12D75	5.0	TYR	GLU	GLY	SER	CYS	ALA	ILE	ASP	GLU	ARG	PHE	VAL	THR	TYR	ALA	ILE	LYS	GLY	ILE	SER	VAL	ASN	GLY	SER	ALA	ALA	optimal
Q0BCS7	4.82	TYR	GLU	GLY	SER	CYS	ALA	ILE	ASP	GLU	ARG	PHE	SER	THR	TYR	ALA	ILE	LYS	GLY	ILE	SER	LEU	ASN	GLY	SER	ALA	ALA	optimal
A1UMH9	5.09	TYR	VAL	GLY	SER	VAL	THR	ILE	ASP	ALA	ARG	LEU	VAL	THR	TYR	ALA	ILE	THR	GLY	ILE	GLY	ILE	ASN	GLY	ALA	ALA	ALA	optimal
Q9CD57	5.1	TYR	VAL	GLY	SER	VAL	THR	ILE	ASP	ALA	ARG	LEU	VAL	THR	TYR	ALA	ILE	ALA	GLY	ILE	GLY	ILE	ASN	GLY	ALA	ALA	ALA	optimal
A0A3M1Z6A1	4.64	TYR	GLU	GLY	SER	VAL	THR	ILE	ASP	PRO	ARG	PHE	GLN	THR	TYR	ALA	ILE	PRO	GLY	ILE	ARG	LEU	ASN	GLY	ALA	ALA	ALA	optimal
A0A3D4WVD5	4.47	TYR	VAL	GLY	SER	LEU	THR	LEU	ASP	ALA	ARG	LEU	GLU	THR	TYR	VAL	ILE	GLU	GLY	VAL	GLY	ILE	ASN	GLY	ALA	ALA	ALA	tight
A0A1D3DYD7	4.74	TYR	VAL	GLY	SER	LEU	THR	ILE	ASP	ALA	ARG	LEU	SER	THR	TYR	THR	ILE	GLU	GLY	ILE	GLY	ILE	ASN	GLY	ALA	ALA	ALA	optimal
A0A833M6G0	4.54	TYR	GLN	GLY	SER	VAL	THR	ILE	ASP	PRO	ARG	LEU	THR	THR	TYR	ALA	ILE	PRO	GLY	VAL	CYS	LEU	ASN	GLY	ALA	ALA	ALA	optimal
A0A9D6ZM43	4.57	TYR	GLU	GLY	SER	VAL	SER	ILE	ASP	ARG	ARG	VAL	GLY	THR	TYR	ALA	ILE	GLU	GLY	ILE	CYS	ILE	ASN	GLY	ALA	ALA	ALA	optimal
H8KXH0	4.62	HIS	PRO	ASN	THR	PHE	THR	ASN	PHE	ALA	TYR	VAL	GLY	SER	ILE	THR	ILE	ASP	GLU	ASN	MET	ILE	GLU	ASN	GLU	LYS	VAL	optimal
A0A7W7G7Z9	4.56	ALA	THR	VAL	THR	GLN	CYS	ASP	LEU	HIS	HIS	VAL	VAL	ASP	ILE	ASP	ASN	GLY	ASN	ILE	GLU	GLY	GLU	ARG	GLY	SER	GLY	optimal
A0A062X005	4.64	TYR	VAL	GLY	SER	VAL	THR	ILE	ASP	ALA	ARG	LEU	GLU	THR	TYR	ALA	ILE	ALA	GLY	ILE	GLY	ILE	ASN	GLY	ALA	ALA	ALA	optimal
A0A653T900	4.61	TYR	VAL	GLY	SER	ILE	THR	VAL	ASP	PRO	ARG	PHE	GLU	THR	TYR	THR	ILE	ALA	GLY	ILE	GLN	VAL	ASN	GLY	ALA	ALA	ALA	optimal
A0PXQ5	4.8	TYR	VAL	GLY	SER	ILE	THR	ILE	ASP	LYS	ARG	PHE	GLU	THR	TYR	VAL	ILE	PRO	GLY	ILE	CYS	LEU	ASN	GLY	ALA	ALA	ALA	optimal
A8M8F2	4.84	TYR	VAL	GLY	SER	VAL	THR	VAL	ASP	GLN	ARG	LEU	GLU	THR	TYR	VAL	ILE	PRO	GLY	ILE	GLY	ILE	ASN	GLY	ALA	ALA	ALA	optimal
Q2JE00	4.78	HIS	TYR	VAL	GLY	SER	ILE	THR	ILE	ASP	ALA	ARG	LEU	SER	THR	TYR	VAL	ILE	GLU	THR	ILE	GLY	ILE	ASN	GLY	ALA	ALA	optimal
A0A2V6CE69	4.52	TYR	GLU	GLY	SER	LEU	THR	ILE	ALA	GLU	ARG	PHE	GLU	THR	TYR	ALA	ILE	LYS	GLY	ILE	GLU	LEU	ASN	GLY	ALA	VAL	ALA	optimal
A0A4V1BDW7	4.52	TYR	VAL	GLY	SER	VAL	THR	VAL	ASP	GLN	ARG	LEU	GLU	THR	TYR	THR	ILE	ALA	GLY	ILE	GLY	ILE	ASN	GLY	ALA	ALA	ALA	optimal
A4SWK6	5.08	TYR	GLU	GLY	SER	CYS	GLY	ILE	ASP	GLU	ARG	PHE	SER	THR	TYR	ILE	ILE	LYS	ALA	ILE	SER	LEU	ASN	GLY	ALA	ALA	ALA	optimal
A5CW02	5.17	TYR	GLU	GLY	SER	CYS	GLU	ILE	ASP	GLY	ARG	PHE	THR	THR	TYR	THR	ILE	LEU	GLY	ILE	SER	VAL	ASN	GLY	ALA	ALA	ALA	optimal
Q3A9L2	4.84	TYR	VAL	GLY	SER	ILE	THR	ILE	ASP	GLU	ARG	LEU	GLU	THR	TYR	THR	ILE	PRO	GLY	ILE	SER	LEU	ASN	GLY	ALA	ALA	ALA	optimal
A0A3D1CW71	4.74	TYR	GLU	GLY	SER	ILE	THR	ILE	ASP	GLU	ARG	PHE	GLU	THR	TYR	ILE	ILE	ARG	GLY	ILE	CYS	LEU	ASN	GLY	ALA	ALA	ALA	optimal
A0A395M3M6	3.96	TYR	GLU	GLY	SER	ILE	THR	ILE	ASP	MET	ARG	PHE	GLU	THR	TYR	ILE	ILE	ALA	GLY	VAL	GLN	LEU	ASN	GLY	ALA	CYS	ALA	tight
A0A7Y2PA35	4.6	TYR	GLU	GLY	SER	ILE	THR	ILE	ASP	GLU	ARG	PHE	SER	THR	TYR	VAL	ILE	ARG	GLY	ILE	CYS	MET	ASN	GLY	ALA	ALA	ALA	optimal
A0A1I1I7N6	4.72	THR	VAL	LEU	LYS	SER	LYS	LEU	HIS	ARG	ALA	GLY	LEU	LEU	GLU	ASN	GLU	GLN	VAL	ASN	GLY	GLU	ARG	LEU	VAL	THR	TYR	optimal
A0A5E4Y3Y2	4.56	TYR	GLU	GLY	SER	CYS	ALA	ILE	ASP	GLU	ARG	PHE	THR	THR	TYR	ALA	ILE	ARG	GLY	ILE	SER	LEU	ASN	GLY	ALA	ALA	ALA	optimal
A0A918R5Y9	4.64	PHE	LYS	SER	LYS	ILE	HIS	ARG	ALA	THR	LEU	LEU	PRO	GLY	GLU	LEU	VAL	HIS	ILE	ALA	ARG	LEU	GLU	THR	TYR	VAL	ILE	optimal
A0A4Q5T8L7	4.49	TYR	VAL	GLY	SER	VAL	THR	VAL	ASP	ALA	ARG	ILE	GLN	THR	TYR	THR	ILE	ALA	GLY	ILE	GLY	ILE	ASN	GLY	ALA	ALA	ALA	tight
A0A2T6L7F2	4.63	ALA	LYS	ILE	HIS	ARG	ALA	THR	VAL	THR	PRO	GLY	GLN	GLN	VAL	ASP	VAL	VAL	ASP	LEU	THR	THR	TYR	VAL	ILE	PRO	GLY	optimal
A9AHJ2	4.82	TYR	GLU	GLY	SER	CYS	ALA	ILE	ASP	GLU	ARG	PHE	SER	THR	TYR	ALA	ILE	LYS	GLY	ILE	SER	LEU	ASN	GLY	SER	ALA	ALA	optimal
Q88Z02	5.0	TYR	VAL	GLY	SER	ILE	THR	ILE	ASP	GLU	ARG	PHE	GLU	THR	TYR	VAL	ILE	ALA	GLY	ILE	CYS	LEU	ASN	GLY	ALA	THR	ALA	optimal
A0A948G1R4	4.48	TYR	SER	GLY	SER	ILE	THR	VAL	ASP	SER	ARG	ILE	GLU	THR	TYR	VAL	ILE	PRO	GLY	ILE	GLY	MET	ASN	GLY	GLY	ALA	ALA	tight
A0A0Q1B199	4.52	TYR	GLU	GLY	SER	ILE	SER	ILE	ASP	GLU	ARG	PHE	SER	THR	TYR	ALA	ILE	LYS	GLY	ILE	CYS	LEU	ASN	GLY	ALA	ALA	ALA	optimal
A0A929D4T2	4.7	TYR	GLU	GLY	SER	VAL	THR	ILE	ASP	GLU	ARG	LEU	GLU	THR	TYR	VAL	ILE	LYS	GLY	ILE	CYS	VAL	ASN	GLY	ALA	ALA	ALA	optimal
L8P0Z5	4.62	HIS	TYR	VAL	GLY	SER	LEU	THR	ILE	ASP	ALA	ARG	LEU	THR	THR	TYR	ALA	ILE	THR	VAL	ILE	GLY	ILE	ASN	GLY	ALA	ALA	optimal
A0A1V5KP05	4.39	TYR	THR	GLY	SER	ILE	THR	ILE	ASP	ALA	ARG	PHE	GLU	THR	TYR	VAL	ILE	ARG	GLY	ILE	CYS	LEU	ASN	GLY	ALA	ALA	ALA	tight
F8AZB5	4.63	TYR	VAL	GLY	SER	VAL	THR	ILE	ASP	ALA	ARG	LEU	GLU	THR	TYR	ALA	ILE	ALA	GLY	ILE	GLY	ILE	ASN	GLY	ALA	ALA	ALA	optimal
A0A1G7CB15	4.17	LEU	VAL	ALA	ALA	SER	VAL	ALA	ALA	PRO	ALA	ALA	PRO	ALA	GLY	ALA	ALA	SER	SER	ARG	MET	MET	THR	GLY	LYS	ILE	HIS	tight
A0A1G9PPG5	4.72	GLY	VAL	PRO	ASP	ASN	LEU	ASN	GLY	ASN	CYS	ALA	ASN	VAL	CYS	LYS	GLY	MET	ASP	ARG	ILE	ARG	GLY	GLN	PHE	PHE	PRO	optimal
Q65I58	4.96	TYR	VAL	GLY	SER	VAL	THR	ILE	ASP	GLU	ARG	LEU	GLU	THR	TYR	ILE	ILE	PRO	GLY	VAL	CYS	LEU	ASN	GLY	ALA	ALA	ALA	optimal
Q2RM59	4.51	TYR	ILE	GLY	SER	ILE	THR	ILE	ASP	SER	ARG	LEU	GLU	THR	TYR	ALA	ILE	PRO	GLY	ILE	CYS	ALA	ASN	GLY	ALA	ALA	ALA	optimal
A0LRC6	4.82	TYR	VAL	GLY	SER	ILE	THR	LEU	ASP	LEU	ARG	LEU	GLU	THR	TYR	VAL	ILE	ALA	GLY	VAL	GLY	ILE	ASN	GLY	ALA	ALA	ALA	optimal
B8ZU50	4.66	TYR	VAL	GLY	SER	VAL	THR	ILE	ASP	ALA	ARG	LEU	VAL	THR	TYR	ALA	ILE	ALA	GLY	ILE	GLY	ILE	ASN	GLY	ALA	ALA	ALA	optimal
Q0RB93	4.65	TYR	VAL	GLY	SER	VAL	THR	ILE	ASP	ALA	ARG	LEU	GLU	THR	TYR	ALA	ILE	ALA	GLY	ILE	GLY	ILE	ASN	GLY	ALA	ALA	ALA	optimal
A0A8T3KMG0	4.59	TYR	MET	GLY	SER	ILE	THR	ILE	ASP	GLU	ARG	PHE	GLU	THR	TYR	ALA	ILE	LYS	GLY	ILE	CYS	LEU	ASN	GLY	ALA	SER	ALA	optimal
A0A7C6KZ59	4.65	TYR	MET	GLY	SER	ILE	THR	ILE	ASP	LYS	ARG	PHE	GLU	THR	TYR	VAL	ILE	GLU	GLY	VAL	CYS	LEU	ASN	GLY	ALA	ALA	ALA	optimal
A0A3M0ZIH5	4.98	LEU	ASN	TYR	GLU	GLY	SER	ILE	THR	ILE	GLY	ASN	ARG	ILE	GLU	THR	TYR	ALA	ILE	ARG	TYR	ILE	CYS	ALA	ASN	GLY	ALA	optimal
A0A6C1SX81	4.54	TYR	HIS	GLY	SER	ILE	THR	ILE	ASP	ARG	ARG	PHE	GLU	THR	TYR	VAL	ILE	GLU	GLY	ILE	GLN	ILE	ASN	GLY	ALA	ALA	ALA	optimal
A0A968TUE1	4.55	TYR	VAL	GLY	SER	MET	THR	LEU	ASP	PRO	ARG	LEU	ALA	THR	TYR	ALA	ILE	PRO	GLY	ALA	VAL	LEU	ASN	GLY	ALA	ALA	ALA	optimal
A0A961S9W9	4.89	TYR	GLU	GLY	SER	ILE	SER	ILE	ASP	ARG	ARG	LEU	THR	THR	TYR	VAL	ILE	VAL	ALA	ILE	GLY	LEU	ASN	GLY	ALA	ALA	ALA	optimal
A0A1H6YRE2	4.59	ASP	LEU	HIS	TYR	VAL	GLY	SER	VAL	THR	ASN	GLY	ALA	ARG	LEU	THR	THR	TYR	ALA	SER	GLY	VAL	VAL	CYS	ILE	ASN	GLY	optimal
A0A1Q7ASG4	4.49	TYR	GLU	GLY	SER	ILE	THR	VAL	ASP	GLU	ARG	PHE	THR	THR	TYR	ALA	ILE	PRO	GLY	VAL	SER	LEU	ASN	GLY	PRO	THR	ALA	tight
A0A8J6LTK2	4.7	TYR	VAL	GLY	SER	ILE	THR	ILE	ASP	GLU	ARG	LEU	GLU	THR	TYR	VAL	ILE	PRO	GLY	ILE	GLY	ILE	ASN	GLY	ALA	ALA	ALA	optimal
A0A7C2EQ04	4.49	VAL	ARG	LEU	MET	LEU	SER	GLY	LYS	ILE	ASP	ALA	ALA	GLY	ILE	LEU	PRO	TYR	GLU	VAL	THR	ASN	GLY	ALA	ARG	LEU	GLU	tight
A0A3T0Y984	4.27	LYS	SER	LYS	ILE	HIS	ARG	ALA	THR	VAL	LEU	PRO	GLY	GLU	LEU	VAL	SER	ILE	VAL	ARG	LEU	GLU	THR	TYR	THR	ILE	ALA	tight
A0A365ZGK0	4.2	TYR	VAL	GLY	SER	VAL	THR	VAL	ASP	GLU	ARG	LEU	GLU	THR	TYR	VAL	ILE	LYS	GLY	ILE	GLY	ILE	ASN	GLY	ALA	ALA	ALA	tight
Q5X0V0	4.59	ASP	TYR	GLU	GLY	SER	ILE	THR	ILE	SER	THR	ARG	PHE	GLU	THR	TYR	ALA	ILE	THR	ASP	ILE	CYS	VAL	ASN	GLY	ALA	ALA	optimal
A8LCM7	4.91	TYR	VAL	GLY	SER	VAL	THR	ILE	ASP	ALA	ARG	LEU	GLU	THR	TYR	ALA	ILE	SER	GLY	ILE	GLY	ILE	ASN	GLY	ALA	ALA	ALA	optimal
A0A7X7F9N7	4.46	TYR	GLN	GLY	SER	LEU	THR	LEU	ASP	PRO	ARG	PHE	GLU	THR	TYR	ALA	ILE	ALA	GLY	CYS	CYS	LEU	ASN	GLY	ALA	THR	ALA	tight
E6W3Q9	4.82	TYR	VAL	GLY	SER	ILE	THR	ILE	ASP	ARG	ARG	PHE	GLU	THR	TYR	ILE	ILE	GLU	GLY	ILE	CYS	LEU	ASN	GLY	ALA	ALA	ALA	optimal
A0A543AWS3	4.66	TYR	VAL	GLY	SER	VAL	THR	VAL	ASP	GLN	ARG	LEU	GLU	THR	TYR	VAL	ILE	ALA	GLY	ILE	GLY	ILE	ASN	GLY	ALA	ALA	ALA	optimal
A0A2A9F0U0	4.48	PRO	ALA	SER	LEU	GLN	ARG	PRO	MET	MET	THR	ASP	LEU	LEU	ASP	ALA	ALA	ASP	LEU	ASP	VAL	VAL	ASP	VAL	THR	ASN	GLY	tight
A1AXA6	4.54	TYR	GLU	GLY	SER	CYS	GLU	ILE	ASP	GLY	ARG	PHE	THR	THR	TYR	THR	ILE	ARG	GLY	ILE	SER	VAL	ASN	GLY	ALA	ALA	ALA	optimal
A4JGX2	4.72	TYR	GLU	GLY	SER	CYS	ALA	ILE	ASP	GLU	ARG	PHE	SER	THR	TYR	ALA	ILE	LYS	GLY	ILE	SER	LEU	ASN	GLY	SER	ALA	ALA	optimal
Q3AQL9	4.75	TYR	GLU	GLY	SER	ILE	THR	ILE	ASP	SER	ARG	PHE	GLU	THR	TYR	ILE	ILE	LYS	GLY	ILE	GLN	LEU	ASN	GLY	ALA	ALA	ALA	optimal
A0A939XGU5	4.57	TYR	ILE	GLY	SER	ILE	THR	ILE	ASP	GLU	ARG	PHE	SER	THR	TYR	VAL	ILE	LYS	GLY	ILE	GLY	ILE	ASN	GLY	ALA	ALA	ALA	optimal
A0A948C8U0	4.73	TYR	GLU	GLY	SER	ILE	THR	ILE	ASP	GLU	ARG	PHE	VAL	THR	TYR	CYS	ILE	LYS	GLY	ILE	CYS	LEU	ASN	GLY	PRO	SER	ALA	optimal
A0A937LHY9	4.32	TYR	GLU	GLY	SER	CYS	LEU	ILE	ASP	ILE	ARG	LEU	THR	THR	TYR	ALA	ILE	ALA	GLY	ILE	CYS	ALA	ASN	GLY	ALA	CYS	CYS	tight
A0A5C6E1X9	4.56	ASP	VAL	ASP	TYR	GLU	GLY	SER	VAL	THR	ARG	GLY	THR	ARG	LEU	GLU	THR	TYR	ALA	SER	SER	ASP	ILE	CYS	MET	ASN	GLY	optimal
A0A2E5IBU2	4.39	LEU	ASN	GLY	LYS	ILE	HIS	ARG	ALA	THR	ILE	CYS	GLU	TRP	GLU	LYS	VAL	ALA	ILE	ALA	ARG	LEU	GLU	THR	TYR	ALA	ILE	tight
A0A5J4KD92	4.54	TYR	VAL	GLY	SER	ILE	THR	ILE	ASP	GLN	ARG	LEU	GLU	THR	TYR	ALA	ILE	PRO	GLY	ILE	CYS	LEU	ASN	GLY	ALA	ALA	ALA	optimal
A0A1Y2K3Z0	4.53	LYS	CYS	LYS	ILE	HIS	ARG	ALA	ARG	VAL	HIS	GLU	PHE	GLU	GLU	ILE	HIS	ILE	TRP	ARG	PHE	THR	THR	TYR	ALA	ILE	ARG	optimal
A0A518GJL3	4.79	VAL	PRO	GLY	GLU	PRO	LEU	GLY	LEU	ARG	GLU	GLY	SER	ILE	THR	VAL	ASP	ARG	VAL	ILE	LEU	VAL	HIS	GLU	GLN	VAL	HIS	optimal
A0A1X1MH73	4.68	TYR	VAL	GLY	SER	ILE	THR	ILE	ASP	ALA	ARG	LEU	SER	THR	TYR	VAL	ILE	GLU	GLY	ILE	GLY	ILE	ASN	GLY	ALA	ALA	ALA	optimal
A0A345SYU4	4.51	TYR	VAL	GLY	SER	VAL	THR	VAL	ASP	GLN	ARG	LEU	GLU	THR	TYR	THR	ILE	ALA	GLY	ILE	GLY	ILE	ASN	GLY	ALA	ALA	ALA	optimal
A0A455U071	4.73	GLN	ARG	ILE	ALA	LEU	VAL	PRO	THR	MET	SER	LEU	PHE	VAL	ASN	PRO	MET	GLN	PHE	ASP	GLY	TYR	PRO	ARG	THR	PHE	ASP	optimal
B9ML76	4.64	TYR	VAL	GLY	SER	ILE	THR	ILE	ASP	GLU	ARG	PHE	GLU	THR	TYR	VAL	ILE	LYS	GLY	ILE	CYS	LEU	ASN	GLY	ALA	ALA	ALA	optimal
A0K1U2	5.45	TYR	VAL	GLY	SER	VAL	THR	VAL	ASP	LEU	ARG	LEU	GLU	THR	TYR	THR	ILE	ALA	GLY	ILE	GLY	ILE	ASN	GLY	ALA	ALA	ALA	optimal
A4XCQ3	5.21	TYR	VAL	GLY	SER	VAL	THR	VAL	ASP	GLN	ARG	LEU	GLU	THR	TYR	VAL	ILE	PRO	GLY	ILE	GLY	ILE	ASN	GLY	ALA	ALA	ALA	optimal
A0A1G1PQ70	4.64	TYR	THR	GLY	SER	ILE	THR	ILE	ASP	ALA	ARG	VAL	GLU	THR	TYR	THR	LEU	ALA	GLY	ILE	CYS	MET	ASN	GLY	ALA	ALA	ALA	optimal
A0A960WDI9	4.51	TYR	GLU	GLY	SER	ILE	LEU	ILE	ASP	SER	ARG	HIS	ILE	THR	TYR	ALA	ILE	ALA	ALA	ILE	ILE	SER	ASN	GLY	PRO	ALA	ALA	optimal
A0A7X7A0W9	4.94	TYR	VAL	GLY	SER	ILE	THR	ILE	ASP	LYS	ARG	PHE	GLU	THR	TYR	VAL	ILE	GLU	GLY	ILE	CYS	LEU	ASN	GLY	ALA	ALA	ALA	optimal
A0A9Q4CU88	4.5	TYR	VAL	GLY	SER	ILE	THR	ILE	ASP	GLU	ARG	PHE	GLU	THR	TYR	VAL	LEU	LYS	GLY	ILE	GLU	LEU	ASN	GLY	ALA	ALA	ALA	tight
B4SCF6	4.74	TYR	GLU	GLY	SER	ILE	THR	ILE	ASP	ASN	ARG	PHE	GLU	THR	TYR	ILE	ILE	LYS	GLY	ILE	GLN	LEU	ASN	GLY	ALA	ALA	ALA	optimal
Q826E8	4.62	TYR	VAL	GLY	SER	VAL	THR	ILE	ASP	ALA	ARG	LEU	GLU	THR	TYR	VAL	ILE	GLU	GLY	VAL	GLY	ILE	ASN	GLY	ALA	ALA	ALA	optimal
A0A7Y8MLW9	4.45	TYR	GLU	GLY	SER	CYS	ALA	ILE	ASP	GLU	ARG	PHE	SER	THR	TYR	ALA	ILE	ARG	GLY	ILE	SER	VAL	ASN	GLY	ALA	ALA	ALA	tight
A0A944UGC7	4.42	TYR	SER	GLY	SER	LEU	SER	ILE	ASP	ARG	ARG	PHE	GLU	THR	TYR	CYS	ILE	PRO	ALA	ILE	ALA	LEU	ASN	GLY	ALA	ALA	ALA	tight
A0AA48KFW1	4.5	TYR	VAL	GLY	SER	ILE	THR	ILE	ASP	PRO	ARG	ILE	SER	THR	TYR	VAL	ILE	PRO	GLY	ILE	GLY	ILE	ASN	GLY	ALA	ALA	ALA	tight
A0A944EAL2	4.55	TYR	VAL	GLY	SER	VAL	THR	VAL	ASP	ALA	ARG	LEU	GLU	THR	TYR	VAL	ILE	GLU	GLY	ILE	GLY	ILE	ASN	GLY	ALA	ALA	ALA	optimal
A0A8J7HKL6	4.48	TYR	VAL	GLY	SER	ILE	SER	ILE	ASP	GLN	ARG	PHE	ILE	THR	TYR	ALA	ILE	PRO	ALA	ILE	GLU	LEU	ASN	GLY	ALA	ALA	ALA	tight
A0A7J5UNL4	4.52	THR	ILE	THR	GLU	ALA	ASP	LEU	HIS	TYR	VAL	VAL	ASP	VAL	THR	ASN	GLY	ALA	ARG	PRO	GLY	GLU	ARG	GLY	SER	GLY	THR	optimal
A0A7J9V2R9	4.13	THR	ILE	THR	GLU	ALA	ASP	LEU	HIS	TYR	VAL	VAL	ASP	VAL	THR	ASN	GLY	ALA	ARG	PRO	GLY	GLU	ARG	GLY	SER	GLY	MET	tight
A0A1C6RBZ0	4.64	TYR	VAL	GLY	SER	VAL	THR	VAL	ASP	GLU	ARG	LEU	GLU	THR	TYR	VAL	ILE	PRO	GLY	ILE	GLY	ILE	ASN	GLY	ALA	ALA	ALA	optimal
B4E8E6	4.65	TYR	GLU	GLY	SER	CYS	ALA	ILE	ASP	GLU	ARG	PHE	SER	THR	TYR	ALA	ILE	LYS	GLY	ILE	SER	LEU	ASN	GLY	SER	ALA	ALA	optimal
Q1BUH0	4.84	TYR	GLU	GLY	SER	CYS	ALA	ILE	ASP	GLU	ARG	PHE	SER	THR	TYR	ALA	ILE	LYS	GLY	ILE	SER	LEU	ASN	GLY	SER	ALA	ALA	optimal
Q21U10	5.72	TYR	GLU	GLY	SER	CYS	ALA	ILE	ASP	GLU	ARG	PHE	VAL	THR	TYR	ALA	ILE	ARG	GLY	ILE	SER	VAL	ASN	GLY	SER	ALA	ALA	wide
A0A971QLZ6	4.5	TYR	GLU	GLY	SER	ILE	THR	ILE	ASP	ARG	ARG	PHE	VAL	THR	TYR	ALA	ILE	PRO	GLY	ILE	GLU	LEU	ASN	GLY	PRO	ALA	ALA	tight
A0A948BXP4	4.8	TYR	GLU	GLY	SER	LEU	THR	ILE	ASP	ARG	ARG	PHE	ASP	THR	TYR	VAL	ILE	GLU	GLY	ILE	ALA	LEU	ASN	GLY	ALA	ALA	ALA	optimal
A0A7C5JNI3	4.61	TYR	GLU	GLY	SER	ILE	ALA	ILE	ASP	SER	ARG	VAL	VAL	THR	TYR	ALA	ILE	PRO	ALA	VAL	MET	LEU	ASN	GLY	PRO	ALA	ALA	optimal
A0A9D7A2I1	4.43	TYR	GLU	GLY	SER	LEU	THR	VAL	ASP	GLU	ARG	PHE	MET	THR	TYR	ALA	MET	ALA	GLY	ILE	VAL	LEU	ASN	GLY	PRO	THR	ALA	tight
A0A6G3CV13	4.53	TYR	VAL	GLY	SER	VAL	THR	ILE	ASP	ALA	ARG	LEU	GLU	THR	TYR	VAL	ILE	GLU	GLY	ILE	GLY	ILE	ASN	GLY	ALA	ALA	ALA	optimal
A0A838S2L1	4.56	TYR	VAL	GLY	SER	VAL	THR	LEU	ASP	GLU	ARG	LEU	GLU	THR	TYR	VAL	ILE	PRO	GLY	ILE	GLY	ILE	ASN	GLY	ALA	ALA	ALA	optimal
A0A0P7CHA1	4.56	TYR	VAL	GLY	SER	ILE	THR	ILE	ASP	ARG	ARG	LEU	VAL	THR	TYR	ALA	ILE	ASP	GLY	ILE	GLY	MET	ASN	GLY	ALA	ALA	ALA	optimal
A7Z5Z2	4.95	TYR	VAL	GLY	SER	ILE	THR	ILE	ASP	GLU	ARG	LEU	GLU	THR	TYR	ILE	ILE	PRO	GLY	ILE	CYS	LEU	ASN	GLY	ALA	ALA	ALA	optimal
P52999	4.92	TYR	VAL	GLY	SER	ILE	THR	ILE	ASP	GLU	ARG	LEU	GLU	THR	TYR	ILE	ILE	PRO	GLY	ILE	CYS	LEU	ASN	GLY	ALA	ALA	ALA	optimal
Q8FU86	4.7	TYR	VAL	GLY	SER	ILE	THR	ILE	ASP	ALA	ARG	ILE	GLU	THR	TYR	VAL	ILE	THR	GLY	ILE	CYS	ILE	ASN	GLY	ALA	ALA	ALA	optimal
A0A970Z6J5	4.51	TYR	VAL	GLY	SER	LEU	THR	VAL	ASP	ARG	ARG	LEU	ILE	THR	TYR	VAL	ILE	GLU	GLY	ILE	GLY	VAL	ASN	GLY	ALA	ALA	ALA	optimal
A0A2W5PQ05	4.86	TYR	GLU	GLY	SER	LEU	THR	ILE	ASP	VAL	ARG	PHE	THR	THR	TYR	ALA	ILE	GLU	GLY	ILE	GLY	VAL	ASN	GLY	ALA	ALA	ALA	optimal
J7LG94	4.43	TYR	VAL	GLY	SER	VAL	THR	ILE	ASP	ALA	ARG	LEU	VAL	THR	TYR	ALA	LEU	VAL	GLY	ILE	GLY	ILE	ASN	GLY	ALA	ALA	ALA	tight
A0A4R4SHF9	4.44	TYR	VAL	GLY	SER	LEU	THR	ILE	ASP	GLN	ARG	LEU	GLU	THR	TYR	LEU	ILE	ALA	GLY	ILE	GLY	ILE	ASN	GLY	ALA	ALA	ALA	tight
A0A656Y0M7	4.01	ASP	LEU	HIS	TYR	VAL	GLY	SER	ILE	THR	SER	GLY	ALA	ARG	LEU	THR	THR	TYR	ALA	SER	GLY	GLN	VAL	CYS	ILE	ASN	GLY	tight
A0A328HJX5	4.5	TYR	VAL	GLY	SER	VAL	THR	VAL	ASP	LEU	ARG	LEU	GLU	THR	TYR	THR	ILE	ALA	GLY	LEU	GLY	ILE	ASN	GLY	ALA	ALA	ALA	tight
Q0B0P4	4.87	TYR	VAL	GLY	SER	ILE	THR	ILE	ASP	ARG	ARG	PHE	ASP	THR	TYR	VAL	ILE	GLU	GLY	ILE	CYS	LEU	ASN	GLY	ALA	ALA	SER	optimal
B2V1M0	4.94	TYR	MET	GLY	SER	ILE	THR	ILE	ASP	LYS	ARG	LEU	GLU	THR	TYR	VAL	ILE	PRO	GLY	ILE	CYS	LEU	ASN	GLY	ALA	ALA	ALA	optimal
Q0AB67	5.75	TYR	GLU	GLY	SER	CYS	ALA	ILE	ASP	ALA	ARG	PHE	THR	THR	TYR	ALA	ILE	ARG	GLY	ILE	SER	MET	ASN	GLY	ALA	ALA	ALA	wide
Q5F8Y9	4.66	TYR	VAL	GLY	SER	ILE	THR	VAL	ASP	GLN	ARG	PHE	GLU	THR	TYR	THR	ILE	ALA	GLY	ILE	CYS	LEU	ASN	GLY	ALA	ALA	ALA	optimal
A1BDG1	4.85	TYR	GLU	GLY	SER	ILE	THR	ILE	ASP	GLN	ARG	PHE	GLU	THR	TYR	ILE	ILE	ASN	GLY	ILE	GLN	LEU	ASN	GLY	ALA	ALA	ALA	optimal
A0A7C3YYK8	4.65	TYR	SER	GLY	SER	ILE	GLU	ILE	ASP	LYS	ARG	PHE	GLU	THR	TYR	VAL	ILE	GLU	GLY	ILE	GLY	LEU	GLN	GLY	GLY	ALA	ALA	optimal
A0A7W1YKF9	4.52	TYR	PRO	GLY	SER	LEU	THR	VAL	ASP	ILE	ARG	LEU	GLU	THR	TYR	LEU	ILE	ALA	GLY	ILE	ILE	VAL	ASN	GLY	ALA	ALA	ALA	optimal
A0A9D7T448	4.43	TYR	GLU	GLY	SER	LEU	ALA	ILE	ASP	CYS	ARG	PHE	GLU	THR	TYR	ALA	ILE	SER	ALA	ILE	SER	LEU	ASN	GLY	GLY	THR	ALA	tight
A0A952R5E7	4.46	TYR	GLU	GLY	SER	VAL	THR	ILE	ASP	ALA	ARG	LEU	VAL	THR	TYR	ALA	LEU	GLU	GLY	ILE	CYS	VAL	ASN	GLY	ALA	ALA	ALA	tight
A0A2E2UYM1	4.43	TYR	ASN	GLY	SER	CYS	ALA	ILE	ASP	SER	ARG	PHE	ILE	THR	TYR	ALA	LEU	CYS	ALA	ILE	SER	LEU	ASN	GLY	ALA	ALA	ALA	tight
B0B512	4.08	TYR	VAL	GLY	SER	LEU	THR	LEU	ASP	SER	ARG	LEU	SER	THR	TYR	VAL	ILE	GLU	GLY	VAL	GLY	ILE	ASN	GLY	ALA	ALA	ALA	tight
A0A2S6SAJ2	4.74	ILE	THR	ASN	VAL	GLU	LEU	ASN	TYR	GLU	TYR	ASN	LEU	ASN	ASN	GLY	ASN	ARG	PHE	ALA	GLU	LYS	ASN	SER	GLY	ILE	ILE	optimal
A0A7C6CG65	4.65	TYR	VAL	GLY	SER	VAL	THR	ILE	ASP	LEU	ARG	LEU	THR	THR	TYR	THR	ILE	ALA	GLY	VAL	GLN	LEU	ASN	GLY	ALA	ALA	ALA	optimal
A0A2E3QYM1	4.48	TYR	GLU	GLY	SER	ILE	THR	LEU	ASP	ARG	ARG	LEU	GLU	THR	TYR	THR	ILE	PRO	SER	VAL	CYS	LEU	ASN	GLY	PRO	ALA	ALA	tight
K0ENC8	4.95	TYR	VAL	GLY	SER	VAL	THR	VAL	ASP	GLN	ARG	LEU	GLU	THR	TYR	VAL	ILE	ALA	GLY	ILE	GLY	ILE	ASN	GLY	ALA	ALA	ALA	optimal
A0A538TM87	4.29	TYR	GLU	GLY	SER	VAL	THR	VAL	ASP	ALA	ARG	PHE	ASP	THR	TYR	ALA	ILE	ARG	GLY	VAL	ARG	LEU	ASN	GLY	PRO	ALA	ALA	tight
A0A2E6DTN8	4.37	TYR	VAL	GLY	SER	ILE	SER	ILE	ASP	SER	ARG	LEU	GLU	THR	TYR	ALA	ILE	ARG	ALA	ILE	CYS	ILE	ASN	GLY	ALA	ALA	ALA	tight
A0A564WG02	4.8	VAL	THR	ALA	ALA	ASP	MET	HIS	TYR	GLU	TYR	ASN	ILE	THR	ASN	GLY	ALA	ARG	PHE	GLY	GLU	ALA	GLU	THR	GLY	THR	ILE	optimal
A0A941QWL2	4.56	TYR	GLU	GLY	SER	CYS	ALA	ILE	ASP	GLY	ARG	PHE	THR	THR	TYR	ALA	ILE	ARG	GLY	ILE	SER	VAL	ASN	GLY	ALA	ALA	ALA	optimal
A0A021VLT3	4.49	VAL	GLY	SER	VAL	THR	VAL	ASP	LEU	ASP	LEU	THR	THR	TYR	ALA	LEU	ALA	GLY	GLU	CYS	VAL	ASN	GLY	ALA	ALA	ALA	HIS	tight
Q833S7	5.32	TYR	VAL	GLY	SER	ILE	THR	VAL	ASP	MET	ARG	PHE	GLU	THR	TYR	THR	ILE	ALA	GLY	ILE	CYS	LEU	ASN	GLY	ALA	ALA	ALA	optimal
Q4JXL3	4.61	TYR	VAL	GLY	SER	CYS	THR	ILE	ASP	ALA	ARG	LEU	THR	THR	TYR	ALA	ILE	THR	GLY	ILE	GLY	ILE	ASN	GLY	ALA	ALA	ALA	optimal
B1VSQ0	4.66	TYR	VAL	GLY	SER	VAL	THR	VAL	ASP	ALA	ARG	LEU	GLU	THR	TYR	VAL	ILE	GLU	GLY	ILE	GLY	ILE	ASN	GLY	ALA	ALA	ALA	optimal
A0A2H0FX64	4.89	TYR	ALA	GLY	SER	ILE	GLY	ILE	ASP	PRO	ARG	PHE	SER	THR	TYR	VAL	ILE	PHE	ALA	LEU	ASN	GLY	ALA	ALA	ALA	ARG	LYS	optimal
A0A1F5BMC4	4.6	TYR	GLU	GLY	SER	LEU	SER	LEU	ASP	GLU	ARG	PHE	SER	THR	TYR	LEU	ILE	LYS	GLY	VAL	GLY	VAL	PHE	GLY	ALA	ALA	ALA	optimal
A0A078BMB1	4.48	ARG	ALA	THR	LEU	THR	GLY	ALA	ASP	LEU	ILE	GLU	ILE	TYR	ASN	VAL	THR	ASN	GLY	ALA	ILE	ALA	GLU	PRO	LYS	GLY	SER	tight
A0A0D0NU10	4.15	TYR	VAL	GLY	SER	VAL	THR	VAL	ASP	GLU	ARG	LEU	GLU	THR	TYR	THR	ILE	ALA	GLY	ILE	GLY	ILE	ASN	GLY	ALA	ALA	ALA	tight
B0RCH0	4.18	ALA	ARG	MET	LEU	ARG	THR	MET	MET	THR	ASP	LEU	LEU	ASP	ALA	ALA	ASP	ILE	LEU	ILE	VAL	ASP	VAL	THR	ASN	GLY	ALA	tight
A0A1R4F1N7	4.32	VAL	THR	GLY	ALA	ASP	LEU	HIS	TYR	VAL	VAL	ASP	ILE	THR	ASN	GLY	ALA	ARG	LEU	ALA	GLU	ARG	GLY	SER	GLY	LYS	ILE	tight
A0A925HXC6	4.45	TYR	GLU	GLY	SER	VAL	THR	VAL	ASP	ALA	ARG	VAL	ILE	THR	TYR	ALA	MET	VAL	GLY	ILE	CYS	ILE	ASN	GLY	ALA	ALA	ALA	tight
A0A9E5WK72	4.46	TYR	ARG	GLY	SER	LEU	THR	ILE	ASP	ARG	ARG	LEU	SER	THR	TYR	ALA	ILE	ALA	GLY	ILE	CYS	VAL	ASN	GLY	ALA	ALA	ALA	tight
A0A2E1N0A2	4.79	TYR	VAL	GLY	SER	VAL	SER	ILE	ASP	LYS	ARG	LEU	THR	THR	TYR	VAL	ILE	GLU	SER	ILE	CYS	ILE	ASN	GLY	ALA	ALA	ALA	optimal
A0A9E2D5S4	4.68	TYR	GLU	GLY	SER	LEU	THR	ILE	ASP	ARG	ARG	PHE	ASP	THR	TYR	ALA	ILE	GLU	GLY	ILE	GLY	LEU	ASN	GLY	ALA	ALA	ALA	optimal
A0A7C3RGY0	4.46	TYR	GLU	GLY	SER	LEU	SER	ILE	ASP	LEU	ARG	PHE	GLU	THR	TYR	ALA	ILE	PRO	ALA	ILE	VAL	LEU	ASN	GLY	ALA	ALA	ALA	tight
A0A3E1HM39	4.5	TYR	VAL	GLY	SER	VAL	THR	ILE	ASP	ALA	ARG	LEU	VAL	THR	TYR	ALA	ILE	ALA	GLY	ILE	GLY	ILE	ASN	GLY	ALA	ALA	ALA	tight
A0A6G1SYE2	4.46	LEU	ARG	THR	VAL	LEU	ARG	GLY	LYS	ILE	GLU	ALA	ALA	GLY	ILE	ALA	PRO	TRP	GLU	VAL	THR	ASN	GLY	ALA	ARG	LEU	GLU	tight
A0A7Z1AIU2	4.69	HIS	ARG	ALA	ARG	VAL	THR	ASP	ALA	ASP	GLN	VAL	ASP	ILE	VAL	ASP	ILE	ASN	ASN	TYR	THR	ILE	ALA	GLY	PRO	ALA	GLY	optimal
A0A1J5NMR1	4.5	PRO	GLU	ASP	HIS	PRO	ILE	TRP	SER	TYR	GLY	ARG	GLU	LEU	ILE	THR	GLY	GLY	GLU	ARG	GLU	ARG	ILE	LEU	GLU	ALA	LEU	tight
Q5Z2U2	4.77	TYR	VAL	GLY	SER	VAL	THR	VAL	ASP	GLN	ARG	LEU	GLU	THR	TYR	VAL	ILE	ALA	GLY	ILE	GLY	ILE	ASN	GLY	ALA	ALA	ALA	optimal
Q2J4S0	4.89	TYR	VAL	GLY	SER	VAL	THR	ILE	ASP	ALA	ARG	LEU	GLU	THR	TYR	ALA	ILE	ALA	GLY	ILE	GLY	ILE	ASN	GLY	ALA	ALA	ALA	optimal
A0AAU2GW02	4.78	TYR	VAL	GLY	SER	VAL	THR	VAL	ASP	ALA	ARG	LEU	GLU	THR	TYR	VAL	ILE	GLU	GLY	ILE	GLY	ILE	ASN	GLY	ALA	ALA	ALA	optimal
A0A2W2MK05	4.1	TYR	VAL	GLY	SER	LEU	THR	ILE	SER	ALA	ARG	LEU	SER	THR	TYR	VAL	ILE	GLU	GLY	VAL	GLY	ILE	ASN	GLY	ALA	ALA	ALA	tight
A5D5T6	5.01	TYR	MET	GLY	SER	ILE	THR	ILE	ASP	GLU	ARG	PHE	GLU	THR	TYR	VAL	ILE	LYS	GLY	ILE	CYS	LEU	ASN	GLY	ALA	ALA	ALA	optimal
E0QMG7	4.49	ASN	TYR	VAL	GLY	SER	ILE	THR	VAL	ASP	THR	ARG	LEU	THR	THR	TYR	THR	LEU	ALA	THR	ILE	GLN	MET	ASN	GLY	ALA	ALA	tight
A0A260RE55	4.68	TYR	VAL	GLY	SER	ILE	THR	ILE	ASP	SER	ARG	LEU	VAL	THR	TYR	VAL	ILE	GLU	GLY	ILE	GLY	ILE	ASN	GLY	ALA	ALA	ALA	optimal
A0A3N4Z4J4	4.64	ILE	HIS	ARG	ALA	THR	ILE	THR	ALA	ALA	GLN	GLN	VAL	ASP	VAL	VAL	ASP	VAL	THR	THR	TYR	VAL	ILE	PRO	GLY	GLU	ARG	optimal
A1RDH3	5.26	TYR	VAL	GLY	SER	VAL	THR	VAL	ASP	LEU	ARG	LEU	GLU	THR	TYR	THR	ILE	ALA	GLY	ILE	GLY	ILE	ASN	GLY	PRO	ALA	ALA	optimal
A0A1G1JD21	4.37	TYR	GLU	GLY	SER	ILE	THR	ILE	ASP	SER	ARG	LEU	GLU	SER	TYR	ALA	MET	ALA	GLY	ILE	CYS	LEU	ASN	GLY	GLY	ALA	ALA	tight
A0A558AYC4	4.65	TYR	VAL	GLY	SER	ILE	THR	ILE	ASP	PRO	ARG	LEU	GLU	THR	TYR	ILE	ILE	GLU	GLY	ILE	CYS	LEU	ASN	GLY	ALA	ALA	ALA	optimal
A0A1V1WWC0	4.41	TYR	GLU	GLY	SER	LEU	GLY	ILE	ASP	ALA	ARG	PHE	GLU	THR	TYR	ALA	ILE	GLU	GLU	ILE	ASP	LEU	LYS	GLY	ALA	ALA	ALA	tight
A0A3M1VCU8	4.56	TYR	GLU	GLY	SER	VAL	THR	ILE	ASP	ALA	ARG	LEU	THR	THR	TYR	ALA	ILE	PRO	GLY	ILE	CYS	ILE	ASN	GLY	ALA	ALA	ALA	optimal
A0A3M2IV38	4.34	ASP	LEU	HIS	TYR	VAL	GLY	SER	ILE	THR	ASN	GLY	ALA	ARG	LEU	THR	THR	TYR	VAL	SER	GLY	GLN	ILE	CYS	ILE	ASN	GLY	tight
A3DDV5	4.85	TYR	VAL	GLY	SER	ILE	THR	ILE	ASP	GLU	ARG	PHE	GLU	THR	TYR	VAL	ILE	LYS	GLY	ILE	CYS	LEU	ASN	GLY	ALA	ALA	ALA	optimal
C4ZG24	5.06	TYR	VAL	GLY	SER	ILE	THR	VAL	ASP	THR	ARG	PHE	GLU	THR	TYR	THR	ILE	ALA	GLY	ILE	CYS	LEU	ASN	GLY	ALA	ALA	ALA	optimal
A0A150XU73	4.91	TYR	VAL	GLY	SER	ILE	THR	LEU	ASP	GLU	ARG	PHE	GLU	THR	TYR	VAL	ILE	LYS	GLY	VAL	CYS	LEU	ASN	GLY	PRO	ALA	ALA	optimal
A0A651GSF1	4.68	TYR	VAL	GLY	SER	ILE	THR	ILE	ASP	GLN	ARG	LEU	GLU	THR	TYR	VAL	ILE	PRO	GLY	MET	CYS	LEU	ASN	GLY	ALA	ALA	ALA	optimal
A0A9Q5C8E1	4.57	THR	ASN	SER	TRP	VAL	ILE	ASP	MET	LEU	CYS	ALA	ILE	ASP	GLN	ASP	LEU	LEU	ASP	TYR	GLU	LYS	ILE	GLU	ILE	TYR	ASN	optimal
A7HZW6	5.09	TYR	VAL	GLY	SER	ILE	THR	ILE	ASP	GLU	ARG	PHE	SER	THR	TYR	ILE	ILE	LYS	GLY	LEU	ASN	GLY	ALA	ALA	ALA	ARG	LYS	optimal
A0A7V4E529	4.69	TYR	GLU	GLY	SER	ILE	THR	ILE	ASP	GLU	ARG	PHE	SER	THR	TYR	VAL	ILE	PRO	GLY	CYS	VAL	LEU	ASN	GLY	ALA	THR	ALA	optimal
A0A1Y5DT59	4.66	TYR	VAL	GLY	SER	ILE	THR	ILE	ASP	ALA	ARG	PHE	SER	THR	TYR	VAL	ILE	LYS	GLY	MET	CYS	LEU	ASN	GLY	ALA	ALA	ALA	optimal
A0A7C2EIX1	4.74	TYR	GLU	GLY	SER	ILE	THR	ILE	ASP	LYS	ARG	PHE	ILE	THR	TYR	VAL	ILE	GLU	GLY	ILE	CYS	VAL	ASN	GLY	ALA	ALA	ALA	optimal
A0A285R3N2	4.17	TYR	VAL	GLY	SER	LEU	THR	ILE	ASP	GLU	ARG	LEU	GLU	THR	TYR	VAL	ILE	ARG	GLY	ILE	GLY	VAL	ASN	GLY	ALA	ALA	ALA	tight
A0A2D9FVX4	4.63	TYR	GLU	GLY	SER	ILE	THR	ILE	ASP	GLN	ARG	LEU	GLU	THR	TYR	THR	ILE	PRO	GLY	CYS	CYS	LEU	ASN	GLY	ALA	ALA	ALA	optimal
A0A225E4I2	4.35	TYR	GLU	GLY	SER	LEU	THR	VAL	ASP	ALA	ARG	LEU	ILE	THR	TYR	ALA	LEU	PRO	GLY	VAL	GLN	VAL	ASN	GLY	ALA	GLY	ALA	tight
Q7MVF1	4.68	TYR	VAL	GLY	SER	ILE	THR	ILE	ASP	GLU	ARG	LEU	GLU	THR	TYR	THR	ILE	PRO	GLY	ILE	CYS	LEU	ASN	GLY	ALA	ALA	ALA	optimal
B2RK28	4.53	TYR	VAL	GLY	SER	ILE	THR	ILE	ASP	GLU	ARG	LEU	GLU	THR	TYR	THR	ILE	PRO	GLY	ILE	CYS	LEU	ASN	GLY	ALA	ALA	ALA	optimal
B9L6T1	4.79	TYR	VAL	GLY	SER	ILE	THR	ILE	ASP	GLU	ARG	PHE	SER	THR	TYR	VAL	ILE	LYS	GLY	ILE	CYS	LEU	ASN	GLY	ALA	ALA	ALA	optimal
A5N8N4	5.14	TYR	VAL	GLY	SER	ILE	THR	ILE	ASP	ARG	ARG	LEU	GLU	THR	TYR	VAL	ILE	ALA	GLY	ILE	CYS	LEU	ASN	GLY	ALA	ALA	ALA	optimal
Q4LA33	4.67	TYR	VAL	GLY	SER	ILE	THR	ILE	ASP	ALA	ARG	PHE	GLU	THR	TYR	VAL	ILE	ALA	GLY	ILE	CYS	LEU	ASN	GLY	ALA	ALA	SER	optimal
Q8KFS0	4.59	TYR	GLU	GLY	SER	ILE	THR	ILE	ASP	LYS	ARG	PHE	GLU	THR	TYR	ILE	ILE	GLU	GLY	ILE	GLN	LEU	ASN	GLY	ALA	ALA	ALA	optimal
A0A098SAP8	4.71	TYR	VAL	GLY	SER	ILE	THR	ILE	ASP	LEU	ARG	LEU	GLU	THR	TYR	VAL	ILE	GLU	GLY	ILE	CYS	LEU	ASN	GLY	ALA	ALA	ALA	optimal
A0A1G6K3C1	4.51	TYR	MET	GLY	SER	ILE	THR	ILE	ASP	GLU	ARG	LEU	GLU	THR	TYR	THR	ILE	ALA	GLY	ILE	CYS	LEU	ASN	GLY	ALA	ALA	ALA	optimal
A0A549SXJ8	4.63	TYR	VAL	GLY	SER	ILE	THR	ILE	ASP	ARG	ARG	LEU	SER	THR	TYR	VAL	ILE	PRO	GLY	ILE	GLY	ILE	ASN	GLY	ALA	ALA	ALA	optimal
N2BLS0	4.83	LYS	LYS	GLY	CYS	TYR	VAL	GLU	MET	MET	GLU	SER	ILE	MET	GLU	SER	SER	GLY	ILE	ASP	ILE	VAL	ASN	VAL	ASN	ASN	GLY	optimal
A0A7X9P9Q1	4.64	TYR	GLU	GLY	SER	VAL	THR	ILE	ASP	GLU	ARG	LEU	GLU	THR	TYR	ALA	ILE	ALA	GLY	LEU	CYS	VAL	ASN	GLY	ALA	ALA	ALA	optimal
M5RNP5	4.82	ASP	VAL	ASP	TYR	GLU	GLY	SER	VAL	THR	ARG	GLY	THR	ARG	LEU	GLU	THR	TYR	ALA	SER	ASN	ASP	VAL	CYS	MET	ASN	GLY	optimal
A4QAD0	5.11	TYR	VAL	GLY	SER	VAL	THR	ILE	ASP	ALA	ARG	LEU	GLU	THR	TYR	VAL	ILE	VAL	GLY	ILE	CYS	ILE	ASN	GLY	ALA	ALA	ALA	optimal
A0A949F4W0	4.48	TYR	ILE	GLY	SER	ILE	THR	ILE	ASP	LYS	ARG	VAL	GLU	THR	TYR	ILE	MET	GLU	GLY	VAL	CYS	MET	ASN	GLY	ALA	ALA	ALA	tight
A0A6H1U350	4.53	TYR	VAL	GLY	SER	ILE	SER	ILE	ASP	LEU	ARG	LEU	MET	THR	TYR	ALA	ILE	ALA	ALA	ILE	GLU	LEU	ASN	GLY	ALA	ALA	ALA	optimal
A0A1Q7WYQ2	4.93	TYR	VAL	GLY	SER	LEU	THR	LEU	ASP	ARG	ARG	PHE	ILE	THR	TYR	ALA	ILE	GLU	GLY	VAL	GLN	VAL	ASN	GLY	ALA	ALA	ALA	optimal
A0A2V5SZB7	4.4	TYR	GLU	GLY	SER	LEU	ALA	ILE	SER	ALA	ARG	PHE	GLU	THR	TYR	ALA	ILE	TYR	GLY	VAL	GLU	LEU	ASN	GLY	ALA	THR	ALA	tight
Q9X4N0	4.84	TYR	VAL	GLY	SER	VAL	THR	ILE	ASP	ALA	ARG	LEU	GLU	THR	TYR	VAL	ILE	VAL	GLY	ILE	CYS	ILE	ASN	GLY	ALA	ALA	ALA	optimal
A0A0M2TYX0	4.46	TYR	GLU	GLY	SER	ILE	THR	ILE	ASP	ALA	VAL	PHE	GLU	THR	TYR	ALA	VAL	PRO	GLY	ILE	CYS	LEU	ASN	GLY	ALA	ALA	ALA	tight
A0A6I4MGS0	4.58	TYR	VAL	GLY	SER	LEU	THR	ILE	ASP	ALA	ARG	LEU	VAL	THR	TYR	ALA	ILE	THR	GLY	ILE	GLY	VAL	ASN	GLY	ALA	ALA	ALA	optimal
A0A3D8IPM7	4.86	LYS	LYS	ILE	LYS	GLU	LYS	THR	ALA	GLN	VAL	GLY	SER	ILE	SER	LEU	ASP	SER	LYS	ILE	LEU	GLU	GLY	MET	ARG	VAL	ASP	optimal
K9EXG1	5.02	ILE	HIS	ARG	ALA	THR	VAL	THR	GLY	ALA	GLU	ALA	VAL	ASP	VAL	VAL	ASP	VAL	ASP	THR	TYR	ALA	ILE	PRO	GLY	GLU	ARG	optimal
A0A1H9IPB2	4.85	MET	LEU	GLN	THR	PHE	LEU	LYS	ALA	LYS	LEU	GLU	ARG	SER	GLY	ILE	LYS	GLU	TYR	ASN	ILE	ASN	ASN	GLY	GLU	ARG	PHE	optimal
C3J8F4	4.85	TYR	VAL	GLY	SER	ILE	THR	ILE	ASP	LYS	ARG	PHE	GLU	THR	TYR	VAL	ILE	GLU	GLY	ILE	CYS	LEU	ASN	GLY	ALA	ALA	ALA	optimal
A0A0R2XIQ5	4.38	TYR	GLU	GLY	SER	LEU	ALA	ILE	ASP	ALA	ARG	PHE	GLU	THR	TYR	ALA	ILE	GLU	ALA	ILE	SER	LEU	ASN	GLY	ALA	ALA	ALA	tight
A0A2V5PTA0	4.65	TYR	GLU	GLY	SER	LEU	THR	VAL	SER	ALA	ARG	PHE	GLU	THR	TYR	VAL	ILE	TYR	GLY	ILE	GLU	LEU	ASN	GLY	ALA	THR	ALA	optimal
A0A1Q5N6A2	4.65	TYR	VAL	GLY	SER	VAL	THR	ILE	ASP	ARG	ARG	LEU	THR	THR	TYR	VAL	ILE	GLU	GLY	ILE	GLY	ILE	ASN	GLY	ALA	ALA	ALA	optimal
A0A0M8VFU3	4.49	SER	LYS	ILE	HIS	ARG	ALA	THR	VAL	THR	PRO	GLY	GLU	LEU	VAL	HIS	ILE	VAL	ASP	LEU	GLU	THR	TYR	VAL	ILE	GLU	GLY	tight
A0A7X6QBE4	4.43	TYR	ILE	GLY	SER	ILE	THR	ILE	ASP	GLY	ARG	ILE	ILE	THR	TYR	ALA	ILE	ARG	GLY	ILE	CYS	LEU	ASN	GLY	ALA	ALA	ALA	tight
A0A2S8FIZ3	4.49	TYR	VAL	GLY	SER	ILE	THR	ILE	ASP	SER	ARG	LEU	THR	THR	TYR	ALA	ILE	PRO	GLY	ILE	GLY	ILE	ASN	GLY	ALA	ALA	ALA	tight
A0A419V2R9	4.7	TYR	VAL	GLY	SER	VAL	THR	ILE	ASP	GLU	ARG	LEU	GLU	THR	TYR	VAL	ILE	THR	GLY	ILE	CYS	LEU	ASN	GLY	ALA	ALA	ALA	optimal
A0A523DTG8	4.58	TYR	VAL	GLY	SER	LEU	THR	LEU	ASP	ARG	ARG	PHE	SER	THR	TYR	ILE	ILE	GLU	GLY	VAL	CYS	ILE	ASN	GLY	ALA	ALA	ALA	optimal
F6FTX9	4.14	ARG	PRO	ALA	SER	LEU	GLN	ARG	PRO	MET	ASP	THR	ASP	LEU	LEU	ASP	ALA	ALA	ASP	VAL	ASP	VAL	VAL	ASP	VAL	THR	ASN	tight
P58285	5.22	TYR	VAL	GLY	SER	ILE	THR	ILE	ASP	ARG	ARG	PHE	GLU	THR	TYR	VAL	ILE	ALA	GLY	ILE	CYS	LEU	ASN	GLY	ALA	ALA	ALA	optimal
B3EFC1	4.85	TYR	GLU	GLY	SER	ILE	THR	ILE	ASP	SER	ARG	PHE	GLU	THR	TYR	ILE	ILE	LYS	GLY	ILE	GLN	LEU	ASN	GLY	ALA	ALA	ALA	optimal
B4S4T8	4.6	TYR	GLU	GLY	SER	ILE	THR	ILE	ASP	SER	ARG	PHE	GLU	THR	TYR	ILE	ILE	LYS	GLY	ILE	GLN	LEU	ASN	GLY	ALA	ALA	ALA	optimal
A0A934EA90	4.56	ILE	GLY	ILE	ASP	SER	GLU	LEU	LEU	ALA	TYR	ALA	ILE	PRO	GLU	LYS	ARG	GLY	SER	GLY	ALA	ALA	ALA	HIS	LEU	ALA	LYS	optimal
A0A7C6I1A2	4.93	TYR	THR	GLY	SER	ILE	THR	ILE	ASP	ARG	ARG	PHE	GLU	THR	TYR	VAL	ILE	GLU	GLY	ILE	CYS	LEU	ASN	GLY	ALA	ALA	ALA	optimal
A0A3M0I607	4.32	TYR	VAL	GLY	SER	LEU	THR	ILE	ASP	GLN	ARG	LEU	ASN	THR	TYR	ALA	ILE	THR	GLY	ILE	GLY	ILE	ASN	GLY	ALA	ALA	ALA	tight
Q7NCY1	4.56	TYR	MET	GLY	SER	ILE	SER	LEU	ASP	ALA	ARG	LEU	ILE	THR	TYR	ALA	ILE	GLU	ALA	VAL	VAL	LEU	ASN	GLY	ALA	ALA	ALA	optimal
C4L6Q2	4.69	TYR	VAL	GLY	SER	ILE	THR	ILE	ASP	GLU	ARG	ILE	GLU	THR	TYR	VAL	ILE	LYS	GLY	ILE	CYS	LEU	ASN	GLY	ALA	ALA	ALA	optimal
Q5KXX4	4.79	TYR	VAL	GLY	SER	ILE	THR	ILE	ASP	GLU	ARG	PHE	GLU	THR	TYR	VAL	ILE	PRO	GLY	PHE	CYS	LEU	ASN	GLY	ALA	ALA	ALA	optimal
Q92AA8	4.87	TYR	VAL	GLY	SER	ILE	THR	ILE	ASP	SER	ARG	ILE	GLU	THR	TYR	ILE	ILE	PRO	GLY	ILE	CYS	LEU	ASN	GLY	ALA	ALA	ALA	optimal
Q8Y603	5.04	TYR	VAL	GLY	SER	ILE	THR	ILE	ASP	SER	ARG	ILE	GLU	THR	TYR	ILE	ILE	PRO	GLY	ILE	CYS	LEU	ASN	GLY	ALA	ALA	ALA	optimal
A0A3C0MWW1	4.61	TYR	GLU	GLY	SER	ILE	THR	ILE	ASP	VAL	ARG	LEU	GLU	THR	TYR	ALA	ILE	LYS	ALA	ILE	CYS	LEU	ASN	GLY	PRO	SER	ALA	optimal
A0A6J4L8K6	4.69	TYR	GLU	GLY	SER	LEU	THR	VAL	ASP	ARG	ARG	LEU	GLU	THR	TYR	LEU	ILE	ALA	GLY	MET	GLN	LEU	ASN	GLY	ALA	ALA	ALA	optimal
A0A7V9F784	4.55	TYR	VAL	GLY	SER	ILE	THR	ILE	ASP	SER	ARG	LEU	GLU	THR	TYR	ALA	ILE	GLU	GLY	ILE	GLY	ILE	ASN	GLY	ALA	ALA	ALA	optimal
A0A1I5XEG1	4.58	TYR	VAL	GLY	SER	ILE	THR	VAL	ASP	PRO	ARG	PHE	GLU	THR	TYR	THR	ILE	GLU	GLY	ILE	CYS	LEU	ASN	GLY	ALA	ALA	ALA	optimal
A0A2W4M4Q8	4.52	TYR	GLU	GLY	SER	CYS	GLY	ILE	ASP	GLU	ARG	PHE	THR	THR	TYR	ILE	ILE	LYS	ALA	ILE	SER	LEU	ASN	GLY	ALA	ALA	ALA	optimal
A0A849EWF6	4.88	TYR	VAL	GLY	SER	ILE	THR	ILE	ASP	LYS	ARG	PHE	GLU	THR	TYR	THR	LEU	GLU	GLY	ILE	CYS	ILE	ASN	GLY	ALA	ALA	ALA	optimal
A0A1X4G7W3	4.98	TYR	VAL	GLY	SER	ILE	SER	ILE	ASP	LEU	ARG	PHE	ILE	THR	TYR	ALA	ILE	SER	ALA	ILE	GLU	LEU	ASN	GLY	ALA	ALA	ALA	optimal
A0A255R2I3	4.62	ASP	LEU	GLU	TYR	GLU	GLY	SER	ILE	THR	ARG	GLY	SER	ARG	LEU	GLU	THR	TYR	ALA	SER	ARG	ASP	ILE	CYS	ALA	ASN	GLY	optimal
A0A3M2LT85	4.54	TYR	VAL	GLY	SER	VAL	THR	VAL	ASP	ALA	ARG	LEU	GLU	THR	TYR	VAL	ILE	GLU	GLY	ILE	GLY	ILE	ASN	GLY	ALA	ALA	ALA	optimal
A0A0M9UKZ0	4.71	THR	SER	LEU	PRO	GLY	LEU	MET	GLY	GLN	ASP	VAL	VAL	ARG	GLY	VAL	HIS	VAL	HIS	ASP	VAL	GLU	ALA	ALA	GLY	GLY	ASP	optimal
A4XMZ2	5.12	TYR	VAL	GLY	SER	ILE	THR	ILE	ASP	GLU	ARG	PHE	GLU	THR	TYR	VAL	ILE	LYS	GLY	ILE	CYS	LEU	ASN	GLY	ALA	ALA	ALA	optimal
A0QNF3	5.03	TYR	VAL	GLY	SER	ILE	THR	ILE	ASP	ALA	ARG	LEU	VAL	THR	TYR	ALA	ILE	THR	GLY	ILE	GLY	ILE	ASN	GLY	ALA	ALA	ALA	optimal
A0A3D5VB91	4.69	TYR	VAL	GLY	SER	ILE	THR	ILE	ASP	LYS	ARG	PHE	THR	THR	TYR	ILE	MET	GLU	GLY	ILE	GLY	LEU	ASN	GLY	ALA	ALA	ALA	optimal
A0A9D5MXF9	4.72	TYR	VAL	GLY	SER	ILE	THR	ILE	ASP	SER	ARG	LEU	GLU	THR	TYR	VAL	ILE	PRO	GLY	VAL	CYS	LEU	ASN	GLY	ALA	ALA	ALA	optimal
A0A318CLZ0	4.53	TYR	GLU	GLY	SER	LEU	THR	ILE	ASP	ARG	ARG	PHE	GLU	THR	TYR	VAL	ILE	GLU	GLY	ILE	CYS	LEU	ASN	GLY	ALA	ALA	ALA	optimal
P65664	4.55	TYR	VAL	GLY	SER	ILE	THR	ILE	ASP	SER	ARG	PHE	GLU	THR	TYR	VAL	ILE	ALA	GLY	ILE	CYS	LEU	ASN	GLY	ALA	ALA	SER	optimal
Q3B208	4.72	TYR	GLU	GLY	SER	ILE	THR	ILE	ASP	CYS	ARG	PHE	GLU	THR	TYR	ILE	ILE	ASN	GLY	ILE	GLN	LEU	ASN	GLY	ALA	ALA	ALA	optimal
B1I1N9	5.21	TYR	GLU	GLY	SER	ILE	THR	ILE	ASP	GLY	ARG	PHE	GLU	THR	TYR	VAL	ILE	PRO	GLY	ILE	ASN	LEU	ASN	GLY	ALA	ALA	ALA	optimal
R7LDU8	4.38	TYR	MET	GLY	SER	ILE	THR	ILE	ASP	GLN	ARG	ILE	GLU	THR	TYR	ALA	ILE	ALA	GLY	ILE	CYS	LEU	ASN	GLY	ALA	ALA	ALA	tight
A0A942M6E3	4.73	TYR	GLU	GLY	SER	ILE	THR	ILE	ASP	GLU	ARG	PHE	GLU	THR	TYR	VAL	MET	LYS	GLY	ILE	VAL	LEU	ASN	GLY	GLY	ALA	ALA	optimal
A0A428ZD98	4.12	TYR	VAL	GLY	SER	LEU	THR	VAL	SER	ARG	ARG	LEU	SER	THR	TYR	VAL	ILE	GLU	GLY	ILE	GLY	ILE	ASN	GLY	ALA	ALA	ALA	tight
A0A842HEX0	4.58	TYR	GLU	GLY	SER	LEU	ALA	ILE	ASP	GLY	ARG	LEU	GLU	THR	TYR	ALA	ILE	GLU	ALA	PHE	ALA	LEU	ASN	GLY	ALA	ALA	ALA	optimal
A0AAU3S8P6	4.51	TYR	VAL	GLY	SER	LEU	THR	LEU	CYS	ALA	ARG	LEU	SER	THR	TYR	LEU	ILE	GLU	GLY	VAL	GLY	ILE	ASN	GLY	ALA	ALA	ALA	optimal
A0A533BAN5	4.45	GLU	GLY	GLU	GLU	ILE	GLU	GLU	GLY	MET	SER	LEU	THR	ILE	ASP	GLN	ASP	LEU	MET	PRO	TYR	GLU	ALA	ILE	ILE	CYS	SER	tight
A0A1Q5PLE0	4.44	HIS	ARG	ALA	THR	VAL	THR	GLU	ALA	ASP	LYS	VAL	ASP	ILE	VAL	ASN	VAL	ASN	ASN	TYR	THR	ILE	ALA	GLY	GLU	ARG	GLY	tight
C1KWK0	5.06	TYR	VAL	GLY	SER	ILE	THR	ILE	ASP	SER	ARG	ILE	GLU	THR	TYR	ILE	ILE	PRO	GLY	ILE	CYS	LEU	ASN	GLY	ALA	ALA	ALA	optimal
B3ELP8	4.84	TYR	GLU	GLY	SER	ILE	THR	ILE	ASP	SER	ARG	PHE	GLU	THR	TYR	ILE	ILE	GLU	GLY	ILE	GLN	LEU	ASN	GLY	ALA	ALA	ALA	optimal
A8FEH5	4.9	TYR	VAL	GLY	SER	ILE	THR	ILE	ASP	GLU	ARG	LEU	GLU	THR	TYR	ILE	ILE	PRO	GLY	ILE	CYS	LEU	ASN	GLY	ALA	ALA	ALA	optimal
A0A418QRS3	4.56	TYR	VAL	GLY	SER	ILE	THR	ILE	ASP	GLU	ARG	PHE	GLU	THR	TYR	THR	ILE	LYS	GLY	ILE	CYS	LEU	ASN	GLY	PRO	ALA	ALA	optimal
A0A7C5JN15	4.47	TYR	ARG	GLY	SER	ILE	THR	ILE	ASP	LYS	ARG	ILE	ILE	THR	TYR	VAL	ILE	ALA	GLY	ILE	LEU	MET	ASN	GLY	ALA	ALA	ALA	tight
A0A2T2RFF5	4.48	TYR	MET	GLY	SER	ILE	GLY	ILE	ASP	GLN	ARG	LEU	ILE	THR	TYR	ALA	ILE	ALA	LEU	ILE	GLU	LEU	ASN	GLY	ALA	ALA	ALA	tight
A0A938MSP0	4.49	TYR	GLU	GLY	SER	VAL	THR	ILE	ASP	GLY	ARG	LEU	THR	THR	TYR	ALA	ILE	PRO	GLY	ILE	CYS	ILE	ASN	GLY	ALA	ALA	ALA	tight
A0A0U3WJ99	4.45	TYR	VAL	GLY	SER	ILE	THR	ILE	ASP	SER	ARG	TRP	LYS	THR	TYR	ALA	LEU	PRO	ALA	ILE	CYS	LEU	ASN	GLY	PRO	PRO	ALA	tight
A0A0C5BI73	4.65	TYR	VAL	GLY	SER	VAL	THR	ILE	ASP	ARG	ARG	LEU	GLU	THR	TYR	VAL	LEU	GLU	GLY	VAL	GLY	ILE	ASN	GLY	ALA	ALA	ALA	optimal
A0A4P6JX98	4.59	TYR	ILE	GLY	SER	ILE	THR	ILE	ASP	GLN	ARG	LEU	GLU	THR	TYR	THR	ILE	PRO	GLY	ILE	CYS	LEU	ASN	GLY	ALA	ALA	ALA	optimal
A0A0P0EHW8	4.81	TYR	VAL	GLY	SER	ILE	THR	ILE	ASP	PRO	ARG	PHE	GLU	THR	TYR	THR	ILE	ALA	GLY	VAL	GLN	VAL	ASN	GLY	ALA	ALA	ALA	optimal
A0A3N4ZIP1	5.12	ARG	ALA	PRO	VAL	ARG	ARG	PRO	ALA	SER	GLY	SER	ILE	THR	VAL	ASP	SER	ASP	LEU	ILE	PRO	GLY	GLN	GLN	VAL	ASP	VAL	optimal
A0A662QSS7	4.08	ALA	TYR	ASP	PHE	SER	THR	ALA	SER	ILE	THR	LEU	CYS	VAL	THR	MET	GLN	ASP	MET	VAL	ALA	ARG	ALA	VAL	LYS	LYS	SER	tight
Q251P1	4.89	TYR	VAL	GLY	SER	ILE	THR	ILE	ASP	GLU	ARG	LEU	GLU	THR	TYR	VAL	ILE	PRO	GLY	VAL	CYS	LEU	ASN	GLY	ALA	ALA	ALA	optimal
A6QK84	4.55	TYR	VAL	GLY	SER	ILE	THR	ILE	ASP	SER	ARG	PHE	GLU	THR	TYR	VAL	ILE	ALA	GLY	ILE	CYS	LEU	ASN	GLY	ALA	ALA	SER	optimal
B9E234	5.29	TYR	VAL	GLY	SER	ILE	THR	ILE	ASP	ARG	ARG	LEU	GLU	THR	TYR	VAL	ILE	ALA	GLY	ILE	CYS	LEU	ASN	GLY	ALA	ALA	ALA	optimal
A0A315ZA47	4.56	TYR	ILE	GLY	SER	ILE	THR	VAL	ASP	GLU	ARG	ILE	GLU	THR	TYR	VAL	ILE	LYS	GLY	ILE	CYS	LEU	ASN	GLY	ALA	ALA	ALA	optimal
A0A6N6PKH6	4.57	TYR	GLU	GLY	SER	LEU	THR	ILE	SER	ARG	ARG	PHE	GLU	THR	TYR	VAL	ILE	TYR	GLY	ILE	GLN	LEU	ASN	GLY	ALA	THR	ALA	optimal
A0A1H2URW2	4.62	TYR	VAL	GLY	SER	ILE	THR	ILE	ASP	THR	ARG	PHE	ASP	THR	TYR	VAL	ILE	PRO	GLY	ILE	GLY	LEU	ASN	GLY	ALA	ALA	ALA	optimal
A0A2M9CVY8	4.7	SER	GLU	TYR	GLU	PHE	LEU	TYR	ILE	CYS	TYR	ALA	GLY	SER	ILE	THR	ILE	ASP	GLU	GLY	ILE	LEU	GLU	ASN	GLN	LYS	VAL	optimal
B1YHQ7	4.83	TYR	VAL	GLY	SER	ILE	THR	ILE	ASP	GLU	ARG	ILE	GLU	THR	TYR	ALA	ILE	LYS	GLY	ILE	CYS	LEU	ASN	GLY	ALA	ALA	ALA	optimal
Q2FDR2	4.58	TYR	VAL	GLY	SER	ILE	THR	ILE	ASP	SER	ARG	PHE	GLU	THR	TYR	VAL	ILE	ALA	GLY	ILE	CYS	LEU	ASN	GLY	ALA	ALA	SER	optimal
A0A2W4QF61	4.39	TYR	GLU	GLY	SER	CYS	ALA	ILE	ASP	GLY	ARG	PHE	THR	THR	TYR	ALA	ILE	ARG	GLY	ILE	SER	VAL	ASN	GLY	ALA	ALA	ALA	tight
G1VAF6	4.71	TYR	MET	GLY	SER	ILE	THR	ILE	ASP	GLU	ARG	PHE	GLU	THR	TYR	ILE	ILE	LYS	GLY	ILE	CYS	LEU	ASN	GLY	ALA	ALA	ALA	optimal
A0A2G9XZG5	4.47	TYR	GLU	GLY	SER	ILE	GLU	ILE	ASP	LYS	ARG	PHE	GLU	THR	TYR	THR	ILE	ALA	GLY	CYS	ALA	LEU	ASN	GLY	GLY	ALA	ALA	tight
A0A2E9KL34	4.43	LEU	ASP	TYR	VAL	GLY	SER	ILE	THR	ILE	GLY	ASN	ARG	LEU	GLU	THR	TYR	VAL	ILE	GLY	GLU	ILE	CYS	ILE	ASN	GLY	ALA	tight
A0A1G3BFU1	4.63	TYR	GLN	GLY	SER	ILE	THR	ILE	ASP	SER	ARG	ILE	GLU	THR	TYR	ALA	ILE	GLU	GLY	ILE	CYS	LEU	ASN	GLY	ALA	ALA	ALA	optimal
A0A1J5D0Y8	4.64	GLU	GLY	SER	ILE	THR	ILE	ASP	ARG	THR	PHE	SER	THR	TYR	ALA	ILE	GLU	GLY	GLU	GLY	ILE	ASN	GLY	ALA	ALA	ALA	ARG	optimal
A0A5M6CXU7	4.71	ASN	VAL	ASP	TYR	GLU	GLY	SER	ILE	THR	ARG	GLY	THR	ARG	LEU	GLU	THR	TYR	ALA	SER	ASN	ASP	VAL	CYS	ALA	ASN	GLY	optimal
A0A2N2UYE0	5.47	PRO	TYR	VAL	GLY	SER	CYS	ALA	ILE	ASP	GLU	CYS	PHE	THR	THR	TYR	PRO	ILE	ARG	VAL	SER	LEU	VAL	ASN	VAL	ALA	ALA	optimal
B8DC26	4.79	TYR	VAL	GLY	SER	ILE	THR	ILE	ASP	SER	ARG	ILE	GLU	THR	TYR	ILE	ILE	PRO	GLY	ILE	CYS	LEU	ASN	GLY	ALA	ALA	ALA	optimal
Q2YWG1	4.49	TYR	VAL	GLY	SER	ILE	THR	ILE	ASP	SER	ARG	PHE	GLU	THR	TYR	VAL	ILE	ALA	GLY	ILE	CYS	LEU	ASN	GLY	ALA	ALA	SER	tight
A7GN78	4.77	TYR	VAL	GLY	SER	ILE	THR	ILE	ASP	GLU	ARG	LEU	GLU	THR	TYR	VAL	ILE	LYS	GLY	ILE	CYS	LEU	ASN	GLY	ALA	ALA	ALA	optimal
B0TBP6	4.67	TYR	VAL	GLY	SER	ILE	THR	ILE	ASP	GLU	ARG	PHE	GLU	THR	TYR	VAL	ILE	PRO	GLY	ILE	CYS	LEU	ASN	GLY	ALA	ALA	ALA	optimal
A0A258QK37	4.79	TYR	GLU	GLY	SER	CYS	GLY	ILE	ASP	GLU	ARG	PHE	SER	THR	TYR	ILE	ILE	LYS	ALA	ILE	SER	LEU	ASN	GLY	ALA	ALA	ALA	optimal
I9IB76	4.65	TYR	MET	GLY	SER	ILE	THR	ILE	ASP	GLU	ARG	PHE	GLU	THR	TYR	ILE	ILE	LYS	GLY	ILE	CYS	LEU	ASN	GLY	ALA	ALA	ALA	optimal
A0A7X8VQB3	4.52	TYR	GLU	GLY	SER	LEU	ALA	ILE	ASP	LEU	ARG	LEU	GLU	THR	TYR	ALA	ILE	ALA	ALA	PHE	CYS	LEU	ASN	GLY	ALA	ALA	ALA	optimal
A0A3E0Q5P5	4.54	TYR	HIS	GLY	SER	VAL	GLY	ILE	SER	ALA	ARG	GLY	GLU	THR	TYR	VAL	ILE	ARG	LYS	ILE	GLN	MET	ASN	GLY	ALA	MET	ALA	optimal
A0A3N9NQ12	4.68	TYR	SER	GLY	SER	LEU	THR	ILE	ASP	GLU	ARG	PHE	GLU	THR	TYR	VAL	ILE	LYS	GLY	ILE	VAL	LEU	ASN	GLY	ALA	ALA	ALA	optimal
A0A960SBA0	4.71	TYR	GLU	GLY	SER	ILE	ALA	ILE	ASP	THR	ARG	PHE	SER	THR	TYR	ILE	ILE	LEU	GLY	LEU	ASN	GLY	ALA	ALA	ALA	ARG	LYS	optimal
A0A0D6KLJ1	4.46	LEU	ALA	LYS	ILE	HIS	ASN	CYS	THR	LEU	LEU	PRO	TYR	GLU	GLN	VAL	GLN	VAL	VAL	ARG	PHE	ILE	THR	TYR	ALA	ILE	PRO	tight
S3Z4T0	4.92	ARG	ALA	THR	VAL	THR	GLN	ALA	ASP	LEU	VAL	ALA	ILE	VAL	ASP	VAL	THR	ASN	GLY	VAL	ILE	ARG	GLY	GLU	ALA	GLY	SER	optimal
B0SBX0	4.56	TYR	GLU	GLY	SER	LEU	THR	VAL	ASP	GLN	ARG	PHE	GLU	THR	TYR	LEU	ILE	VAL	GLY	ILE	CYS	LEU	ASN	GLY	ALA	ALA	ALA	optimal
Q2FV23	4.67	TYR	VAL	GLY	SER	ILE	THR	ILE	ASP	SER	ARG	PHE	GLU	THR	TYR	VAL	ILE	ALA	GLY	ILE	CYS	LEU	ASN	GLY	ALA	ALA	SER	optimal
A6U4X7	4.63	TYR	VAL	GLY	SER	ILE	THR	ILE	ASP	SER	ARG	PHE	GLU	THR	TYR	VAL	ILE	ALA	GLY	ILE	CYS	LEU	ASN	GLY	ALA	ALA	SER	optimal
B8FZE1	4.62	TYR	VAL	GLY	SER	ILE	THR	ILE	ASP	GLU	ARG	LEU	GLU	THR	TYR	VAL	ILE	PRO	GLY	VAL	CYS	LEU	ASN	GLY	ALA	ALA	ALA	optimal
A0A9W6GF18	4.87	TYR	GLU	GLY	SER	ILE	SER	VAL	ASP	VAL	ARG	PHE	ASP	THR	TYR	VAL	ILE	PRO	ALA	ILE	GLY	LEU	ASN	GLY	PRO	ALA	ALA	optimal
A0A1B1T9L2	4.82	ASN	SER	LYS	ILE	HIS	ARG	ALA	ILE	VAL	VAL	GLU	TRP	GLU	LYS	VAL	GLN	VAL	LEU	ARG	LEU	GLU	THR	TYR	ALA	ILE	LYS	optimal
A0A1Q8L1V2	4.67	ARG	ALA	THR	VAL	THR	GLN	ALA	ASP	LEU	VAL	GLN	VAL	LEU	ASP	ILE	ASP	ASN	GLY	VAL	ILE	THR	GLY	GLU	ARG	GLY	THR	optimal
C6HUX1	4.49	TYR	GLU	GLY	SER	LEU	THR	LEU	ASP	THR	ARG	PHE	SER	THR	TYR	VAL	ILE	GLU	GLY	VAL	CYS	LEU	ASN	GLY	PRO	THR	ALA	tight
Q11NE7	4.61	TYR	VAL	GLY	SER	ILE	THR	ILE	ASP	GLU	ARG	PHE	GLU	THR	TYR	VAL	ILE	LYS	GLY	ILE	CYS	LEU	ASN	GLY	PRO	ALA	ALA	optimal
B1IEL4	4.78	TYR	VAL	GLY	SER	ILE	THR	ILE	ASP	LYS	ARG	PHE	GLU	THR	TYR	VAL	ILE	ALA	GLY	ILE	CYS	LEU	ASN	GLY	ALA	ALA	ALA	optimal
A0AK05	5.08	TYR	VAL	GLY	SER	ILE	THR	ILE	ASP	SER	ARG	ILE	GLU	THR	TYR	ILE	ILE	PRO	GLY	ILE	CYS	LEU	ASN	GLY	ALA	ALA	ALA	optimal
A0A8J2UC05	4.62	TYR	VAL	GLY	SER	LEU	THR	LEU	ASP	GLU	ARG	ILE	GLU	THR	TYR	LEU	ILE	LYS	GLY	CYS	CYS	LEU	ASN	GLY	PRO	ALA	ALA	optimal
A0A4Q3RNP5	4.7	TYR	VAL	GLY	SER	LEU	THR	LEU	ASP	GLU	ARG	LEU	GLU	THR	TYR	LEU	ILE	LYS	GLY	CYS	CYS	LEU	ASN	GLY	PRO	ALA	ALA	optimal
A0A496DU89	4.66	TYR	ILE	GLY	SER	ILE	THR	ILE	ASP	GLU	ARG	PHE	GLU	THR	TYR	ILE	ILE	LYS	GLY	VAL	CYS	LEU	ASN	GLY	ALA	ALA	ALA	optimal
A0A353ZNX8	4.51	VAL	THR	VAL	ASP	LEU	ASP	LEU	LEU	ASP	TYR	THR	ILE	ALA	GLY	GLU	ARG	GLY	SER	GLY	ALA	ALA	ALA	HIS	LEU	MET	HIS	optimal
A0A928H5D3	4.48	TYR	GLU	GLY	SER	LEU	GLU	ILE	ASP	PRO	ARG	LEU	GLU	THR	TYR	ALA	ILE	PRO	GLY	PHE	CYS	LEU	ASN	GLY	PRO	ALA	ALA	tight
A0A2E7SRQ1	4.83	TYR	GLU	GLY	SER	LEU	THR	ILE	ASP	HIS	ARG	PHE	GLU	THR	TYR	ALA	ILE	PRO	GLY	VAL	ILE	LEU	ASN	GLY	ALA	THR	ALA	optimal
A0A2A2R618	4.62	HIS	TYR	GLU	GLY	SER	LEU	THR	ILE	ASP	GLU	ARG	PHE	GLU	THR	TYR	VAL	ILE	PHE	VAL	ILE	GLU	LEU	ASN	GLY	ALA	THR	optimal
C5CEQ3	4.6	TYR	GLU	GLY	SER	ILE	THR	ILE	ASP	TYR	ARG	PHE	GLU	THR	TYR	VAL	ILE	LYS	GLY	ILE	ALA	LEU	ASN	GLY	ALA	ALA	ALA	optimal
A6L4C4	5.1	TYR	MET	GLY	SER	ILE	THR	ILE	ASP	GLU	ARG	PHE	GLU	THR	TYR	ILE	ILE	LYS	GLY	ILE	CYS	LEU	ASN	GLY	ALA	ALA	ALA	optimal
B0STF1	5.04	TYR	GLU	GLY	SER	LEU	THR	VAL	ASP	GLN	ARG	PHE	GLU	THR	TYR	LEU	ILE	VAL	GLY	ILE	CYS	LEU	ASN	GLY	ALA	ALA	ALA	optimal
A4SGF2	4.98	TYR	GLU	GLY	SER	ILE	THR	VAL	ASP	SER	ARG	PHE	GLU	THR	TYR	ILE	ILE	LYS	GLY	ILE	GLN	LEU	ASN	GLY	ALA	ALA	ALA	optimal
A0A1I1VYI3	4.48	TYR	VAL	GLY	SER	VAL	THR	ILE	ASP	GLU	ARG	TRP	LYS	THR	TYR	ALA	LEU	PRO	ALA	ILE	CYS	LEU	ASN	GLY	PRO	PRO	ALA	tight
A0A9E8LW15	4.68	TYR	VAL	GLY	SER	ILE	THR	ILE	ASP	GLU	ARG	PHE	GLU	THR	TYR	ILE	ILE	PRO	GLY	VAL	CYS	LEU	ASN	GLY	ALA	ALA	ALA	optimal
A0A0W1ADM3	4.73	MET	MET	LEU	VAL	SER	MET	LEU	LYS	ALA	LEU	LEU	LEU	GLU	SER	GLY	ILE	ARG	GLU	VAL	ASN	ILE	ASN	ASN	GLY	SER	ARG	optimal
A0A2M9CE83	4.31	HIS	ARG	ALA	THR	VAL	THR	GLN	ALA	ASN	LYS	VAL	ASP	VAL	VAL	ASP	VAL	THR	ASN	TYR	VAL	ILE	PRO	GLY	GLU	ARG	GLY	tight
C4RE22	4.39	TYR	VAL	GLY	SER	VAL	THR	VAL	ASP	GLN	ARG	LEU	GLU	THR	TYR	VAL	ILE	PRO	GLY	VAL	GLY	ILE	ASN	GLY	ALA	ALA	ALA	tight
A7H0Y2	5.05	TYR	VAL	GLY	SER	ILE	THR	ILE	ASP	GLU	ARG	PHE	ALA	THR	TYR	VAL	ILE	LYS	GLY	LEU	ASN	GLY	ALA	ALA	ALA	ARG	LYS	optimal
O66773	4.63	TYR	GLU	GLY	SER	LEU	SER	LEU	ASP	GLU	ARG	PHE	GLN	THR	TYR	VAL	ILE	PRO	ALA	VAL	LYS	LEU	ASN	GLY	ALA	ALA	ALA	optimal
B9IVR3	4.53	TYR	VAL	GLY	SER	ILE	THR	ILE	ASP	GLU	ARG	LEU	GLU	THR	TYR	VAL	ILE	LYS	GLY	VAL	CYS	LEU	ASN	GLY	ALA	ALA	ALA	optimal
A7FR58	5.17	TYR	VAL	GLY	SER	ILE	THR	ILE	ASP	LYS	ARG	PHE	GLU	THR	TYR	VAL	ILE	ALA	GLY	ILE	CYS	LEU	ASN	GLY	ALA	ALA	ALA	optimal
P65665	4.61	TYR	VAL	GLY	SER	ILE	THR	ILE	ASP	SER	ARG	PHE	GLU	THR	TYR	VAL	ILE	ALA	GLY	ILE	CYS	LEU	ASN	GLY	ALA	ALA	SER	optimal
A0A1X9SU23	4.93	TYR	VAL	GLY	SER	ILE	THR	ILE	ASP	GLU	ARG	PHE	ALA	THR	TYR	VAL	ILE	LYS	GLY	CYS	LEU	ASN	GLY	ALA	ALA	ALA	ARG	optimal
A0A2T0Y4M6	4.37	ARG	PRO	ALA	SER	LEU	GLN	ARG	PRO	MET	ASP	ASN	ASP	LEU	LEU	GLU	ALA	ALA	ASP	VAL	ASP	VAL	VAL	ASP	VAL	ASP	ASN	tight
A0A928H133	4.54	ALA	ASP	ARG	ILE	ARG	ASN	LEU	VAL	PHE	ARG	ARG	SER	GLN	VAL	PHE	VAL	GLN	ILE	ARG	ALA	ARG	LEU	THR	SER	CYS	ASP	optimal
Q71YB5	5.04	TYR	VAL	GLY	SER	ILE	THR	ILE	ASP	SER	ARG	ILE	GLU	THR	TYR	ILE	ILE	PRO	GLY	ILE	CYS	LEU	ASN	GLY	ALA	ALA	ALA	optimal
Q6GDK6	4.62	TYR	VAL	GLY	SER	ILE	THR	ILE	ASP	SER	ARG	PHE	GLU	THR	TYR	VAL	ILE	ALA	GLY	ILE	CYS	LEU	ASN	GLY	ALA	ALA	SER	optimal
Q6HL14	4.56	TYR	VAL	GLY	SER	ILE	THR	ILE	ASP	GLU	ARG	LEU	GLU	THR	TYR	VAL	ILE	LYS	GLY	VAL	CYS	LEU	ASN	GLY	ALA	ALA	ALA	optimal
Q5HL37	4.53	TYR	VAL	GLY	SER	ILE	THR	ILE	ASP	ALA	ARG	PHE	GLU	THR	TYR	VAL	ILE	ALA	GLY	MET	CYS	LEU	ASN	GLY	ALA	ALA	SER	optimal
A0A365XPG3	4.62	TYR	VAL	GLY	SER	ILE	THR	ILE	ASP	GLU	ARG	LEU	GLU	THR	TYR	VAL	ILE	LYS	GLY	ILE	CYS	MET	ASN	GLY	PRO	ALA	ALA	optimal
A0A9D7TX72	4.68	TYR	VAL	GLY	SER	CYS	THR	ILE	ASP	GLU	ARG	LEU	GLU	THR	TYR	ILE	ILE	LYS	GLY	ILE	CYS	MET	ASN	GLY	PRO	ALA	ALA	optimal
A0A1F3IW72	4.57	TYR	THR	GLY	SER	ILE	THR	ILE	ASP	GLU	ARG	LEU	GLU	THR	TYR	VAL	ILE	LYS	GLY	ILE	CYS	MET	ASN	GLY	PRO	ALA	ALA	optimal
A0A842X7V7	4.45	TYR	VAL	GLY	SER	ILE	THR	LEU	ASP	ARG	ARG	PHE	GLU	THR	TYR	ALA	ILE	GLU	GLY	VAL	ASN	GLY	ALA	ALA	ALA	LYS	LEU	tight
A0A6N2D468	5.06	TYR	VAL	GLY	SER	ILE	THR	ILE	ASP	GLU	ARG	LEU	GLU	THR	TYR	VAL	ILE	LYS	GLY	ILE	CYS	LEU	ASN	GLY	ALA	ALA	ALA	optimal
A0A2T0WXI5	4.95	TYR	VAL	GLY	SER	ILE	THR	ILE	ASP	SER	ARG	LEU	GLU	THR	TYR	VAL	ILE	LYS	GLY	ILE	CYS	LEU	ASN	GLY	ALA	ALA	ALA	optimal
A0A3R6PA64	4.68	TYR	ILE	GLY	SER	ILE	THR	ILE	ASP	GLU	ARG	PHE	GLU	THR	TYR	ILE	ILE	LYS	GLY	ILE	CYS	LEU	ASN	GLY	ALA	ALA	ALA	optimal
A0A7Y5H849	4.47	TYR	GLU	GLY	SER	ILE	ALA	ILE	ASP	GLU	ARG	PHE	GLU	THR	TYR	VAL	ILE	SER	ALA	VAL	SER	LEU	GLN	GLY	GLY	THR	ALA	tight
A0A9X7JV14	4.59	TYR	ILE	GLY	SER	LEU	THR	LEU	ASP	PRO	ARG	LEU	GLU	THR	TYR	VAL	ILE	GLU	GLY	VAL	CYS	ILE	ASN	GLY	ALA	ALA	ALA	optimal
X0V6G8	4.6	GLU	GLY	SER	ILE	THR	ILE	ASP	LYS	ARG	PHE	GLN	THR	TYR	VAL	ILE	GLU	GLY	GLU	GLY	LEU	ASN	GLY	ALA	ALA	ALA	ARG	optimal
A0A497XMZ5	4.53	TYR	GLU	GLY	SER	LEU	SER	LEU	ASP	LEU	ARG	PHE	THR	THR	TYR	VAL	ILE	PRO	ALA	VAL	ARG	LEU	ASN	GLY	ALA	ALA	ALA	optimal
Q7NDK7	4.75	TYR	VAL	GLY	SER	ILE	SER	VAL	ASP	SER	ARG	LEU	VAL	THR	TYR	ALA	ILE	GLU	ALA	VAL	VAL	LEU	ASN	GLY	ALA	ALA	ALA	optimal
Q8NUN3	5.11	TYR	VAL	GLY	SER	ILE	THR	ILE	ASP	SER	ARG	PHE	GLU	THR	TYR	VAL	ILE	ALA	GLY	ILE	CYS	LEU	ASN	GLY	ALA	ALA	SER	optimal
A7GAI4	5.17	TYR	VAL	GLY	SER	ILE	THR	ILE	ASP	LYS	ARG	PHE	GLU	THR	TYR	VAL	ILE	ALA	GLY	ILE	CYS	LEU	ASN	GLY	ALA	ALA	ALA	optimal
A0A4Q5UMG3	4.58	TYR	VAL	GLY	SER	LEU	THR	LEU	ASP	GLU	ARG	ILE	GLU	THR	TYR	ILE	ILE	LYS	GLY	VAL	CYS	LEU	ASN	GLY	PRO	ALA	ALA	optimal
A0A918UVB6	4.54	TYR	VAL	GLY	SER	ILE	THR	ILE	ASP	GLU	ARG	LEU	GLU	THR	TYR	VAL	ILE	LYS	GLY	ILE	CYS	LEU	ASN	GLY	PRO	ALA	ALA	optimal
A0A977Q0Q4	4.78	TYR	VAL	GLY	SER	ILE	THR	ILE	ASP	GLU	ARG	LEU	ALA	THR	TYR	VAL	ILE	LYS	GLY	ILE	CYS	LEU	ASN	GLY	PRO	ALA	ALA	optimal
A0A1Z9QCS8	4.7	TYR	VAL	GLY	SER	ILE	THR	ILE	ASP	THR	ARG	PHE	GLU	THR	TYR	VAL	PHE	LYS	GLY	ILE	GLY	ILE	ASN	GLY	ALA	ALA	ALA	optimal
A0A7X8BY49	4.62	TYR	GLU	GLY	SER	LEU	THR	ILE	ASP	LYS	ARG	PHE	GLU	THR	TYR	VAL	ILE	PRO	GLY	ILE	CYS	LEU	ASN	GLY	ALA	ALA	ALA	optimal
A0A2E8G983	4.53	TYR	GLU	GLY	SER	LEU	THR	VAL	ASP	GLU	ARG	PHE	GLU	THR	TYR	VAL	ILE	PRO	GLY	ILE	ALA	LEU	ASN	GLY	PRO	ALA	ALA	optimal
A0A7W5E034	4.62	ALA	ALA	ASP	VAL	ASN	TYR	GLU	GLY	SER	VAL	THR	ARG	GLY	SER	ARG	LEU	GLU	THR	PRO	GLY	SER	SER	ASP	ILE	CYS	ALA	optimal
A0A919G326	4.59	ILE	ALA	LYS	ILE	HIS	ARG	ALA	THR	VAL	VAL	PRO	GLY	GLN	GLN	VAL	ASP	VAL	VAL	ARG	LEU	THR	THR	TYR	VAL	ILE	PRO	optimal
Q8CVE9	3.69	TYR	GLU	GLY	SER	LEU	THR	VAL	ASP	MET	ARG	PHE	GLU	THR	TYR	ILE	ILE	GLU	GLY	ILE	CYS	LEU	ASN	GLY	ALA	ALA	ALA	tight
C3L033	5.38	TYR	VAL	GLY	SER	ILE	THR	ILE	ASP	LYS	ARG	PHE	GLU	THR	TYR	VAL	ILE	ALA	GLY	ILE	CYS	LEU	ASN	GLY	ALA	ALA	ALA	optimal
B3QQH1	4.8	TYR	GLU	GLY	SER	ILE	THR	ILE	ASP	LYS	ARG	PHE	GLU	THR	TYR	ILE	ILE	GLU	GLY	ILE	GLN	LEU	ASN	GLY	ALA	ALA	ALA	optimal
A0A932VS50	4.55	TYR	GLU	GLY	SER	LEU	THR	LEU	ASP	GLN	ARG	LEU	GLU	THR	TYR	ALA	ILE	PRO	GLY	VAL	VAL	LEU	ASN	GLY	ALA	ALA	ALA	optimal
A0A9E5EV37	4.51	GLU	TYR	GLU	GLY	SER	ILE	THR	LEU	ASP	THR	ARG	PHE	ARG	THR	TYR	ALA	MET	ILE	VAL	ILE	CYS	VAL	ASN	GLY	ALA	ALA	optimal
A0A849X2D0	4.74	TYR	GLU	GLY	SER	ILE	SER	ILE	CYS	PRO	ARG	PHE	SER	THR	TYR	VAL	ILE	GLU	GLY	LEU	ASN	GLY	ALA	ALA	ALA	ARG	HIS	optimal
A0A935NHF0	4.56	TYR	ILE	GLY	SER	ILE	THR	ILE	ASP	ALA	ARG	LEU	GLU	THR	TYR	VAL	ILE	LYS	GLY	ILE	CYS	LEU	ASN	GLY	ALA	ALA	ALA	optimal
A0A5B9WDG0	4.61	TYR	HIS	GLY	SER	LEU	THR	ILE	ASP	PRO	ARG	ALA	GLN	THR	TYR	VAL	LEU	PRO	GLY	ILE	GLU	LEU	ASN	GLY	ALA	MET	ALA	optimal
Q6G679	5.13	TYR	VAL	GLY	SER	ILE	THR	ILE	ASP	SER	ARG	PHE	GLU	THR	TYR	VAL	ILE	ALA	GLY	ILE	CYS	LEU	ASN	GLY	ALA	ALA	SER	optimal
Q81ST1	5.11	TYR	VAL	GLY	SER	ILE	THR	ILE	ASP	GLU	ARG	LEU	GLU	THR	TYR	VAL	ILE	LYS	GLY	VAL	CYS	LEU	ASN	GLY	ALA	ALA	ALA	optimal
Q8CMZ4	4.65	TYR	VAL	GLY	SER	ILE	THR	ILE	ASP	ALA	ARG	PHE	GLU	THR	TYR	VAL	ILE	ALA	GLY	MET	CYS	LEU	ASN	GLY	ALA	ALA	SER	optimal
A0A124F944	4.9	TYR	GLU	GLY	SER	ILE	SER	ILE	CYS	PRO	ARG	PHE	ALA	THR	TYR	ALA	ILE	LEU	GLY	LEU	ASN	GLY	ALA	ALA	ALA	HIS	LYS	optimal
A0A9D7HAW3	4.58	TYR	ILE	GLY	SER	ILE	THR	LEU	ASP	GLU	ARG	LEU	GLU	THR	TYR	VAL	ILE	LYS	GLY	VAL	ARG	LEU	ASN	GLY	PRO	ALA	ALA	optimal
A0A061NWM3	4.58	ARG	SER	LYS	GLU	GLN	ALA	MET	TYR	ARG	THR	ILE	ASP	GLU	ASP	LEU	LEU	ASP	ALA	GLU	LYS	VAL	GLN	VAL	VAL	ASN	ASN	optimal
A0A2N3G2G7	4.87	GLN	ALA	ASP	LEU	HIS	TYR	VAL	GLY	SER	VAL	THR	ASN	GLY	ASN	ARG	LEU	THR	THR	PRO	ASP	SER	GLY	GLN	ILE	CYS	ILE	optimal
Q81FN5	4.73	TYR	VAL	GLY	SER	ILE	THR	ILE	ASP	GLU	ARG	LEU	GLU	THR	TYR	VAL	ILE	LYS	GLY	VAL	CYS	LEU	ASN	GLY	ALA	ALA	ALA	optimal
B7HHU5	4.74	TYR	VAL	GLY	SER	ILE	THR	ILE	ASP	GLU	ARG	LEU	GLU	THR	TYR	VAL	ILE	LYS	GLY	VAL	CYS	LEU	ASN	GLY	ALA	ALA	ALA	optimal
B7GHT2	4.74	TYR	VAL	GLY	SER	ILE	THR	ILE	ASP	GLU	ARG	PHE	GLU	THR	TYR	ILE	ILE	PRO	GLY	PHE	CYS	LEU	ASN	GLY	ALA	ALA	ALA	optimal
A0A1U7CTG5	4.55	TYR	HIS	GLY	SER	LEU	THR	ILE	ASP	PRO	ARG	ALA	GLU	THR	TYR	THR	LEU	PRO	GLY	VAL	GLU	LEU	ASN	GLY	ALA	MET	ALA	optimal
C4FQU1	4.87	THR	MET	LEU	LYS	GLY	LYS	ILE	HIS	ARG	SER	GLY	ILE	ARG	GLU	TYR	GLU	GLN	VAL	ASN	GLY	ALA	ARG	PHE	SER	THR	TYR	optimal
A0A951LHV7	4.71	TYR	VAL	GLY	SER	LEU	THR	VAL	ASP	GLU	ARG	LEU	ILE	THR	TYR	ALA	ILE	PRO	GLY	MET	CYS	LEU	ASN	GLY	ALA	ALA	ALA	optimal
A0A1M5SPQ3	4.65	VAL	ARG	GLY	LYS	LEU	HIS	GLY	ILE	ARG	ILE	LEU	PRO	MET	GLU	PHE	VAL	ASP	ILE	ALA	ARG	ILE	SER	THR	TYR	VAL	ILE	optimal
A0A2W4LL78	4.53	GLN	ALA	ASP	LEU	HIS	TYR	VAL	GLY	SER	VAL	THR	ASN	GLY	SER	ARG	LEU	THR	THR	ALA	ASP	SER	GLY	VAL	ILE	CYS	ILE	optimal
A8ERX9	5.02	TYR	VAL	GLY	SER	ILE	THR	ILE	ASP	GLU	ARG	PHE	GLN	THR	TYR	ILE	ILE	LYS	GLY	MET	CYS	LEU	ASN	GLY	ALA	ALA	ALA	optimal
B7IPB9	4.71	TYR	VAL	GLY	SER	ILE	THR	ILE	ASP	GLU	ARG	LEU	GLU	THR	TYR	VAL	ILE	LYS	GLY	VAL	CYS	LEU	ASN	GLY	ALA	ALA	ALA	optimal
A0A970MZ88	4.84	ASP	VAL	ASP	TYR	VAL	GLY	SER	VAL	THR	ASN	GLY	GLU	ARG	LEU	GLU	THR	TYR	ALA	SER	GLY	ILE	ILE	CYS	LEU	ASN	GLY	optimal
A0A961H681	4.59	TYR	VAL	GLY	SER	ILE	THR	ILE	ASP	ARG	ARG	LEU	GLU	THR	TYR	VAL	ILE	GLU	GLY	ILE	CYS	VAL	ASN	GLY	ALA	ALA	ALA	optimal
A0A0W0ZMK7	4.68	TYR	ILE	GLY	SER	ILE	THR	ILE	ASP	GLU	ARG	PHE	GLU	THR	TYR	VAL	ILE	LYS	GLY	ILE	CYS	VAL	ASN	GLY	ALA	ALA	ALA	optimal
A0A7Y9LDU8	4.53	LEU	THR	VAL	ASP	GLU	ASP	LEU	MET	ASP	TYR	LEU	ILE	PRO	GLY	GLU	ARG	GLY	SER	GLY	ALA	ALA	ALA	HIS	LEU	VAL	GLN	optimal
A0A1Z4GM18	4.46	LYS	ASN	LYS	GLN	LEU	ASP	ILE	CYS	LYS	CYS	THR	LEU	THR	GLY	ALA	ASN	ILE	ASN	ILE	ASP	GLU	ILE	LEU	LEU	GLU	LYS	tight
Q5WGA5	4.75	TYR	VAL	GLY	SER	ILE	THR	ILE	ASP	GLU	ARG	PHE	GLU	THR	TYR	VAL	ILE	LYS	GLY	ILE	CYS	LEU	ASN	GLY	ALA	ALA	ALA	optimal
B7JHQ8	5.2	TYR	VAL	GLY	SER	ILE	THR	ILE	ASP	GLU	ARG	LEU	GLU	THR	TYR	VAL	ILE	LYS	GLY	VAL	CYS	LEU	ASN	GLY	ALA	ALA	ALA	optimal
Q63DJ1	5.0	TYR	VAL	GLY	SER	ILE	THR	ILE	ASP	GLU	ARG	LEU	GLU	THR	TYR	VAL	ILE	LYS	GLY	VAL	CYS	LEU	ASN	GLY	ALA	ALA	ALA	optimal
B1KUY5	5.32	TYR	VAL	GLY	SER	ILE	THR	ILE	ASP	LYS	ARG	PHE	GLU	THR	TYR	VAL	ILE	ALA	GLY	ILE	CYS	LEU	ASN	GLY	ALA	ALA	ALA	optimal
A0A959LKS3	4.69	TYR	MET	GLY	SER	ILE	THR	ILE	ASP	GLU	ARG	LEU	GLU	THR	TYR	ILE	ILE	LYS	GLY	ILE	CYS	LEU	ASN	GLY	PRO	ALA	ALA	optimal
A0A916HDU2	4.56	TYR	ILE	GLY	SER	ILE	THR	ILE	ASP	GLU	ARG	ILE	ILE	THR	TYR	VAL	ILE	THR	GLY	ILE	CYS	LEU	ASN	GLY	PRO	ALA	ALA	optimal
A0A0L6HV58	4.75	TYR	VAL	GLY	SER	ILE	THR	VAL	ASP	PRO	ARG	PHE	GLU	THR	TYR	THR	LEU	VAL	GLY	ILE	GLN	VAL	ASN	GLY	ALA	ALA	ALA	optimal
A0A1V4TMN0	4.55	ARG	GLY	LYS	ILE	HIS	ARG	ALA	THR	VAL	TRP	PRO	GLY	GLU	LYS	VAL	LEU	VAL	SER	ARG	PHE	GLU	THR	TYR	ALA	VAL	SER	optimal
A0A259TW89	4.56	TYR	GLU	GLY	SER	VAL	THR	LEU	ASP	ARG	ARG	LEU	GLU	THR	TYR	THR	ILE	PRO	ALA	CYS	CYS	LEU	ASN	GLY	PRO	ALA	ALA	optimal
A0RM41	5.31	TYR	VAL	GLY	SER	ILE	THR	ILE	ASP	GLU	ARG	PHE	GLN	THR	TYR	VAL	ILE	LYS	GLY	CYS	LEU	ASN	GLY	ALA	ALA	ALA	ARG	optimal
A6L8I7	5.05	TYR	ILE	GLY	SER	ILE	THR	ILE	ASP	GLU	ARG	PHE	GLU	THR	TYR	ILE	ILE	LYS	GLY	VAL	CYS	LEU	ASN	GLY	ALA	ALA	ALA	optimal
A9VMF1	5.24	TYR	VAL	GLY	SER	ILE	THR	ILE	ASP	GLU	ARG	LEU	GLU	THR	TYR	VAL	ILE	LYS	GLY	VAL	CYS	LEU	ASN	GLY	ALA	ALA	ALA	optimal
A4IQ59	5.05	TYR	VAL	GLY	SER	ILE	THR	ILE	ASP	GLU	ARG	PHE	GLU	THR	TYR	ILE	ILE	PRO	GLY	PHE	CYS	LEU	ASN	GLY	ALA	ALA	ALA	optimal
A0RBZ4	5.19	TYR	VAL	GLY	SER	ILE	THR	ILE	ASP	GLU	ARG	LEU	GLU	THR	TYR	VAL	ILE	LYS	GLY	VAL	CYS	LEU	ASN	GLY	ALA	ALA	ALA	optimal
A0A965R6I9	4.63	TYR	ILE	GLY	SER	ILE	THR	ILE	ASP	GLU	ARG	PHE	GLU	THR	TYR	VAL	ILE	LYS	GLY	ILE	CYS	LEU	ASN	GLY	PRO	ALA	SER	optimal
A0A940F783	4.7	TYR	VAL	GLY	SER	ILE	THR	ILE	ASP	PRO	ARG	PHE	GLU	THR	TYR	THR	ILE	ALA	GLY	MET	GLN	VAL	ASN	GLY	ALA	ALA	ALA	optimal
A0A3M1Q2L7	4.55	TYR	GLU	GLY	SER	LEU	THR	LEU	ASP	GLU	ARG	LEU	SER	THR	TYR	LEU	ILE	ALA	GLY	CYS	CYS	ALA	ASN	GLY	ALA	ALA	ALA	optimal
L1MGV7	4.45	SER	LEU	LEU	LYS	SER	LYS	ILE	HIS	CYS	ALA	GLY	LEU	ILE	ALA	GLY	GLU	HIS	VAL	ASN	GLY	GLU	ARG	ILE	GLU	THR	TYR	tight
Q64XM2	4.9	TYR	MET	GLY	SER	ILE	THR	ILE	ASP	GLU	ARG	PHE	GLU	THR	TYR	ILE	ILE	LYS	GLY	ILE	CYS	LEU	ASN	GLY	ALA	ALA	ALA	optimal
Q8EQD8	5.17	TYR	VAL	GLY	SER	ILE	THR	ILE	ASP	GLU	ARG	LEU	GLU	THR	TYR	VAL	ILE	ALA	GLY	ILE	CYS	LEU	ASN	GLY	ALA	ALA	ALA	optimal
Q5HCV5	4.6	TYR	VAL	GLY	SER	ILE	THR	ILE	ASP	SER	ARG	PHE	GLU	THR	TYR	VAL	ILE	ALA	GLY	ILE	CYS	LEU	ASN	GLY	ALA	ALA	SER	optimal
A0A535HQI7	4.7	TYR	GLU	GLY	SER	CYS	SER	ILE	ASP	PRO	ARG	ALA	VAL	THR	TYR	ALA	ILE	GLU	GLY	LEU	ASN	GLY	ALA	MET	ALA	HIS	ILE	optimal
W7WN84	4.63	TYR	GLU	GLY	SER	CYS	GLY	ILE	ASP	ALA	ARG	PHE	SER	THR	TYR	VAL	ILE	PRO	ALA	ILE	SER	LEU	ASN	GLY	ALA	ALA	ALA	optimal
A0A1Z4NKA2	4.6	PHE	LEU	PHE	PRO	HIS	SER	PRO	LEU	LEU	VAL	GLY	SER	ILE	SER	ILE	ASP	ARG	ILE	ILE	LEU	PRO	TYR	GLU	GLN	VAL	GLN	optimal
B7HL55	5.24	TYR	VAL	GLY	SER	ILE	THR	ILE	ASP	GLU	ARG	LEU	GLU	THR	TYR	VAL	ILE	LYS	GLY	VAL	CYS	LEU	ASN	GLY	ALA	ALA	ALA	optimal
A0A840H066	4.8	SER	ILE	ASP	ARG	THR	LEU	LEU	GLU	ALA	VAL	ILE	GLU	ALA	PRO	PRO	ARG	SER	GLY	ALA	ALA	ALA	ARG	LEU	ALA	MET	PRO	optimal
A0A960TEY8	4.59	TYR	ALA	GLY	SER	LEU	THR	VAL	ASP	MET	ARG	LEU	GLU	THR	TYR	LEU	ILE	GLU	GLY	ILE	CYS	LEU	ASN	GLY	ALA	ALA	ALA	optimal
A0A536E0K5	4.7	GLU	GLY	SER	ILE	THR	LEU	ASP	PRO	LEU	LEU	THR	THR	TYR	ALA	ILE	GLU	GLY	ASP	VAL	ILE	ASN	GLY	ALA	ALA	ALA	ARG	optimal
A5IW22	4.6	TYR	VAL	GLY	SER	ILE	THR	ILE	ASP	SER	ARG	PHE	GLU	THR	TYR	VAL	ILE	ALA	GLY	ILE	CYS	LEU	ASN	GLY	ALA	ALA	SER	optimal
C1EN38	5.08	TYR	VAL	GLY	SER	ILE	THR	ILE	ASP	GLU	ARG	LEU	GLU	THR	TYR	VAL	ILE	LYS	GLY	VAL	CYS	LEU	ASN	GLY	ALA	ALA	ALA	optimal
C5D3B1	4.74	TYR	VAL	GLY	SER	ILE	THR	ILE	ASP	ALA	ARG	PHE	GLU	THR	TYR	ILE	ILE	PRO	GLY	PHE	CYS	LEU	ASN	GLY	ALA	ALA	ALA	optimal
B9DKF6	4.7	TYR	VAL	GLY	SER	ILE	THR	ILE	ASP	ALA	ARG	PHE	GLU	THR	TYR	VAL	ILE	LYS	GLY	ILE	CYS	LEU	ASN	GLY	ALA	ALA	SER	optimal
B3QTQ3	4.47	TYR	GLU	GLY	SER	ILE	THR	ILE	ASP	MET	ARG	PHE	GLU	THR	TYR	ILE	ILE	ARG	GLY	ILE	GLN	LEU	ASN	GLY	ALA	ALA	ALA	tight
A0A0C5W6H2	4.64	TYR	ILE	GLY	SER	ILE	THR	ILE	ASP	GLU	ARG	LEU	GLU	THR	TYR	CYS	ILE	PRO	GLY	ILE	THR	LEU	ASN	GLY	ALA	ALA	ALA	optimal
A0A1D7YUK6	4.95	TYR	VAL	GLY	SER	ILE	THR	ILE	ASP	GLU	ARG	PHE	HIS	THR	TYR	VAL	ILE	LYS	GLY	ILE	CYS	LEU	ASN	GLY	ALA	ALA	ALA	optimal
A0A9E6W6B2	4.42	LEU	ASP	TYR	PHE	GLY	SER	ILE	THR	ILE	GLY	ALA	ARG	LEU	GLU	THR	TYR	ALA	LEU	GLY	GLU	ILE	CYS	MET	ASN	GLY	PRO	tight
A0A3M1GEH5	4.57	TYR	GLU	GLY	SER	ILE	ALA	ILE	GLY	PRO	ARG	PHE	SER	THR	TYR	VAL	ILE	PRO	GLY	LEU	VAL	ASN	GLY	ALA	ALA	ALA	ARG	optimal
A0A7X0GHH8	4.34	VAL	THR	VAL	ASP	LEU	ASP	LEU	LEU	ASP	TYR	THR	ILE	ALA	GLY	GLU	ARG	GLY	SER	GLY	ALA	ALA	ALA	HIS	LEU	VAL	GLU	tight
A0A960FLK5	4.84	TYR	VAL	GLY	SER	ILE	THR	ILE	ASP	THR	ARG	PHE	GLU	THR	TYR	ALA	ILE	PRO	GLY	MET	ASN	GLY	ALA	ALA	ALA	ARG	LEU	optimal
A0AAE3KLZ9	4.86	TYR	VAL	GLY	SER	LEU	THR	LEU	ASP	PRO	ARG	PHE	GLU	THR	TYR	VAL	ILE	GLU	GLY	VAL	LYS	VAL	ASN	GLY	ALA	ALA	ALA	optimal
A0A163RG25	5.11	ARG	THR	ALA	LEU	GLU	ALA	PRO	ALA	GLY	ARG	THR	ALA	ALA	ARG	ALA	VAL	VAL	MET	ASP	GLY	HIS	LEU	GLN	LEU	VAL	ARG	optimal
C3P5R1	5.22	TYR	VAL	GLY	SER	ILE	THR	ILE	ASP	GLU	ARG	LEU	GLU	THR	TYR	VAL	ILE	LYS	GLY	VAL	CYS	LEU	ASN	GLY	ALA	ALA	ALA	optimal
A0A2N5ZMM5	4.78	CYS	SER	ILE	ASP	THR	ASP	LEU	LEU	LYS	TYR	ALA	ILE	PRO	ALA	ASP	SER	GLY	THR	GLY	ALA	ALA	ALA	ARG	LEU	GLY	GLU	optimal
A0A1G6YAK4	4.56	TYR	MET	GLY	SER	ILE	THR	ILE	ASP	GLU	ARG	LEU	GLU	THR	TYR	VAL	ILE	LYS	GLY	ILE	CYS	LEU	ASN	GLY	PRO	ALA	ALA	optimal
A0A9D8BMJ1	4.36	TYR	GLU	GLY	SER	ILE	GLU	ILE	ASP	GLU	ARG	ILE	GLU	THR	TYR	ALA	ILE	SER	GLY	VAL	CYS	LEU	TYR	GLY	ALA	ALA	ALA	tight
A0A7Z9WGJ3	4.87	TYR	GLU	GLY	SER	LEU	THR	ILE	ASP	LYS	ARG	PHE	ASP	THR	TYR	VAL	ILE	PRO	GLY	VAL	GLY	LEU	ASN	GLY	ALA	ALA	ALA	optimal
A0A2H5WAN0	4.98	TYR	ALA	GLY	SER	LEU	SER	VAL	ASP	ALA	ARG	PHE	GLU	THR	TYR	LEU	ILE	PRO	ALA	ALA	GLU	VAL	ASN	GLY	ALA	ALA	ALA	optimal
A0A7C1YBG8	4.62	TYR	GLU	GLY	SER	ILE	SER	ILE	ASP	GLU	ARG	PHE	THR	THR	TYR	ILE	ILE	PRO	GLY	PHE	MET	LEU	ASN	GLY	PRO	THR	ALA	optimal
A0A0J1BIE2	4.55	ASP	VAL	ASN	TYR	GLU	GLY	SER	LEU	THR	ARG	GLY	THR	ARG	LEU	GLU	THR	TYR	ALA	SER	ASN	ASP	VAL	CYS	ALA	ASN	GLY	optimal
Q052G3	6.13	TYR	GLU	GLY	SER	LEU	THR	VAL	ASP	MET	ARG	PHE	GLU	THR	TYR	ILE	ILE	GLU	GLY	ILE	CYS	LEU	ASN	GLY	ALA	ALA	ALA	wide
Q89ZR7	4.6	TYR	MET	GLY	SER	ILE	THR	ILE	ASP	GLU	ARG	PHE	GLU	THR	TYR	ILE	ILE	LYS	GLY	ILE	CYS	LEU	ASN	GLY	ALA	ALA	ALA	optimal
Q9KC85	4.58	TYR	VAL	GLY	SER	ILE	THR	ILE	ASP	GLU	ARG	PHE	GLU	THR	TYR	VAL	ILE	LYS	GLY	PHE	CYS	LEU	ASN	GLY	ALA	ALA	ALA	optimal
A0A519TDA2	4.58	TYR	VAL	GLY	SER	ILE	THR	ILE	ASP	GLU	ARG	LEU	GLU	THR	TYR	THR	ILE	ARG	GLY	ILE	CYS	LEU	ASN	GLY	PRO	ALA	ALA	optimal
A0A7Y3EQG1	4.58	TYR	ILE	GLY	SER	VAL	THR	ILE	ASP	GLU	ARG	LEU	GLU	THR	TYR	VAL	ILE	PRO	GLY	ILE	THR	LEU	ASN	GLY	ALA	ALA	ALA	optimal
A0A7X7G3F8	4.49	TYR	GLU	GLY	SER	LEU	GLY	ILE	ASP	ARG	ARG	PHE	GLU	THR	TYR	ALA	ILE	PRO	GLU	ILE	CYS	LEU	ASN	GLY	PRO	ALA	ALA	tight
A0A1H7J4K3	4.37	TYR	ASN	GLY	SER	ILE	THR	VAL	ASP	VAL	ARG	ILE	MET	THR	TYR	VAL	LEU	PRO	GLY	VAL	CYS	MET	ASN	GLY	GLY	ALA	ALA	tight
A0A956QNH2	4.45	TYR	GLU	GLY	SER	ILE	THR	VAL	ASP	ALA	ARG	PHE	GLU	THR	TYR	ALA	LEU	LEU	GLY	ILE	GLN	ILE	ASN	GLY	ALA	ALA	ALA	tight
A0A2R7QIN7	4.4	VAL	THR	VAL	ASP	LEU	ASP	LEU	LEU	ASP	TYR	THR	ILE	ALA	GLY	GLU	ARG	GLY	SER	GLY	ALA	ALA	ALA	HIS	LEU	MET	HIS	tight
A0A4P5QU08	4.5	LEU	HIS	ARG	ALA	THR	VAL	THR	GLY	ALA	GLU	ARG	ILE	LEU	VAL	SER	ASN	MET	ALA	THR	TYR	VAL	ILE	TYR	GLY	PRO	ARG	tight
A0A5B9QKW6	4.95	ALA	TYR	GLU	GLY	SER	PHE	THR	LEU	PRO	THR	ARG	LEU	GLU	THR	TYR	ALA	ILE	ARG	ASP	VAL	CYS	ALA	ASN	GLY	ALA	ALA	optimal
A0A6P0VTE4	4.92	TYR	MET	GLY	SER	VAL	THR	ILE	ASP	GLN	ARG	LEU	THR	THR	TYR	ALA	ILE	SER	GLY	ILE	CYS	LEU	ASN	GLY	ALA	ALA	ALA	optimal
Q30TR6	5.14	TYR	VAL	GLY	SER	ILE	THR	VAL	ASP	GLU	ARG	PHE	SER	THR	TYR	ILE	ILE	LEU	GLY	ILE	CYS	LEU	ASN	GLY	ALA	ALA	ALA	optimal
C3L8P8	5.03	TYR	VAL	GLY	SER	ILE	THR	ILE	ASP	GLU	ARG	LEU	GLU	THR	TYR	VAL	ILE	LYS	GLY	VAL	CYS	LEU	ASN	GLY	ALA	ALA	ALA	optimal
Q73AV2	5.21	TYR	VAL	GLY	SER	ILE	THR	ILE	ASP	GLU	ARG	LEU	GLU	THR	TYR	VAL	ILE	LYS	GLY	VAL	CYS	LEU	ASN	GLY	ALA	ALA	ALA	optimal
Q982G0	5.1	HIS	GLY	SER	ILE	THR	LEU	ASP	PRO	ASP	ILE	SER	THR	TYR	VAL	ILE	LEU	GLY	GLU	ILE	LEU	ASN	GLY	ALA	ALA	ALA	ARG	optimal
A0A7G5XBI5	4.64	TYR	VAL	GLY	SER	LEU	THR	LEU	ASP	GLU	ARG	LEU	GLU	THR	TYR	LEU	ILE	LYS	GLY	CYS	CYS	LEU	ASN	GLY	PRO	ALA	ALA	optimal
A0A1B9E085	5.0	TYR	ILE	GLY	SER	ILE	THR	ILE	ASP	GLU	ARG	PHE	GLU	THR	TYR	ALA	ILE	LYS	GLY	ILE	THR	LEU	ASN	GLY	PRO	ALA	ALA	optimal
A0A937JTD3	4.57	TYR	VAL	GLY	SER	ILE	SER	ILE	ASP	GLU	ARG	LEU	ILE	THR	TYR	ALA	ILE	LYS	ALA	VAL	GLU	LEU	ASN	GLY	ALA	ALA	ALA	optimal
Q04TD7	4.79	TYR	GLU	GLY	SER	LEU	THR	VAL	ASP	MET	ARG	PHE	GLU	THR	TYR	ILE	ILE	GLU	GLY	ILE	CYS	LEU	ASN	GLY	ALA	ALA	ALA	optimal
W7DLT8	4.7	TYR	VAL	GLY	SER	ILE	THR	ILE	ASP	GLU	ARG	PHE	GLU	THR	TYR	ILE	ILE	ALA	GLY	ILE	CYS	LEU	ASN	GLY	ALA	ALA	ALA	optimal
A0A2A2Y2P2	4.51	TYR	GLU	GLY	SER	LEU	ALA	ILE	ASP	ILE	ARG	PHE	GLU	THR	TYR	ALA	ILE	PRO	ALA	VAL	CYS	LEU	ASN	GLY	ALA	THR	ALA	optimal
A0A9D6PL82	4.55	TYR	THR	GLY	SER	LEU	THR	LEU	ASP	ALA	ARG	VAL	VAL	THR	TYR	CYS	ILE	GLU	GLY	VAL	CYS	VAL	ASN	GLY	ALA	ALA	ALA	optimal
A7ZFX6	5.16	TYR	VAL	GLY	SER	ILE	SER	ILE	GLY	GLU	ARG	PHE	ALA	THR	TYR	VAL	ILE	LYS	GLY	LEU	ASN	GLY	ALA	ALA	ALA	ARG	LYS	optimal
Q72QN9	4.91	TYR	GLU	GLY	SER	LEU	THR	VAL	ASP	MET	ARG	PHE	GLU	THR	TYR	ILE	ILE	GLU	GLY	ILE	CYS	LEU	ASN	GLY	ALA	ALA	ALA	optimal
Q5LGS0	4.89	TYR	MET	GLY	SER	ILE	THR	ILE	ASP	GLU	ARG	PHE	GLU	THR	TYR	ILE	ILE	LYS	GLY	ILE	CYS	LEU	ASN	GLY	ALA	ALA	ALA	optimal
Q2S2P5	4.95	TYR	GLU	GLY	SER	ILE	THR	ILE	ASP	GLU	ARG	LEU	GLU	THR	TYR	THR	ILE	PRO	GLY	VAL	CYS	LEU	ASN	GLY	PRO	ALA	ALA	optimal
A0A2D7KNM5	4.74	TYR	ASN	GLY	SER	ILE	SER	ILE	ASP	GLY	ARG	PHE	THR	THR	TYR	VAL	ILE	GLU	ALA	ILE	GLY	ILE	ASN	GLY	ALA	ALA	ALA	optimal
A0A3D4CJW0	4.67	TYR	ILE	GLY	SER	ILE	THR	ILE	ASP	GLU	ARG	LEU	GLU	THR	TYR	VAL	ILE	LYS	GLY	VAL	CYS	LEU	ASN	GLY	PRO	ALA	ALA	optimal
A0A537ZCT5	4.66	TYR	VAL	GLY	SER	ILE	THR	LEU	ASP	PRO	ARG	PHE	GLU	THR	TYR	ALA	MET	ARG	GLY	LEU	ASN	GLY	ALA	ALA	ALA	ARG	LEU	optimal
A0A388PWD8	4.54	TYR	GLU	GLY	SER	CYS	ALA	ILE	ASP	GLU	ARG	PHE	THR	THR	TYR	ALA	ILE	ARG	ALA	ILE	SER	ILE	ASN	GLY	ALA	ALA	ALA	optimal
A0A7V2F6J0	4.61	TYR	GLU	GLY	SER	ILE	THR	ILE	ASP	GLU	ARG	LEU	GLU	THR	TYR	THR	ILE	PRO	GLY	VAL	CYS	LEU	ASN	GLY	PRO	ALA	ALA	optimal
A0A9X2ZSP7	4.82	TYR	GLU	GLY	SER	ILE	THR	ILE	ASP	GLU	ARG	LEU	GLU	THR	TYR	THR	ILE	PRO	GLY	VAL	CYS	LEU	ASN	GLY	PRO	ALA	ALA	optimal
A6GVV2	4.57	TYR	ILE	GLY	SER	ILE	THR	ILE	ASP	GLU	ARG	PHE	GLU	THR	TYR	ALA	ILE	LYS	GLY	ILE	THR	LEU	ASN	GLY	PRO	ALA	ALA	optimal
Q9ZN30	4.77	TYR	ILE	GLY	SER	ILE	THR	ILE	ASP	GLU	ARG	PHE	SER	THR	TYR	VAL	ILE	LEU	GLY	CYS	VAL	ASN	GLY	ALA	ALA	ALA	ARG	optimal
A0A355ITR4	3.9	TYR	VAL	GLY	SER	ILE	THR	ILE	ASP	GLU	ARG	LEU	GLU	THR	TYR	VAL	ILE	ARG	GLY	ILE	CYS	LEU	ASN	GLY	PRO	ALA	ALA	tight
A0A3D9FXC7	4.96	TYR	ILE	GLY	SER	ILE	THR	ILE	ASP	GLU	ARG	PHE	GLU	THR	TYR	ALA	ILE	LYS	GLY	ILE	THR	LEU	ASN	GLY	PRO	ALA	ALA	optimal
A0A9D2RIF9	4.66	LEU	ASN	TYR	VAL	GLY	SER	ILE	THR	ILE	GLY	GLU	ARG	PHE	GLU	THR	TYR	ILE	ILE	GLY	SER	ILE	CYS	LEU	ASN	GLY	PRO	optimal
A0A8I2G8T0	4.57	TYR	MET	GLY	SER	ILE	GLY	ILE	ASP	ALA	ARG	PHE	SER	THR	TYR	THR	ILE	ALA	ALA	ILE	VAL	LEU	ASN	GLY	ALA	ALA	ALA	optimal
A0AA46ADI5	4.54	TYR	GLU	GLY	SER	LEU	THR	LEU	ASP	GLU	ARG	PHE	SER	THR	TYR	VAL	ILE	PRO	GLY	CYS	ILE	LEU	ASN	GLY	ALA	ALA	ALA	optimal
A0A964KSE9	4.5	TYR	GLU	GLY	SER	ILE	GLY	ILE	ASP	ALA	ARG	PHE	GLU	THR	TYR	ALA	ILE	GLU	GLU	ILE	SER	ILE	ASN	GLY	ALA	ALA	ALA	tight
A0A7V1RDY6	4.4	ASP	TYR	ILE	GLY	SER	ILE	THR	ILE	ASP	GLN	ARG	PHE	GLU	THR	TYR	ALA	MET	GLU	VAL	ILE	CYS	VAL	ASN	GLY	ALA	ALA	tight
A0A101HTK6	5.14	TYR	MET	GLY	SER	ILE	THR	ILE	ASP	GLU	ARG	PHE	GLU	THR	TYR	VAL	ILE	LYS	GLY	VAL	CYS	LEU	ASN	GLY	ALA	ALA	ALA	optimal
A0A974SIW7	4.65	HIS	GLY	SER	ILE	THR	LEU	ASP	PRO	ASN	ILE	SER	THR	TYR	VAL	ILE	LEU	GLY	GLU	ILE	LEU	ASN	GLY	ALA	ALA	ALA	ARG	optimal
Q3M782	4.95	TYR	VAL	GLY	SER	ILE	SER	ILE	ASP	GLN	ARG	PHE	ILE	THR	TYR	ALA	ILE	PRO	ALA	ILE	GLU	LEU	ASN	GLY	ALA	ALA	ALA	optimal
Q9EYU1	5.17	HIS	GLY	SER	ILE	THR	LEU	ASP	PRO	ASP	ILE	SER	THR	TYR	VAL	ILE	LEU	GLY	GLU	ILE	LEU	ASN	GLY	ALA	ALA	ALA	ARG	optimal
A0A2A5FKV0	4.73	TYR	VAL	GLY	SER	VAL	THR	ILE	ASP	GLU	ARG	ILE	GLU	THR	TYR	THR	ILE	VAL	GLY	VAL	CYS	LEU	ASN	GLY	PRO	ALA	ALA	optimal
W8VUN2	4.55	TYR	ILE	GLY	SER	ILE	THR	ILE	ASP	GLU	ARG	LEU	GLU	THR	TYR	ALA	ILE	PRO	GLY	ILE	THR	LEU	ASN	GLY	ALA	ALA	ALA	optimal
A0A3C1G2F2	4.51	TYR	GLU	GLY	SER	ILE	THR	ILE	ASP	ALA	ARG	PHE	ASP	THR	TYR	VAL	ILE	ALA	GLY	ILE	CYS	LEU	ASN	GLY	PRO	THR	ALA	optimal
A0A660SL37	5.05	TYR	ARG	GLY	SER	ILE	THR	LEU	SER	GLU	ARG	PHE	ASP	THR	TYR	VAL	ILE	ILE	ASP	VAL	CYS	VAL	ASN	GLY	GLY	ALA	ALA	optimal
D9PML9	4.59	ILE	THR	VAL	ASP	SER	ASP	LEU	LEU	ASP	TYR	ILE	ILE	ALA	GLY	GLU	ALA	GLY	MET	GLY	ALA	ALA	ALA	ARG	LYS	VAL	HIS	optimal
A0A9X1S339	4.6	TYR	VAL	GLY	SER	ILE	THR	ILE	ASP	ALA	ARG	PHE	GLU	THR	TYR	THR	ILE	ALA	GLY	MET	GLN	ILE	ASN	GLY	ALA	ALA	ALA	optimal
A0A936N915	4.99	TYR	VAL	GLY	SER	VAL	THR	ILE	ASP	VAL	ARG	LEU	GLU	THR	TYR	VAL	ILE	GLU	GLY	ILE	CYS	LEU	ASN	GLY	ALA	ALA	ALA	optimal
A0A6B1GIZ6	4.67	TYR	GLU	GLY	SER	ILE	SER	ILE	ASP	GLN	ARG	LEU	GLU	THR	TYR	VAL	ILE	PRO	ALA	ILE	GLN	ILE	ASN	GLY	ALA	ALA	ALA	optimal
O34246	4.58	TYR	VAL	GLY	SER	ILE	THR	ILE	ASP	GLU	ARG	PHE	SER	THR	TYR	VAL	ILE	ARG	GLY	ILE	CYS	LEU	ASN	GLY	ALA	ALA	ALA	optimal
A0A7C1BBY4	4.4	TYR	GLU	GLY	SER	LEU	THR	LEU	GLY	ARG	ARG	PHE	SER	THR	TYR	ILE	ILE	PRO	GLY	VAL	GLU	LEU	ASN	GLY	ALA	ALA	ALA	tight
A0A0D0IV58	4.68	TYR	MET	GLY	SER	ILE	THR	ILE	ASP	GLU	ARG	PHE	GLU	THR	TYR	ILE	ILE	LYS	GLY	ILE	CYS	LEU	ASN	GLY	ALA	ALA	ALA	optimal
A0A2E6IME0	4.71	TYR	ILE	GLY	SER	ILE	THR	ILE	ASP	GLU	ARG	LEU	GLU	THR	TYR	VAL	ILE	PRO	GLY	ILE	THR	LEU	ASN	GLY	ALA	ALA	ALA	optimal
A0A1M7MSU4	4.68	TYR	ILE	GLY	SER	ILE	THR	ILE	ASP	GLU	ARG	LEU	GLU	THR	TYR	ALA	ILE	PRO	GLY	ILE	THR	LEU	ASN	GLY	ALA	ALA	ALA	optimal
A0A662C8E0	4.75	TYR	ILE	GLY	SER	ILE	THR	ILE	ASP	GLU	ARG	PHE	SER	THR	TYR	THR	ILE	LYS	GLY	ILE	ILE	LEU	ASN	GLY	PRO	ALA	ALA	optimal
A0A661C7T3	4.59	HIS	SER	GLU	LEU	ASN	TYR	GLU	GLY	SER	LYS	THR	GLN	GLY	THR	ARG	PHE	ILE	THR	ALA	ASP	SER	GLY	THR	ILE	SER	ILE	optimal
A0A7H9CHD8	4.83	TYR	VAL	GLY	SER	ILE	SER	ILE	ASP	LYS	ARG	PHE	SER	THR	TYR	VAL	ILE	GLU	GLY	LEU	ASN	GLY	ALA	ALA	ALA	ARG	LYS	optimal
A0A255TPX1	4.71	TYR	MET	GLY	SER	ILE	THR	ILE	ASP	GLU	ARG	PHE	GLU	THR	TYR	ILE	ILE	LYS	GLY	ILE	CYS	LEU	ASN	GLY	ALA	ALA	ALA	optimal
A0A7C5P1F6	4.79	TYR	GLU	GLY	SER	CYS	GLY	LEU	GLY	GLU	ARG	LEU	GLU	THR	TYR	ALA	ILE	ARG	SER	ALA	LEU	ASN	GLY	ALA	ALA	ALA	ARG	optimal
A0A3A4PHH0	4.54	TYR	GLU	GLY	SER	LEU	GLY	ILE	ASP	THR	ARG	LEU	GLU	THR	TYR	VAL	ILE	PRO	GLU	MET	VAL	LEU	ASN	GLY	ALA	ALA	ALA	optimal
A0A2P8FF38	4.58	ILE	PHE	SER	LEU	ILE	LEU	PRO	LEU	HIS	VAL	ILE	THR	GLU	ALA	ASN	LEU	HIS	TYR	ASP	GLU	ASP	LEU	MET	ASP	ALA	ALA	optimal
A0A4R6TRF5	4.65	TYR	ILE	GLY	SER	ILE	THR	ILE	ASP	GLU	ARG	LEU	GLU	THR	TYR	ALA	ILE	PRO	GLY	LEU	THR	LEU	ASN	GLY	ALA	ALA	ALA	optimal
A0A415DSA0	4.61	TYR	ILE	GLY	SER	ILE	THR	VAL	ASP	GLU	ARG	PHE	GLU	THR	TYR	ILE	ILE	LYS	GLY	VAL	CYS	LEU	ASN	GLY	ALA	ALA	ALA	optimal
A0A1H6LNY9	4.75	TYR	ILE	GLY	SER	ILE	THR	ILE	ASP	ILE	ARG	PHE	GLU	THR	TYR	ALA	ILE	PRO	GLY	ILE	THR	LEU	ASN	GLY	PRO	ALA	ALA	optimal
A0A520UJJ6	4.7	TYR	ILE	GLY	SER	ILE	THR	ILE	ASP	LYS	ARG	PHE	GLU	THR	TYR	VAL	ILE	PRO	GLY	ILE	THR	VAL	ASN	GLY	ALA	ALA	ALA	optimal
A0A1H1M1D6	4.47	TYR	ILE	GLY	SER	ILE	THR	ILE	ASP	GLU	ARG	LEU	GLU	THR	TYR	CYS	ILE	PRO	GLY	ILE	THR	LEU	ASN	GLY	ALA	ALA	ALA	tight
A0A521YDX2	4.4	VAL	GLY	SER	LEU	THR	VAL	ASP	ALA	ASP	LEU	GLU	THR	TYR	ALA	ILE	GLU	GLY	PRO	CYS	ALA	ASN	GLY	ALA	ALA	ALA	HIS	tight
A0A1M4WK73	4.71	TYR	MET	GLY	SER	ILE	THR	ILE	ASP	ARG	ARG	PHE	GLU	THR	TYR	VAL	ILE	ALA	GLY	ILE	CYS	LEU	ASN	GLY	ALA	ALA	ALA	optimal
A0A7K1TPA7	4.96	TYR	VAL	GLY	SER	ILE	THR	ILE	ASP	PRO	ARG	PHE	VAL	THR	TYR	THR	ILE	GLU	GLY	MET	GLN	VAL	ASN	GLY	ALA	ALA	ALA	optimal
A0ABC9PYV4	4.57	GLU	SER	ASN	LEU	ASN	TYR	VAL	GLY	SER	ASN	ASN	ASN	GLY	ALA	ARG	PHE	GLU	THR	ARG	GLY	SER	GLY	LYS	ILE	CYS	LEU	optimal
A0A2S5QW78	4.38	TYR	GLU	GLY	SER	CYS	ALA	ILE	ASP	SER	ARG	PHE	SER	THR	TYR	ALA	ILE	PRO	ALA	ILE	SER	VAL	ARG	GLY	SER	ALA	ALA	tight
A0A937XE27	4.29	TYR	GLU	GLY	SER	LEU	GLU	LEU	ASP	ALA	ARG	PHE	GLU	THR	TYR	ALA	ILE	ALA	ALA	CYS	VAL	LEU	ASN	GLY	ALA	ALA	ALA	tight
A0A3D9GS15	5.13	TYR	VAL	GLY	SER	ILE	THR	ILE	ASP	GLU	ARG	LEU	GLU	THR	TYR	VAL	ILE	PRO	GLY	ILE	CYS	LEU	ASN	GLY	ALA	ALA	ALA	optimal
A0A949VKG9	4.57	LEU	ARG	ALA	LYS	ILE	HIS	ARG	VAL	ARG	LEU	VAL	GLU	GLY	GLU	LYS	VAL	GLN	VAL	ASP	ARG	LEU	TYR	THR	TYR	VAL	ILE	optimal
A0A1N6EMI2	4.69	VAL	THR	VAL	ASP	ARG	ASP	LEU	MET	ASP	TYR	VAL	ILE	GLU	GLY	GLU	ARG	GLY	SER	GLY	ALA	ALA	ALA	HIS	LEU	VAL	HIS	optimal
A0A6J6ERN4	5.02	ILE	HIS	ARG	ALA	ARG	ILE	THR	ASP	ALA	GLU	GLN	VAL	GLN	VAL	VAL	ASP	ILE	ASP	THR	TYR	ALA	ILE	PRO	GLY	GLY	PRO	optimal
A0A2M8WSP9	4.58	LEU	THR	VAL	ASP	ALA	GLU	LEU	LEU	ASP	TYR	VAL	ILE	PRO	GLY	GLU	ARG	GLY	SER	GLY	ALA	ALA	ALA	HIS	HIS	ILE	THR	optimal
Q29W39	4.81	TYR	VAL	GLY	SER	ILE	SER	ILE	ASP	GLU	ARG	PHE	GLU	THR	TYR	THR	ILE	ALA	THR	CYS	LEU	ASN	GLY	ALA	ALA	ALA	ARG	optimal
Q7UQU4	4.79	ALA	ASP	VAL	ASN	TYR	GLU	GLY	SER	LEU	THR	ARG	GLY	THR	ARG	LEU	GLU	THR	TYR	ASN	SER	ASN	ASP	VAL	CYS	ALA	ASN	optimal
A0A7X8JKW8	4.58	TYR	GLU	GLY	SER	ILE	SER	ILE	ASP	SER	ARG	PHE	SER	THR	TYR	ILE	ILE	GLU	GLY	LEU	ASN	GLY	ALA	ALA	ALA	ARG	LEU	optimal
A0A829QPH4	4.53	TYR	VAL	GLY	SER	VAL	THR	ILE	ASP	PRO	ARG	LEU	GLU	THR	TYR	ALA	ILE	THR	GLY	ILE	GLY	ILE	ASN	GLY	ALA	ALA	ALA	optimal
A0A2D7N8A4	4.57	ALA	ASN	LEU	ASN	TYR	VAL	GLY	SER	ILE	THR	ASN	GLY	ASN	ARG	LEU	GLU	THR	TYR	GLY	THR	GLY	GLU	ILE	CYS	ILE	ASN	optimal
A0A9J6ZH20	4.45	TYR	VAL	GLY	SER	ILE	THR	ILE	ASP	ILE	ARG	TRP	LYS	THR	TYR	ALA	ILE	PRO	ALA	ILE	CYS	LEU	ASN	GLY	PRO	PRO	ALA	tight
B6JPC9	4.54	TYR	VAL	GLY	SER	ILE	THR	ILE	ASP	GLU	ARG	PHE	SER	THR	TYR	VAL	ILE	LEU	GLY	CYS	VAL	ASN	GLY	ALA	ALA	ALA	ARG	optimal
A7IHU0	5.07	HIS	GLY	SER	ILE	THR	LEU	ASP	PRO	GLU	ILE	SER	THR	TYR	VAL	ILE	LEU	GLY	GLU	VAL	LEU	ASN	GLY	ALA	ALA	ALA	ARG	optimal
A0A2T0YQE6	4.63	THR	VAL	ASP	ALA	ASP	LEU	LEU	ASP	ALA	THR	ILE	ALA	GLY	PRO	ARG	GLY	SER	GLN	ALA	ALA	ALA	HIS	LEU	VAL	ASN	PRO	optimal
A0A8H2LHD1	4.5	TYR	ILE	GLY	SER	ILE	THR	ILE	ASP	GLU	ARG	LEU	GLU	THR	TYR	ALA	ILE	PRO	GLY	ILE	THR	LEU	ASN	GLY	ALA	ALA	ALA	tight
S7VB21	4.55	TYR	GLU	GLY	SER	ILE	SER	ILE	ASP	PRO	ARG	LEU	THR	THR	TYR	ALA	ILE	PRO	GLY	LEU	ASN	GLY	ALA	ALA	ALA	ARG	LEU	optimal
A0A661BE33	4.76	TYR	ASP	GLY	SER	ALA	GLU	ILE	ASP	ILE	ARG	LEU	TRP	THR	TYR	ALA	ILE	PRO	GLY	ILE	ALA	LEU	LYS	GLY	PRO	ALA	ALA	optimal
A0A3N5YZ53	4.64	ILE	THR	ILE	ASP	VAL	ASP	LEU	LEU	LYS	TYR	ALA	ILE	GLU	GLY	ASN	PRO	GLY	GLY	GLY	ALA	ALA	ALA	ARG	LEU	ALA	SER	optimal
A0A3Q9GL83	4.55	VAL	THR	VAL	ASP	HIS	ASP	LEU	LEU	GLU	TYR	VAL	ILE	PRO	GLY	GLU	ARG	GLY	LYS	GLY	ALA	ALA	ALA	HIS	LEU	VAL	SER	optimal
Q8YR79	4.93	TYR	VAL	GLY	SER	ILE	SER	ILE	ASP	GLN	ARG	PHE	ILE	THR	TYR	ALA	ILE	PRO	ALA	ILE	GLU	LEU	ASN	GLY	ALA	ALA	ALA	optimal
A0A7W3Z7J9	4.57	TYR	ILE	GLY	SER	ILE	THR	ILE	ASP	GLU	ARG	PHE	GLU	THR	TYR	ALA	ILE	PRO	GLY	ILE	THR	LEU	ASN	GLY	PRO	ALA	ALA	optimal
A0A7C8AGW2	4.17	TYR	PRO	GLY	SER	ILE	ALA	VAL	ASP	THR	ARG	ALA	GLU	THR	TYR	ILE	VAL	PRO	ALA	VAL	VAL	VAL	LEU	GLY	ALA	ALA	ALA	tight
A0A7C5BSN4	4.38	GLY	TYR	TRP	TYR	THR	ILE	VAL	VAL	LYS	SER	VAL	ALA	ILE	ASP	SER	LYS	LEU	LEU	GLU	GLY	GLU	MET	VAL	HIS	VAL	TRP	tight
A0A845M2D8	4.57	HIS	GLY	SER	ILE	THR	LEU	ASP	PRO	ASP	ILE	SER	THR	TYR	VAL	ILE	TYR	GLY	THR	ILE	LEU	ASN	GLY	ALA	ALA	ALA	ARG	optimal
P56065	5.05	TYR	ILE	GLY	SER	ILE	THR	ILE	ASP	GLU	ARG	PHE	SER	THR	TYR	VAL	ILE	LEU	GLY	CYS	VAL	ASN	GLY	ALA	ALA	ALA	ARG	optimal
A0A1H6T0Y3	4.96	TYR	ILE	GLY	SER	ILE	THR	ILE	ASP	GLU	ARG	LEU	GLU	THR	TYR	ALA	ILE	LYS	GLY	ILE	THR	LEU	ASN	GLY	PRO	ALA	ALA	optimal
A0A924B295	4.83	TYR	GLU	GLY	SER	ILE	SER	ILE	ASP	GLN	ARG	PHE	SER	THR	TYR	VAL	ILE	GLU	GLY	LEU	ASN	GLY	ALA	ALA	ALA	ARG	HIS	optimal
A0A1F5VNC4	4.47	TYR	SER	GLY	SER	LEU	SER	ILE	ASP	ARG	ARG	PHE	THR	THR	TYR	ALA	ILE	PRO	ALA	VAL	ASN	GLY	ALA	ALA	ALA	ARG	LEU	tight
A0A1V4QGK1	6.18	TRP	VAL	TYR	TYR	ASN	ASN	PRO	LEU	PRO	LYS	GLY	LYS	TRP	ALA	LEU	PRO	SER	GLY	GLU	PRO	ASN	SER	ALA	VAL	LEU	ARG	wide
A7H576	5.08	TYR	VAL	GLY	SER	ILE	SER	ILE	ASP	GLU	ARG	PHE	GLU	THR	TYR	THR	ILE	ALA	THR	CYS	LEU	ASN	GLY	ALA	THR	ALA	ARG	optimal
B2J9T1	4.95	TYR	VAL	GLY	SER	ILE	SER	ILE	ASP	GLU	ARG	PHE	ILE	THR	TYR	ALA	ILE	PRO	ALA	ILE	GLU	LEU	ASN	GLY	GLY	ALA	ALA	optimal
B0C321	4.65	TYR	VAL	GLY	SER	ILE	SER	ILE	ASP	GLN	ARG	LEU	VAL	THR	TYR	ALA	ILE	PRO	ALA	VAL	GLU	LEU	ASN	GLY	ALA	ALA	ALA	optimal
A0A7W1ILS5	4.44	TYR	ILE	GLY	SER	ILE	THR	ILE	ASP	GLU	ARG	LEU	ILE	THR	TYR	ALA	ILE	LYS	GLY	ILE	CYS	MET	ASN	GLY	PRO	ALA	ALA	tight
A0A3N5FUZ5	4.93	TYR	GLU	GLY	SER	CYS	GLY	ILE	ASP	ALA	ARG	PHE	GLU	THR	TYR	THR	ILE	PRO	GLU	PHE	CYS	LEU	TYR	GLY	GLY	ALA	ALA	optimal
A0A352ED75	4.82	TYR	VAL	GLY	SER	ILE	THR	LEU	ASP	ASP	ARG	PHE	ASP	THR	TYR	SER	ILE	SER	GLY	VAL	VAL	LEU	ASN	GLY	PRO	ALA	ALA	optimal
A0A255ZPZ1	4.53	TYR	ILE	GLY	SER	ILE	THR	ILE	ASP	GLU	ARG	LEU	GLU	THR	TYR	ALA	ILE	LYS	GLY	ILE	THR	LEU	ASN	GLY	PRO	ALA	ALA	optimal
A0A0S4MYF3	4.74	LEU	TYR	TYR	GLU	GLY	SER	ILE	THR	ILE	GLY	ALA	ARG	PHE	GLU	THR	TYR	ALA	ILE	GLY	VAL	ILE	CYS	LEU	ASN	GLY	PRO	optimal
A0A6J6I0D9	4.6	TYR	VAL	GLY	SER	ILE	THR	ILE	ASP	THR	ARG	PHE	GLU	THR	TYR	THR	ILE	PRO	GLY	LEU	ASN	GLY	ALA	ALA	ALA	ARG	LEU	optimal
X0VXQ6	4.4	ALA	LYS	ILE	HIS	ARG	ALA	THR	VAL	THR	GLU	GLY	GLU	CYS	VAL	LEU	VAL	ALA	ASN	HIS	GLU	THR	TYR	VAL	ILE	GLU	GLY	tight
A0A970XGR3	4.61	TYR	ILE	GLY	SER	VAL	THR	VAL	ASP	ALA	ARG	LEU	GLN	THR	TYR	VAL	ILE	PRO	GLY	ILE	CYS	MET	ASN	GLY	ALA	ALA	ALA	optimal
A0A5N6MV18	4.47	VAL	THR	VAL	ASP	LEU	ASP	LEU	LEU	GLU	TYR	THR	ILE	ALA	GLY	GLU	ARG	GLY	THR	GLY	ALA	ALA	ALA	HIS	LEU	VAL	GLN	tight
A8FK85	5.03	TYR	ILE	GLY	SER	ILE	SER	ILE	ASP	GLU	ARG	PHE	GLU	THR	TYR	THR	ILE	ALA	THR	CYS	LEU	ASN	GLY	ALA	ALA	ALA	ARG	optimal
C0QRI3	5.2	TYR	GLU	GLY	SER	LEU	THR	LEU	ASP	GLU	ARG	PHE	SER	THR	TYR	VAL	ILE	PRO	GLY	CYS	ILE	LEU	ASN	GLY	ALA	ALA	ALA	optimal
A0A9D8QZH1	4.88	TYR	VAL	GLY	SER	ILE	THR	ILE	ASP	GLU	ARG	PHE	GLU	THR	TYR	VAL	ILE	LYS	GLY	ILE	CYS	LEU	ASN	GLY	PRO	ALA	ALA	optimal
A0A1F9WY36	4.75	LYS	ILE	GLN	ARG	PRO	THR	VAL	THR	GLU	TYR	GLU	VAL	VAL	LEU	ILE	VAL	ASN	VAL	GLU	THR	TYR	THR	ILE	PRO	GLY	LYS	optimal
Q1CVC3	5.1	TYR	ILE	GLY	SER	ILE	THR	ILE	ASP	GLU	ARG	PHE	SER	THR	TYR	VAL	ILE	LEU	GLY	CYS	VAL	ASN	GLY	ALA	ALA	ALA	ARG	optimal
A0AA96J7C2	4.64	TYR	ILE	GLY	SER	ILE	THR	ILE	ASP	GLU	ARG	PHE	GLU	THR	TYR	VAL	ILE	LYS	GLY	ILE	THR	LEU	ASN	GLY	PRO	ALA	ALA	optimal
A0A9D7UGH3	4.96	TYR	VAL	GLY	SER	ILE	THR	ILE	ASP	GLU	ARG	PHE	SER	THR	TYR	VAL	ILE	LYS	GLY	ILE	CYS	LEU	ASN	GLY	ALA	ALA	ALA	optimal
A0A315X8K3	4.61	ILE	THR	VAL	ASP	PRO	ASP	LEU	MET	ASP	TYR	ALA	ILE	LYS	GLY	GLU	ARG	GLY	SER	GLY	ALA	ALA	ALA	HIS	LEU	VAL	HIS	optimal
A0A8K2A172	4.49	TYR	VAL	GLY	SER	ILE	SER	ILE	ASP	ALA	ARG	LEU	ILE	THR	TYR	ALA	ILE	ALA	ALA	VAL	GLU	LEU	ASN	GLY	ALA	ALA	ALA	tight
A0A969GD38	5.01	TYR	VAL	GLY	SER	ILE	THR	ILE	ASP	GLU	ARG	LEU	GLU	THR	TYR	VAL	ILE	LYS	GLY	ILE	CYS	LEU	ASN	GLY	ALA	ALA	ALA	optimal
Q5HWH5	4.88	TYR	VAL	GLY	SER	ILE	SER	ILE	ASP	GLU	ARG	PHE	GLU	THR	TYR	THR	ILE	ALA	THR	CYS	LEU	ASN	GLY	ALA	ALA	ALA	ARG	optimal
A0A9X1R083	4.59	TYR	ILE	GLY	SER	ILE	THR	ILE	ASP	GLU	ARG	LEU	GLU	THR	TYR	ALA	ILE	PRO	GLY	ILE	THR	LEU	ASN	GLY	ALA	ALA	ALA	optimal
A0A7C1ZKK4	4.55	TYR	VAL	GLY	SER	ILE	THR	ILE	ASP	GLU	ARG	LEU	GLU	THR	TYR	VAL	ILE	THR	GLY	ILE	CYS	MET	ASN	GLY	PRO	ALA	ALA	optimal
E3D018	4.52	TYR	VAL	GLY	SER	ILE	THR	LEU	GLY	LYS	ARG	LEU	GLU	THR	TYR	THR	ILE	GLU	GLY	LEU	ASN	GLY	PRO	ALA	ALA	ARG	LEU	optimal
A0A7Y0QQA6	4.45	VAL	THR	VAL	ASP	LEU	ASP	LEU	LEU	ASP	TYR	THR	ILE	ALA	GLY	GLU	ARG	GLY	SER	GLY	PRO	ALA	ALA	HIS	LEU	VAL	HIS	tight
A0A7W7W9N6	4.54	VAL	THR	ILE	ASP	GLU	ASP	LEU	LEU	ASP	TYR	THR	ILE	ALA	GLY	PRO	ARG	GLY	SER	GLY	ALA	ALA	ALA	ARG	LEU	VAL	HIS	optimal
W8X542	4.63	HIS	GLY	ILE	ARG	VAL	THR	GLY	ALA	ASP	PHE	VAL	ASP	ILE	TRP	ASN	LYS	ASN	SER	TYR	VAL	ILE	TYR	GLY	GLU	ARG	GLY	optimal
A0A0H2KKF9	4.48	ILE	THR	VAL	ASP	ALA	ASP	LEU	LEU	ASP	TYR	VAL	ILE	PRO	GLY	GLU	ARG	GLY	ALA	GLY	ALA	ALA	ALA	HIS	LEU	VAL	LYS	tight
A0A7C5FRU5	4.62	GLU	VAL	GLN	PRO	LEU	ARG	ALA	ASP	LYS	TRP	TYR	THR	CYS	ASN	ARG	ARG	ARG	HIS	LEU	ARG	ILE	CYS	LYS	SER	LYS	ILE	optimal
A0A924D7R2	5.03	TYR	ILE	GLY	SER	ILE	THR	ILE	ASP	GLU	ARG	PHE	GLU	THR	TYR	VAL	ILE	THR	GLY	ILE	THR	LEU	ASN	GLY	PRO	ALA	ALA	optimal
A0A0S9QMB3	5.03	TYR	VAL	GLY	SER	ILE	THR	ILE	ASP	ALA	ARG	PHE	GLU	THR	TYR	THR	ILE	ALA	GLY	MET	GLN	ILE	ASN	GLY	ALA	ALA	ALA	optimal
A0A418ML21	4.57	TYR	VAL	GLY	SER	ILE	THR	LEU	ASP	PRO	LEU	TRP	HIS	THR	TYR	ALA	LEU	GLU	GLY	VAL	CYS	LEU	ASN	GLY	PRO	PRO	ALA	optimal
A0AAV8UJL5	4.25	THR	GLU	ALA	ASN	VAL	ASN	TYR	VAL	GLY	ASN	LEU	ARG	ASN	GLY	GLU	ARG	PHE	SER	LEU	GLU	GLY	SER	GLY	ILE	LEU	CYS	tight
A0A7X6K7S6	4.29	VAL	THR	VAL	ASP	LEU	ASP	LEU	LEU	ASP	TYR	THR	ILE	ALA	GLY	GLU	ARG	GLY	SER	GLY	ALA	ALA	ALA	HIS	LEU	VAL	HIS	tight
A0A371PV02	4.41	ARG	SER	THR	THR	SER	ARG	HIS	ARG	ASP	ARG	ALA	THR	VAL	THR	GLN	SER	ARG	LEU	THR	ILE	ASP	LEU	ASP	LEU	THR	GLU	tight
B2UW36	5.02	TYR	VAL	GLY	SER	ILE	THR	ILE	ASP	GLU	ARG	PHE	SER	THR	TYR	VAL	ILE	LEU	GLY	CYS	VAL	ASN	GLY	ALA	ALA	ALA	ARG	optimal
Q9PIK3	5.2	TYR	ILE	GLY	SER	ILE	SER	ILE	ASP	GLU	ARG	PHE	GLU	THR	TYR	THR	ILE	ALA	THR	CYS	LEU	ASN	GLY	ALA	ALA	ALA	ARG	optimal
A0A376FKL2	4.29	TYR	GLU	GLY	SER	CYS	ALA	ILE	ASP	GLN	ARG	PHE	SER	THR	TYR	ALA	ILE	ALA	ALA	ILE	SER	VAL	ASN	ALA	ARG	GLN	ARG	tight
A0A4V2AUY5	4.81	TYR	ILE	GLY	SER	VAL	THR	ILE	ASP	GLU	ARG	LEU	GLU	THR	TYR	ILE	ILE	LYS	GLY	ILE	CYS	LEU	ASN	GLY	PRO	ALA	ALA	optimal
A0AAW7D636	4.69	TYR	ILE	GLY	SER	ILE	THR	ILE	ASP	GLU	ARG	PHE	GLU	THR	TYR	ILE	ILE	LYS	GLY	ILE	CYS	LEU	ASN	GLY	PRO	ALA	ALA	optimal
A0A972XY00	4.76	TYR	ILE	GLY	SER	ILE	THR	ILE	ASP	GLU	ARG	LEU	GLU	THR	TYR	ALA	ILE	LYS	GLY	ILE	VAL	LEU	ASN	GLY	PRO	ALA	ALA	optimal
A0A9C8NV91	4.54	TYR	VAL	GLY	SER	ILE	THR	ILE	ASP	ARG	ARG	PHE	GLU	THR	TYR	VAL	PHE	GLU	GLY	ILE	CYS	ILE	ASN	GLY	ALA	ALA	ALA	optimal
A0A965G4N4	4.4	TYR	GLU	GLY	SER	LEU	ALA	VAL	SER	LEU	ARG	PHE	GLU	THR	TYR	LEU	ILE	PRO	ALA	VAL	ILE	LEU	ASN	GLY	ALA	THR	ALA	tight
U5D568	4.74	GLU	TYR	GLU	GLY	SER	ILE	SER	ILE	ASP	ALA	ARG	LEU	GLU	THR	TYR	ALA	ILE	ALA	ARG	VAL	GLU	LEU	ASN	GLY	ALA	ALA	optimal
A0A7C1KNV9	4.44	TYR	GLN	GLY	SER	ILE	THR	VAL	ASP	SER	ARG	LEU	VAL	THR	TYR	ALA	ILE	PRO	GLY	ILE	ASN	GLY	ALA	ALA	ALA	ARG	LYS	tight
Q17ZL6	4.6	TYR	VAL	GLY	SER	ILE	THR	ILE	ASP	GLU	ARG	PHE	SER	THR	TYR	VAL	ILE	LEU	GLY	CYS	VAL	ASN	GLY	ALA	ALA	ALA	ARG	optimal
B8IQG9	5.1	HIS	GLY	SER	ILE	THR	LEU	ASP	PRO	ASP	ILE	SER	THR	TYR	VAL	ILE	LEU	GLY	GLU	ILE	LEU	ASN	GLY	ALA	ALA	ALA	ARG	optimal
A0A1Z9HM47	4.05	TYR	ASP	GLY	SER	CYS	GLY	ILE	ASP	LEU	ARG	PHE	ILE	THR	TYR	ALA	PHE	SER	GLU	ILE	SER	LEU	ASN	GLY	ALA	ALA	ALA	tight
A0A0S7Y3S7	4.53	TYR	GLU	GLY	SER	ILE	THR	ILE	ASP	ARG	ARG	PHE	SER	THR	TYR	THR	MET	PRO	GLY	LEU	ASN	GLY	ALA	ALA	ALA	ARG	LYS	optimal
M1ZCP6	4.56	TYR	GLU	GLY	SER	ILE	GLU	ILE	ASP	GLU	ARG	PHE	LEU	THR	TYR	VAL	ILE	PRO	GLY	ILE	SER	VAL	ASN	GLY	ALA	ALA	ALA	optimal
A0AA37SXI5	4.4	TYR	ARG	GLY	SER	ILE	THR	ILE	ASP	GLU	ARG	LEU	ILE	THR	TYR	ILE	LEU	LYS	GLY	ILE	LEU	MET	ASN	GLY	GLY	ALA	ALA	tight
A0AAP3SGL9	4.85	TYR	VAL	GLY	SER	ILE	THR	ILE	ASP	GLU	ARG	LEU	GLU	THR	TYR	VAL	ILE	LYS	GLY	ILE	CYS	LEU	ASN	GLY	ALA	ALA	ALA	optimal
A0A3M0WJ04	4.51	TYR	GLU	GLY	SER	LEU	THR	LEU	ASP	GLU	ARG	PHE	SER	THR	TYR	VAL	ILE	PRO	GLY	CYS	ILE	LEU	ASN	GLY	ALA	ALA	ALA	optimal
A0A1L5NR41	4.69	HIS	GLY	SER	ILE	THR	LEU	ASP	PRO	ASP	ILE	SER	THR	TYR	VAL	ILE	TYR	GLY	GLU	VAL	LEU	ASN	GLY	ALA	ALA	ALA	ARG	optimal
A0A563VWP5	4.47	PRO	LEU	LEU	GLU	HIS	GLY	ASN	SER	PRO	LYS	LEU	HIS	ARG	VAL	CYS	VAL	THR	ASP	GLY	SER	VAL	THR	ILE	ASP	ARG	LYS	tight
Q7VJB2	5.03	TYR	VAL	GLY	SER	ILE	THR	ILE	ASP	LYS	ARG	PHE	SER	THR	TYR	VAL	ILE	TYR	GLY	CYS	LEU	ASN	GLY	ALA	ALA	ALA	ARG	optimal
R5AUE5	4.45	ILE	THR	ILE	ASP	GLN	ASP	LEU	MET	ASP	TYR	ALA	ILE	ALA	GLY	GLU	ARG	GLY	SER	GLY	ALA	ALA	ALA	ARG	LYS	VAL	HIS	tight
A0A9Q4C6Q2	5.03	TYR	GLU	GLY	SER	VAL	THR	VAL	GLY	PRO	ARG	LEU	GLU	THR	TYR	THR	ILE	GLU	GLY	LEU	ASN	GLY	ALA	ALA	ALA	ARG	LEU	optimal
A0A2E2UG01	4.64	TYR	ILE	GLY	SER	ILE	THR	ILE	ASP	GLU	ARG	LEU	GLU	THR	TYR	VAL	ILE	GLN	GLY	VAL	THR	LEU	ASN	GLY	PRO	ALA	ALA	optimal
A0A2S1LLX9	4.94	TYR	ILE	GLY	SER	ILE	THR	ILE	ASP	GLU	ARG	LEU	GLU	THR	TYR	ALA	ILE	LYS	GLY	ILE	THR	LEU	ASN	GLY	PRO	ALA	ALA	optimal
A0A7V2QM04	4.6	GLU	GLY	SER	ILE	THR	ILE	ASP	GLU	ARG	PHE	GLU	THR	TYR	VAL	ILE	ARG	GLY	GLU	GLY	LEU	ASN	GLY	ALA	ALA	ALA	ARG	optimal
A0A1V4ZBJ4	4.5	MET	ARG	PHE	VAL	LEU	ARG	GLY	LYS	ILE	LYS	LYS	THR	ASP	ILE	TRP	PRO	GLY	GLU	ALA	ASP	ASN	GLY	ALA	ARG	PHE	GLU	tight
A9AUB8	4.79	TYR	VAL	GLY	SER	ILE	THR	ILE	ASP	GLU	ARG	LEU	GLU	THR	TYR	ALA	ILE	VAL	GLY	ILE	GLN	LEU	ASN	GLY	ALA	ALA	ALA	optimal
A0A6P1DJL9	5.07	TYR	ILE	GLY	SER	ILE	THR	ILE	ASP	GLU	ARG	LEU	GLU	THR	TYR	VAL	ILE	PRO	GLY	ILE	THR	LEU	ASN	GLY	PRO	ALA	ALA	optimal
A0A444WCZ5	5.04	TYR	ILE	GLY	SER	ILE	THR	VAL	ASP	GLU	ARG	LEU	GLU	THR	TYR	VAL	ILE	LYS	GLY	ILE	THR	LEU	ASN	GLY	PRO	ALA	ALA	optimal
D1CH98	4.62	TYR	ILE	GLY	SER	ILE	THR	ILE	ASP	SER	ARG	LEU	GLU	THR	TYR	VAL	ILE	PRO	GLY	VAL	GLN	LEU	ASN	GLY	ALA	SER	ALA	optimal
A0A7V4AWT1	4.88	TYR	MET	GLY	SER	ILE	THR	ILE	SER	THR	ARG	LEU	GLU	THR	TYR	VAL	ILE	PRO	GLY	ILE	CYS	LEU	ASN	GLY	ALA	ALA	ALA	optimal
A0A0P8A8J1	4.78	TYR	MET	GLY	SER	ILE	SER	ILE	ASP	ARG	ARG	LEU	MET	SER	TYR	VAL	ILE	SER	ALA	ILE	GLU	LEU	ASN	GLY	ALA	ALA	ALA	optimal
A0A3C0PCR4	4.54	TYR	GLU	GLY	SER	ILE	THR	LEU	ASP	GLU	ARG	PHE	VAL	THR	TYR	ALA	ILE	LYS	GLY	VAL	GLU	LEU	ASN	GLY	PRO	ALA	ALA	optimal
A0A349BUT9	4.39	TYR	ILE	GLY	SER	ILE	THR	ILE	ASP	LYS	ARG	LEU	GLU	THR	TYR	VAL	ILE	GLU	GLY	VAL	THR	LEU	ASN	GLY	PRO	ALA	ALA	tight
A0A9C9K1R7	3.21	TYR	GLU	GLY	SER	ILE	THR	ILE	ASP	MET	ARG	PHE	GLU	THR	TYR	ILE	ILE	PRO	GLY	VAL	CYS	ILE	ASN	GLY	ALA	ALA	ALA	tight
A0A938IH16	4.55	TYR	VAL	GLY	SER	VAL	THR	ILE	ASP	GLU	ARG	LEU	GLU	THR	TYR	ALA	ILE	LYS	GLY	ILE	GLY	MET	ASN	GLY	ALA	ALA	ALA	optimal
A0A7T5EHG1	4.4	TYR	VAL	GLY	SER	ILE	THR	ILE	ASP	SER	ARG	TRP	LYS	THR	TYR	ALA	LEU	PRO	ALA	ILE	CYS	LEU	ASN	GLY	PRO	PRO	ALA	tight
A0A2T2T171	4.41	TYR	GLU	GLY	SER	ILE	THR	VAL	ASP	ARG	ARG	LEU	GLU	THR	TYR	THR	ILE	PRO	GLY	VAL	CYS	LEU	ASN	GLY	PRO	ALA	ALA	tight
A0A661C7R5	4.47	ILE	ASP	SER	ASP	LEU	LEU	ASP	LYS	SER	ILE	GLN	ALA	GLN	ALA	GLY	SER	GLY	THR	ALA	ALA	HIS	LEU	ALA	ASP	LEU	GLY	tight
A0A1F1DT89	4.56	TYR	VAL	GLY	SER	ILE	THR	ILE	ASP	GLU	ARG	LEU	GLU	THR	TYR	VAL	ILE	PRO	GLY	ILE	CYS	LEU	ASN	GLY	ALA	ALA	ALA	optimal
A0A523XLK2	4.6	TYR	ASP	GLY	SER	ILE	THR	ILE	SER	GLU	ARG	PHE	GLU	THR	TYR	VAL	ILE	TYR	GLY	ILE	GLY	LEU	ASN	GLY	GLY	ALA	ALA	optimal
A0A9D5Q1U2	4.71	TYR	LYS	GLY	SER	ILE	THR	ILE	ASP	GLU	ARG	LEU	GLN	THR	TYR	VAL	ILE	LYS	GLY	MET	CYS	LEU	ASN	GLY	PRO	ALA	ALA	optimal
A0A7V5H501	4.39	TYR	GLU	GLY	SER	LEU	SER	ILE	ASP	PRO	ARG	LEU	THR	THR	TYR	ALA	ILE	LYS	GLY	ILE	GLY	LEU	ASN	GLY	GLY	THR	ALA	tight
A0A1H9HQ76	4.43	TYR	VAL	GLY	SER	ILE	THR	ILE	ASP	TYR	LEU	TRP	LYS	THR	TYR	ALA	ILE	PRO	ALA	ILE	CYS	LEU	ASN	GLY	PRO	PRO	ALA	tight
A0A529X4L7	4.67	HIS	GLY	SER	VAL	THR	LEU	ASP	PRO	ASP	ILE	SER	THR	TYR	VAL	ILE	LEU	GLY	GLU	ILE	LEU	ASN	GLY	ALA	ALA	ALA	ARG	optimal
A0A174VIF2	4.63	TYR	MET	GLY	SER	ILE	THR	ILE	ASP	GLU	ARG	LEU	GLU	THR	TYR	ILE	ILE	LYS	GLY	ILE	CYS	LEU	ASN	GLY	ALA	ALA	ALA	optimal
H7EI54	4.79	TYR	GLU	GLY	SER	ILE	SER	ILE	ASP	THR	ARG	PHE	SER	THR	TYR	ILE	ILE	PRO	GLY	LEU	ASN	GLY	ALA	ALA	ALA	ARG	MET	optimal
A0A962CWD8	4.74	TYR	GLU	GLY	SER	VAL	SER	ILE	CYS	PRO	ARG	LEU	THR	THR	TYR	VAL	ILE	GLU	GLY	LEU	ASN	GLY	ALA	ALA	ALA	ARG	HIS	optimal
A0A6N8HKE3	4.41	TYR	VAL	GLY	SER	ILE	THR	ILE	ASP	TYR	ARG	TRP	LYS	THR	TYR	ALA	ILE	PRO	ALA	ILE	CYS	LEU	ASN	GLY	PRO	PRO	ALA	tight
A0A1H2B6I1	4.41	TYR	VAL	GLY	SER	ILE	THR	LEU	ASP	SER	ARG	TRP	ILE	THR	TYR	ALA	ILE	ALA	ALA	VAL	CYS	LEU	ASN	GLY	PRO	PRO	ALA	tight
A0A5C5ZYP3	4.8	ILE	THR	ILE	PRO	PRO	GLU	LEU	LEU	ASP	TYR	ALA	ILE	THR	GLY	GLN	VAL	GLY	SER	GLY	ALA	ALA	ALA	HIS	LEU	ILE	GLN	optimal
B4U8K0	4.99	TYR	GLU	GLY	SER	ILE	SER	ILE	ASP	GLU	ARG	PHE	SER	THR	TYR	VAL	ILE	PRO	GLY	LEU	ASN	GLY	ALA	ALA	ALA	ARG	LEU	optimal
A0A958FX22	4.77	ILE	GLY	ILE	ASP	GLN	SER	LEU	LEU	GLU	TYR	THR	ILE	VAL	GLU	PRO	PRO	LYS	SER	GLY	ALA	ALA	ALA	LEU	LEU	VAL	LYS	optimal
A0A5N7Z833	4.55	TYR	ILE	GLY	SER	ILE	THR	ILE	ASP	VAL	ARG	LEU	GLU	THR	TYR	ALA	ILE	PRO	GLY	ILE	THR	LEU	ASN	GLY	PRO	ALA	ALA	optimal
A0A8J4A4F5	4.65	TYR	VAL	GLY	SER	ILE	THR	VAL	ASP	ALA	ARG	LEU	GLU	THR	TYR	VAL	ILE	GLU	GLY	ILE	GLY	MET	ASN	GLY	ALA	ALA	ALA	optimal
A0AAE4A2V6	4.75	ILE	THR	ILE	ASP	PRO	ASP	LEU	LEU	GLU	TYR	THR	ILE	ALA	GLY	GLU	ARG	GLY	SER	GLY	ALA	ALA	ALA	ARG	LEU	VAL	HIS	optimal
A0A7V5SHX6	4.61	TYR	GLU	GLY	SER	LEU	GLY	LEU	ASP	GLU	ARG	LEU	GLN	THR	TYR	VAL	ILE	PRO	GLU	VAL	CYS	LEU	ASN	GLY	PRO	ALA	ALA	optimal
A0A1N7PFW6	4.51	TYR	GLU	GLY	SER	ILE	THR	ILE	ASP	ALA	SER	TRP	ARG	THR	TYR	ALA	ILE	PRO	SER	GLY	LEU	ASN	GLY	PRO	PRO	ALA	ARG	optimal
A0A2J7TEY2	4.63	HIS	GLY	SER	ILE	THR	LEU	ASP	PRO	ALA	ILE	THR	THR	TYR	VAL	ILE	LEU	GLY	GLN	VAL	LEU	ASN	GLY	ALA	ALA	ALA	ARG	optimal
A0A7C5ADG4	4.44	THR	ASP	ALA	GLY	LEU	LEU	THR	PRO	PHE	MET	ARG	ALA	LYS	ILE	HIS	GLN	ALA	ARG	ASN	TYR	VAL	GLY	SER	ILE	THR	ILE	tight
A0A9E0XDV4	4.28	TYR	GLU	GLY	SER	ILE	ALA	LEU	GLY	PRO	ARG	PHE	ALA	THR	TYR	VAL	ILE	GLY	GLY	MET	LEU	ASN	GLY	ALA	ALA	ALA	ARG	tight
A0A1F4S5Y7	4.64	TYR	GLU	GLY	SER	ILE	ALA	VAL	SER	PRO	ARG	PHE	GLU	THR	TYR	ILE	ILE	LYS	GLY	PHE	ARG	GLY	PRO	ALA	ALA	ARG	LEU	optimal
A0A920D859	4.45	TYR	VAL	GLY	SER	ILE	THR	ILE	ASP	ALA	ARG	TRP	LYS	THR	TYR	ALA	LEU	PRO	ALA	ILE	GLY	LEU	ASN	GLY	PRO	PRO	ALA	tight
Q9F5E9	4.44	GLU	GLY	GLN	ALA	VAL	GLU	LYS	TYR	VAL	ALA	ASP	PHE	CYS	ARG	GLU	VAL	GLY	LEU	GLU	ILE	TRP	ASN	LYS	MET	SER	GLY	tight
B7JX32	4.56	TYR	VAL	GLY	SER	MET	ALA	ILE	ASP	ALA	ARG	TRP	ALA	THR	TYR	VAL	ILE	GLU	ALA	MET	GLU	VAL	ARG	GLY	ALA	ALA	ALA	optimal
A0A1W9P678	4.9	TYR	GLY	ALA	SER	ILE	THR	ILE	ALA	GLU	ARG	PHE	GLU	THR	TYR	VAL	ILE	LEU	GLY	CYS	LEU	ASN	GLY	PRO	ALA	ALA	ARG	optimal
A0A950DNW9	4.45	CYS	GLU	GLY	SER	LEU	SER	ILE	SER	ALA	ILE	PHE	GLU	THR	TYR	VAL	LEU	TYR	ALA	VAL	THR	LEU	ASN	GLY	VAL	ALA	ALA	tight
E7G3H7	4.83	VAL	GLU	VAL	LEU	TYR	SER	LYS	ILE	HIS	LEU	ALA	LYS	LEU	ALA	PRO	TRP	MET	LYS	ASN	ASN	GLY	MET	ARG	PHE	SER	THR	optimal
A0A968HEG5	4.57	TYR	VAL	GLY	SER	ILE	SER	ILE	ASP	ARG	ARG	LEU	MET	THR	TYR	ALA	ILE	PRO	ALA	ILE	GLU	LEU	ASN	GLY	ALA	ALA	ALA	optimal
A0A644V0S1	5.06	ASP	LEU	PHE	LEU	GLY	ALA	PHE	ASN	ARG	LEU	ASN	TYR	HIS	GLY	SER	VAL	THR	LEU	GLU	ALA	GLY	ILE	TYR	PRO	LEU	GLU	optimal
A0A8J2BI68	4.38	GLY	PRO	VAL	ALA	LYS	ASP	HIS	GLY	GLN	LYS	SER	PRO	VAL	HIS	ARG	TYR	MET	ALA	LEU	ARG	ALA	LYS	LEU	HIS	ARG	ALA	tight
A0A1H7TG69	5.04	ARG	GLY	PRO	VAL	GLY	LEU	VAL	PRO	THR	ILE	SER	ILE	PHE	VAL	ASN	PRO	ILE	GLN	TYR	GLU	THR	TYR	PRO	ARG	ASP	GLU	optimal
A0A357B544	4.95	GLU	GLY	SER	ILE	THR	ILE	ALA	ARG	ASP	LEU	ARG	THR	TYR	VAL	ILE	GLU	GLY	LYS	CYS	ILE	ASN	GLY	PRO	ALA	ALA	ARG	optimal
A0A2H0PJ18	4.56	GLU	GLY	SER	PHE	GLY	MET	ASP	ALA	GLY	VAL	LYS	THR	TYR	ALA	ILE	PRO	LEU	PRO	GLU	SER	ASN	GLY	ALA	ALA	ALA	HIS	optimal
A0A7C5TQ62	4.62	TYR	GLU	GLY	SER	ILE	THR	LEU	ASP	LYS	ARG	PHE	GLU	THR	TYR	VAL	ILE	GLU	GLY	VAL	ASN	GLY	ALA	ALA	ALA	HIS	LEU	optimal
A0A7X7TRJ1	4.57	TYR	GLU	GLY	SER	ILE	GLY	ILE	ASP	GLU	ARG	LEU	VAL	THR	TYR	VAL	ILE	PRO	GLU	ILE	SER	LEU	ASN	GLY	ALA	ALA	ALA	optimal
A0A6I3SNQ9	4.62	TYR	GLU	GLY	SER	VAL	THR	ILE	ASP	ALA	LEU	TRP	LYS	THR	TYR	ALA	ILE	PRO	ALA	ILE	CYS	LEU	ASN	GLY	PRO	PRO	ALA	optimal
A0A7C3XQY8	4.72	ASN	TYR	GLU	GLY	SER	LEU	THR	VAL	ASP	GLU	ARG	PHE	GLU	THR	TYR	LEU	LEU	SER	VAL	VAL	CYS	LEU	ASN	GLY	ALA	ALA	optimal
A0A5C7P8J6	4.89	TYR	ILE	GLY	SER	ILE	SER	ILE	ASP	ALA	ARG	PHE	GLU	THR	TYR	ALA	ILE	ALA	GLY	LEU	ASN	GLY	ALA	ALA	ALA	ARG	LEU	optimal
A0A931K982	4.47	TYR	HIS	GLY	SER	LEU	THR	LEU	ASP	PRO	ARG	GLY	GLU	THR	TYR	VAL	ILE	PRO	GLY	VAL	GLU	LEU	ASN	GLY	ALA	MET	ALA	tight
B8ELJ7	4.95	HIS	GLY	SER	ILE	THR	LEU	ASP	PRO	ALA	ILE	THR	THR	TYR	VAL	ILE	LEU	GLY	GLN	VAL	LEU	ASN	GLY	ALA	ALA	ALA	ARG	optimal
A0A654A8K3	4.54	THR	ILE	ASP	GLU	ASP	LEU	MET	ASP	ALA	VAL	ILE	PRO	GLY	GLN	ARG	GLY	SER	GLY	ALA	ALA	ALA	ARG	LEU	VAL	GLN	VAL	optimal
A0A229P290	4.39	TYR	VAL	GLY	SER	ILE	THR	LEU	ASP	SER	ARG	TRP	ILE	THR	TYR	ALA	ILE	ALA	ALA	VAL	CYS	LEU	ASN	GLY	PRO	PRO	ALA	tight
A0A072NGA9	4.45	THR	VAL	THR	GLU	ALA	ASN	LEU	ASP	TYR	ILE	THR	ASN	LEU	ARG	ASN	ALA	ALA	ARG	PRO	GLY	HIS	PRO	GLY	SER	GLY	THR	tight
A0A2D4YUF4	4.53	TYR	GLU	GLY	SER	ILE	LEU	ILE	ASP	GLU	ARG	HIS	THR	THR	TYR	VAL	LEU	PRO	LEU	VAL	SER	VAL	ASN	GLY	ALA	GLY	ALA	optimal
A0A1G9EKS5	4.4	TYR	VAL	GLY	SER	ILE	THR	ILE	ASP	ALA	ARG	TRP	LYS	THR	TYR	ALA	LEU	PRO	ALA	ILE	CYS	LEU	ASN	GLY	PRO	PRO	ALA	tight
A0A6P1R1B6	4.52	PRO	GLY	SER	VAL	ALA	LEU	ASP	PRO	GLY	ILE	SER	THR	TYR	VAL	ILE	LEU	GLY	VAL	VAL	LEU	ASN	GLY	ALA	ALA	ALA	ARG	optimal
K1YNK3	5.85	TYR	SER	GLY	SER	PHE	GLY	ILE	ASP	LYS	ARG	PHE	GLU	THR	TYR	CYS	ILE	ILE	GLU	PHE	ALA	LEU	TYR	GLY	GLY	ALA	ALA	wide
A0A7C3B2F9	4.63	GLU	GLY	SER	ILE	THR	ILE	ASP	GLU	GLY	PHE	THR	THR	TYR	ALA	ILE	LYS	GLY	GLU	ILE	ASN	GLY	ALA	ALA	ALA	ARG	LEU	optimal
A0A351UJ63	4.67	TYR	ASN	GLY	SER	ILE	THR	ILE	ASP	ARG	ARG	PHE	SER	THR	TYR	VAL	LEU	TYR	GLY	VAL	ASN	GLY	ALA	ALA	ALA	ARG	LEU	optimal
A0A9D8HM18	4.57	TYR	THR	GLY	SER	ILE	THR	ILE	ASP	SER	ARG	LEU	GLU	THR	TYR	VAL	ILE	LYS	GLY	ILE	CYS	ILE	ASN	GLY	ALA	ALA	ALA	optimal
A0A4Q1SYL0	4.44	TYR	VAL	GLY	SER	ILE	THR	ILE	ASP	ALA	ARG	TRP	LYS	THR	TYR	ALA	ILE	PRO	ALA	ILE	CYS	LEU	ASN	GLY	PRO	PRO	ALA	tight
A7HLE9	4.63	TYR	GLU	GLY	SER	ILE	GLY	ILE	ASP	GLU	ARG	PHE	ILE	THR	TYR	VAL	ILE	PRO	GLU	ILE	SER	LEU	ASN	GLY	ALA	ALA	ALA	optimal
A0A368DF99	4.47	TYR	ILE	GLY	SER	ILE	SER	ILE	ASP	GLU	ARG	LEU	GLU	THR	TYR	VAL	ILE	LYS	GLY	ILE	SER	ILE	ASN	GLY	PRO	ALA	ALA	tight
A0A3D1ASR5	4.42	ILE	GLY	SER	ILE	ALA	ILE	ASP	GLU	ASP	ILE	GLU	THR	TYR	ALA	ILE	ALA	ALA	PRO	MET	LEU	ASN	GLY	ALA	ALA	ALA	ARG	tight
A0A9E4Q083	4.64	GLU	GLY	SER	ILE	THR	LEU	ASP	PRO	ALA	LEU	GLU	THR	TYR	ALA	ILE	GLU	GLY	ARG	ASN	GLY	ALA	ALA	ALA	ARG	LEU	VAL	optimal
A0AAU7CPG6	4.59	TYR	HIS	GLY	SER	LEU	THR	ILE	ASP	PRO	ARG	ALA	GLU	THR	TYR	VAL	LEU	PRO	GLY	ILE	GLU	LEU	ASN	GLY	ALA	MET	ALA	optimal
A0A2W1JIN1	4.55	TYR	VAL	GLY	SER	ILE	SER	ILE	ASP	SER	ARG	LEU	ILE	THR	TYR	THR	ILE	PRO	ALA	ILE	GLU	LEU	ASN	GLY	ALA	ALA	ALA	optimal
F8IET2	4.84	THR	GLN	ALA	ASP	LEU	ASN	TYR	VAL	GLY	ASN	LEU	GLU	ASN	GLY	VAL	LEU	TRP	SER	ASP	GLU	GLY	SER	GLY	VAL	VAL	CYS	optimal
B2V7Y0	5.21	TYR	GLU	GLY	SER	LEU	THR	LEU	ASP	GLU	ARG	PHE	SER	THR	TYR	VAL	ILE	PRO	GLY	CYS	ILE	LEU	ASN	GLY	ALA	ALA	ALA	optimal
A0A7C0Z5X2	4.99	TYR	VAL	GLY	SER	ILE	THR	ILE	ASP	ALA	ARG	LEU	ALA	THR	TYR	VAL	LEU	GLU	GLY	ILE	VAL	LEU	ASN	GLY	ALA	ALA	ALA	optimal
A0A7Y3XGE1	4.96	TYR	MET	GLY	SER	ILE	THR	VAL	ASP	GLY	ARG	PHE	GLU	THR	TYR	ILE	PHE	ARG	ALA	ILE	GLU	VAL	ASN	GLY	ALA	ALA	ALA	optimal
A0A9D6INY1	4.63	ASP	TYR	GLN	GLY	SER	LEU	THR	LEU	ASP	GLU	ARG	PHE	SER	THR	TYR	LEU	ILE	GLN	VAL	VAL	GLY	ILE	ASN	GLY	ALA	ALA	optimal
A0A7Y5W8K9	4.94	TYR	VAL	GLY	SER	ILE	THR	ILE	ASP	GLU	ARG	PHE	GLU	THR	TYR	ILE	PHE	ARG	GLY	ILE	GLU	VAL	ASN	GLY	ALA	ALA	ALA	optimal
A0A927C5T6	4.38	TYR	VAL	GLY	SER	ILE	THR	ILE	ASP	SER	ARG	TRP	LYS	THR	TYR	ALA	ILE	PRO	GLY	ILE	CYS	LEU	ASN	GLY	PRO	PRO	ALA	tight
A0A6L9LVP6	4.59	GLU	TYR	ARG	GLY	SER	LEU	SER	ILE	ASP	GLU	ARG	LEU	THR	THR	TYR	ALA	ILE	SER	CYS	LEU	ASN	GLY	ALA	ALA	ALA	HIS	optimal
A0M786	4.92	TYR	ILE	GLY	SER	ILE	THR	ILE	ASP	GLU	ARG	LEU	GLU	THR	TYR	VAL	ILE	PRO	GLY	ILE	THR	LEU	ASN	GLY	ALA	ALA	ALA	optimal
A0A7R6VKH7	5.01	ILE	THR	ILE	ASP	GLU	GLU	LEU	MET	GLU	TYR	VAL	ILE	LYS	GLY	GLU	ARG	GLY	LYS	GLY	ALA	ALA	ALA	ARG	LYS	ALA	HIS	optimal
X1PFY1	4.87	GLU	GLY	SER	ILE	THR	ILE	ASP	LYS	LYS	PHE	ASP	THR	TYR	ALA	ILE	GLU	GLY	GLY	ASN	GLY	ALA	ALA	ALA	ARG	LEU	ALA	optimal
A0A0X2NQ61	4.52	THR	ILE	ASP	ALA	ASP	LEU	MET	GLU	SER	ALA	ILE	THR	GLY	GLU	ARG	GLY	SER	GLY	ALA	ALA	ALA	HIS	LEU	VAL	HIS	PRO	optimal
A0A559K5A7	4.43	TYR	VAL	GLY	SER	ILE	THR	ILE	ASP	ALA	ARG	TRP	LYS	THR	TYR	ALA	LEU	PRO	ALA	ILE	CYS	LEU	ASN	GLY	PRO	PRO	ALA	tight
A0A972H149	4.44	TYR	VAL	GLY	SER	ILE	THR	ILE	ASP	SER	ARG	TRP	LYS	THR	TYR	ALA	LEU	PRO	GLY	ILE	CYS	LEU	ASN	GLY	PRO	PRO	ALA	tight
A0A972ZAP5	4.73	TYR	VAL	GLY	SER	ILE	SER	LEU	ASP	PRO	ARG	PHE	GLU	THR	TYR	ALA	ILE	GLU	GLY	LEU	ASN	GLY	ALA	ALA	ALA	ARG	LEU	optimal
A0A924WHR8	4.54	ASN	TYR	ILE	GLY	SER	ILE	THR	ILE	ASP	GLU	ARG	PHE	GLU	THR	TYR	THR	ILE	ARG	LEU	ASN	GLY	ALA	ALA	ALA	ARG	ARG	optimal
A0A4P5X5I9	4.58	HIS	ARG	ALA	THR	VAL	THR	ALA	ALA	LEU	LYS	VAL	ALA	VAL	ALA	ASN	CYS	ARG	ASN	TYR	VAL	PHE	ARG	GLY	GLU	PRO	GLY	optimal
A0A1V4QTS9	4.76	TYR	GLU	GLY	SER	ILE	THR	LEU	SER	ARG	ARG	TRP	MET	THR	TYR	ILE	ILE	PRO	THR	GLY	LEU	ASN	GLY	PRO	ALA	ALA	LEU	optimal
A0A2N5MDP4	4.32	TYR	PRO	GLY	SER	ILE	THR	ILE	ASP	LYS	ARG	TRP	LYS	THR	TYR	ALA	ILE	PRO	GLY	ILE	CYS	LEU	ASN	GLY	PRO	PRO	ALA	tight
A0A1G6CSF3	5.93	ASP	TYR	GLU	GLY	SER	LEU	SER	VAL	CYS	GLU	ARG	LEU	ARG	THR	TYR	THR	ILE	VAL	CYS	LEU	ASN	GLY	ALA	ALA	ALA	LEU	wide
A0A1G0L4B9	4.7	TYR	VAL	GLY	SER	LEU	THR	VAL	ASP	ARG	ARG	LEU	GLU	THR	TYR	VAL	ILE	PRO	GLY	MET	GLN	LEU	ASN	GLY	ALA	ALA	ALA	optimal
A0A916QCM8	4.38	TYR	VAL	GLY	SER	VAL	THR	ILE	ASP	GLU	ARG	TRP	LYS	THR	TYR	ALA	ILE	PRO	ALA	VAL	CYS	LEU	ASN	GLY	PRO	PRO	ALA	tight
A0A4Q7FFB9	5.08	HIS	GLY	SER	ILE	THR	LEU	ASP	PRO	ASP	ILE	SER	THR	TYR	VAL	ILE	PHE	GLY	GLU	VAL	LEU	ASN	GLY	ALA	ALA	ALA	ARG	optimal
A0A2W6BRS7	4.87	ILE	THR	ILE	ASP	ALA	GLU	LEU	MET	LYS	TYR	ALA	ILE	SER	GLY	PRO	SER	GLY	GLN	ALA	ALA	ARG	LEU	VAL	GLN	PRO	GLY	optimal
B5Y862	4.82	TYR	GLU	GLY	SER	LEU	SER	LEU	ASP	GLU	ARG	PHE	GLU	THR	TYR	ILE	ILE	PRO	ALA	VAL	GLY	LEU	ASN	GLY	ALA	ALA	ALA	optimal
A0A966CXF3	4.82	ASP	TYR	GLU	GLY	SER	ILE	SER	ILE	CYS	GLU	ARG	PHE	SER	THR	TYR	VAL	ILE	PRO	ALA	LEU	ASN	GLY	ALA	ALA	ALA	HIS	optimal
A0A2T2WME5	4.56	TYR	LEU	GLY	SER	LEU	THR	LEU	GLY	TYR	HIS	TRP	VAL	THR	TYR	VAL	ILE	ARG	ASP	VAL	CYS	LEU	ASN	GLY	THR	ALA	ALA	optimal
A0A9D2GU06	4.89	HIS	TYR	HIS	GLY	SER	VAL	THR	ILE	ASP	ALA	ARG	ILE	SER	THR	TYR	VAL	LEU	PRO	VAL	VAL	CYS	LEU	ASN	GLY	ALA	ALA	optimal
A0A2K9NC13	4.87	HIS	GLY	SER	ILE	THR	LEU	ASP	PRO	GLU	ILE	SER	THR	TYR	VAL	ILE	PHE	GLY	GLU	ILE	LEU	ASN	GLY	ALA	ALA	ALA	ARG	optimal
A0A971AAW0	4.68	TYR	GLU	GLY	SER	ILE	THR	LEU	ASP	GLY	ARG	PHE	GLU	THR	TYR	VAL	ILE	VAL	GLY	VAL	CYS	LEU	ASN	GLY	PRO	ALA	ALA	optimal
A0A928AJ37	4.13	LEU	ASN	TYR	VAL	GLY	SER	ILE	THR	LEU	GLY	GLU	ARG	PHE	GLU	THR	TYR	ILE	ILE	GLY	CYS	VAL	CYS	LEU	ASN	GLY	ALA	tight
A0A7C5VXG7	4.74	GLU	GLY	SER	ILE	SER	ILE	PRO	LEU	LYS	LEU	THR	THR	TYR	ALA	ILE	VAL	SER	GLU	VAL	ASN	GLY	ALA	ALA	ALA	LYS	LEU	optimal
A0AA35TMD8	4.6	ILE	HIS	ARG	CYS	TRP	VAL	THR	SER	ALA	GLU	LYS	VAL	GLN	VAL	LEU	ASN	ILE	ASN	THR	TYR	ALA	LEU	PRO	ALA	GLU	ARG	optimal
A0AAE6BFM7	4.95	HIS	GLY	SER	ILE	THR	LEU	ASP	PRO	GLU	ILE	SER	THR	TYR	VAL	ILE	PHE	GLY	GLU	ILE	LEU	ASN	GLY	ALA	ALA	ALA	ARG	optimal
A0A9D8DAJ8	4.46	ALA	ALA	ALA	ALA	GLY	LEU	ALA	GLU	GLU	PRO	GLU	TYR	ALA	ALA	VAL	VAL	HIS	PRO	ASP	ARG	LEU	GLU	ALA	PRO	ALA	LEU	tight
A0A3D6DN83	4.46	TYR	GLU	GLY	SER	CYS	ALA	ILE	ASP	GLU	ARG	PHE	THR	THR	TYR	ALA	LEU	ARG	ALA	ILE	SER	VAL	ASN	GLY	SER	ALA	ALA	tight
A0A357AWL3	4.52	GLU	TYR	ARG	GLY	SER	LEU	ALA	VAL	ASP	GLU	ARG	PHE	THR	THR	TYR	ALA	ILE	PRO	CYS	LEU	ASN	GLY	ALA	ALA	ALA	HIS	optimal
A0A3B8XY89	4.32	TYR	MET	GLY	SER	MET	ALA	ILE	ASP	ALA	ARG	TRP	ALA	THR	TYR	VAL	ILE	GLU	ALA	MET	GLU	LEU	ARG	GLY	ALA	ALA	SER	tight
A0A5C4T051	4.47	TYR	VAL	GLY	SER	ILE	THR	ILE	ASP	SER	ARG	TRP	LYS	THR	TYR	ALA	ILE	PRO	ALA	ILE	CYS	LEU	ASN	GLY	PRO	PRO	ALA	tight
A0A1G6GDH8	4.58	ASN	TYR	VAL	GLY	SER	ILE	THR	VAL	ASP	GLU	ARG	LEU	GLU	THR	TYR	THR	ILE	ALA	GLU	VAL	GLN	LEU	ASN	GLY	ALA	ALA	optimal
A0A8T4FLR3	4.49	GLU	GLY	SER	ILE	THR	ILE	ASP	GLU	ASP	PHE	GLU	THR	TYR	VAL	LEU	PRO	GLY	GLU	ALA	LEU	ASN	GLY	ALA	ALA	ALA	ARG	tight
A0A933UTR5	4.56	GLU	LEU	SER	ALA	THR	SER	PHE	PRO	ARG	TYR	HIS	GLY	SER	ILE	THR	LEU	ASP	PRO	GLY	ILE	TYR	PRO	MET	GLU	PHE	VAL	optimal
B2IEX5	4.92	HIS	GLY	SER	ILE	THR	LEU	ASP	PRO	ASP	ILE	SER	THR	TYR	VAL	ILE	PHE	GLY	GLU	ILE	LEU	ASN	GLY	ALA	ALA	ALA	ARG	optimal
A0A1J4SZ19	4.58	TYR	ASN	GLY	SER	ILE	THR	ILE	ASP	ARG	ARG	PHE	SER	THR	TYR	VAL	LEU	TYR	GLY	VAL	ASN	GLY	ALA	ALA	ALA	ARG	LEU	optimal
A0A2N0LTR9	4.75	ILE	GLY	SER	ILE	LEU	ILE	ASP	GLU	GLU	PHE	GLU	THR	TYR	ALA	ILE	ALA	GLY	GLU	ALA	VAL	GLN	GLY	ALA	ALA	ALA	ARG	optimal
A0A933B1B6	4.58	TYR	THR	GLY	SER	LEU	THR	LEU	ASP	ALA	ARG	ILE	VAL	THR	TYR	CYS	ILE	GLU	GLY	VAL	CYS	VAL	ASN	GLY	ALA	ALA	ALA	optimal
A0A7V6B742	5.0	GLU	TYR	MET	GLY	SER	ILE	THR	ILE	ASP	GLU	ARG	PHE	THR	THR	TYR	VAL	LEU	PRO	GLU	VAL	VAL	LEU	ASN	GLY	ALA	ALA	optimal
A0A6A7L5U3	4.45	ASN	TYR	ALA	GLY	SER	ILE	GLY	ILE	ASP	GLN	ARG	ILE	GLU	THR	TYR	ALA	ILE	GLU	GLN	VAL	VAL	VAL	ASN	GLY	ALA	ALA	tight
A0A7C6JHB0	5.13	HIS	GLY	SER	ILE	THR	LEU	ASP	PRO	ASP	ILE	SER	THR	TYR	VAL	ILE	TYR	GLY	GLU	ILE	LEU	ASN	GLY	ALA	ALA	ALA	ARG	optimal
X1MT21	4.58	TYR	GLU	GLY	SER	ILE	ALA	ILE	GLY	LYS	ARG	PHE	GLU	THR	TYR	ALA	ILE	PRO	ALA	ILE	GLY	LEU	GLN	GLY	GLY	ALA	ALA	optimal
A0A2E5G897	4.68	TYR	ILE	GLY	SER	ILE	THR	ILE	CYS	GLU	ARG	PHE	GLU	THR	TYR	VAL	ILE	ARG	GLY	ILE	GLY	ILE	ASN	GLY	ALA	ALA	ALA	optimal
A0A1G4AKD1	4.87	TYR	GLU	GLY	SER	ILE	SER	LEU	GLY	PRO	ARG	PHE	SER	THR	TYR	VAL	ILE	LEU	GLY	VAL	VAL	ASN	GLY	ALA	ALA	ALA	ARG	optimal
A5INN0	5.14	TYR	GLU	GLY	SER	ILE	GLU	VAL	ASP	GLU	ARG	PHE	VAL	THR	TYR	VAL	ILE	LYS	GLY	ILE	ASN	LEU	TYR	GLY	ALA	ALA	ALA	optimal
A0A3N9MLR6	4.39	TYR	ASN	GLY	SER	ILE	GLY	ILE	ASP	GLN	ARG	PHE	GLU	THR	TYR	ILE	ILE	GLU	GLU	ILE	ALA	LEU	TYR	GLY	PRO	ALA	ALA	tight
A0A6L8V169	4.52	TYR	VAL	GLY	SER	ILE	THR	ILE	ASP	ALA	ARG	TRP	LYS	THR	TYR	ALA	ILE	PRO	ALA	ILE	GLY	LEU	ASN	GLY	PRO	PRO	ALA	optimal
A0A978SZ92	4.93	VAL	ASN	TYR	ILE	GLY	SER	ILE	THR	ILE	GLY	ASN	ARG	LEU	SER	THR	TYR	VAL	LEU	GLY	VAL	ILE	CYS	LEU	ASN	GLY	ALA	optimal
A0A969MXU3	4.91	ILE	SER	ILE	ASP	ARG	VAL	LEU	LEU	GLU	TYR	ALA	ILE	PRO	ALA	LEU	ALA	ASN	SER	GLY	ALA	ALA	ALA	ARG	LEU	GLY	MET	optimal
M1WPY3	4.46	ALA	LYS	LEU	GLU	TYR	ARG	GLY	SER	LEU	ASP	ASN	GLY	GLU	ARG	LEU	THR	THR	TYR	GLY	GLU	ILE	CYS	LEU	ASN	GLY	ALA	tight
A0A3A4VEX3	4.95	LYS	LEU	SER	ARG	ALA	GLY	TYR	PRO	VAL	PHE	GLU	ASN	ASN	GLN	ASP	VAL	VAL	ASN	ILE	THR	THR	PRO	ASP	ASN	ALA	ILE	optimal
E8R2X0	4.69	TYR	HIS	GLY	SER	LEU	THR	ILE	ASP	PRO	ARG	GLY	GLU	THR	TYR	VAL	ILE	PRO	GLY	ILE	GLU	LEU	ASN	GLY	ALA	MET	ALA	optimal
B1L8P0	5.23	TYR	GLU	GLY	SER	ILE	GLU	ILE	ASP	GLU	ARG	PHE	VAL	THR	TYR	VAL	ILE	LYS	GLY	ILE	ASN	LEU	ASN	GLY	ALA	ALA	ALA	optimal
A0A832PUY8	4.75	ILE	THR	ILE	ASP	LEU	ASP	LEU	MET	GLU	TYR	CYS	LEU	PRO	GLY	GLU	ARG	GLY	SER	GLY	ALA	ALA	ALA	HIS	LEU	ALA	GLN	optimal
B1XKN2	4.65	ASP	TYR	VAL	GLY	SER	ILE	THR	ILE	ASP	ASN	ARG	LEU	THR	THR	TYR	VAL	LEU	PRO	VAL	VAL	CYS	LEU	ASN	GLY	ALA	ALA	optimal
A0A927BV08	4.44	TYR	VAL	GLY	SER	ILE	THR	ILE	ASP	ARG	ARG	TRP	LYS	THR	TYR	ALA	LEU	PRO	GLY	ILE	CYS	LEU	ASN	GLY	PRO	PRO	ALA	tight
A0A518ES18	4.73	ILE	GLY	SER	VAL	THR	ILE	ASP	SER	GLU	LEU	GLU	THR	TYR	ALA	ILE	PRO	GLY	PRO	CYS	ILE	ASN	GLY	ALA	ALA	ALA	HIS	optimal
A0A961AAJ9	5.21	TYR	GLU	GLY	SER	MET	GLY	VAL	SER	VAL	ARG	LEU	GLU	THR	TYR	VAL	ILE	PRO	VAL	ILE	LEU	ASN	GLY	ALA	ALA	ALA	HIS	optimal
A0A2W1LE48	4.31	TYR	VAL	GLY	SER	ILE	THR	ILE	ASP	SER	ARG	TRP	LYS	THR	TYR	ALA	ILE	PRO	GLY	ILE	CYS	LEU	ASN	GLY	PRO	PRO	ALA	tight
A8F5K4	4.87	GLU	GLY	SER	ILE	GLU	ILE	ASP	GLU	GLU	PHE	GLU	THR	TYR	VAL	ILE	LYS	GLY	LYS	SER	LEU	ASN	GLY	ALA	ALA	ALA	ARG	optimal
A0A7V3HNY4	4.57	SER	GLY	SER	ILE	GLN	LEU	ASP	PRO	ASP	PHE	GLU	THR	TYR	ILE	ASN	PRO	GLY	LYS	ILE	LEU	GLN	GLY	GLY	THR	ALA	ARG	optimal
A0A6M0BJ81	4.69	HIS	TYR	VAL	GLY	SER	VAL	THR	ILE	ASP	ASN	ARG	TRP	SER	THR	TYR	VAL	LEU	PRO	LYS	ILE	CYS	PRO	ASN	GLY	GLY	GLY	optimal
A0A1G2ZFG7	4.47	TYR	ASP	GLY	SER	LEU	GLY	VAL	ASP	THR	ARG	PHE	GLU	THR	TYR	ILE	ILE	PRO	GLU	ILE	ALA	VAL	TYR	GLY	GLY	ALA	ALA	tight
A0A7W0I4T6	4.49	TYR	VAL	GLY	SER	ILE	THR	ILE	ASP	ALA	ARG	TRP	LYS	THR	TYR	ALA	ILE	PRO	ALA	ILE	GLY	LEU	ASN	GLY	PRO	PRO	ALA	tight
A0A5C8M1P5	4.4	TYR	ILE	GLY	SER	ILE	THR	ILE	ASP	GLY	ARG	TRP	LYS	THR	TYR	ALA	ILE	PRO	ALA	ILE	GLY	LEU	ASN	GLY	PRO	PRO	ALA	tight
A0A387G2W6	4.5	HIS	GLY	SER	ILE	THR	ILE	ASP	ALA	ASP	ILE	SER	THR	TYR	VAL	LEU	TYR	GLY	GLU	ILE	LEU	ASN	GLY	ALA	ALA	ALA	ARG	tight
Q9X037	5.18	TYR	GLU	GLY	SER	ILE	GLU	ILE	ASP	GLU	ARG	PHE	VAL	THR	TYR	VAL	ILE	LYS	GLY	ILE	ASN	LEU	TYR	GLY	ALA	ALA	ALA	optimal
A0A831U6D5	4.25	GLN	ASP	LEU	LEU	ASP	ALA	ALA	GLY	ILE	GLY	GLU	ARG	GLY	SER	GLY	GLU	VAL	LYS	HIS	LEU	VAL	LYS	PRO	GLY	ASP	LEU	tight
A0A1I3UI47	4.93	HIS	GLY	SER	ILE	THR	LEU	ASP	PRO	ASP	ILE	SER	THR	TYR	VAL	ILE	PHE	GLY	GLU	VAL	LEU	ASN	GLY	ALA	ALA	ALA	ARG	optimal
Q2VZZ9	4.99	HIS	GLY	SER	ILE	THR	LEU	ASP	PRO	GLU	ILE	SER	THR	TYR	VAL	ILE	PHE	GLY	GLU	VAL	LEU	ASN	GLY	ALA	ALA	ALA	ARG	optimal
A0A3B9N7L2	4.79	GLU	SER	TYR	HIS	GLY	SER	LEU	THR	ILE	GLY	ASN	ARG	PHE	GLU	THR	TYR	LEU	ILE	ARG	GLU	ILE	GLY	LEU	ASN	GLY	GLY	optimal
A3ITB4	5.04	ASP	TYR	VAL	GLY	SER	ILE	THR	ILE	ASP	ASN	ARG	PHE	SER	THR	TYR	VAL	ILE	PRO	GLU	ILE	CYS	PRO	ASN	GLY	GLY	ALA	optimal
Q3Z8B5	5.14	ILE	THR	ILE	ASP	LYS	ASN	LEU	MET	GLN	TYR	VAL	ILE	GLU	GLY	PRO	ALA	GLY	SER	GLY	ALA	ALA	ALA	ARG	MET	GLY	MET	optimal
Q55382	5.32	ASN	TYR	VAL	GLY	SER	ILE	THR	ILE	ASP	ASN	ARG	PHE	SER	THR	TYR	VAL	LEU	PRO	GLU	ILE	CYS	PRO	ASN	GLY	GLY	ALA	optimal
B9KA30	4.95	HIS	MET	ALA	THR	ILE	THR	ARG	LYS	GLU	LEU	VAL	LEU	VAL	VAL	ASN	VAL	ASN	ASN	TYR	VAL	ILE	LYS	GLY	LYS	ARG	GLY	optimal
H0HXF5	4.55	THR	LEU	ASP	PRO	ALA	HIS	CYS	GLU	ALA	VAL	ILE	LEU	GLY	GLU	ARG	GLY	SER	ARG	ALA	ALA	ALA	ARG	THR	CYS	GLN	PRO	optimal
A0A1K1LGH8	4.53	GLY	ILE	VAL	VAL	THR	GLU	SER	LYS	LEU	VAL	TYR	ILE	TRP	ASN	LYS	HIS	SER	GLY	VAL	LEU	PRO	GLY	PRO	ARG	GLY	SER	optimal
A0A7Z7YS82	4.55	ASN	LEU	ASN	TYR	VAL	GLY	SER	ILE	THR	ASN	GLY	ALA	ARG	PHE	GLU	THR	TYR	VAL	SER	GLY	LYS	MET	CYS	LEU	ASN	GLY	optimal
A0A0Q1ATI6	5.03	TYR	GLU	GLY	SER	LEU	GLY	VAL	ASP	MET	ARG	PHE	TYR	THR	TYR	LEU	ILE	ALA	GLU	VAL	SER	LEU	ASN	GLY	ALA	ALA	ALA	optimal
A0A1Z8ZQ59	4.78	TYR	GLU	GLY	SER	ILE	GLU	ILE	PRO	LEU	ARG	LEU	GLU	THR	TYR	VAL	GLN	ALA	GLY	ILE	ILE	ILE	ASN	GLY	GLY	ALA	ALA	optimal
A0AAN1BLP5	4.45	HIS	GLY	SER	ILE	THR	ILE	ASP	ALA	GLU	ILE	SER	THR	TYR	VAL	LEU	TYR	GLY	GLU	ILE	VAL	ASN	GLY	ALA	ALA	ALA	ARG	tight
A6LJQ5	5.15	TYR	MET	GLY	SER	ILE	GLY	ILE	ASP	VAL	ARG	PHE	VAL	THR	TYR	THR	ILE	PRO	GLU	ILE	VAL	VAL	ASN	GLY	ALA	ALA	ALA	optimal
Q6MHH9	5.21	TYR	GLU	GLY	SER	VAL	SER	ILE	CYS	PRO	ARG	PHE	SER	THR	TYR	VAL	ILE	LYS	GLY	LEU	ASN	GLY	ALA	ALA	ALA	ARG	HIS	optimal
A0A9E5L3M9	4.18	TYR	ILE	GLY	SER	ILE	THR	LEU	ASP	ARG	ARG	LEU	ASP	THR	TYR	LEU	ILE	PRO	GLY	VAL	THR	LEU	ASN	GLY	PRO	ALA	ALA	tight
A0A7Y3NQ83	4.57	TYR	MET	GLY	SER	ILE	THR	ILE	ASP	GLU	SER	TRP	ARG	THR	TYR	ILE	LEU	LYS	GLY	ILE	VAL	LEU	ASN	GLY	PRO	PRO	ALA	optimal
A0A2G9YC34	4.48	TYR	PRO	GLY	SER	VAL	THR	ILE	ASP	SER	ARG	ILE	GLU	THR	TYR	TYR	ILE	SER	GLY	VAL	CYS	LEU	ASN	GLY	ALA	ALA	ALA	tight
A0A3N5JIY2	4.45	SER	GLU	GLY	SER	ILE	THR	ILE	ASP	VAL	ARG	LEU	GLU	THR	TYR	THR	ILE	PRO	GLY	ILE	ALA	MET	ASN	GLY	PRO	ALA	ALA	tight
A0A075WV36	4.93	TYR	GLU	GLY	SER	LEU	THR	LEU	ASP	LYS	ARG	PHE	GLU	THR	TYR	LEU	ILE	GLU	GLY	LEU	ASN	GLY	ALA	ALA	ALA	ARG	LEU	optimal
A0A0E3UJD2	5.02	ALA	THR	ILE	THR	ALA	ALA	ASP	PRO	ASP	ASP	VAL	LEU	ASP	ILE	ASN	ASN	GLY	ALA	ILE	TYR	GLY	ASP	THR	GLY	GLN	VAL	optimal
A0A2E4IX17	4.54	TYR	GLU	GLY	SER	ILE	GLY	ILE	ASP	HIS	ARG	LEU	VAL	THR	TYR	ALA	ILE	PRO	MET	PHE	VAL	LEU	ASN	GLY	PRO	ALA	ALA	optimal
A0A6V8EQN5	4.66	GLY	SER	VAL	ALA	LEU	SER	PRO	GLU	LEU	ILE	THR	TYR	ILE	MET	GLU	TYR	GLU	GLY	CYS	VAL	ASN	GLY	ALA	ALA	ALA	HIS	optimal
A0A552Q3D0	4.82	ASP	TYR	MET	GLY	SER	VAL	THR	ILE	ASP	ASN	ARG	VAL	THR	THR	TYR	PRO	VAL	PRO	ILE	VAL	CYS	ILE	ASN	GLY	ALA	ALA	optimal
A0A377PT88	4.72	SER	ILE	SER	LYS	THR	GLY	ASP	GLY	GLU	ASP	LYS	TYR	GLN	LYS	ASN	ILE	ARG	ALA	ILE	HIS	ARG	ALA	ARG	VAL	THR	ASP	optimal
B6IPF8	4.59	HIS	GLY	SER	ILE	THR	LEU	ASP	PRO	GLU	ILE	SER	THR	TYR	VAL	ILE	PHE	GLY	GLU	ILE	LEU	ASN	GLY	ALA	ALA	ALA	ARG	optimal
A0A7X7KAP5	4.45	VAL	THR	VAL	ASP	ALA	ALA	LEU	LEU	GLU	TYR	THR	ILE	ALA	GLY	GLY	PRO	GLY	GLU	ALA	ALA	HIS	LEU	VAL	HIS	PRO	GLY	tight
A0A8J2XBT4	4.8	ARG	VAL	THR	GLU	ALA	ASN	VAL	ASN	TYR	ILE	VAL	ASN	LEU	ASN	ASN	GLY	LYS	ARG	PRO	GLY	LYS	ARG	GLY	SER	GLY	GLU	optimal
A0A2M8G0J9	4.53	TYR	GLU	GLY	SER	ILE	THR	ILE	ASP	SER	HIS	TRP	GLU	THR	TYR	ALA	ILE	PRO	GLY	ILE	CYS	LEU	ASN	GLY	CYS	PRO	ALA	optimal
A0A933Y2C7	4.6	VAL	GLY	SER	VAL	THR	ILE	ASP	ARG	ASP	LEU	GLU	THR	TYR	ALA	ILE	PRO	GLY	GLU	CYS	ILE	ASN	GLY	ALA	ALA	ALA	HIS	optimal
A0A843TAS5	4.82	ALA	TYR	ILE	GLY	SER	ILE	GLY	VAL	ASP	ALA	ARG	ILE	GLU	THR	TYR	ALA	ILE	PRO	GLU	ILE	VAL	VAL	ASN	GLY	ALA	ALA	optimal
A0A7C3X7I4	4.47	ILE	THR	ILE	ASP	GLU	ASP	LEU	MET	ARG	TYR	VAL	ILE	GLY	GLY	VAL	PRO	GLY	SER	GLY	ALA	ALA	ALA	ARG	LEU	ILE	HIS	tight
A0A7C7KQF6	4.79	TYR	GLU	GLY	SER	ILE	SER	ILE	ASP	LYS	ARG	PHE	SER	THR	TYR	ILE	ILE	PRO	GLY	LEU	ASN	GLY	ALA	ALA	ALA	ARG	LYS	optimal
A0A7C4G088	4.54	TYR	THR	GLY	SER	ILE	LYS	LEU	ASP	PRO	ARG	PHE	GLU	THR	TYR	VAL	ILE	GLU	GLY	VAL	GLY	LEU	GLN	GLY	GLY	THR	ALA	optimal
A0A6P0MLT0	4.75	HIS	TYR	VAL	GLY	SER	ILE	THR	ILE	ASP	ASN	ARG	TRP	TYR	THR	TYR	VAL	LEU	PRO	GLU	ILE	CYS	PRO	ASN	GLY	GLY	GLY	optimal
A0A9D5KBE0	4.19	LEU	ASP	ARG	VAL	SER	PRO	ARG	LEU	PRO	LEU	LEU	ARG	PRO	SER	LEU	GLN	SER	LYS	THR	GLU	LYS	SER	ILE	GLU	TYR	GLU	tight
B7K6Z1	4.91	GLY	TYR	ILE	GLY	SER	ILE	THR	ILE	ASP	LYS	ARG	PHE	SER	THR	TYR	VAL	PHE	PRO	GLU	VAL	CYS	PRO	ASN	GLY	GLY	ALA	optimal
A0A917KBM4	4.56	ILE	SER	ILE	ASP	ALA	ASP	LEU	MET	ALA	TYR	ALA	LEU	ALA	ALA	PRO	ALA	GLY	SER	GLY	PRO	PRO	ALA	ARG	HIS	PHE	GLN	optimal
A0A975EKR1	4.42	ARG	ALA	VAL	ILE	THR	GLU	ALA	ASP	VAL	VAL	LEU	VAL	ALA	SER	ILE	THR	THR	GLY	VAL	LEU	GLU	GLY	PRO	PRO	ASN	THR	tight
A0A2M7XEQ0	4.89	VAL	GLY	ILE	ASP	GLU	ASN	PHE	MET	GLU	TYR	ALA	ILE	PRO	ALA	GLU	ARG	GLY	SER	GLY	GLY	GLY	ALA	ARG	LEU	GLY	VAL	optimal
A0A7C5UIX6	4.49	ASP	TYR	ILE	GLY	SER	ILE	ALA	ILE	ASP	GLU	ARG	PHE	GLN	THR	TYR	VAL	ILE	PRO	GLU	VAL	ALA	ILE	TYR	GLY	SER	ALA	tight
A0A6I3IIF2	4.59	ILE	THR	ILE	ASP	GLU	ASP	LEU	LEU	ASP	TYR	THR	ILE	PRO	GLY	ALA	ARG	GLY	SER	GLY	ALA	ALA	ALA	ARG	LEU	VAL	GLN	optimal
A0A7V1EH44	4.33	PRO	PHE	LEU	SER	HIS	ARG	ALA	ILE	ILE	ALA	VAL	ILE	THR	GLU	THR	VAL	LEU	PHE	ILE	ASP	GLU	LYS	ILE	MET	GLU	VAL	tight
B7IG50	4.81	TYR	MET	GLY	SER	ILE	GLY	ILE	ASP	THR	ARG	PHE	VAL	THR	TYR	ILE	ILE	PRO	GLU	ILE	VAL	ILE	ASN	GLY	ALA	ALA	ALA	optimal
B8IZG2	5.47	HIS	GLY	SER	ILE	THR	LEU	ASP	PRO	GLU	ILE	SER	THR	TYR	VAL	ILE	TYR	GLY	GLU	ILE	LEU	ASN	GLY	ALA	ALA	ALA	ARG	optimal
A0A939WKR8	4.45	TYR	LEU	ASP	LEU	ALA	GLY	ILE	LEU	PRO	ARG	GLY	SER	GLY	VAL	PHE	CYS	LEU	ASN	GLY	SER	VAL	GLY	ASP	ILE	VAL	THR	tight
A0A2P1PQP6	4.72	MET	GLY	SER	LEU	THR	ILE	ASP	PRO	ILE	PHE	VAL	THR	TYR	ALA	ILE	PRO	GLY	THR	GLU	PRO	ASN	GLY	ALA	CYS	ALA	HIS	optimal
A0A2G6DUA4	4.57	ILE	THR	VAL	ASP	GLU	ASP	LEU	LEU	ASP	TYR	THR	ILE	PRO	GLY	THR	ARG	GLY	SER	GLY	ALA	ALA	ALA	ARG	LEU	VAL	GLN	optimal
B2HPX5	4.39	ASP	TYR	VAL	GLY	SER	ILE	ALA	VAL	ASP	ASN	ARG	TRP	SER	THR	TYR	LEU	ILE	PRO	ARG	ILE	CYS	PRO	ASN	GLY	GLY	GLY	tight
B1WSW1	4.93	ASP	TYR	VAL	GLY	SER	ILE	THR	ILE	ASP	ASN	ARG	PHE	SER	THR	TYR	VAL	ILE	PRO	GLU	ILE	CYS	PRO	ASN	GLY	GLY	ALA	optimal
A0A974YEU8	4.32	GLN	GLY	SER	ILE	THR	LEU	ASP	PRO	GLU	THR	SER	ALA	TYR	VAL	LEU	LEU	GLY	GLU	ILE	VAL	ASP	GLY	ALA	ALA	ALA	ARG	tight
A0A1Q4R5C6	4.66	GLU	TYR	VAL	GLY	SER	ILE	THR	ILE	ASP	ASN	ARG	LEU	SER	THR	TYR	VAL	LEU	PRO	VAL	VAL	CYS	LEU	ASN	GLY	ALA	ALA	optimal
A0A7Y2G3H6	4.54	VAL	GLY	SER	VAL	THR	ILE	ASP	GLU	ASP	LEU	GLU	THR	TYR	ALA	ILE	PRO	GLY	PRO	CYS	ILE	ASN	GLY	ALA	ALA	ALA	HIS	optimal
A0A5R9G688	4.48	TYR	VAL	GLY	SER	ILE	THR	ILE	ASP	ALA	ARG	TRP	LYS	THR	TYR	ALA	LEU	PRO	GLY	ILE	CYS	LEU	ASN	GLY	PRO	PRO	ALA	tight
Q3ZXG1	4.46	ILE	THR	ILE	ASP	LYS	ASN	LEU	MET	GLN	TYR	VAL	ILE	GLU	GLY	SER	ALA	GLY	SER	GLY	ALA	ALA	ALA	ARG	MET	GLY	MET	tight
A0A1G1DH05	4.48	LYS	ALA	VAL	ASP	ILE	LEU	PRO	PHE	GLU	SER	GLY	ILE	ILE	SER	VAL	ASN	GLY	ALA	ILE	GLY	ASP	LEU	ILE	ILE	VAL	ALA	tight
A0A2D6ZY61	4.76	TYR	ASP	GLY	SER	LEU	GLY	ILE	ASP	GLU	ARG	PHE	ILE	THR	TYR	ALA	ILE	LYS	GLU	ILE	CYS	LEU	TYR	GLY	PRO	ALA	ALA	optimal
A0AAE3HJ88	4.31	ASN	VAL	ASP	TYR	ILE	GLY	SER	ILE	THR	SER	GLY	ALA	ASN	PHE	ILE	THR	TYR	VAL	SER	GLY	GLU	ILE	CYS	MET	ASN	GLY	tight
A0A7Y4WIX9	4.61	TYR	GLU	GLY	SER	ILE	SER	ILE	PRO	GLU	ARG	VAL	GLU	THR	TYR	VAL	PHE	PRO	ALA	VAL	LEU	MET	ASN	GLY	ALA	ALA	ALA	optimal
A0A4S4BPA3	4.39	TYR	VAL	GLY	SER	ILE	THR	ILE	ASP	ALA	ARG	TRP	LYS	THR	TYR	ALA	LEU	PRO	GLY	ILE	CYS	LEU	ASN	GLY	PRO	PRO	ALA	tight
A0A9E6R4U3	4.63	HIS	GLY	SER	ILE	THR	LEU	ASP	PRO	GLU	ILE	SER	THR	TYR	VAL	LEU	TYR	GLY	VAL	ILE	LEU	ASN	GLY	ALA	ALA	ALA	ARG	optimal
A0A351AF89	3.6	ASP	TYR	VAL	GLY	SER	ILE	GLU	ILE	ASP	SER	ARG	ILE	THR	THR	TYR	ALA	PHE	GLY	GLY	LEU	ASN	GLY	GLY	ALA	ALA	HIS	tight
A0A6I7PYT5	4.62	GLY	ILE	ASP	GLN	ASP	ILE	MET	GLU	ARG	ALA	ILE	PRO	LEU	ALA	ARG	GLY	SER	ARG	ALA	ALA	ALA	HIS	LEU	ILE	LYS	LYS	optimal
A0A8S8XSL9	5.08	LYS	ASP	TYR	GLU	GLY	SER	VAL	ALA	LEU	GLY	THR	ARG	LEU	ILE	THR	TYR	ILE	MET	LYS	GLY	ILE	ILE	CYS	VAL	ASN	GLY	optimal
A0A1M6NCU1	3.83	LEU	ILE	MET	ARG	TRP	MET	MET	ARG	SER	PHE	LEU	ASP	MET	VAL	GLY	LEU	LYS	LYS	VAL	SER	ASN	THR	SER	GLY	ALA	ARG	tight
A0A6M0FD74	4.79	ASP	TYR	VAL	GLY	SER	VAL	THR	ILE	ASP	ASN	ARG	TRP	SER	THR	TYR	VAL	LEU	PRO	MET	VAL	CYS	PRO	ASN	GLY	GLY	GLY	optimal
A0A1G1HLN3	4.48	ILE	THR	ILE	ASP	GLU	GLU	LEU	ILE	GLU	TYR	VAL	ILE	PRO	GLY	GLN	ARG	GLY	SER	GLY	PRO	THR	ALA	ARG	LYS	ALA	VAL	tight
A0A4U8TIX4	4.83	TYR	ILE	GLY	SER	ILE	SER	LEU	ASP	SER	ARG	PHE	SER	THR	TYR	ALA	ILE	LYS	ALA	THR	LYS	GLY	ASP	GLU	LYS	TYR	LYS	optimal
A0A1V5KZ57	4.53	TYR	PRO	GLY	SER	LEU	THR	LEU	ASP	LYS	ARG	ALA	GLU	THR	TYR	ILE	ILE	GLU	GLY	VAL	ILE	ILE	ASN	GLY	ALA	LEU	ALA	optimal
A0A2M9LDW1	4.71	TYR	VAL	GLY	SER	ILE	THR	ILE	SER	PRO	ARG	PHE	GLU	THR	TYR	THR	ILE	LEU	ASP	ALA	GLY	GLN	ILE	VAL	ILE	ASN	GLY	optimal
A0A843JPN2	4.96	ILE	THR	ILE	ASP	GLU	ALA	LEU	LEU	GLU	TYR	ILE	LEU	PRO	GLY	LYS	ARG	ASP	SER	GLY	ALA	ALA	ALA	HIS	LEU	CYS	LYS	optimal
A0A1Y0H1Z5	4.92	ASP	TYR	VAL	GLY	SER	ILE	GLU	ILE	ASP	SER	ARG	ILE	GLN	THR	TYR	ALA	PHE	SER	GLY	LEU	ASN	GLY	GLY	ALA	ALA	HIS	optimal
A0AA35RRQ6	4.36	VAL	GLY	SER	ILE	ILE	ILE	ASP	ARG	GLU	TRP	GLU	THR	TYR	ALA	LEU	PRO	GLY	GLU	SER	VAL	GLN	GLY	PRO	GLY	ALA	ARG	tight
A0A934RRZ2	4.75	TYR	GLU	GLY	SER	ILE	GLU	LEU	PRO	GLY	ARG	LEU	GLU	THR	TYR	ALA	GLN	ARG	GLY	ILE	ILE	ASN	GLY	GLY	ALA	ALA	HIS	optimal
A0A352W1V2	4.39	TYR	ILE	GLY	SER	ILE	MET	ILE	SER	LYS	ARG	LEU	SER	THR	TYR	ILE	ILE	GLU	ASP	ILE	SER	ILE	ASN	GLY	ALA	ALA	ALA	tight
M1WT79	4.9	ILE	ASP	LYS	ILE	LEU	LEU	ASP	GLN	ALA	ILE	PRO	ALA	PRO	ALA	ASN	SER	GLY	ALA	ALA	ALA	ARG	LEU	GLY	VAL	ILE	GLY	optimal
A0A1I6NSD9	4.54	TYR	GLU	GLY	SER	ILE	PHE	LEU	SER	ARG	LEU	TRP	GLN	THR	TYR	ALA	ILE	PRO	VAL	GLY	LEU	ASN	GLY	PRO	PRO	ALA	HIS	optimal
A0A969JK96	4.64	ILE	GLY	SER	VAL	VAL	ILE	ASP	ARG	THR	TRP	ASP	THR	TYR	VAL	LEU	PRO	GLY	ASP	SER	VAL	GLN	GLY	ALA	GLY	ALA	ARG	optimal
A0A6P0X207	4.55	ASP	TYR	VAL	GLY	SER	ILE	THR	ILE	ASP	ASN	ARG	TRP	SER	THR	TYR	ILE	LEU	PRO	GLN	ILE	CYS	PRO	ASN	GLY	GLY	GLY	optimal
Q5NF56	4.97	TYR	VAL	GLY	SER	ILE	THR	ILE	ASP	SER	ARG	LEU	GLU	THR	TYR	VAL	ILE	LYS	GLY	ILE	ALA	LEU	ASN	GLY	PRO	ALA	ALA	optimal
A0A948SQQ3	4.72	ILE	THR	ILE	ASP	GLU	ASP	LEU	ILE	ASP	TYR	VAL	ILE	THR	GLY	GLU	ARG	GLY	SER	GLY	ALA	PRO	ALA	ARG	HIS	PHE	LEU	optimal
A0A8T3RS54	4.38	VAL	GLY	SER	ILE	THR	ILE	ASP	ALA	ALA	LEU	GLU	THR	TYR	VAL	ILE	PRO	GLY	ALA	CYS	MET	ASN	GLY	ALA	ALA	ALA	HIS	tight
A0A350M1E9	4.46	ASP	ILE	GLY	SER	ILE	GLY	ILE	ASP	GLY	ARG	PHE	GLU	THR	TYR	VAL	ILE	PRO	GLU	VAL	VAL	LEU	TYR	GLY	PRO	SER	ALA	tight
A0A946TX58	4.53	ILE	GLY	SER	ILE	THR	ILE	ASP	GLU	ASP	LEU	GLU	THR	TYR	THR	LEU	ARG	GLY	GLU	CYS	VAL	ASN	GLY	ALA	ALA	ALA	ARG	optimal
A5YSZ1	4.61	ASP	TYR	ASP	GLY	SER	ILE	THR	ILE	ASP	ALA	ARG	LEU	GLU	THR	TYR	THR	LEU	GLU	GLU	LEU	ASN	GLY	ALA	ALA	ALA	HIS	optimal
J2ZMY5	4.37	ILE	THR	ILE	ASP	VAL	ALA	LEU	MET	ASP	TYR	ALA	LEU	PRO	GLY	VAL	SER	GLY	SER	GLY	PRO	PRO	ALA	HIS	LEU	PHE	SER	tight
Q8U9Q9	5.63	HIS	GLY	SER	ILE	THR	LEU	ASP	PRO	GLU	ILE	SER	THR	TYR	VAL	ILE	PHE	GLY	GLU	ILE	LEU	ASN	GLY	ALA	ALA	ALA	ARG	wide
A0A1C3RF24	4.8	HIS	GLY	SER	ILE	THR	LEU	ASP	PRO	GLU	ILE	SER	THR	TYR	VAL	ILE	TYR	GLY	GLU	ILE	LEU	ASN	GLY	ALA	ALA	ALA	ARG	optimal
A0A6L6VFG8	4.42	HIS	GLY	SER	ILE	THR	ILE	ASP	ALA	ASP	ILE	SER	THR	TYR	VAL	LEU	TYR	GLY	ASP	ILE	LEU	ASN	GLY	ALA	ALA	ALA	ARG	tight
A4IWW4	4.76	TYR	VAL	GLY	SER	ILE	THR	ILE	ASP	SER	ARG	LEU	GLU	THR	TYR	VAL	ILE	LYS	GLY	ILE	ALA	LEU	ASN	GLY	PRO	ALA	ALA	optimal
A0A847B0I0	4.43	TYR	SER	GLY	SER	ILE	THR	VAL	ASP	LEU	ARG	PHE	GLU	THR	TYR	VAL	ILE	GLU	GLY	ILE	GLY	LEU	ASN	GLY	GLY	ALA	ALA	tight
A0A7W2AH88	4.43	TYR	GLN	GLY	SER	ILE	THR	ILE	ASP	GLU	THR	TRP	ARG	THR	TYR	ALA	ILE	PRO	ALA	ILE	CYS	LEU	ASN	GLY	PRO	PRO	SER	tight
A0A7V3AG74	4.73	TYR	VAL	GLY	SER	MET	THR	LEU	PRO	ARG	ARG	TRP	THR	THR	TYR	ALA	ILE	PRO	GLY	CYS	LEU	ASN	GLY	ALA	ALA	ALA	ARG	optimal
A0A2V5YTI1	4.36	TYR	GLU	GLY	SER	LEU	THR	ILE	ALA	ALA	ARG	PHE	GLU	THR	TYR	ALA	ILE	PRO	GLY	ILE	VAL	LEU	ASN	GLY	ALA	ALA	ALA	tight
A0A933WRI8	4.52	TYR	GLU	GLY	SER	ILE	THR	ILE	ASP	LYS	ARG	PHE	GLU	THR	TYR	VAL	ILE	GLN	GLY	PHE	CYS	LEU	ASN	GLY	PRO	THR	ALA	optimal
A0A2R6T866	4.18	GLU	GLY	SER	ILE	GLY	ILE	ASP	GLU	ASN	LEU	GLU	THR	TYR	ALA	PHE	TYR	GLU	ASP	SER	ILE	ASN	GLY	GLY	ALA	THR	ARG	tight
Q0BMQ7	5.06	TYR	VAL	GLY	SER	ILE	THR	ILE	ASP	SER	ARG	LEU	GLU	THR	TYR	VAL	ILE	LYS	GLY	ILE	ALA	LEU	ASN	GLY	PRO	ALA	ALA	optimal
A0A660SI28	4.84	TYR	GLU	GLY	SER	VAL	THR	LEU	PRO	SER	ARG	PHE	GLU	SER	TYR	ILE	ILE	GLU	GLY	ILE	LEU	ASN	GLY	GLY	ALA	ALA	ARG	optimal
A0A212KLL9	4.81	GLU	ILE	PRO	PRO	ALA	TYR	ARG	LEU	ASP	VAL	GLY	SER	ILE	THR	ILE	ASP	PRO	LEU	ILE	LEU	PRO	TYR	SER	ARG	VAL	ASP	optimal
Q14GK9	5.07	TYR	VAL	GLY	SER	ILE	THR	ILE	ASP	SER	ARG	LEU	GLU	THR	TYR	VAL	ILE	LYS	GLY	ILE	ALA	LEU	ASN	GLY	PRO	ALA	ALA	optimal
A0A117LBH8	4.55	ASN	TYR	MET	GLY	SER	ILE	THR	ILE	ASP	ALA	ARG	LEU	GLU	THR	TYR	CYS	ILE	GLU	MET	VAL	CYS	LEU	ASN	GLY	ALA	ALA	optimal
A0A2E4RJ95	4.92	THR	ILE	ASP	LYS	GLU	LEU	ALA	GLU	ALA	VAL	ILE	PHE	GLY	GLU	ARG	GLY	SER	GLY	ALA	ALA	ALA	ARG	LEU	VAL	ASN	PRO	optimal
A0A2S2DS19	4.4	ASP	LEU	MET	ASP	ALA	ALA	ASN	MET	LEU	GLU	ARG	GLY	SER	GLY	ILE	ILE	CYS	LEU	LYS	ALA	VAL	VAL	GLY	ASP	ILE	VAL	tight
A0A1F9XCE1	4.61	ILE	GLY	SER	ILE	THR	ILE	ASP	GLN	ASP	LEU	GLU	THR	TYR	VAL	MET	SER	GLY	PRO	CYS	MET	ASN	GLY	ALA	ALA	ALA	HIS	optimal
A0A917I5F2	4.52	TYR	ASN	GLY	SER	VAL	SER	ILE	CYS	ARG	ARG	TRP	THR	THR	TYR	ALA	ILE	GLU	ALA	LEU	ASN	GLY	GLY	GLY	ALA	ARG	LEU	optimal
Q2A4C8	5.11	TYR	VAL	GLY	SER	ILE	THR	ILE	ASP	SER	ARG	LEU	GLU	THR	TYR	VAL	ILE	LYS	GLY	ILE	ALA	LEU	ASN	GLY	PRO	ALA	ALA	optimal
A0A353BBM3	4.38	TYR	GLU	GLY	SER	LEU	THR	LEU	PRO	PRO	ARG	LEU	GLU	THR	TYR	ALA	ILE	GLU	GLY	ILE	CYS	ALA	ASN	GLY	ALA	ALA	ALA	tight
A0A359G521	4.34	LEU	ASN	TYR	VAL	GLY	SER	ILE	THR	ILE	GLY	GLU	ARG	PHE	GLU	THR	TYR	ILE	ILE	GLY	CYS	ILE	CYS	LEU	ASN	GLY	ALA	tight
Q18HQ3	4.93	TYR	GLU	GLY	SER	ILE	SER	ILE	ASP	ALA	ARG	PHE	GLU	THR	TYR	THR	ILE	GLU	GLY	LEU	ASN	GLY	ALA	ALA	ALA	ARG	LEU	optimal
A0A7V2V0E7	4.51	TYR	GLU	GLY	SER	ILE	THR	ILE	ASP	GLU	ARG	LEU	LEU	THR	TYR	ALA	ILE	PRO	GLY	CYS	CYS	LEU	ASN	GLY	PRO	ALA	ALA	optimal
A0A831WXD7	4.85	VAL	ARG	LEU	THR	ASP	LYS	ASN	VAL	ALA	GLN	VAL	VAL	ASN	VAL	THR	THR	GLY	ALA	ILE	ALA	THR	ASP	GLU	PRO	ARG	VAL	optimal
B0JNW2	4.44	ASP	TYR	VAL	GLY	SER	ILE	THR	ILE	ASP	LYS	ARG	PHE	SER	THR	TYR	VAL	PHE	PRO	CYS	PRO	ASN	GLY	GLY	ALA	ALA	LEU	tight
A0A1G2DY75	4.48	CYS	GLU	GLY	SER	ILE	ILE	LEU	ASP	GLU	ARG	MET	GLU	THR	TYR	ALA	VAL	SER	GLY	VAL	GLU	THR	SER	GLY	SER	MET	SER	tight
A0A389M220	4.61	ASN	LEU	ASN	TYR	ILE	GLY	SER	ILE	THR	ASN	GLY	GLN	ARG	LEU	GLN	THR	TYR	ALA	SER	GLY	GLN	ILE	CYS	LEU	ASN	GLY	optimal
A0A315EME4	4.31	CYS	ALA	ILE	ASP	GLU	ASN	LEU	LEU	ASP	TYR	ALA	ILE	LYS	GLY	GLU	ARG	GLY	SER	GLY	SER	ALA	ALA	ARG	ARG	ALA	SER	tight
A0A6A8QMG4	4.49	THR	VAL	ASP	PRO	LEU	LEU	LEU	ARG	ALA	VAL	ILE	GLU	GLY	PRO	SER	GLY	SER	GLY	ALA	ALA	ALA	HIS	HIS	PHE	SER	PRO	tight
A0A1X6P9R9	5.03	THR	VAL	LEU	ALA	GLN	TYR	ASP	THR	PRO	LYS	ALA	SER	ASP	SER	THR	ARG	ASP	ALA	VAL	LEU	ARG	SER	LEU	GLY	GLU	SER	optimal
A0Q7L4	4.92	TYR	VAL	GLY	SER	ILE	THR	ILE	ASP	SER	ARG	LEU	GLU	THR	TYR	VAL	ILE	LYS	GLY	ILE	ALA	LEU	ASN	GLY	PRO	ALA	ALA	optimal
A0A971GZQ6	4.66	TYR	VAL	GLY	SER	ILE	THR	ILE	ASP	GLU	ARG	PHE	GLU	THR	TYR	VAL	ILE	LYS	GLY	ILE	CYS	LEU	ASN	GLY	ALA	ALA	ALA	optimal
A0A7J4USM7	4.89	GLU	GLY	SER	ILE	ALA	ILE	ASP	LYS	SER	PHE	TRP	SER	TYR	ALA	ILE	GLU	GLY	GLU	ASN	GLY	ALA	ALA	ALA	HIS	LEU	SER	optimal
A0A939HR71	4.48	HIS	TYR	VAL	GLY	SER	ILE	THR	ILE	ASP	TRP	SER	THR	TYR	VAL	LEU	PRO	GLY	LEU	CYS	PRO	ASN	GLY	GLY	GLY	ALA	LEU	tight
Q83EA4	5.02	TYR	ILE	GLY	SER	ILE	THR	ILE	ASP	GLU	ARG	LEU	GLU	THR	TYR	VAL	ILE	PRO	GLY	ILE	ALA	LEU	ASN	GLY	PRO	ALA	ALA	optimal
A0A8T4S8P2	4.88	TYR	GLU	GLY	SER	ILE	THR	ILE	ASP	GLU	ARG	LEU	GLU	THR	TYR	ALA	ILE	ALA	GLY	MET	ASN	GLY	PRO	ALA	ALA	LEU	LYS	optimal
A0A371QWI8	5.15	GLU	GLY	SER	LEU	THR	LEU	GLY	ILE	ASP	PHE	SER	THR	TYR	ILE	ILE	PRO	GLY	PRO	ASN	GLY	ALA	ALA	ALA	ARG	LEU	GLY	optimal
A0A961GKB1	4.49	TYR	VAL	GLY	SER	ILE	THR	ILE	ASP	THR	ARG	PHE	GLU	THR	TYR	ALA	ILE	PRO	GLY	LEU	ASN	GLY	ALA	ALA	ALA	ARG	LEU	tight
W5Y3N3	4.95	ILE	GLY	SER	VAL	THR	ILE	ASP	ALA	GLU	PHE	THR	THR	TYR	ALA	LEU	PRO	GLY	LYS	ASN	GLY	GLY	ALA	ALA	ARG	LEU	GLY	optimal
A0AAE9Z3B5	4.78	ASN	TYR	VAL	GLY	SER	ILE	THR	ILE	ASP	LYS	ARG	TRP	SER	THR	TYR	VAL	LEU	PRO	CYS	PRO	ASN	GLY	GLY	GLY	ALA	LEU	optimal
A0A4U3KXX0	4.46	TYR	PRO	GLY	SER	ILE	ALA	LEU	PRO	ASP	ARG	ILE	VAL	THR	TYR	VAL	VAL	ARG	SER	SER	LEU	ASN	GLY	ALA	ALA	SER	TRP	tight
A0A2G9ZB13	4.94	GLU	TYR	GLU	GLY	SER	ILE	ILE	ILE	CYS	ASN	ARG	PHE	GLU	THR	TYR	VAL	MET	GLU	ILE	VAL	ASN	GLY	ALA	ALA	ALA	HIS	optimal
A0A2P9AGB9	5.27	HIS	GLY	SER	ILE	THR	LEU	ASP	PRO	ASP	ILE	SER	THR	TYR	VAL	ILE	PRO	GLY	GLU	ILE	LEU	ASN	GLY	ALA	ALA	ALA	ARG	optimal
A0A502GCH1	4.56	ALA	GLN	VAL	ASP	TYR	VAL	GLY	SER	ILE	ASN	SER	GLY	GLY	ARG	LEU	GLN	THR	TYR	HIS	SER	GLY	GLN	ILE	CYS	LEU	ASN	optimal
A0A537FM12	4.18	VAL	PRO	PHE	GLU	GLN	VAL	ASP	ILE	TRP	ILE	ASN	GLY	ALA	ALA	ALA	ARG	LYS	VAL	ILE	ILE	THR	ALA	PHE	VAL	SER	MET	tight
A0A9D9KYD2	4.89	MET	GLU	ALA	ALA	GLY	ILE	LEU	GLU	TYR	GLY	SER	GLY	VAL	VAL	CYS	LEU	ASN	GLY	GLU	PRO	GLY	ASP	LEU	VAL	ILE	ILE	optimal
Q118E6	4.22	ASP	TYR	VAL	GLY	SER	VAL	THR	ILE	ASP	GLN	ARG	TRP	LEU	THR	TYR	VAL	LEU	PRO	MET	VAL	CYS	PRO	ASN	GLY	GLY	ALA	tight
A0A7Y7CN84	4.41	THR	VAL	ASP	PRO	VAL	LEU	LEU	ARG	ALA	VAL	ILE	GLU	GLY	THR	GLU	GLY	SER	GLY	ALA	ALA	ALA	HIS	GLN	PHE	SER	LYS	tight
A0A7C4YR40	4.7	TYR	ASP	GLY	SER	ILE	THR	ILE	SER	SER	ARG	VAL	SER	THR	TYR	VAL	ILE	GLU	GLY	ILE	CYS	PRO	ASN	GLY	PRO	ALA	ALA	optimal
A0A937IL27	4.83	LEU	TYR	SER	GLY	SER	ILE	THR	LEU	PRO	ALA	ARG	TYR	ASP	THR	TYR	VAL	ILE	GLU	VAL	GLY	ILE	ASN	GLY	PRO	SER	ALA	optimal
G7VEE1	4.44	PRO	ARG	LEU	ALA	MET	PRO	VAL	LEU	LEU	VAL	ASP	ILE	MET	ARG	ALA	ALA	GLY	PHE	GLU	VAL	TYR	ASN	VAL	THR	ASN	GLY	tight
A1RUA9	4.93	GLU	GLY	SER	LEU	THR	LEU	GLY	ARG	ASP	PHE	THR	THR	TYR	VAL	ILE	PRO	GLY	ARG	ASN	GLY	ALA	ALA	ALA	ARG	LEU	GLY	optimal
A0A258FBX6	4.44	TYR	GLU	GLY	SER	CYS	ALA	ILE	ASP	GLU	ARG	PHE	THR	THR	TYR	ALA	ILE	ARG	ALA	ILE	SER	ILE	ASN	GLY	ALA	ALA	ALA	tight
X1HSN6	4.03	LYS	ALA	ALA	GLY	ILE	LEU	PRO	TYR	GLU	SER	GLY	GLN	ILE	VAL	ILE	LEU	GLY	ALA	PRO	LYS	ASP	ILE	ILE	ILE	ILE	PHE	tight
G8SAU3	4.32	ALA	ASP	LEU	LEU	PRO	GLY	GLU	GLN	VAL	VAL	ILE	GLY	ILE	ASN	GLY	ALA	ALA	ALA	ASP	LEU	VAL	ILE	LEU	ILE	SER	TYR	tight
A0AAE0RZH4	4.43	LEU	ASN	TYR	GLU	GLY	SER	ILE	LYS	VAL	GLY	ASN	ARG	PHE	GLU	THR	TYR	LEU	ILE	GLY	GLU	VAL	GLU	LEU	ASN	GLY	ALA	tight
A0A7X7GE77	4.46	HIS	GLY	SER	VAL	GLY	ILE	ASP	ASP	GLU	TRP	GLN	THR	TYR	ALA	LEU	SER	ALA	GLY	ASN	GLY	GLY	SER	ALA	ARG	LEU	GLY	tight
A0A2E7MXB7	4.48	ASP	GLY	SER	VAL	THR	ILE	CYS	SER	VAL	TRP	SER	THR	TYR	VAL	ILE	LYS	GLY	ASP	ASN	GLY	GLY	GLY	ALA	ARG	LEU	GLY	tight
A0A9N8HYZ6	5.13	VAL	GLY	SER	ILE	THR	ILE	HIS	GLU	GLU	LEU	TRP	THR	TYR	VAL	ILE	ARG	GLY	ASP	VAL	CYS	LEU	ASN	GLY	ALA	ALA	ALA	optimal
A0A251XP31	4.59	TYR	VAL	GLY	SER	VAL	THR	VAL	ASP	ARG	ARG	LEU	ASP	THR	TYR	THR	ILE	ALA	GLY	LEU	GLY	SER	THR	ALA	ARG	PRO	ARG	optimal
A0A1V6B5S1	4.65	ASP	ALA	ALA	ASN	MET	ILE	GLU	ASN	GLU	SER	GLY	ASP	ILE	CYS	LEU	ASN	GLY	ALA	PRO	GLY	ASP	ILE	LEU	LEU	ILE	MET	optimal
A0A9D2AX88	4.58	ALA	ALA	GLY	ILE	LYS	LYS	TYR	GLU	GLN	GLY	GLU	VAL	CYS	MET	ASN	GLY	GLY	ALA	GLY	ASP	THR	ILE	HIS	ILE	LEU	SER	optimal
A0A965CE52	4.37	GLN	ILE	ASP	ILE	TYR	ASN	ILE	SER	ASN	ALA	ALA	ARG	LYS	ALA	ASP	PRO	GLY	ASN	TYR	ALA	SER	TYR	THR	GLU	LEU	GLU	tight
A0A959TJE5	4.66	ALA	GLY	LEU	LEU	GLU	GLY	GLU	LYS	VAL	ILE	ILE	SER	LEU	ASN	GLY	PRO	ALA	ALA	ASP	ILE	VAL	ILE	ILE	LEU	ALA	TYR	optimal
A0A512D522	4.25	ALA	ASP	LEU	TRP	PRO	GLY	GLN	GLN	VAL	ILE	VAL	CYS	ILE	ASN	GLY	ALA	ALA	ALA	ASP	THR	VAL	ILE	ILE	ILE	ALA	TYR	tight
A0A3E0NDN9	3.87	GLY	ILE	ARG	VAL	THR	GLU	CYS	LYS	LEU	VAL	GLN	ILE	VAL	ASN	THR	ASN	ASN	ALA	ALA	PHE	PRO	GLY	LYS	PRO	GLY	GLU	tight
A0A9N8DZ52	4.55	VAL	GLY	SER	ILE	THR	ILE	HIS	GLU	GLU	LEU	TRP	THR	TYR	VAL	ILE	ARG	GLY	ASP	VAL	CYS	LEU	ASN	GLY	ALA	ALA	ALA	optimal
A0A3M1SAZ3	4.55	PRO	TYR	GLU	TRP	VAL	LEU	ILE	SER	ASN	ASN	GLY	ALA	THR	ALA	HIS	LYS	GLY	ASN	ILE	PHE	SER	TRP	ARG	TYR	LEU	GLU	optimal
A0A833KZW1	4.32	MET	SER	ALA	SER	GLY	LEU	TYR	PRO	GLY	GLY	VAL	ILE	GLU	LEU	ARG	GLY	PRO	ALA	GLY	GLU	LYS	LEU	ILE	ILE	LEU	SER	tight
A0A9E4H8I9	4.63	SER	VAL	ILE	ILE	ASP	GLU	ALA	LEU	MET	THR	TYR	ALA	LEU	PRO	GLY	GLU	TYR	GLY	GLN	GLY	ALA	GLY	ALA	ARG	LEU	TYR	optimal
A0A6B3N2X4	4.48	HIS	TYR	VAL	GLY	SER	VAL	THR	ILE	ASP	ASN	ARG	TRP	SER	THR	TYR	VAL	LEU	PRO	GLN	ILE	CYS	PRO	ASN	GLY	GLY	GLY	tight
A0A9E5QSF6	4.67	ILE	ASP	GLN	ASN	LEU	LEU	GLN	ALA	VAL	ILE	VAL	GLY	GLU	PRO	GLY	SER	GLY	VAL	ALA	ALA	HIS	LEU	ILE	GLY	VAL	GLY	optimal
A0A5Q3L567	4.6	ALA	GLY	SER	ALA	SER	ILE	CYS	PRO	LEU	TRP	ILE	THR	TYR	ALA	ILE	GLU	ALA	GLU	LEU	ASN	GLY	GLY	ALA	ALA	ARG	LEU	optimal
A0A953BDI4	4.59	LEU	ARG	ALA	ILE	GLY	LEU	ARG	VAL	ASN	GLY	SER	ARG	LYS	ILE	GLU	VAL	ASN	GLY	GLU	PRO	GLY	ASP	LYS	VAL	ILE	VAL	optimal
A0A2N9VT76	4.74	GLU	GLU	ALA	GLY	ILE	LEU	PRO	MET	GLU	SER	ARG	CYS	CYS	ILE	LEU	ASN	GLY	ALA	PRO	GLY	ASP	PRO	ILE	ILE	VAL	CYS	optimal
A0A537KC32	4.34	ALA	ALA	ASN	MET	ILE	GLU	ASN	GLU	LYS	GLY	ILE	CYS	CYS	LEU	ASN	GLY	PRO	ALA	GLY	ASP	VAL	VAL	VAL	ILE	ILE	SER	tight
A0A382C2T8	4.3	LEU	ARG	GLU	TYR	GLU	LYS	ILE	GLY	VAL	CYS	ILE	ASN	GLY	ALA	ALA	ALA	HIS	LEU	VAL	ILE	ILE	VAL	ALA	TYR	CYS	GLN	tight
X5ZUW8	4.52	HIS	GLY	SER	ILE	THR	LEU	ASP	PRO	ASP	ILE	SER	THR	TYR	VAL	ILE	LEU	GLY	GLU	ILE	LEU	ASN	GLY	ALA	ALA	ALA	ARG	optimal
A0A7X9CCH9	4.64	ALA	GLY	LEU	VAL	GLU	ASN	GLU	GLN	VAL	VAL	ILE	GLY	ILE	ASN	GLY	ALA	ALA	ALA	ASP	LEU	VAL	ILE	ILE	ILE	ALA	TYR	optimal
A0ABD5DG65	4.32	TYR	GLU	GLY	SER	CYS	ALA	ILE	ASP	GLN	ARG	PHE	SER	THR	TYR	ALA	ILE	ALA	ALA	ILE	SER	VAL	ASN	GLY	ALA	ALA	ALA	tight
G2FK10	4.32	ALA	ASP	ILE	LEU	PRO	ASN	GLU	LYS	VAL	THR	ILE	CYS	LEU	ASN	GLY	SER	ALA	ALA	ASP	GLN	VAL	ILE	ILE	ILE	SER	TYR	tight
A0A354FBL7	4.44	ALA	ALA	ASP	ILE	LEU	PRO	TYR	GLU	LYS	GLY	GLU	ILE	CYS	LEU	ASN	GLY	ALA	ALA	GLY	ASP	ILE	LEU	ILE	ILE	LEU	ALA	tight
A0A9E2LPF8	4.43	VAL	ALA	ILE	TYR	ASP	VAL	SER	ASN	GLY	ALA	ARG	LYS	VAL	SER	ARG	GLY	ASP	LEU	VAL	VAL	VAL	ASP	ASP	ALA	GLU	ALA	tight
A0A3D9SMZ6	4.5	ALA	ASP	LEU	LEU	PRO	ASN	GLU	LYS	VAL	VAL	ILE	CYS	LEU	ASN	GLY	ALA	ALA	ALA	ASP	ASN	VAL	ILE	ILE	ILE	ALA	TYR	tight
A0A838HPC6	4.82	ALA	ALA	ASP	LEU	HIS	ILE	TYR	GLU	GLN	GLY	GLU	ILE	CYS	LEU	ASN	GLY	ALA	ALA	GLY	ASP	THR	VAL	ILE	ILE	ILE	SER	optimal
A0A4V1SKP4	4.33	SER	PRO	GLN	ILE	ASN	CYS	PHE	VAL	GLY	ILE	THR	ILE	ASP	GLU	ASP	LEU	MET	ASP	ASN	GLU	GLN	VAL	HIS	ILE	VAL	ASN	tight
A0A3D3FEI4	4.25	GLY	ILE	ARG	GLU	TYR	GLU	GLN	VAL	GLN	ILE	CYS	ILE	ASN	GLY	ALA	GLY	ALA	ARG	LYS	VAL	ILE	ILE	MET	CYS	TYR	CYS	tight
A0A4Q3CWU5	4.29	LYS	VAL	GLN	ILE	VAL	ASN	ILE	ASN	ASN	ALA	ALA	ARG	LYS	VAL	THR	PRO	GLY	ASP	TYR	CYS	SER	MET	GLU	PHE	GLU	ALA	tight
A0AAP2DSP8	4.56	TYR	VAL	GLY	SER	ILE	SER	ILE	ASP	GLU	ARG	LEU	GLU	THR	TYR	ILE	ILE	ARG	GLY	VAL	CYS	LEU	ASN	GLY	PRO	ALA	ALA	optimal
A0A947IUD5	4.33	VAL	GLN	VAL	ALA	ASN	ILE	THR	ASN	GLY	ALA	HIS	LEU	ALA	LYS	ILE	GLY	ASP	ILE	ALA	ASN	MET	GLU	GLU	SER	GLU	LEU	tight
A0A328TRI2	3.9	TYR	ALA	ALA	ILE	ASP	ILE	TYR	ASN	ILE	SER	ALA	ALA	ALA	ARG	CYS	ALA	CYS	GLU	CYS	PRO	TYR	VAL	GLN	MET	SER	ASP	tight
A0A348ZKH7	4.49	TYR	GLU	LYS	VAL	GLN	VAL	ALA	ASP	VAL	GLY	ALA	ALA	ALA	HIS	LYS	VAL	ASP	ILE	MET	SER	TYR	ALA	GLN	MET	SER	GLU	tight
A0A9X2E0X7	4.78	VAL	THR	ILE	VAL	ASP	ILE	ASP	ASN	GLY	ALA	HIS	LEU	VAL	ASN	PRO	GLY	ASP	LEU	GLY	VAL	MET	ASN	GLU	GLN	GLU	VAL	optimal
A0A1R0KFQ7	4.64	ASN	TRP	MET	ASN	ARG	MET	SER	THR	PHE	VAL	CYS	CYS	LEU	ILE	ALA	ARG	THR	THR	GLU	SER	HIS	ILE	ALA	GLY	ARG	PHE	optimal
J9R8L9	4.1	VAL	TYR	ILE	VAL	ASN	VAL	ASN	ASN	GLY	ALA	ARG	LYS	VAL	GLN	LYS	GLY	ASP	ILE	ALA	GLN	MET	THR	PRO	GLU	GLU	ALA	tight
A0A535CBE3	4.25	ILE	TYR	PRO	TYR	GLU	LYS	VAL	GLN	VAL	CYS	LEU	ASN	GLY	ALA	ALA	ALA	ARG	LEU	VAL	ILE	ILE	ILE	SER	TYR	GLY	GLN	tight
M3IDC8	4.62	THR	VAL	ASP	MET	ASP	LEU	VAL	ASP	ALA	ILE	ILE	GLU	GLY	LYS	ARG	GLY	SER	GLY	ALA	ALA	ALA	ARG	LEU	GLY	MET	LYS	optimal
A0A2V5V3P5	4.57	LEU	GLU	TYR	GLU	LYS	ILE	LEU	VAL	GLY	LEU	ASN	GLY	ALA	THR	ALA	HIS	LEU	GLY	THR	ILE	MET	SER	PHE	ALA	ARG	TYR	optimal
A0A5R2N031	4.55	ARG	GLY	SER	ILE	THR	LEU	ASP	PRO	ASP	ILE	SER	THR	TYR	VAL	ILE	TYR	GLY	GLU	VAL	LEU	ASN	GLY	ALA	ALA	ALA	ARG	optimal
A0A6N2UY69	4.2	ALA	VAL	ASP	LEU	TRP	PRO	GLY	GLU	LYS	GLY	ASN	ILE	ILE	MET	ASN	GLY	GLY	ALA	GLY	GLU	ARG	VAL	VAL	ILE	MET	SER	tight
X0SHK5	4.61	TYR	GLU	GLY	SER	LEU	GLY	ILE	ASP	THR	ARG	LEU	GLU	THR	TYR	VAL	ILE	ALA	GLU	ILE	VAL	LEU	ASN	GLY	ALA	ALA	ALA	optimal
U5C5F7	4.45	ASN	LEU	ILE	GLU	ASN	GLU	LYS	VAL	GLN	VAL	CYS	LEU	ASN	GLY	PRO	ALA	ALA	ARG	ILE	VAL	ILE	ILE	ILE	SER	TYR	ALA	tight
A0A380FKC6	4.44	ASN	GLU	LYS	VAL	ALA	ILE	VAL	ASN	ASN	GLY	ALA	ALA	SER	ARG	LEU	VAL	GLU	VAL	MET	THR	TYR	ALA	GLN	LEU	ASN	GLU	tight
A0A0K2RLG3	4.24	TYR	VAL	GLY	SER	VAL	THR	VAL	ASP	LEU	ARG	LEU	GLU	THR	TYR	THR	ILE	ALA	GLY	ILE	GLY	ILE	ASN	GLY	PRO	ARG	ARG	tight
A0A4Q3TUH4	4.6	TYR	GLU	GLY	SER	ILE	ALA	ILE	ASP	MET	ARG	PHE	THR	THR	TYR	ALA	ILE	GLU	ALA	ILE	GLY	VAL	ASN	GLY	ALA	ALA	ALA	optimal
Q21QU6	4.34	HIS	ASP	GLY	SER	CYS	ALA	ILE	ASP	LYS	CYS	PHE	ILE	THR	TYR	ALA	THR	HIS	GLY	ILE	LEU	ASP	ILE	CYS	SER	VAL	ALA	tight
A0A3D5NJT8	4.68	TYR	GLU	GLY	SER	CYS	GLU	ILE	ASN	GLY	ARG	PHE	THR	THR	TYR	ALA	ILE	ARG	GLY	ILE	SER	VAL	ASN	GLY	ALA	ALA	ALA	optimal
A0A7J4VAU6	4.51	TYR	GLU	GLY	SER	LEU	THR	VAL	ASP	THR	ARG	LEU	GLU	THR	TYR	THR	ILE	PRO	GLY	ILE	CYS	LEU	ASN	GLY	PRO	ALA	ALA	optimal
A0A1G3BSJ9	4.5	ILE	ASP	LYS	ALA	LEU	LEU	GLU	ALA	VAL	LEU	GLU	GLY	GLU	ARG	ASN	SER	GLY	VAL	ALA	ALA	ARG	TRP	ALA	GLN	PRO	GLY	tight
A0A9D8HKM7	4.33	PHE	GLU	LYS	VAL	LEU	VAL	ALA	SER	ILE	GLY	ALA	ALA	ALA	ARG	ILE	ILE	LEU	LYS	MET	ALA	PHE	ALA	LEU	ILE	GLU	TYR	tight
A0A7V4HIS7	4.39	TYR	GLU	GLY	SER	LEU	CYS	ILE	ASP	SER	ARG	PHE	GLU	THR	TYR	ALA	ILE	PRO	ALA	PRO	ARG	PRO	PRO	GLY	ALA	GLY	ARG	tight
A0A259GRH8	4.48	TYR	GLU	GLY	SER	CYS	ALA	ILE	ASP	GLU	ARG	PHE	THR	THR	TYR	ALA	ILE	ARG	ALA	ILE	SER	VAL	ASN	GLY	ALA	ALA	ALA	tight
A0A970CIU2	4.49	TYR	VAL	GLY	SER	ILE	THR	ILE	ASP	LYS	ARG	PHE	GLU	THR	TYR	VAL	ILE	GLU	GLY	ILE	CYS	LEU	ASN	GLY	ALA	ALA	ALA	tight
A0A6P0N529	4.22	MET	GLU	LYS	ALA	ASP	LEU	LEU	PRO	GLY	ASP	SER	GLY	VAL	ILE	CYS	MET	ASN	GLY	SER	PRO	GLY	ASP	ILE	ILE	THR	LEU	tight
A0A853KAJ9	4.36	VAL	GLN	ILE	THR	SER	VAL	ALA	ASN	ALA	ALA	ARG	HIS	PHE	GLN	PRO	GLY	ASP	LEU	ALA	GLN	ILE	THR	GLY	ALA	GLU	TYR	tight
A0A1Q7WAW2	4.46	TYR	VAL	GLY	SER	VAL	THR	VAL	ASP	GLU	ARG	LEU	GLU	THR	TYR	VAL	ILE	PRO	GLY	ILE	GLY	ILE	ASN	GLY	ALA	ALA	ALA	tight
A0A2M8PJP7	4.38	VAL	GLU	LEU	VAL	ASN	LEU	ASN	ASN	GLY	ALA	LEU	LEU	CYS	GLU	PRO	GLY	ASP	LEU	GLN	MET	CYS	ASP	ARG	ALA	GLU	ILE	tight
A0A6M0AXB9	4.42	TYR	ILE	GLY	SER	ILE	LEU	ILE	ASP	GLU	ARG	PHE	GLU	THR	TYR	ALA	ILE	ALA	GLY	CYS	SER	ILE	GLN	GLY	ALA	ALA	ALA	tight
A0A238DJU6	10.8	ALA	SER	GLN	GLY	LEU	ALA	ALA	ALA	PRO	GLY	ASP	VAL	ALA	ARG	GLN	LYS	ILE	HIS	ALA	ASP	LEU	ARG	ASP	LYS	GLY	SER	wide
A0A3L7PZ50	4.47	TYR	GLU	GLY	SER	LEU	THR	ILE	ALA	ALA	ARG	PHE	GLU	THR	TYR	VAL	ILE	LEU	GLY	ILE	GLU	LEU	ASN	GLY	ALA	THR	ALA	tight
